InvoiceNo,StockCode,Description,Quantity,InvoiceDate,UnitPrice,CustomerID,UnitPrice_LKR,Total_Price_LKR,District
510001,40004,ZESTA TEA 400G,3,2020-01-03 10:58:29,5.72,101216.0,1050.0,3150.0,Trincomalee
510002,40063,MILO 400G,10,2020-01-05 10:46:01,4.25,101022.0,780.0,7800.0,Kegalle
510003,40004,ZESTA TEA 400G,1,2020-01-09 16:27:39,5.72,101080.0,1050.0,1050.0,Gampaha
510004,40032,PRIMA STELLA NOODLES 400G,1,2020-01-14 10:05:06,1.53,101155.0,280.0,280.0,Kalutara
510005,40061,VELVET BEAUTY SOAP 100G,1,2020-01-14 14:24:40,0.82,101157.0,150.0,150.0,Badulla
510006,40037,MOTHA STRAWBERRY JELLY 100G,3,2020-01-15 08:26:52,0.65,,120.0,360.0,Badulla
510007,40036,MAGGI COCONUT MILK POWDER 300G,12,2020-01-21 14:21:42,4.09,101082.0,750.0,9000.0,Trincomalee
510008,40061,VELVET BEAUTY SOAP 100G,5,2020-01-25 09:19:59,0.82,101128.0,150.0,750.0,Kegalle
510009,40004,ZESTA TEA 400G,2,2020-01-25 09:42:01,5.72,101040.0,1050.0,2100.0,Gampaha
510010,40089,KANDOS CHOCOLATE BAR 100G,8,2020-01-27 16:17:58,1.36,101021.0,250.0,2000.0,Gampaha
510011,40002,DILMAH EARL GREY TEA 50 BAGS,1,2020-01-27 19:41:22,4.63,101039.0,850.0,850.0,Kalutara
510012,40046,MARMITE 100G,8,2020-01-28 13:42:09,4.09,101128.0,750.0,6000.0,Colombo
510013,40051,LANKA SOY CHICKEN FLAVOUR 90G,4,2020-01-28 18:46:24,0.65,101041.0,120.0,480.0,Anuradhapura
510014,40050,RANCRISP CASHEWS 50G,2,2020-01-31 20:19:29,1.91,101029.0,350.0,700.0,Kegalle
510015,40040,SIGNAL TOOTHPASTE 120G,5,2020-02-01 15:37:33,1.25,101202.0,230.0,1150.0,Trincomalee
510016,40006,MUNCHEE SUPER CREAM CRACKER 500G,6,2020-02-03 13:37:23,2.45,101127.0,450.0,2700.0,Kilinochchi
510017,40038,MOTHA FALUDA MIX 100G,4,2020-02-04 11:45:45,1.09,101068.0,200.0,800.0,Galle
510018,40078,SOFTLOGIC COCONUT MILK 400ML,3,2020-02-08 18:01:27,1.74,101103.0,320.0,960.0,Colombo
510019,40023,RATHTHI MILK POWDER 400G,2,2020-02-11 12:17:27,5.99,,1100.0,2200.0,Colombo
510020,40004,ZESTA TEA 400G,4,2020-02-13 08:15:38,5.72,,1050.0,4200.0,Kandy
510021,40003,DILMAH GREEN TEA 20 BAGS,3,2020-02-13 10:00:30,3.0,101044.0,550.0,1650.0,Anuradhapura
510022,40049,ROZA PASTA MACARONI 400G,2,2020-02-18 09:43:09,1.63,101095.0,300.0,600.0,Colombo
510023,40023,RATHTHI MILK POWDER 400G,1,2020-02-21 12:52:32,5.99,101056.0,1100.0,1100.0,Kandy
510024,40041,BABY CHERAMY SOAP 90G,1,2020-02-21 15:27:11,0.76,101212.0,140.0,140.0,Matara
510025,40071,MA MA NOODLES 5 PACK,8,2020-02-21 15:56:45,2.18,101151.0,400.0,3200.0,Gampaha
510026,40001,DILMAH CEYLON TEA 500G,4,2020-02-22 13:26:49,6.54,101055.0,1200.0,4800.0,Nuwara Eliya
510027,40060,SUNLIGHT SOAP 115G,2,2020-02-22 18:27:09,0.65,101102.0,120.0,240.0,Badulla
510028,40041,BABY CHERAMY SOAP 90G,20,2020-02-24 17:47:55,0.76,101128.0,140.0,2800.0,Kalutara
510029,40028,BAIRAHA CHICKEN 1KG,3,2020-02-29 20:17:56,7.9,101098.0,1450.0,4350.0,Colombo
510030,40011,MALIBAN LEMON PUFF 200G,2,2020-03-01 18:58:32,1.09,101014.0,200.0,400.0,Kurunegala
510031,40003,DILMAH GREEN TEA 20 BAGS,1,2020-03-02 13:36:58,3.0,101043.0,550.0,550.0,Gampaha
510032,40001,DILMAH CEYLON TEA 500G,3,2020-03-03 08:45:01,6.54,101124.0,1200.0,3600.0,Colombo
510033,40055,LIFEBUOY SOAP 100G,3,2020-03-04 11:27:03,0.71,101036.0,130.0,390.0,Polonnaruwa
510034,40019,ELEPHANT HOUSE GINGER BEER 1.5L,20,2020-03-06 20:26:33,2.18,101090.0,400.0,8000.0,Kandy
510035,40005,WATAWALA TEA 400G,6,2020-03-07 13:40:09,4.25,101008.0,780.0,4680.0,Puttalam
510036,40051,LANKA SOY CHICKEN FLAVOUR 90G,12,2020-03-09 13:39:47,0.65,101023.0,120.0,1440.0,Ampara
510037,40021,ELEPHANT HOUSE VANILLA ICE CREAM 1L,4,2020-03-13 12:24:02,4.36,101125.0,800.0,3200.0,Ampara
510038,40002,DILMAH EARL GREY TEA 50 BAGS,1,2020-03-14 15:39:56,4.63,101188.0,850.0,850.0,Trincomalee
510039,40009,MUNCHEE TIKIRI MARIE 80G,1,2020-03-14 20:37:28,0.38,,70.0,70.0,Gampaha
510040,40057,VIM DISHWASH LIQUID 500ML,2,2020-03-15 12:31:59,2.45,101064.0,450.0,900.0,Hambantota
510041,40015,SIDDHALEPA BALM 50G,1,2020-03-16 08:56:49,1.36,,250.0,250.0,Trincomalee
510042,40056,SUNSILK BLACK SHAMPOO 200ML,2,2020-03-16 14:25:03,3.0,101006.0,550.0,1100.0,Colombo
510043,40077,PILAWOOS FALOODA MIX 200G,2,2020-03-16 14:30:02,1.91,101153.0,350.0,700.0,Jaffna
510044,40046,MARMITE 100G,2,2020-03-16 19:41:37,4.09,101166.0,750.0,1500.0,Kalutara
510045,40004,ZESTA TEA 400G,1,2020-03-17 18:06:15,5.72,101001.0,1050.0,1050.0,Kurunegala
510046,40011,MALIBAN LEMON PUFF 200G,2,2020-03-17 20:48:22,1.09,101088.0,200.0,400.0,Kandy
510047,40001,DILMAH CEYLON TEA 500G,2,2020-03-18 08:09:36,6.54,101037.0,1200.0,2400.0,Gampaha
510048,40007,MUNCHEE CHOCOLATE BISCUIT 200G,2,2020-03-19 10:16:09,1.2,101201.0,220.0,440.0,Anuradhapura
510049,40003,DILMAH GREEN TEA 20 BAGS,4,2020-03-19 13:53:53,3.0,101151.0,550.0,2200.0,Moneragala
510050,40001,DILMAH CEYLON TEA 500G,5,2020-03-19 18:16:14,6.54,,1200.0,6000.0,Kurunegala
510051,40003,DILMAH GREEN TEA 20 BAGS,3,2020-03-20 10:08:26,3.0,101137.0,550.0,1650.0,Matara
510052,40001,DILMAH CEYLON TEA 500G,10,2020-03-22 16:41:27,6.54,101151.0,1200.0,12000.0,Colombo
510053,40057,VIM DISHWASH LIQUID 500ML,2,2020-03-22 18:38:23,2.45,101001.0,450.0,900.0,Colombo
510054,40049,ROZA PASTA MACARONI 400G,2,2020-03-23 10:20:52,1.63,101111.0,300.0,600.0,Kurunegala
510055,40046,MARMITE 100G,15,2020-03-24 09:22:47,4.09,101080.0,750.0,11250.0,Jaffna
510056,40027,KEELLS CHICKEN SAUSAGES 500G,3,2020-03-30 19:48:26,5.18,101122.0,950.0,2850.0,Ampara
510057,40083,BOGAWANTALAWA TEA 400G,5,2020-04-03 18:17:40,4.9,101184.0,900.0,4500.0,Colombo
510058,40012,MALIBAN CREAM CRACKER 500G,10,2020-04-05 18:41:45,2.29,101195.0,420.0,4200.0,Nuwara Eliya
510059,40015,SIDDHALEPA BALM 50G,1,2020-04-06 08:37:07,1.36,101008.0,250.0,250.0,Badulla
510060,40047,PELWATTE BUTTER 200G,3,2020-04-07 18:51:18,4.09,101014.0,750.0,2250.0,Batticaloa
510061,40011,MALIBAN LEMON PUFF 200G,2,2020-04-10 13:29:11,1.09,101107.0,200.0,400.0,Ratnapura
510062,40035,CBL SAMAPOSHA 200G,4,2020-04-12 09:38:03,0.98,101076.0,180.0,720.0,Hambantota
510063,40083,BOGAWANTALAWA TEA 400G,4,2020-04-15 09:22:14,4.9,101005.0,900.0,3600.0,Ratnapura
510064,40001,DILMAH CEYLON TEA 500G,8,2020-04-17 10:44:38,6.54,101006.0,1200.0,9600.0,Gampaha
510065,40011,MALIBAN LEMON PUFF 200G,6,2020-04-19 14:19:28,1.09,101026.0,200.0,1200.0,Colombo
510066,40089,KANDOS CHOCOLATE BAR 100G,2,2020-04-22 16:46:46,1.36,101136.0,250.0,500.0,Puttalam
510067,40058,DIVA WASHING POWDER 1KG,2,2020-04-24 10:39:10,3.54,101073.0,650.0,1300.0,Jaffna
510068,40040,SIGNAL TOOTHPASTE 120G,3,2020-04-29 08:25:47,1.25,101163.0,230.0,690.0,Matara
510069,40045,PANADOL 100 TABLETS,12,2020-04-30 16:27:53,2.45,,450.0,5400.0,Kurunegala
510070,40018,MD MANGO CHUTNEY 400G,4,2020-05-04 14:59:26,3.54,101053.0,650.0,2600.0,Galle
510071,40001,DILMAH CEYLON TEA 500G,1,2020-05-04 19:12:39,6.54,,1200.0,1200.0,Puttalam
510072,40003,DILMAH GREEN TEA 20 BAGS,5,2020-05-08 15:53:14,3.0,101101.0,550.0,2750.0,Anuradhapura
510073,40033,HARISCHANDRA NOODLES 400G,6,2020-05-09 11:55:26,1.36,101118.0,250.0,1500.0,Kegalle
510074,40001,DILMAH CEYLON TEA 500G,6,2020-05-14 09:47:49,6.54,101076.0,1200.0,7200.0,Colombo
510075,40009,MUNCHEE TIKIRI MARIE 80G,10,2020-05-15 17:44:13,0.38,101055.0,70.0,700.0,Hambantota
510076,40074,ARALIYA WHITE RICE 5KG,10,2020-05-17 10:50:20,7.9,101128.0,1450.0,14500.0,Gampaha
510077,40053,WIJAYA CHILLI POWDER 250G,3,2020-05-17 14:53:53,2.45,101020.0,450.0,1350.0,Polonnaruwa
510078,40049,ROZA PASTA MACARONI 400G,12,2020-05-17 18:27:17,1.63,,300.0,3600.0,Ratnapura
510079,40023,RATHTHI MILK POWDER 400G,12,2020-05-18 16:35:15,5.99,,1100.0,13200.0,Kegalle
510080,40007,MUNCHEE CHOCOLATE BISCUIT 200G,1,2020-05-18 19:09:21,1.2,101157.0,220.0,220.0,Moneragala
510081,40081,SPRITE 1.5L,2,2020-05-19 14:23:36,1.91,101086.0,350.0,700.0,Gampaha
510082,40021,ELEPHANT HOUSE VANILLA ICE CREAM 1L,3,2020-05-19 15:15:50,4.36,101006.0,800.0,2400.0,Batticaloa
510083,40056,SUNSILK BLACK SHAMPOO 200ML,3,2020-05-20 16:41:13,3.0,,550.0,1650.0,Hambantota
510084,40021,ELEPHANT HOUSE VANILLA ICE CREAM 1L,10,2020-05-23 19:48:12,4.36,101184.0,800.0,8000.0,Kegalle
510085,40001,DILMAH CEYLON TEA 500G,1,2020-05-24 14:45:11,6.54,101100.0,1200.0,1200.0,Kurunegala
510086,40005,WATAWALA TEA 400G,3,2020-05-25 17:17:46,4.25,,780.0,2340.0,Colombo
510087,40027,KEELLS CHICKEN SAUSAGES 500G,8,2020-05-26 08:37:24,5.18,101069.0,950.0,7600.0,Puttalam
510088,40006,MUNCHEE SUPER CREAM CRACKER 500G,1,2020-05-29 11:06:21,2.45,101011.0,450.0,450.0,Polonnaruwa
510089,40021,ELEPHANT HOUSE VANILLA ICE CREAM 1L,4,2020-06-01 19:26:29,4.36,101115.0,800.0,3200.0,Hambantota
510090,40013,SPA CEYLON SLEEP BODY LOTION,5,2020-06-02 13:16:54,19.07,,3500.0,17500.0,Jaffna
510091,40069,ANCHOR BUTTER 200G,5,2020-06-02 16:16:03,4.25,101086.0,780.0,3900.0,Puttalam
510092,40011,MALIBAN LEMON PUFF 200G,4,2020-06-03 15:54:27,1.09,101195.0,200.0,800.0,Ratnapura
510093,40027,KEELLS CHICKEN SAUSAGES 500G,3,2020-06-04 17:52:07,5.18,101044.0,950.0,2850.0,Trincomalee
510094,40025,KOTMALE FRESH MILK 1L,4,2020-06-07 16:38:04,2.45,,450.0,1800.0,Colombo
510095,40060,SUNLIGHT SOAP 115G,4,2020-06-09 11:07:53,0.65,101049.0,120.0,480.0,Jaffna
510096,40007,MUNCHEE CHOCOLATE BISCUIT 200G,1,2020-06-11 12:13:05,1.2,101012.0,220.0,220.0,Colombo
510097,40076,CEYLON COLD STORES YOGHURT 80G,3,2020-06-11 13:37:27,0.49,101060.0,90.0,270.0,Mannar
510098,40003,DILMAH GREEN TEA 20 BAGS,6,2020-06-12 19:31:11,3.0,101065.0,550.0,3300.0,Kandy
510099,40010,MALIBAN MARIE BISCUITS 400G,8,2020-06-13 12:26:23,1.91,101040.0,350.0,2800.0,Galle
510100,40029,KIST TOMATO KETCHUP 400G,12,2020-06-13 18:24:25,2.45,101063.0,450.0,5400.0,Trincomalee
510101,40019,ELEPHANT HOUSE GINGER BEER 1.5L,2,2020-06-14 16:08:27,2.18,101031.0,400.0,800.0,Kalutara
510102,40019,ELEPHANT HOUSE GINGER BEER 1.5L,3,2020-06-14 16:49:38,2.18,,400.0,1200.0,Kandy
510103,40001,DILMAH CEYLON TEA 500G,1,2020-06-15 12:10:07,6.54,101009.0,1200.0,1200.0,Anuradhapura
510104,40026,KITHUL TREACLE 750ML,8,2020-06-15 20:14:03,9.81,101120.0,1800.0,14400.0,Anuradhapura
510105,40015,SIDDHALEPA BALM 50G,10,2020-06-16 10:53:36,1.36,101059.0,250.0,2500.0,Matale
510106,40057,VIM DISHWASH LIQUID 500ML,1,2020-06-16 15:55:56,2.45,,450.0,450.0,Jaffna
510107,40033,HARISCHANDRA NOODLES 400G,2,2020-06-18 08:45:06,1.36,101127.0,250.0,500.0,Galle
510108,40051,LANKA SOY CHICKEN FLAVOUR 90G,1,2020-06-19 12:47:12,0.65,101006.0,120.0,120.0,Anuradhapura
510109,40020,ELEPHANT HOUSE CREAM SODA 1.5L,2,2020-06-19 18:22:10,2.18,101021.0,400.0,800.0,Batticaloa
510110,40025,KOTMALE FRESH MILK 1L,15,2020-06-24 11:05:59,2.45,101013.0,450.0,6750.0,Jaffna
510111,40012,MALIBAN CREAM CRACKER 500G,1,2020-06-25 17:19:46,2.29,101021.0,420.0,420.0,Badulla
510112,40066,PONDS TALCUM POWDER 100G,10,2020-06-26 14:32:13,2.07,101035.0,380.0,3800.0,Kalutara
510113,40071,MA MA NOODLES 5 PACK,8,2020-06-28 16:54:52,2.18,101013.0,400.0,3200.0,Badulla
510114,40046,MARMITE 100G,2,2020-06-29 14:56:31,4.09,101154.0,750.0,1500.0,Colombo
510115,40005,WATAWALA TEA 400G,12,2020-06-30 12:49:38,4.25,101009.0,780.0,9360.0,Gampaha
510116,40010,MALIBAN MARIE BISCUITS 400G,4,2020-06-30 16:24:46,1.91,101211.0,350.0,1400.0,Colombo
510117,40042,MARINA COCONUT OIL 1L,5,2020-07-01 13:48:30,5.18,101188.0,950.0,4750.0,Galle
510118,40020,ELEPHANT HOUSE CREAM SODA 1.5L,1,2020-07-01 16:37:47,2.18,,400.0,400.0,Kurunegala
510119,40085,RANFAT COOKING OIL 1L,3,2020-07-04 08:32:37,6.27,101041.0,1150.0,3450.0,Kurunegala
510120,40003,DILMAH GREEN TEA 20 BAGS,2,2020-07-05 11:16:32,3.0,101009.0,550.0,1100.0,Kegalle
510121,40022,ANCHOR MILK POWDER 400G,4,2020-07-13 16:41:05,6.27,101027.0,1150.0,4600.0,Vavuniya
510122,40016,LINK SAMAHAN BOX (100 PACKETS),12,2020-07-15 09:35:53,8.17,101005.0,1500.0,18000.0,Jaffna
510123,40033,HARISCHANDRA NOODLES 400G,2,2020-07-16 17:23:24,1.36,101074.0,250.0,500.0,Hambantota
510124,40073,DELMEGE BASMATI RICE 5KG,2,2020-07-19 12:14:52,11.44,,2100.0,4200.0,Hambantota
510125,40007,MUNCHEE CHOCOLATE BISCUIT 200G,1,2020-07-23 19:57:36,1.2,101142.0,220.0,220.0,Moneragala
510126,40001,DILMAH CEYLON TEA 500G,2,2020-07-24 08:23:32,6.54,101005.0,1200.0,2400.0,Kandy
510127,40027,KEELLS CHICKEN SAUSAGES 500G,8,2020-07-25 09:12:08,5.18,,950.0,7600.0,Kalutara
510128,40042,MARINA COCONUT OIL 1L,6,2020-07-27 16:14:14,5.18,101128.0,950.0,5700.0,Colombo
510129,40032,PRIMA STELLA NOODLES 400G,1,2020-07-29 15:36:45,1.53,101048.0,280.0,280.0,Kandy
510130,40005,WATAWALA TEA 400G,1,2020-08-01 19:38:50,4.25,101169.0,780.0,780.0,Kurunegala
510131,40001,DILMAH CEYLON TEA 500G,3,2020-08-02 10:13:06,6.54,101048.0,1200.0,3600.0,Nuwara Eliya
510132,40016,LINK SAMAHAN BOX (100 PACKETS),1,2020-08-02 12:36:43,8.17,101174.0,1500.0,1500.0,Colombo
510133,40067,COLGATE TOOTHPASTE 120G,10,2020-08-06 15:27:26,1.31,,240.0,2400.0,Matara
510134,40011,MALIBAN LEMON PUFF 200G,1,2020-08-06 20:10:36,1.09,101060.0,200.0,200.0,Ampara
510135,40010,MALIBAN MARIE BISCUITS 400G,4,2020-08-07 12:09:42,1.91,101135.0,350.0,1400.0,Kegalle
510136,40010,MALIBAN MARIE BISCUITS 400G,2,2020-08-08 13:41:19,1.91,,350.0,700.0,Ratnapura
510137,40018,MD MANGO CHUTNEY 400G,12,2020-08-09 08:21:14,3.54,101098.0,650.0,7800.0,Puttalam
510138,40050,RANCRISP CASHEWS 50G,5,2020-08-12 14:55:24,1.91,101011.0,350.0,1750.0,Puttalam
510139,40034,HARISCHANDRA COFFEE 100G,3,2020-08-12 19:15:51,2.07,101018.0,380.0,1140.0,Ampara
510140,40005,WATAWALA TEA 400G,1,2020-08-20 15:55:14,4.25,101159.0,780.0,780.0,Kandy
510141,40011,MALIBAN LEMON PUFF 200G,1,2020-08-20 16:29:57,1.09,101211.0,200.0,200.0,Kalutara
510142,40021,ELEPHANT HOUSE VANILLA ICE CREAM 1L,4,2020-08-22 10:49:11,4.36,101081.0,800.0,3200.0,Mullaitivu
510143,40047,PELWATTE BUTTER 200G,3,2020-08-22 14:18:29,4.09,101014.0,750.0,2250.0,Kandy
510144,40076,CEYLON COLD STORES YOGHURT 80G,5,2020-08-24 20:52:42,0.49,101088.0,90.0,450.0,Matara
510145,40032,PRIMA STELLA NOODLES 400G,4,2020-08-25 15:46:55,1.53,101206.0,280.0,1120.0,Batticaloa
510146,40012,MALIBAN CREAM CRACKER 500G,1,2020-08-26 14:54:46,2.29,101193.0,420.0,420.0,Colombo
510147,40088,CARGILLS FRESH EGGS (10),1,2020-08-28 17:35:49,1.91,101129.0,350.0,350.0,Kalutara
510148,40003,DILMAH GREEN TEA 20 BAGS,2,2020-08-29 11:55:24,3.0,101203.0,550.0,1100.0,Colombo
510149,40070,NESPRAY MILK POWDER 400G,4,2020-08-30 12:43:36,6.43,,1180.0,4720.0,Gampaha
510150,40013,SPA CEYLON SLEEP BODY LOTION,2,2020-08-30 15:09:06,19.07,,3500.0,7000.0,Ratnapura
510151,40082,NECTO 1.5L,3,2020-08-31 15:56:45,1.91,101193.0,350.0,1050.0,Trincomalee
510152,40002,DILMAH EARL GREY TEA 50 BAGS,1,2020-09-03 11:31:02,4.63,101143.0,850.0,850.0,Colombo
510153,40003,DILMAH GREEN TEA 20 BAGS,4,2020-09-04 08:21:03,3.0,101215.0,550.0,2200.0,Jaffna
510154,40021,ELEPHANT HOUSE VANILLA ICE CREAM 1L,3,2020-09-05 13:42:12,4.36,101195.0,800.0,2400.0,Gampaha
510155,40050,RANCRISP CASHEWS 50G,6,2020-09-05 20:32:58,1.91,101172.0,350.0,2100.0,Ratnapura
510156,40017,MD MIXED FRUIT JAM 500G,2,2020-09-06 19:49:26,3.54,,650.0,1300.0,Gampaha
510157,40068,CLOSE UP TOOTHPASTE 120G,5,2020-09-09 13:37:07,1.28,101082.0,235.0,1175.0,Jaffna
510158,40052,WIJAYA ROASTED CURRY POWDER 250G,8,2020-09-13 15:19:29,2.18,101004.0,400.0,3200.0,Badulla
510159,40010,MALIBAN MARIE BISCUITS 400G,15,2020-09-16 13:16:10,1.91,,350.0,5250.0,Batticaloa
510160,40088,CARGILLS FRESH EGGS (10),4,2020-09-19 11:03:36,1.91,101088.0,350.0,1400.0,Kurunegala
510161,40027,KEELLS CHICKEN SAUSAGES 500G,5,2020-09-19 11:40:08,5.18,101084.0,950.0,4750.0,Puttalam
510162,40025,KOTMALE FRESH MILK 1L,1,2020-09-19 14:47:02,2.45,101220.0,450.0,450.0,Badulla
510163,40038,MOTHA FALUDA MIX 100G,1,2020-09-20 11:52:24,1.09,101090.0,200.0,200.0,Jaffna
510164,40032,PRIMA STELLA NOODLES 400G,3,2020-09-22 19:30:18,1.53,101211.0,280.0,840.0,Anuradhapura
510165,40011,MALIBAN LEMON PUFF 200G,10,2020-09-24 12:11:38,1.09,101010.0,200.0,2000.0,Trincomalee
510166,40011,MALIBAN LEMON PUFF 200G,6,2020-09-26 11:43:24,1.09,101176.0,200.0,1200.0,Kalutara
510167,40006,MUNCHEE SUPER CREAM CRACKER 500G,4,2020-09-27 12:47:33,2.45,101009.0,450.0,1800.0,Gampaha
510168,40010,MALIBAN MARIE BISCUITS 400G,1,2020-09-27 15:24:36,1.91,101180.0,350.0,350.0,Moneragala
510169,40058,DIVA WASHING POWDER 1KG,4,2020-09-30 17:16:09,3.54,101103.0,650.0,2600.0,Ratnapura
510170,40038,MOTHA FALUDA MIX 100G,1,2020-10-06 11:22:20,1.09,101177.0,200.0,200.0,Matara
510171,40011,MALIBAN LEMON PUFF 200G,2,2020-10-09 08:46:05,1.09,101170.0,200.0,400.0,Colombo
510172,40070,NESPRAY MILK POWDER 400G,6,2020-10-12 12:20:51,6.43,101092.0,1180.0,7080.0,Kalutara
510173,40073,DELMEGE BASMATI RICE 5KG,3,2020-10-12 16:14:09,11.44,101091.0,2100.0,6300.0,Kandy
510174,40071,MA MA NOODLES 5 PACK,3,2020-10-13 19:41:13,2.18,101103.0,400.0,1200.0,Anuradhapura
510175,40058,DIVA WASHING POWDER 1KG,5,2020-10-14 08:28:39,3.54,101016.0,650.0,3250.0,Gampaha
510176,40038,MOTHA FALUDA MIX 100G,6,2020-10-15 17:48:08,1.09,101004.0,200.0,1200.0,Kandy
510177,40005,WATAWALA TEA 400G,2,2020-10-16 08:20:25,4.25,101073.0,780.0,1560.0,Gampaha
510178,40005,WATAWALA TEA 400G,2,2020-10-17 19:21:43,4.25,101061.0,780.0,1560.0,Ratnapura
510179,40015,SIDDHALEPA BALM 50G,2,2020-10-19 12:56:43,1.36,101180.0,250.0,500.0,Colombo
510180,40001,DILMAH CEYLON TEA 500G,5,2020-10-20 09:38:20,6.54,101177.0,1200.0,6000.0,Colombo
510181,40003,DILMAH GREEN TEA 20 BAGS,1,2020-10-20 12:43:20,3.0,,550.0,550.0,Colombo
510182,40038,MOTHA FALUDA MIX 100G,3,2020-10-21 12:35:30,1.09,101021.0,200.0,600.0,Ratnapura
510183,40041,BABY CHERAMY SOAP 90G,2,2020-10-22 12:03:08,0.76,101056.0,140.0,280.0,Anuradhapura
510184,40066,PONDS TALCUM POWDER 100G,2,2020-10-22 20:03:08,2.07,101104.0,380.0,760.0,Colombo
510185,40002,DILMAH EARL GREY TEA 50 BAGS,1,2020-10-23 13:59:05,4.63,101216.0,850.0,850.0,Batticaloa
510186,40020,ELEPHANT HOUSE CREAM SODA 1.5L,2,2020-10-25 10:31:30,2.18,101026.0,400.0,800.0,Matara
510187,40012,MALIBAN CREAM CRACKER 500G,6,2020-10-25 13:50:50,2.29,101094.0,420.0,2520.0,Kalutara
510188,40003,DILMAH GREEN TEA 20 BAGS,1,2020-10-26 17:37:32,3.0,,550.0,550.0,Hambantota
510189,40008,MUNCHEE LEMON PUFF 200G,3,2020-10-26 18:08:52,1.09,,200.0,600.0,Nuwara Eliya
510190,40013,SPA CEYLON SLEEP BODY LOTION,2,2020-10-29 10:08:35,19.07,,3500.0,7000.0,Kilinochchi
510191,40090,RITZBURY CHOCOLATE BAR 100G,6,2020-10-29 13:35:02,1.42,101148.0,260.0,1560.0,Puttalam
510192,40078,SOFTLOGIC COCONUT MILK 400ML,1,2020-10-30 13:27:34,1.74,,320.0,320.0,Ratnapura
510193,40007,MUNCHEE CHOCOLATE BISCUIT 200G,5,2020-11-01 09:40:43,1.2,101026.0,220.0,1100.0,Hambantota
510194,40038,MOTHA FALUDA MIX 100G,3,2020-11-01 12:35:09,1.09,101008.0,200.0,600.0,Anuradhapura
510195,40001,DILMAH CEYLON TEA 500G,3,2020-11-01 19:49:59,6.54,101013.0,1200.0,3600.0,Matale
510196,40083,BOGAWANTALAWA TEA 400G,2,2020-11-04 10:16:07,4.9,101072.0,900.0,1800.0,Colombo
510197,40015,SIDDHALEPA BALM 50G,8,2020-11-05 12:35:51,1.36,101211.0,250.0,2000.0,Polonnaruwa
510198,40083,BOGAWANTALAWA TEA 400G,3,2020-11-05 14:32:44,4.9,,900.0,2700.0,Nuwara Eliya
510199,40044,HAPPY COW CHEESE 120G,1,2020-11-07 11:48:46,4.63,101108.0,850.0,850.0,Gampaha
510200,40078,SOFTLOGIC COCONUT MILK 400ML,1,2020-11-09 14:17:10,1.74,101012.0,320.0,320.0,Ampara
510201,40022,ANCHOR MILK POWDER 400G,2,2020-11-11 14:16:10,6.27,,1150.0,2300.0,Batticaloa
510202,40048,EDINBOROUGH SOY SAUCE 400ML,1,2020-11-12 19:44:44,1.91,101088.0,350.0,350.0,Badulla
510203,40001,DILMAH CEYLON TEA 500G,2,2020-11-13 19:41:46,6.54,101085.0,1200.0,2400.0,Galle
510204,40001,DILMAH CEYLON TEA 500G,3,2020-11-16 10:57:34,6.54,,1200.0,3600.0,Jaffna
510205,40008,MUNCHEE LEMON PUFF 200G,2,2020-11-18 11:41:55,1.09,101035.0,200.0,400.0,Gampaha
510206,40001,DILMAH CEYLON TEA 500G,1,2020-11-23 20:57:38,6.54,,1200.0,1200.0,Colombo
510207,40088,CARGILLS FRESH EGGS (10),5,2020-11-25 19:52:05,1.91,101064.0,350.0,1750.0,Mullaitivu
510208,40023,RATHTHI MILK POWDER 400G,1,2020-11-26 11:51:12,5.99,101197.0,1100.0,1100.0,Anuradhapura
510209,40024,HIGHLAND MILK 1L,2,2020-11-27 09:41:32,2.18,,400.0,800.0,Kegalle
510210,40005,WATAWALA TEA 400G,3,2020-11-30 15:22:05,4.25,101181.0,780.0,2340.0,Anuradhapura
510211,40026,KITHUL TREACLE 750ML,12,2020-12-01 19:18:26,9.81,101026.0,1800.0,21600.0,Ratnapura
510212,40038,MOTHA FALUDA MIX 100G,6,2020-12-02 12:34:20,1.09,101082.0,200.0,1200.0,Colombo
510213,40002,DILMAH EARL GREY TEA 50 BAGS,2,2020-12-03 10:09:33,4.63,101020.0,850.0,1700.0,Colombo
510214,40051,LANKA SOY CHICKEN FLAVOUR 90G,15,2020-12-04 20:11:36,0.65,101220.0,120.0,1800.0,Trincomalee
510215,40077,PILAWOOS FALOODA MIX 200G,4,2020-12-05 09:07:01,1.91,101068.0,350.0,1400.0,Gampaha
510216,40011,MALIBAN LEMON PUFF 200G,8,2020-12-05 16:46:25,1.09,,200.0,1600.0,Trincomalee
510217,40005,WATAWALA TEA 400G,15,2020-12-12 10:25:56,4.25,101215.0,780.0,11700.0,Ampara
510218,40048,EDINBOROUGH SOY SAUCE 400ML,10,2020-12-14 12:33:45,1.91,101013.0,350.0,3500.0,Colombo
510219,40041,BABY CHERAMY SOAP 90G,8,2020-12-14 12:33:53,0.76,,140.0,1120.0,Batticaloa
510220,40030,KIST MIXED FRUIT NECTAR 1L,3,2020-12-14 15:11:55,3.0,101202.0,550.0,1650.0,Colombo
510221,40031,PRIMA KOTTU MEE CUP,2,2020-12-15 18:56:25,0.82,,150.0,300.0,Puttalam
510222,40019,ELEPHANT HOUSE GINGER BEER 1.5L,2,2020-12-16 09:23:29,2.18,101004.0,400.0,800.0,Ratnapura
510223,40086,FITS COOKING OIL 1L,5,2020-12-18 09:14:41,5.99,101098.0,1100.0,5500.0,Matara
510224,40041,BABY CHERAMY SOAP 90G,8,2020-12-18 14:22:17,0.76,101197.0,140.0,1120.0,Badulla
510225,40090,RITZBURY CHOCOLATE BAR 100G,2,2020-12-22 17:10:45,1.42,101185.0,260.0,520.0,Nuwara Eliya
510226,40003,DILMAH GREEN TEA 20 BAGS,5,2020-12-24 18:06:04,3.0,101143.0,550.0,2750.0,Kurunegala
510227,40001,DILMAH CEYLON TEA 500G,6,2020-12-25 13:36:10,6.54,101168.0,1200.0,7200.0,Kegalle
510228,40001,DILMAH CEYLON TEA 500G,3,2020-12-25 13:41:37,6.54,101033.0,1200.0,3600.0,Badulla
510229,40003,DILMAH GREEN TEA 20 BAGS,3,2020-12-26 10:20:39,3.0,101087.0,550.0,1650.0,Jaffna
510230,40064,HORLICKS 500G,3,2020-12-26 15:06:57,5.18,101002.0,950.0,2850.0,Colombo
510231,40034,HARISCHANDRA COFFEE 100G,2,2020-12-27 20:12:58,2.07,101076.0,380.0,760.0,Kandy
510232,40010,MALIBAN MARIE BISCUITS 400G,10,2020-12-28 10:10:38,1.91,101002.0,350.0,3500.0,Colombo
510233,40002,DILMAH EARL GREY TEA 50 BAGS,1,2020-12-28 13:24:27,4.63,101117.0,850.0,850.0,Kilinochchi
510234,40086,FITS COOKING OIL 1L,6,2020-12-30 12:48:33,5.99,101198.0,1100.0,6600.0,Colombo
510235,40056,SUNSILK BLACK SHAMPOO 200ML,2,2021-01-02 17:50:39,2.96,,575.0,1150.0,Ratnapura
510236,40001,DILMAH CEYLON TEA 500G,6,2021-01-03 17:49:37,6.47,101056.0,1255.0,7530.0,Gampaha
510237,40063,MILO 400G,3,2021-01-04 08:17:28,4.2,101090.0,815.0,2445.0,Badulla
510238,40002,DILMAH EARL GREY TEA 50 BAGS,12,2021-01-07 14:16:52,4.59,101151.0,890.0,10680.0,Mullaitivu
510239,40080,COCA-COLA 1.5L,3,2021-01-09 10:56:54,1.88,,365.0,1095.0,Kandy
510240,40002,DILMAH EARL GREY TEA 50 BAGS,3,2021-01-11 09:44:06,4.59,101011.0,890.0,2670.0,Kegalle
510241,40001,DILMAH CEYLON TEA 500G,3,2021-01-12 11:28:49,6.47,,1255.0,3765.0,Kurunegala
510242,40003,DILMAH GREEN TEA 20 BAGS,2,2021-01-12 18:02:28,2.96,101199.0,575.0,1150.0,Colombo
510243,40031,PRIMA KOTTU MEE CUP,2,2021-01-16 20:06:07,0.8,101170.0,155.0,310.0,Gampaha
510244,40020,ELEPHANT HOUSE CREAM SODA 1.5L,2,2021-01-17 18:49:59,2.16,,420.0,840.0,Colombo
510245,40003,DILMAH GREEN TEA 20 BAGS,4,2021-01-18 08:55:18,2.96,101022.0,575.0,2300.0,Colombo
510246,40062,NESTOMALT 400G,4,2021-01-18 13:18:49,3.35,101127.0,650.0,2600.0,Gampaha
510247,40022,ANCHOR MILK POWDER 400G,2,2021-01-20 11:35:09,6.19,,1200.0,2400.0,Kandy
510248,40005,WATAWALA TEA 400G,2,2021-01-21 18:45:21,4.2,101028.0,815.0,1630.0,Jaffna
510249,40001,DILMAH CEYLON TEA 500G,1,2021-01-23 16:52:05,6.47,101164.0,1255.0,1255.0,Polonnaruwa
510250,40019,ELEPHANT HOUSE GINGER BEER 1.5L,2,2021-01-25 13:18:33,2.16,101091.0,420.0,840.0,Kilinochchi
510251,40016,LINK SAMAHAN BOX (100 PACKETS),2,2021-01-30 11:22:08,8.09,101174.0,1570.0,3140.0,Anuradhapura
510252,40026,KITHUL TREACLE 750ML,4,2021-02-01 12:10:27,9.69,101057.0,1880.0,7520.0,Galle
510253,40006,MUNCHEE SUPER CREAM CRACKER 500G,6,2021-02-03 10:53:43,2.42,101162.0,470.0,2820.0,Hambantota
510254,40045,PANADOL 100 TABLETS,8,2021-02-03 13:02:37,2.42,101198.0,470.0,3760.0,Jaffna
510255,40011,MALIBAN LEMON PUFF 200G,1,2021-02-06 16:16:32,1.08,101165.0,210.0,210.0,Colombo
510256,40002,DILMAH EARL GREY TEA 50 BAGS,2,2021-02-07 09:38:25,4.59,101057.0,890.0,1780.0,Kandy
C510257,40004,ZESTA TEA 400G,-1,2021-02-07 16:31:30,5.64,101110.0,1095.0,-1095.0,Matale
510258,40092,ARALIYA COCONUT MILK POWDER 300G,20,2021-02-08 10:26:06,3.76,,730.0,14600.0,Hambantota
510259,40001,DILMAH CEYLON TEA 500G,5,2021-02-10 09:05:36,6.47,101087.0,1255.0,6275.0,Kandy
510260,40084,AKBAR TEA 400G,2,2021-02-12 19:24:46,3.76,101002.0,730.0,1460.0,Gampaha
510261,40035,CBL SAMAPOSHA 200G,5,2021-02-14 13:43:39,0.98,,190.0,950.0,Polonnaruwa
510262,40048,EDINBOROUGH SOY SAUCE 400ML,2,2021-02-14 20:16:29,1.88,101208.0,365.0,730.0,Jaffna
510263,40001,DILMAH CEYLON TEA 500G,5,2021-02-15 12:27:34,6.47,101010.0,1255.0,6275.0,Polonnaruwa
510264,40076,CEYLON COLD STORES YOGHURT 80G,1,2021-02-16 08:16:12,0.49,101003.0,95.0,95.0,Anuradhapura
510265,40012,MALIBAN CREAM CRACKER 500G,4,2021-02-19 13:53:02,2.27,101007.0,440.0,1760.0,Kegalle
510266,40063,MILO 400G,1,2021-02-20 14:05:15,4.2,101155.0,815.0,815.0,Kurunegala
510267,40018,MD MANGO CHUTNEY 400G,2,2021-02-21 16:25:26,3.51,101113.0,680.0,1360.0,Kandy
510268,40005,WATAWALA TEA 400G,3,2021-02-22 11:36:06,4.2,101116.0,815.0,2445.0,Gampaha
510269,40053,WIJAYA CHILLI POWDER 250G,8,2021-02-23 16:08:40,2.42,,470.0,3760.0,Jaffna
510270,40034,HARISCHANDRA COFFEE 100G,1,2021-02-23 18:19:02,2.04,101188.0,395.0,395.0,Puttalam
510271,40061,VELVET BEAUTY SOAP 100G,1,2021-02-25 08:13:49,0.8,101040.0,155.0,155.0,Polonnaruwa
510272,40044,HAPPY COW CHEESE 120G,4,2021-02-25 15:48:18,4.59,101005.0,890.0,3560.0,Gampaha
510273,40005,WATAWALA TEA 400G,3,2021-02-26 13:15:50,4.2,101192.0,815.0,2445.0,Ampara
510274,40003,DILMAH GREEN TEA 20 BAGS,3,2021-02-26 14:32:19,2.96,101188.0,575.0,1725.0,Colombo
510275,40001,DILMAH CEYLON TEA 500G,2,2021-02-26 15:43:42,6.47,101137.0,1255.0,2510.0,Ampara
510276,40043,ASTRA MARGARINE 250G,10,2021-03-03 10:31:00,2.16,101170.0,420.0,4200.0,Colombo
510277,40046,MARMITE 100G,2,2021-03-05 11:10:28,4.05,101091.0,785.0,1570.0,Colombo
510278,40067,COLGATE TOOTHPASTE 120G,20,2021-03-05 16:58:24,1.29,,250.0,5000.0,Kilinochchi
510279,40023,RATHTHI MILK POWDER 400G,4,2021-03-07 10:38:18,5.93,101182.0,1150.0,4600.0,Colombo
510280,40013,SPA CEYLON SLEEP BODY LOTION,2,2021-03-07 14:35:02,18.84,101079.0,3655.0,7310.0,Badulla
510281,40030,KIST MIXED FRUIT NECTAR 1L,3,2021-03-07 16:48:14,2.96,101005.0,575.0,1725.0,Mannar
510282,40003,DILMAH GREEN TEA 20 BAGS,1,2021-03-08 10:58:41,2.96,,575.0,575.0,Batticaloa
510283,40034,HARISCHANDRA COFFEE 100G,1,2021-03-13 12:28:56,2.04,101217.0,395.0,395.0,Kegalle
510284,40062,NESTOMALT 400G,1,2021-03-13 16:00:34,3.35,101146.0,650.0,650.0,Ratnapura
510285,40014,SPA CEYLON HAND CREAM,1,2021-03-15 17:49:32,11.86,101193.0,2300.0,2300.0,Kurunegala
510286,40024,HIGHLAND MILK 1L,6,2021-03-21 13:33:25,2.16,,420.0,2520.0,Kurunegala
510287,40015,SIDDHALEPA BALM 50G,1,2021-03-24 08:49:39,1.34,101024.0,260.0,260.0,Kurunegala
510288,40081,SPRITE 1.5L,1,2021-03-30 15:54:54,1.88,,365.0,365.0,Badulla
510289,40005,WATAWALA TEA 400G,10,2021-04-01 17:41:22,4.2,101035.0,815.0,8150.0,Gampaha
510290,40066,PONDS TALCUM POWDER 100G,6,2021-04-01 20:45:51,2.04,101045.0,395.0,2370.0,Matale
510291,40019,ELEPHANT HOUSE GINGER BEER 1.5L,3,2021-04-02 17:21:39,2.16,,420.0,1260.0,Colombo
510292,40080,COCA-COLA 1.5L,5,2021-04-04 09:46:26,1.88,101141.0,365.0,1825.0,Galle
510293,40012,MALIBAN CREAM CRACKER 500G,2,2021-04-08 11:47:21,2.27,,440.0,880.0,Gampaha
510294,40074,ARALIYA WHITE RICE 5KG,1,2021-04-09 17:07:27,7.81,,1515.0,1515.0,Galle
510295,40060,SUNLIGHT SOAP 115G,2,2021-04-10 17:36:42,0.64,101173.0,125.0,250.0,Galle
510296,40004,ZESTA TEA 400G,2,2021-04-13 11:51:23,5.64,101071.0,1095.0,2190.0,Kegalle
510297,40001,DILMAH CEYLON TEA 500G,1,2021-04-13 16:11:20,6.47,101039.0,1255.0,1255.0,Gampaha
510298,40001,DILMAH CEYLON TEA 500G,10,2021-04-14 10:18:23,6.47,101038.0,1255.0,12550.0,Ampara
510299,40058,DIVA WASHING POWDER 1KG,4,2021-04-15 10:49:26,3.51,101068.0,680.0,2720.0,Kalutara
510300,40001,DILMAH CEYLON TEA 500G,4,2021-04-15 20:15:31,6.47,,1255.0,5020.0,Hambantota
510301,40001,DILMAH CEYLON TEA 500G,2,2021-04-16 18:17:25,6.47,101129.0,1255.0,2510.0,Kurunegala
510302,40041,BABY CHERAMY SOAP 90G,2,2021-04-17 17:00:00,0.75,101001.0,145.0,290.0,Kalutara
510303,40025,KOTMALE FRESH MILK 1L,6,2021-04-18 15:08:03,2.42,,470.0,2820.0,Jaffna
510304,40003,DILMAH GREEN TEA 20 BAGS,5,2021-04-20 09:04:07,2.96,101091.0,575.0,2875.0,Matara
510305,40017,MD MIXED FRUIT JAM 500G,3,2021-04-20 10:13:37,3.51,101019.0,680.0,2040.0,Ratnapura
510306,40008,MUNCHEE LEMON PUFF 200G,5,2021-04-24 11:37:37,1.08,101132.0,210.0,1050.0,Matara
510307,40085,RANFAT COOKING OIL 1L,6,2021-04-24 13:25:27,6.19,101012.0,1200.0,7200.0,Polonnaruwa
510308,40036,MAGGI COCONUT MILK POWDER 300G,4,2021-04-25 13:34:18,4.05,101079.0,785.0,3140.0,Colombo
510309,40008,MUNCHEE LEMON PUFF 200G,4,2021-04-26 15:05:05,1.08,101066.0,210.0,840.0,Polonnaruwa
510310,40007,MUNCHEE CHOCOLATE BISCUIT 200G,6,2021-05-01 11:52:39,1.19,101166.0,230.0,1380.0,Hambantota
510311,40042,MARINA COCONUT OIL 1L,3,2021-05-03 19:12:11,5.13,101193.0,995.0,2985.0,Ratnapura
510312,40025,KOTMALE FRESH MILK 1L,3,2021-05-05 11:43:08,2.42,101045.0,470.0,1410.0,Moneragala
510313,40064,HORLICKS 500G,2,2021-05-05 17:11:15,5.13,101213.0,995.0,1990.0,Kegalle
510314,40003,DILMAH GREEN TEA 20 BAGS,4,2021-05-06 16:33:24,2.96,101061.0,575.0,2300.0,Trincomalee
510315,40006,MUNCHEE SUPER CREAM CRACKER 500G,4,2021-05-08 09:19:52,2.42,101205.0,470.0,1880.0,Gampaha
510316,40009,MUNCHEE TIKIRI MARIE 80G,4,2021-05-09 18:07:26,0.39,101040.0,75.0,300.0,Colombo
510317,40088,CARGILLS FRESH EGGS (10),5,2021-05-10 11:38:06,1.88,101212.0,365.0,1825.0,Colombo
510318,40014,SPA CEYLON HAND CREAM,2,2021-05-10 15:54:39,11.86,101177.0,2300.0,4600.0,Jaffna
510319,40044,HAPPY COW CHEESE 120G,1,2021-05-11 09:44:05,4.59,101220.0,890.0,890.0,Badulla
510320,40052,WIJAYA ROASTED CURRY POWDER 250G,2,2021-05-13 16:08:19,2.16,101168.0,420.0,840.0,Moneragala
510321,DELV,COURIER DELIVERY CHARGE,4,2021-05-14 10:30:01,3.0,101041.0,582.0,2328.0,Matara
510322,40049,ROZA PASTA MACARONI 400G,4,2021-05-15 17:21:31,1.62,101106.0,315.0,1260.0,Kegalle
510323,40012,MALIBAN CREAM CRACKER 500G,8,2021-05-16 12:44:05,2.27,101198.0,440.0,3520.0,Ampara
510324,40001,DILMAH CEYLON TEA 500G,8,2021-05-23 10:22:28,6.47,101037.0,1255.0,10040.0,Badulla
510325,40051,LANKA SOY CHICKEN FLAVOUR 90G,3,2021-05-24 12:34:01,0.64,,125.0,375.0,Kalutara
510326,40016,LINK SAMAHAN BOX (100 PACKETS),1,2021-05-25 09:13:48,8.09,101033.0,1570.0,1570.0,Matara
510327,40039,CLOGARD TOOTHPASTE 120G,3,2021-05-25 12:32:46,1.19,101131.0,230.0,690.0,Galle
510328,40011,MALIBAN LEMON PUFF 200G,8,2021-05-25 19:39:12,1.08,101069.0,210.0,1680.0,Trincomalee
510329,40051,LANKA SOY CHICKEN FLAVOUR 90G,1,2021-05-29 17:25:17,0.64,101052.0,125.0,125.0,Ampara
510330,40003,DILMAH GREEN TEA 20 BAGS,3,2021-05-30 16:08:16,2.96,101012.0,575.0,1725.0,Ratnapura
510331,40002,DILMAH EARL GREY TEA 50 BAGS,6,2021-05-31 19:55:30,4.59,,890.0,5340.0,Colombo
510332,40042,MARINA COCONUT OIL 1L,2,2021-06-01 11:21:54,5.13,101040.0,995.0,1990.0,Kurunegala
510333,40047,PELWATTE BUTTER 200G,1,2021-06-01 13:27:35,4.05,101199.0,785.0,785.0,Colombo
510334,40001,DILMAH CEYLON TEA 500G,3,2021-06-02 14:57:24,6.47,101218.0,1255.0,3765.0,Colombo
510335,40021,ELEPHANT HOUSE VANILLA ICE CREAM 1L,4,2021-06-02 19:16:23,4.3,101089.0,835.0,3340.0,Colombo
510336,40006,MUNCHEE SUPER CREAM CRACKER 500G,1,2021-06-03 20:51:09,2.42,101122.0,470.0,470.0,Gampaha
510337,40052,WIJAYA ROASTED CURRY POWDER 250G,12,2021-06-05 12:24:35,2.16,101012.0,420.0,5040.0,Gampaha
510338,40005,WATAWALA TEA 400G,8,2021-06-06 09:11:36,4.2,101216.0,815.0,6520.0,Polonnaruwa
510339,40030,KIST MIXED FRUIT NECTAR 1L,2,2021-06-09 19:16:52,2.96,101010.0,575.0,1150.0,Gampaha
510340,40050,RANCRISP CASHEWS 50G,4,2021-06-10 15:07:56,1.88,101201.0,365.0,1460.0,Colombo
510341,40006,MUNCHEE SUPER CREAM CRACKER 500G,2,2021-06-14 17:17:24,2.42,101013.0,470.0,940.0,Colombo
510342,40003,DILMAH GREEN TEA 20 BAGS,4,2021-06-14 18:01:57,2.96,101203.0,575.0,2300.0,Ratnapura
510343,40007,MUNCHEE CHOCOLATE BISCUIT 200G,4,2021-06-18 17:06:59,1.19,101164.0,230.0,920.0,Kandy
510344,40028,BAIRAHA CHICKEN 1KG,2,2021-06-19 12:54:02,7.81,101037.0,1515.0,3030.0,Galle
510345,40025,KOTMALE FRESH MILK 1L,3,2021-06-24 08:05:09,2.42,,470.0,1410.0,Gampaha
510346,40043,ASTRA MARGARINE 250G,2,2021-06-24 09:29:34,2.16,,420.0,840.0,Kalutara
510347,40035,CBL SAMAPOSHA 200G,2,2021-06-26 15:35:18,0.98,101055.0,190.0,380.0,Anuradhapura
510348,40038,MOTHA FALUDA MIX 100G,2,2021-06-28 14:36:50,1.08,101065.0,210.0,420.0,Kandy
510349,40061,VELVET BEAUTY SOAP 100G,3,2021-06-30 15:30:24,0.8,101112.0,155.0,465.0,Colombo
510350,40019,ELEPHANT HOUSE GINGER BEER 1.5L,1,2021-06-30 16:00:31,2.16,101137.0,420.0,420.0,Batticaloa
510351,40014,SPA CEYLON HAND CREAM,3,2021-07-01 13:45:38,11.86,101025.0,2300.0,6900.0,Moneragala
510352,40004,ZESTA TEA 400G,10,2021-07-02 09:12:11,5.64,101073.0,1095.0,10950.0,Batticaloa
510353,40005,WATAWALA TEA 400G,8,2021-07-03 10:44:29,4.2,101128.0,815.0,6520.0,Kandy
510354,40002,DILMAH EARL GREY TEA 50 BAGS,5,2021-07-03 13:44:02,4.59,101062.0,890.0,4450.0,Colombo
510355,40061,VELVET BEAUTY SOAP 100G,2,2021-07-03 20:33:14,0.8,101042.0,155.0,310.0,Nuwara Eliya
510356,40001,DILMAH CEYLON TEA 500G,1,2021-07-05 17:57:58,6.47,101094.0,1255.0,1255.0,Colombo
510357,40006,MUNCHEE SUPER CREAM CRACKER 500G,3,2021-07-08 14:20:08,2.42,101007.0,470.0,1410.0,Gampaha
510358,40004,ZESTA TEA 400G,4,2021-07-11 15:31:19,5.64,101005.0,1095.0,4380.0,Colombo
510359,40013,SPA CEYLON SLEEP BODY LOTION,2,2021-07-11 20:59:36,18.84,101147.0,3655.0,7310.0,Polonnaruwa
510360,40001,DILMAH CEYLON TEA 500G,4,2021-07-12 13:53:02,6.47,101106.0,1255.0,5020.0,Colombo
510361,40059,SURF EXCEL 1KG,1,2021-07-15 13:26:14,4.59,101145.0,890.0,890.0,Colombo
510362,40022,ANCHOR MILK POWDER 400G,2,2021-07-15 14:37:30,6.19,101078.0,1200.0,2400.0,Jaffna
510363,40076,CEYLON COLD STORES YOGHURT 80G,5,2021-07-15 20:43:46,0.49,101005.0,95.0,475.0,Ratnapura
510364,40031,PRIMA KOTTU MEE CUP,5,2021-07-17 20:47:47,0.8,101106.0,155.0,775.0,Anuradhapura
510365,40008,MUNCHEE LEMON PUFF 200G,3,2021-07-20 17:53:14,1.08,101038.0,210.0,630.0,Jaffna
510366,40001,DILMAH CEYLON TEA 500G,8,2021-07-20 18:45:43,6.47,,1255.0,10040.0,Ratnapura
510367,40048,EDINBOROUGH SOY SAUCE 400ML,1,2021-07-21 12:34:31,1.88,101108.0,365.0,365.0,Ratnapura
510368,40056,SUNSILK BLACK SHAMPOO 200ML,4,2021-07-21 15:23:20,2.96,101007.0,575.0,2300.0,Matale
510369,40001,DILMAH CEYLON TEA 500G,8,2021-07-24 14:33:40,6.47,,1255.0,10040.0,Kandy
510370,40020,ELEPHANT HOUSE CREAM SODA 1.5L,4,2021-07-25 19:26:21,2.16,101083.0,420.0,1680.0,Batticaloa
510371,40092,ARALIYA COCONUT MILK POWDER 300G,20,2021-07-30 18:58:07,3.76,101056.0,730.0,14600.0,Kalutara
510372,40007,MUNCHEE CHOCOLATE BISCUIT 200G,3,2021-08-02 12:10:16,1.19,101003.0,230.0,690.0,Gampaha
510373,40012,MALIBAN CREAM CRACKER 500G,2,2021-08-02 16:47:52,2.27,101046.0,440.0,880.0,Kegalle
510374,40002,DILMAH EARL GREY TEA 50 BAGS,2,2021-08-02 17:35:27,4.59,101006.0,890.0,1780.0,Trincomalee
510375,40023,RATHTHI MILK POWDER 400G,2,2021-08-03 19:18:22,5.93,101179.0,1150.0,2300.0,Kilinochchi
510376,40012,MALIBAN CREAM CRACKER 500G,2,2021-08-07 16:10:15,2.27,101016.0,440.0,880.0,Colombo
510377,40044,HAPPY COW CHEESE 120G,2,2021-08-08 15:04:37,4.59,101007.0,890.0,1780.0,Galle
510378,40012,MALIBAN CREAM CRACKER 500G,4,2021-08-09 18:03:29,2.27,101144.0,440.0,1760.0,Trincomalee
510379,40088,CARGILLS FRESH EGGS (10),2,2021-08-12 18:19:07,1.88,101079.0,365.0,730.0,Kandy
510380,40084,AKBAR TEA 400G,3,2021-08-15 10:51:35,3.76,101007.0,730.0,2190.0,Trincomalee
510381,40046,MARMITE 100G,1,2021-08-17 08:17:04,4.05,101036.0,785.0,785.0,Kalutara
510382,40028,BAIRAHA CHICKEN 1KG,3,2021-08-17 18:24:32,7.81,101163.0,1515.0,4545.0,Jaffna
510383,40004,ZESTA TEA 400G,6,2021-08-18 11:04:39,5.64,,1095.0,6570.0,Mullaitivu
510384,40001,DILMAH CEYLON TEA 500G,1,2021-08-18 16:11:30,6.47,101086.0,1255.0,1255.0,Kalutara
510385,DELV,COURIER DELIVERY CHARGE,3,2021-08-22 16:12:28,3.0,101002.0,582.0,1746.0,Jaffna
510386,40005,WATAWALA TEA 400G,3,2021-08-22 19:31:39,4.2,101051.0,815.0,2445.0,Kurunegala
510387,40065,FAIR & LOVELY CREAM 50G,10,2021-08-24 14:08:22,1.73,101015.0,335.0,3350.0,Anuradhapura
510388,40031,PRIMA KOTTU MEE CUP,3,2021-08-26 11:35:40,0.8,101017.0,155.0,465.0,Batticaloa
510389,40056,SUNSILK BLACK SHAMPOO 200ML,8,2021-08-26 20:25:20,2.96,101010.0,575.0,4600.0,Nuwara Eliya
510390,40003,DILMAH GREEN TEA 20 BAGS,8,2021-08-27 17:00:01,2.96,,575.0,4600.0,Colombo
510391,40005,WATAWALA TEA 400G,6,2021-08-28 11:38:48,4.2,101008.0,815.0,4890.0,Colombo
510392,40006,MUNCHEE SUPER CREAM CRACKER 500G,6,2021-08-28 12:56:04,2.42,101068.0,470.0,2820.0,Anuradhapura
510393,40082,NECTO 1.5L,1,2021-08-29 14:23:29,1.88,101012.0,365.0,365.0,Jaffna
510394,40078,SOFTLOGIC COCONUT MILK 400ML,5,2021-08-30 14:29:22,1.73,101180.0,335.0,1675.0,Badulla
510395,40035,CBL SAMAPOSHA 200G,8,2021-08-30 20:55:35,0.98,101094.0,190.0,1520.0,Kurunegala
510396,40007,MUNCHEE CHOCOLATE BISCUIT 200G,2,2021-09-02 09:20:50,1.19,101019.0,230.0,460.0,Kandy
510397,40005,WATAWALA TEA 400G,4,2021-09-07 14:09:32,4.2,,815.0,3260.0,Kalutara
510398,40035,CBL SAMAPOSHA 200G,1,2021-09-10 11:48:51,0.98,101136.0,190.0,190.0,Galle
510399,40069,ANCHOR BUTTER 200G,4,2021-09-10 12:47:48,4.2,101113.0,815.0,3260.0,Colombo
510400,40021,ELEPHANT HOUSE VANILLA ICE CREAM 1L,8,2021-09-10 19:17:25,4.3,101013.0,835.0,6680.0,Kurunegala
510401,40079,CEYLON TOBACCO (CIGARETTES PACK),5,2021-09-12 08:39:42,6.47,101166.0,1255.0,6275.0,Colombo
510402,40069,ANCHOR BUTTER 200G,1,2021-09-16 12:32:01,4.2,101049.0,815.0,815.0,Jaffna
510403,40052,WIJAYA ROASTED CURRY POWDER 250G,4,2021-09-18 12:15:08,2.16,101033.0,420.0,1680.0,Batticaloa
510404,40081,SPRITE 1.5L,1,2021-09-19 08:00:46,1.88,,365.0,365.0,Moneragala
510405,40013,SPA CEYLON SLEEP BODY LOTION,10,2021-09-23 12:38:29,18.84,101184.0,3655.0,36550.0,Matale
510406,40001,DILMAH CEYLON TEA 500G,1,2021-09-24 08:24:30,6.47,,1255.0,1255.0,Hambantota
510407,40002,DILMAH EARL GREY TEA 50 BAGS,1,2021-09-24 19:43:43,4.59,101003.0,890.0,890.0,Galle
510408,40021,ELEPHANT HOUSE VANILLA ICE CREAM 1L,5,2021-10-01 19:12:07,4.3,101047.0,835.0,4175.0,Colombo
510409,40008,MUNCHEE LEMON PUFF 200G,4,2021-10-03 16:39:46,1.08,101010.0,210.0,840.0,Polonnaruwa
510410,40057,VIM DISHWASH LIQUID 500ML,5,2021-10-05 11:06:56,2.42,101101.0,470.0,2350.0,Kilinochchi
510411,40008,MUNCHEE LEMON PUFF 200G,1,2021-10-08 13:14:42,1.08,101149.0,210.0,210.0,Kurunegala
510412,40029,KIST TOMATO KETCHUP 400G,1,2021-10-12 12:50:03,2.42,101217.0,470.0,470.0,Kandy
510413,40004,ZESTA TEA 400G,8,2021-10-13 12:17:11,5.64,101013.0,1095.0,8760.0,Vavuniya
510414,40038,MOTHA FALUDA MIX 100G,4,2021-10-14 17:40:35,1.08,101020.0,210.0,840.0,Kegalle
510415,40076,CEYLON COLD STORES YOGHURT 80G,4,2021-10-15 19:42:49,0.49,101063.0,95.0,380.0,Kalutara
510416,40082,NECTO 1.5L,4,2021-10-16 11:04:01,1.88,101128.0,365.0,1460.0,Matara
510417,40035,CBL SAMAPOSHA 200G,4,2021-10-19 17:09:10,0.98,101124.0,190.0,760.0,Polonnaruwa
510418,40002,DILMAH EARL GREY TEA 50 BAGS,3,2021-10-21 10:37:58,4.59,101006.0,890.0,2670.0,Mullaitivu
510419,40056,SUNSILK BLACK SHAMPOO 200ML,5,2021-10-22 08:33:15,2.96,,575.0,2875.0,Kandy
510420,40005,WATAWALA TEA 400G,3,2021-10-22 17:18:02,4.2,101035.0,815.0,2445.0,Kegalle
510421,40007,MUNCHEE CHOCOLATE BISCUIT 200G,3,2021-10-23 15:52:34,1.19,101178.0,230.0,690.0,Ratnapura
510422,40014,SPA CEYLON HAND CREAM,12,2021-10-26 20:45:21,11.86,101178.0,2300.0,27600.0,Matara
510423,40044,HAPPY COW CHEESE 120G,6,2021-10-30 16:47:01,4.59,101154.0,890.0,5340.0,Anuradhapura
510424,40023,RATHTHI MILK POWDER 400G,2,2021-10-30 18:57:43,5.93,101010.0,1150.0,2300.0,Colombo
510425,40081,SPRITE 1.5L,8,2021-11-04 20:49:39,1.88,101153.0,365.0,2920.0,Colombo
510426,40067,COLGATE TOOTHPASTE 120G,3,2021-11-06 12:55:26,1.29,101156.0,250.0,750.0,Gampaha
510427,40019,ELEPHANT HOUSE GINGER BEER 1.5L,1,2021-11-12 09:39:48,2.16,101080.0,420.0,420.0,Gampaha
510428,40008,MUNCHEE LEMON PUFF 200G,2,2021-11-12 14:03:18,1.08,101004.0,210.0,420.0,Mullaitivu
510429,40008,MUNCHEE LEMON PUFF 200G,10,2021-11-13 18:36:17,1.08,,210.0,2100.0,Trincomalee
510430,40045,PANADOL 100 TABLETS,15,2021-11-15 19:50:42,2.42,101111.0,470.0,7050.0,Kilinochchi
510431,40084,AKBAR TEA 400G,6,2021-11-17 11:19:28,3.76,101215.0,730.0,4380.0,Jaffna
510432,40004,ZESTA TEA 400G,10,2021-11-17 16:31:37,5.64,101113.0,1095.0,10950.0,Matara
510433,40007,MUNCHEE CHOCOLATE BISCUIT 200G,3,2021-11-17 18:05:22,1.19,101050.0,230.0,690.0,Kandy
510434,40006,MUNCHEE SUPER CREAM CRACKER 500G,4,2021-11-20 14:39:01,2.42,101120.0,470.0,1880.0,Jaffna
510435,40022,ANCHOR MILK POWDER 400G,2,2021-11-21 17:13:35,6.19,101087.0,1200.0,2400.0,Mannar
510436,40062,NESTOMALT 400G,5,2021-11-22 08:21:18,3.35,101118.0,650.0,3250.0,Kalutara
510437,40082,NECTO 1.5L,3,2021-11-22 14:42:59,1.88,101100.0,365.0,1095.0,Kurunegala
510438,40057,VIM DISHWASH LIQUID 500ML,5,2021-11-23 08:47:45,2.42,101146.0,470.0,2350.0,Kandy
510439,40012,MALIBAN CREAM CRACKER 500G,5,2021-11-23 13:28:30,2.27,101215.0,440.0,2200.0,Colombo
510440,40018,MD MANGO CHUTNEY 400G,6,2021-11-23 20:30:38,3.51,101064.0,680.0,4080.0,Colombo
510441,40031,PRIMA KOTTU MEE CUP,2,2021-11-26 20:02:07,0.8,101012.0,155.0,310.0,Gampaha
510442,40055,LIFEBUOY SOAP 100G,2,2021-11-27 16:34:51,0.7,101142.0,135.0,270.0,Kandy
510443,40051,LANKA SOY CHICKEN FLAVOUR 90G,2,2021-11-28 18:16:23,0.64,101068.0,125.0,250.0,Kurunegala
510444,40002,DILMAH EARL GREY TEA 50 BAGS,5,2021-11-29 19:46:19,4.59,101097.0,890.0,4450.0,Kalutara
510445,40003,DILMAH GREEN TEA 20 BAGS,8,2021-12-01 20:24:29,2.96,101115.0,575.0,4600.0,Gampaha
510446,40065,FAIR & LOVELY CREAM 50G,15,2021-12-03 19:25:11,1.73,101060.0,335.0,5025.0,Polonnaruwa
510447,40020,ELEPHANT HOUSE CREAM SODA 1.5L,1,2021-12-04 13:21:07,2.16,,420.0,420.0,Matale
510448,40092,ARALIYA COCONUT MILK POWDER 300G,1,2021-12-04 19:08:42,3.76,101039.0,730.0,730.0,Matara
510449,40004,ZESTA TEA 400G,1,2021-12-05 19:15:13,5.64,101114.0,1095.0,1095.0,Matara
510450,40056,SUNSILK BLACK SHAMPOO 200ML,3,2021-12-06 08:07:59,2.96,101145.0,575.0,1725.0,Gampaha
510451,40009,MUNCHEE TIKIRI MARIE 80G,3,2021-12-06 10:10:27,0.39,101109.0,75.0,225.0,Gampaha
510452,40038,MOTHA FALUDA MIX 100G,2,2021-12-06 19:11:31,1.08,,210.0,420.0,Moneragala
510453,40020,ELEPHANT HOUSE CREAM SODA 1.5L,12,2021-12-07 16:50:22,2.16,101001.0,420.0,5040.0,Matara
510454,40002,DILMAH EARL GREY TEA 50 BAGS,5,2021-12-08 13:58:52,4.59,101045.0,890.0,4450.0,Kandy
510455,40024,HIGHLAND MILK 1L,6,2021-12-08 16:51:24,2.16,101147.0,420.0,2520.0,Trincomalee
510456,40041,BABY CHERAMY SOAP 90G,12,2021-12-12 16:38:14,0.75,101129.0,145.0,1740.0,Matara
510457,40013,SPA CEYLON SLEEP BODY LOTION,1,2021-12-12 18:17:07,18.84,101199.0,3655.0,3655.0,Kurunegala
510458,40029,KIST TOMATO KETCHUP 400G,2,2021-12-13 13:21:02,2.42,101141.0,470.0,940.0,Nuwara Eliya
510459,40037,MOTHA STRAWBERRY JELLY 100G,4,2021-12-13 18:36:28,0.64,,125.0,500.0,Matara
510460,40084,AKBAR TEA 400G,10,2021-12-14 14:33:24,3.76,101215.0,730.0,7300.0,Polonnaruwa
510461,40001,DILMAH CEYLON TEA 500G,3,2021-12-15 08:32:30,6.47,101058.0,1255.0,3765.0,Gampaha
510462,40024,HIGHLAND MILK 1L,6,2021-12-15 19:27:23,2.16,101132.0,420.0,2520.0,Gampaha
510463,40012,MALIBAN CREAM CRACKER 500G,2,2021-12-16 12:23:17,2.27,101115.0,440.0,880.0,Kalutara
510464,40004,ZESTA TEA 400G,12,2021-12-18 12:37:49,5.64,101002.0,1095.0,13140.0,Gampaha
510465,40019,ELEPHANT HOUSE GINGER BEER 1.5L,1,2021-12-21 13:01:19,2.16,101071.0,420.0,420.0,Polonnaruwa
510466,40014,SPA CEYLON HAND CREAM,1,2021-12-22 08:24:20,11.86,,2300.0,2300.0,Hambantota
510467,40036,MAGGI COCONUT MILK POWDER 300G,5,2021-12-22 12:49:56,4.05,101004.0,785.0,3925.0,Matara
510468,40010,MALIBAN MARIE BISCUITS 400G,6,2021-12-22 16:00:38,1.88,101057.0,365.0,2190.0,Gampaha
510469,40034,HARISCHANDRA COFFEE 100G,6,2021-12-24 17:23:15,2.04,101204.0,395.0,2370.0,Gampaha
510470,40004,ZESTA TEA 400G,2,2021-12-24 17:30:34,5.64,101136.0,1095.0,2190.0,Kurunegala
510471,40008,MUNCHEE LEMON PUFF 200G,2,2021-12-27 13:37:19,1.08,101099.0,210.0,420.0,Gampaha
510472,40053,WIJAYA CHILLI POWDER 250G,2,2021-12-29 11:17:32,2.42,101159.0,470.0,940.0,Nuwara Eliya
510473,40022,ANCHOR MILK POWDER 400G,2,2021-12-29 13:29:13,6.19,101181.0,1200.0,2400.0,Gampaha
510474,40003,DILMAH GREEN TEA 20 BAGS,10,2021-12-31 12:20:02,2.96,101088.0,575.0,5750.0,Galle
510475,40027,KEELLS CHICKEN SAUSAGES 500G,10,2021-12-31 12:57:04,5.13,101151.0,995.0,9950.0,Galle
510476,40035,CBL SAMAPOSHA 200G,4,2022-01-05 13:49:37,0.65,101058.0,195.0,780.0,Matara
510477,40037,MOTHA STRAWBERRY JELLY 100G,6,2022-01-08 16:21:42,0.43,101215.0,130.0,780.0,Jaffna
510478,40016,LINK SAMAHAN BOX (100 PACKETS),8,2022-01-13 18:02:17,5.47,101125.0,1640.0,13120.0,Colombo
510479,40010,MALIBAN MARIE BISCUITS 400G,4,2022-01-14 18:05:40,1.27,101001.0,380.0,1520.0,Trincomalee
510480,40017,MD MIXED FRUIT JAM 500G,8,2022-01-16 17:18:06,2.37,101170.0,710.0,5680.0,Polonnaruwa
510481,40012,MALIBAN CREAM CRACKER 500G,15,2022-01-20 11:50:47,1.53,101013.0,460.0,6900.0,Kurunegala
510482,40039,CLOGARD TOOTHPASTE 120G,3,2022-01-20 13:15:02,0.8,101113.0,240.0,720.0,Kalutara
510483,40004,ZESTA TEA 400G,1,2022-01-21 13:20:16,3.82,,1145.0,1145.0,Puttalam
510484,40008,MUNCHEE LEMON PUFF 200G,2,2022-01-21 19:52:47,0.73,101127.0,220.0,440.0,Batticaloa
510485,40084,AKBAR TEA 400G,2,2022-01-23 08:31:26,2.55,101065.0,765.0,1530.0,Ampara
510486,40024,HIGHLAND MILK 1L,1,2022-01-23 17:21:51,1.45,101032.0,435.0,435.0,Kalutara
510487,DELV,COURIER DELIVERY CHARGE,4,2022-01-24 15:38:28,3.0,101204.0,900.0,3600.0,Ratnapura
510488,40001,DILMAH CEYLON TEA 500G,10,2022-01-24 15:40:37,4.37,101120.0,1310.0,13100.0,Ratnapura
510489,40033,HARISCHANDRA NOODLES 400G,1,2022-01-25 17:22:52,0.92,101080.0,275.0,275.0,Kandy
510490,40047,PELWATTE BUTTER 200G,15,2022-01-26 09:50:36,2.73,101012.0,820.0,12300.0,Kegalle
510491,40002,DILMAH EARL GREY TEA 50 BAGS,8,2022-01-27 14:28:37,3.1,,930.0,7440.0,Kandy
510492,40041,BABY CHERAMY SOAP 90G,5,2022-01-28 08:38:27,0.52,101166.0,155.0,775.0,Puttalam
510493,40003,DILMAH GREEN TEA 20 BAGS,3,2022-01-30 11:20:21,2.0,,600.0,1800.0,Colombo
510494,40002,DILMAH EARL GREY TEA 50 BAGS,4,2022-02-04 15:46:22,3.1,101162.0,930.0,3720.0,Galle
510495,40003,DILMAH GREEN TEA 20 BAGS,1,2022-02-04 16:34:11,2.0,101054.0,600.0,600.0,Kurunegala
510496,40002,DILMAH EARL GREY TEA 50 BAGS,4,2022-02-05 12:40:02,3.1,101031.0,930.0,3720.0,Gampaha
510497,DELV,COURIER DELIVERY CHARGE,8,2022-02-06 09:45:58,3.0,101098.0,900.0,7200.0,Batticaloa
510498,40010,MALIBAN MARIE BISCUITS 400G,12,2022-02-06 17:42:52,1.27,101206.0,380.0,4560.0,Kegalle
510499,40016,LINK SAMAHAN BOX (100 PACKETS),6,2022-02-07 15:24:21,5.47,101091.0,1640.0,9840.0,Colombo
510500,40012,MALIBAN CREAM CRACKER 500G,5,2022-02-08 13:58:47,1.53,101046.0,460.0,2300.0,Mullaitivu
510501,40072,FUN FOODS MAYONNAISE 250G,3,2022-02-08 14:46:05,1.78,101124.0,535.0,1605.0,Vavuniya
510502,40058,DIVA WASHING POWDER 1KG,3,2022-02-08 19:48:21,2.37,101176.0,710.0,2130.0,Puttalam
510503,40002,DILMAH EARL GREY TEA 50 BAGS,2,2022-02-11 19:54:27,3.1,101011.0,930.0,1860.0,Colombo
510504,40044,HAPPY COW CHEESE 120G,8,2022-02-12 13:23:22,3.1,101180.0,930.0,7440.0,Gampaha
510505,40072,FUN FOODS MAYONNAISE 250G,6,2022-02-12 17:51:08,1.78,101033.0,535.0,3210.0,Polonnaruwa
510506,40009,MUNCHEE TIKIRI MARIE 80G,8,2022-02-13 16:56:33,0.25,101187.0,75.0,600.0,Gampaha
510507,40009,MUNCHEE TIKIRI MARIE 80G,5,2022-02-13 18:46:47,0.25,,75.0,375.0,Vavuniya
510508,40006,MUNCHEE SUPER CREAM CRACKER 500G,3,2022-02-14 09:30:34,1.63,101182.0,490.0,1470.0,Polonnaruwa
510509,40025,KOTMALE FRESH MILK 1L,1,2022-02-14 19:26:31,1.63,101139.0,490.0,490.0,Badulla
510510,40075,RANMUTHU RICE 5KG,5,2022-02-16 17:16:42,5.47,101068.0,1640.0,8200.0,Gampaha
510511,40028,BAIRAHA CHICKEN 1KG,2,2022-02-19 20:28:24,5.28,101081.0,1585.0,3170.0,Badulla
510512,40016,LINK SAMAHAN BOX (100 PACKETS),3,2022-02-21 13:31:29,5.47,101124.0,1640.0,4920.0,Jaffna
510513,40080,COCA-COLA 1.5L,1,2022-02-22 18:45:25,1.27,101006.0,380.0,380.0,Kandy
510514,40005,WATAWALA TEA 400G,5,2022-02-23 10:09:15,2.83,101057.0,850.0,4250.0,Matara
510515,40081,SPRITE 1.5L,5,2022-02-24 11:39:53,1.27,101158.0,380.0,1900.0,Badulla
510516,40019,ELEPHANT HOUSE GINGER BEER 1.5L,12,2022-02-24 13:55:59,1.45,101074.0,435.0,5220.0,Matara
510517,40010,MALIBAN MARIE BISCUITS 400G,5,2022-02-25 11:25:43,1.27,101002.0,380.0,1900.0,Gampaha
510518,40066,PONDS TALCUM POWDER 100G,2,2022-02-26 18:10:54,1.38,101017.0,415.0,830.0,Trincomalee
510519,40033,HARISCHANDRA NOODLES 400G,3,2022-02-26 18:15:28,0.92,101020.0,275.0,825.0,Matara
510520,40027,KEELLS CHICKEN SAUSAGES 500G,3,2022-02-27 14:12:21,3.45,101107.0,1035.0,3105.0,Gampaha
510521,40007,MUNCHEE CHOCOLATE BISCUIT 200G,1,2022-02-28 13:17:30,0.8,101092.0,240.0,240.0,Kalutara
510522,40046,MARMITE 100G,3,2022-02-28 20:46:09,2.73,101074.0,820.0,2460.0,Anuradhapura
510523,40031,PRIMA KOTTU MEE CUP,10,2022-03-01 15:54:21,0.55,,165.0,1650.0,Vavuniya
510524,40045,PANADOL 100 TABLETS,3,2022-03-03 11:25:55,1.63,101060.0,490.0,1470.0,Kandy
510525,40005,WATAWALA TEA 400G,3,2022-03-07 20:31:31,2.83,101210.0,850.0,2550.0,Batticaloa
510526,40059,SURF EXCEL 1KG,1,2022-03-10 11:25:02,3.1,101006.0,930.0,930.0,Colombo
510527,40058,DIVA WASHING POWDER 1KG,4,2022-03-13 20:33:30,2.37,101022.0,710.0,2840.0,Colombo
510528,40052,WIJAYA ROASTED CURRY POWDER 250G,1,2022-03-14 16:44:48,1.45,101217.0,435.0,435.0,Kandy
510529,40041,BABY CHERAMY SOAP 90G,3,2022-03-15 13:32:34,0.52,101018.0,155.0,465.0,Puttalam
510530,40084,AKBAR TEA 400G,4,2022-03-15 20:46:06,2.55,101148.0,765.0,3060.0,Gampaha
510531,40004,ZESTA TEA 400G,10,2022-03-17 16:34:48,3.82,101143.0,1145.0,11450.0,Matale
510532,40003,DILMAH GREEN TEA 20 BAGS,4,2022-03-22 08:47:39,2.0,101016.0,600.0,2400.0,Gampaha
510533,40039,CLOGARD TOOTHPASTE 120G,4,2022-03-22 09:17:04,0.8,101095.0,240.0,960.0,Ampara
510534,40001,DILMAH CEYLON TEA 500G,2,2022-03-25 10:49:08,4.37,101175.0,1310.0,2620.0,Badulla
510535,40035,CBL SAMAPOSHA 200G,1,2022-03-26 20:30:04,0.65,101049.0,195.0,195.0,Nuwara Eliya
510536,40090,RITZBURY CHOCOLATE BAR 100G,4,2022-03-27 12:00:38,0.95,101075.0,285.0,1140.0,Ampara
510537,40013,SPA CEYLON SLEEP BODY LOTION,4,2022-03-30 08:47:03,12.73,101007.0,3820.0,15280.0,Galle
510538,40055,LIFEBUOY SOAP 100G,4,2022-03-30 08:56:49,0.47,101154.0,140.0,560.0,Colombo
510539,40050,RANCRISP CASHEWS 50G,2,2022-03-30 18:06:46,1.27,101109.0,380.0,760.0,Badulla
510540,40025,KOTMALE FRESH MILK 1L,3,2022-03-31 11:38:50,1.63,101110.0,490.0,1470.0,Polonnaruwa
510541,40001,DILMAH CEYLON TEA 500G,2,2022-04-02 08:09:50,4.37,101002.0,1310.0,2620.0,Badulla
510542,40012,MALIBAN CREAM CRACKER 500G,2,2022-04-02 12:20:10,1.53,101130.0,460.0,920.0,Colombo
510543,40021,ELEPHANT HOUSE VANILLA ICE CREAM 1L,1,2022-04-10 20:13:01,2.92,101099.0,875.0,875.0,Colombo
510544,40002,DILMAH EARL GREY TEA 50 BAGS,4,2022-04-14 12:28:49,3.1,101168.0,930.0,3720.0,Matara
510545,40023,RATHTHI MILK POWDER 400G,2,2022-04-18 10:21:26,4.0,101099.0,1200.0,2400.0,Kurunegala
510546,40003,DILMAH GREEN TEA 20 BAGS,8,2022-04-18 15:29:18,2.0,101100.0,600.0,4800.0,Badulla
510547,40009,MUNCHEE TIKIRI MARIE 80G,1,2022-04-19 08:35:34,0.25,,75.0,75.0,Kurunegala
510548,40051,LANKA SOY CHICKEN FLAVOUR 90G,2,2022-04-20 15:45:15,0.43,101106.0,130.0,260.0,Moneragala
510549,40032,PRIMA STELLA NOODLES 400G,6,2022-04-20 20:47:21,1.02,101168.0,305.0,1830.0,Colombo
510550,40001,DILMAH CEYLON TEA 500G,8,2022-04-21 09:35:54,4.37,,1310.0,10480.0,Colombo
510551,40004,ZESTA TEA 400G,1,2022-04-24 09:04:42,3.82,101060.0,1145.0,1145.0,Colombo
510552,40009,MUNCHEE TIKIRI MARIE 80G,20,2022-04-24 09:45:24,0.25,,75.0,1500.0,Nuwara Eliya
510553,40001,DILMAH CEYLON TEA 500G,1,2022-04-25 12:04:37,4.37,101107.0,1310.0,1310.0,Polonnaruwa
510554,40077,PILAWOOS FALOODA MIX 200G,8,2022-04-25 17:18:32,1.27,101029.0,380.0,3040.0,Galle
510555,40015,SIDDHALEPA BALM 50G,1,2022-04-27 11:00:51,0.92,101004.0,275.0,275.0,Polonnaruwa
510556,40086,FITS COOKING OIL 1L,6,2022-04-29 18:58:40,4.0,101089.0,1200.0,7200.0,Polonnaruwa
510557,40052,WIJAYA ROASTED CURRY POWDER 250G,6,2022-05-02 11:43:13,1.45,101011.0,435.0,2610.0,Gampaha
510558,40013,SPA CEYLON SLEEP BODY LOTION,4,2022-05-02 12:49:00,12.73,101216.0,3820.0,15280.0,Moneragala
510559,40005,WATAWALA TEA 400G,2,2022-05-02 16:28:10,2.83,101203.0,850.0,1700.0,Kandy
510560,40011,MALIBAN LEMON PUFF 200G,10,2022-05-03 20:56:27,0.73,101115.0,220.0,2200.0,Kurunegala
510561,40002,DILMAH EARL GREY TEA 50 BAGS,1,2022-05-05 12:28:05,3.1,101020.0,930.0,930.0,Kegalle
510562,40023,RATHTHI MILK POWDER 400G,8,2022-05-07 15:52:14,4.0,101081.0,1200.0,9600.0,Kurunegala
510563,40067,COLGATE TOOTHPASTE 120G,2,2022-05-08 19:15:37,0.87,101028.0,260.0,520.0,Matara
510564,40001,DILMAH CEYLON TEA 500G,5,2022-05-09 15:20:30,4.37,101054.0,1310.0,6550.0,Colombo
510565,40032,PRIMA STELLA NOODLES 400G,10,2022-05-10 10:11:30,1.02,101193.0,305.0,3050.0,Nuwara Eliya
510566,40076,CEYLON COLD STORES YOGHURT 80G,4,2022-05-10 10:17:10,0.33,101031.0,100.0,400.0,Gampaha
510567,40002,DILMAH EARL GREY TEA 50 BAGS,4,2022-05-13 14:40:13,3.1,101044.0,930.0,3720.0,Galle
510568,40021,ELEPHANT HOUSE VANILLA ICE CREAM 1L,1,2022-05-14 13:35:29,2.92,101192.0,875.0,875.0,Kegalle
510569,40002,DILMAH EARL GREY TEA 50 BAGS,8,2022-05-15 16:37:30,3.1,101059.0,930.0,7440.0,Nuwara Eliya
510570,40044,HAPPY COW CHEESE 120G,10,2022-05-17 13:34:12,3.1,,930.0,9300.0,Anuradhapura
510571,40023,RATHTHI MILK POWDER 400G,2,2022-05-18 11:58:49,4.0,,1200.0,2400.0,Gampaha
510572,40062,NESTOMALT 400G,3,2022-05-19 13:31:22,2.25,101056.0,675.0,2025.0,Kegalle
510573,40021,ELEPHANT HOUSE VANILLA ICE CREAM 1L,2,2022-05-20 08:58:03,2.92,101131.0,875.0,1750.0,Kalutara
510574,40033,HARISCHANDRA NOODLES 400G,3,2022-05-20 20:57:42,0.92,101157.0,275.0,825.0,Ampara
510575,40002,DILMAH EARL GREY TEA 50 BAGS,3,2022-05-24 10:41:01,3.1,101166.0,930.0,2790.0,Moneragala
510576,40032,PRIMA STELLA NOODLES 400G,2,2022-05-25 13:49:07,1.02,101029.0,305.0,610.0,Matara
510577,40002,DILMAH EARL GREY TEA 50 BAGS,15,2022-05-26 15:22:11,3.1,101051.0,930.0,13950.0,Hambantota
510578,40038,MOTHA FALUDA MIX 100G,2,2022-05-30 19:04:44,0.73,101095.0,220.0,440.0,Polonnaruwa
510579,40069,ANCHOR BUTTER 200G,6,2022-05-30 20:27:45,2.83,101161.0,850.0,5100.0,Gampaha
510580,40007,MUNCHEE CHOCOLATE BISCUIT 200G,8,2022-05-31 16:13:55,0.8,101219.0,240.0,1920.0,Matale
510581,40001,DILMAH CEYLON TEA 500G,6,2022-06-01 14:53:42,4.37,101152.0,1310.0,7860.0,Galle
510582,40042,MARINA COCONUT OIL 1L,1,2022-06-01 20:24:39,3.45,101148.0,1035.0,1035.0,Trincomalee
510583,40072,FUN FOODS MAYONNAISE 250G,2,2022-06-02 11:04:55,1.78,101151.0,535.0,1070.0,Hambantota
510584,40008,MUNCHEE LEMON PUFF 200G,3,2022-06-02 19:39:54,0.73,101129.0,220.0,660.0,Moneragala
510585,40007,MUNCHEE CHOCOLATE BISCUIT 200G,2,2022-06-06 10:12:50,0.8,101207.0,240.0,480.0,Ratnapura
510586,40089,KANDOS CHOCOLATE BAR 100G,3,2022-06-06 17:14:53,0.92,101079.0,275.0,825.0,Anuradhapura
510587,40029,KIST TOMATO KETCHUP 400G,3,2022-06-07 15:16:54,1.63,,490.0,1470.0,Matale
510588,40082,NECTO 1.5L,3,2022-06-07 15:59:11,1.27,101065.0,380.0,1140.0,Anuradhapura
510589,40058,DIVA WASHING POWDER 1KG,2,2022-06-15 14:04:26,2.37,101099.0,710.0,1420.0,Kandy
510590,40080,COCA-COLA 1.5L,8,2022-06-15 15:45:50,1.27,101030.0,380.0,3040.0,Galle
510591,40036,MAGGI COCONUT MILK POWDER 300G,3,2022-06-17 19:05:37,2.73,101001.0,820.0,2460.0,Colombo
510592,40005,WATAWALA TEA 400G,1,2022-06-18 10:42:08,2.83,101109.0,850.0,850.0,Anuradhapura
510593,40002,DILMAH EARL GREY TEA 50 BAGS,8,2022-06-20 19:52:59,3.1,,930.0,7440.0,Puttalam
510594,40006,MUNCHEE SUPER CREAM CRACKER 500G,5,2022-06-22 09:58:58,1.63,101043.0,490.0,2450.0,Gampaha
510595,40052,WIJAYA ROASTED CURRY POWDER 250G,4,2022-06-22 19:19:56,1.45,101021.0,435.0,1740.0,Colombo
510596,40009,MUNCHEE TIKIRI MARIE 80G,5,2022-06-23 15:27:39,0.25,,75.0,375.0,Matara
510597,40049,ROZA PASTA MACARONI 400G,4,2022-06-24 18:57:12,1.1,101043.0,330.0,1320.0,Ampara
510598,40061,VELVET BEAUTY SOAP 100G,5,2022-06-26 11:03:06,0.55,,165.0,825.0,Kurunegala
510599,40009,MUNCHEE TIKIRI MARIE 80G,8,2022-06-26 13:46:16,0.25,101070.0,75.0,600.0,Trincomalee
510600,40005,WATAWALA TEA 400G,12,2022-06-28 11:33:07,2.83,,850.0,10200.0,Ratnapura
510601,40002,DILMAH EARL GREY TEA 50 BAGS,4,2022-06-28 20:23:33,3.1,101143.0,930.0,3720.0,Batticaloa
510602,40002,DILMAH EARL GREY TEA 50 BAGS,8,2022-06-30 09:28:12,3.1,101039.0,930.0,7440.0,Gampaha
510603,40042,MARINA COCONUT OIL 1L,1,2022-06-30 10:49:30,3.45,101012.0,1035.0,1035.0,Colombo
510604,40012,MALIBAN CREAM CRACKER 500G,3,2022-06-30 13:48:31,1.53,101039.0,460.0,1380.0,Matara
510605,40027,KEELLS CHICKEN SAUSAGES 500G,3,2022-06-30 14:25:08,3.45,101095.0,1035.0,3105.0,Jaffna
510606,40072,FUN FOODS MAYONNAISE 250G,5,2022-07-01 15:32:42,1.78,101003.0,535.0,2675.0,Mullaitivu
510607,40003,DILMAH GREEN TEA 20 BAGS,5,2022-07-02 10:56:57,2.0,101008.0,600.0,3000.0,Ratnapura
510608,40029,KIST TOMATO KETCHUP 400G,1,2022-07-03 08:46:26,1.63,,490.0,490.0,Gampaha
510609,40092,ARALIYA COCONUT MILK POWDER 300G,4,2022-07-03 10:39:01,2.55,,765.0,3060.0,Colombo
510610,40007,MUNCHEE CHOCOLATE BISCUIT 200G,4,2022-07-03 19:17:33,0.8,101079.0,240.0,960.0,Hambantota
510611,40010,MALIBAN MARIE BISCUITS 400G,6,2022-07-04 11:39:44,1.27,101128.0,380.0,2280.0,Puttalam
510612,40017,MD MIXED FRUIT JAM 500G,5,2022-07-04 16:42:44,2.37,101134.0,710.0,3550.0,Batticaloa
510613,40058,DIVA WASHING POWDER 1KG,6,2022-07-04 17:59:52,2.37,,710.0,4260.0,Hambantota
510614,40054,PEARS BABY POWDER 100G,2,2022-07-08 17:03:45,0.92,101015.0,275.0,550.0,Gampaha
510615,40003,DILMAH GREEN TEA 20 BAGS,1,2022-07-10 19:49:19,2.0,101188.0,600.0,600.0,Kalutara
510616,40067,COLGATE TOOTHPASTE 120G,15,2022-07-12 09:58:49,0.87,,260.0,3900.0,Anuradhapura
510617,40087,CARGILLS MAGIC SAUSAGES 400G,8,2022-07-14 11:13:05,2.83,101180.0,850.0,6800.0,Badulla
510618,40029,KIST TOMATO KETCHUP 400G,2,2022-07-15 20:26:52,1.63,101212.0,490.0,980.0,Jaffna
510619,40058,DIVA WASHING POWDER 1KG,3,2022-07-16 11:56:34,2.37,101103.0,710.0,2130.0,Kalutara
510620,40062,NESTOMALT 400G,1,2022-07-17 19:02:40,2.25,101177.0,675.0,675.0,Kandy
510621,40005,WATAWALA TEA 400G,6,2022-07-17 20:29:55,2.83,101015.0,850.0,5100.0,Kalutara
510622,40043,ASTRA MARGARINE 250G,8,2022-07-18 16:32:37,1.45,101005.0,435.0,3480.0,Puttalam
510623,40061,VELVET BEAUTY SOAP 100G,12,2022-07-20 09:20:55,0.55,101033.0,165.0,1980.0,Colombo
510624,40041,BABY CHERAMY SOAP 90G,4,2022-07-20 09:27:51,0.52,,155.0,620.0,Ratnapura
510625,40002,DILMAH EARL GREY TEA 50 BAGS,4,2022-07-21 13:59:44,3.1,101079.0,930.0,3720.0,Badulla
510626,40068,CLOSE UP TOOTHPASTE 120G,5,2022-07-22 17:01:03,0.85,101025.0,255.0,1275.0,Puttalam
510627,40033,HARISCHANDRA NOODLES 400G,6,2022-07-25 08:09:53,0.92,101053.0,275.0,1650.0,Kandy
510628,40018,MD MANGO CHUTNEY 400G,5,2022-07-25 10:22:37,2.37,101125.0,710.0,3550.0,Kegalle
510629,40002,DILMAH EARL GREY TEA 50 BAGS,5,2022-07-26 11:21:38,3.1,101043.0,930.0,4650.0,Puttalam
510630,40042,MARINA COCONUT OIL 1L,8,2022-07-29 20:07:38,3.45,,1035.0,8280.0,Galle
510631,40082,NECTO 1.5L,1,2022-07-30 17:49:51,1.27,101095.0,380.0,380.0,Kurunegala
510632,40004,ZESTA TEA 400G,3,2022-07-31 12:56:05,3.82,101008.0,1145.0,3435.0,Vavuniya
510633,40001,DILMAH CEYLON TEA 500G,6,2022-08-02 13:31:43,4.37,,1310.0,7860.0,Colombo
510634,40046,MARMITE 100G,4,2022-08-02 17:25:52,2.73,101202.0,820.0,3280.0,Colombo
510635,40044,HAPPY COW CHEESE 120G,2,2022-08-03 16:22:26,3.1,,930.0,1860.0,Gampaha
510636,40020,ELEPHANT HOUSE CREAM SODA 1.5L,10,2022-08-09 13:10:15,1.45,101094.0,435.0,4350.0,Kegalle
510637,40012,MALIBAN CREAM CRACKER 500G,1,2022-08-10 08:12:19,1.53,101030.0,460.0,460.0,Gampaha
510638,40001,DILMAH CEYLON TEA 500G,12,2022-08-11 08:28:13,4.37,,1310.0,15720.0,Puttalam
510639,DELV,COURIER DELIVERY CHARGE,3,2022-08-15 20:19:39,3.0,101134.0,900.0,2700.0,Kandy
510640,40011,MALIBAN LEMON PUFF 200G,3,2022-08-16 16:36:12,0.73,101005.0,220.0,660.0,Colombo
510641,DELV,COURIER DELIVERY CHARGE,2,2022-08-17 11:23:53,3.0,101192.0,900.0,1800.0,Colombo
510642,40040,SIGNAL TOOTHPASTE 120G,5,2022-08-17 19:09:28,0.83,101011.0,250.0,1250.0,Puttalam
510643,40049,ROZA PASTA MACARONI 400G,3,2022-08-21 15:08:13,1.1,101146.0,330.0,990.0,Colombo
510644,40005,WATAWALA TEA 400G,6,2022-08-22 08:13:10,2.83,101102.0,850.0,5100.0,Colombo
510645,40014,SPA CEYLON HAND CREAM,1,2022-08-22 10:52:28,8.0,101118.0,2400.0,2400.0,Matara
510646,40055,LIFEBUOY SOAP 100G,2,2022-08-26 09:43:42,0.47,101006.0,140.0,280.0,Trincomalee
510647,40019,ELEPHANT HOUSE GINGER BEER 1.5L,3,2022-08-27 08:25:20,1.45,101030.0,435.0,1305.0,Gampaha
510648,40032,PRIMA STELLA NOODLES 400G,4,2022-08-28 11:01:45,1.02,101083.0,305.0,1220.0,Kurunegala
510649,40002,DILMAH EARL GREY TEA 50 BAGS,5,2022-08-28 15:16:14,3.1,101163.0,930.0,4650.0,Trincomalee
510650,40092,ARALIYA COCONUT MILK POWDER 300G,1,2022-08-28 18:30:11,2.55,101040.0,765.0,765.0,Ampara
510651,40006,MUNCHEE SUPER CREAM CRACKER 500G,3,2022-08-29 12:00:43,1.63,101057.0,490.0,1470.0,Kalutara
510652,40051,LANKA SOY CHICKEN FLAVOUR 90G,1,2022-08-29 14:59:58,0.43,101207.0,130.0,130.0,Kalutara
510653,40063,MILO 400G,3,2022-08-30 19:58:17,2.83,101106.0,850.0,2550.0,Kalutara
510654,40006,MUNCHEE SUPER CREAM CRACKER 500G,1,2022-08-31 14:16:36,1.63,101028.0,490.0,490.0,Matale
510655,40018,MD MANGO CHUTNEY 400G,2,2022-09-02 10:02:39,2.37,101165.0,710.0,1420.0,Batticaloa
510656,40068,CLOSE UP TOOTHPASTE 120G,2,2022-09-02 11:55:32,0.85,101009.0,255.0,510.0,Gampaha
510657,40034,HARISCHANDRA COFFEE 100G,15,2022-09-03 10:09:49,1.38,101191.0,415.0,6225.0,Galle
510658,40006,MUNCHEE SUPER CREAM CRACKER 500G,3,2022-09-03 12:05:02,1.63,101187.0,490.0,1470.0,Ratnapura
510659,40002,DILMAH EARL GREY TEA 50 BAGS,5,2022-09-06 09:48:12,3.1,101041.0,930.0,4650.0,Kalutara
510660,40005,WATAWALA TEA 400G,1,2022-09-06 15:55:19,2.83,101051.0,850.0,850.0,Gampaha
510661,40012,MALIBAN CREAM CRACKER 500G,10,2022-09-07 15:19:54,1.53,101212.0,460.0,4600.0,Kilinochchi
510662,40009,MUNCHEE TIKIRI MARIE 80G,2,2022-09-07 17:41:41,0.25,101127.0,75.0,150.0,Matara
510663,40002,DILMAH EARL GREY TEA 50 BAGS,5,2022-09-10 08:55:09,3.1,,930.0,4650.0,Gampaha
510664,40001,DILMAH CEYLON TEA 500G,6,2022-09-10 16:41:41,4.37,101077.0,1310.0,7860.0,Kurunegala
510665,40028,BAIRAHA CHICKEN 1KG,3,2022-09-13 18:56:08,5.28,101064.0,1585.0,4755.0,Colombo
510666,40017,MD MIXED FRUIT JAM 500G,6,2022-09-14 08:31:25,2.37,101063.0,710.0,4260.0,Colombo
510667,40018,MD MANGO CHUTNEY 400G,10,2022-09-14 16:33:17,2.37,101119.0,710.0,7100.0,Colombo
510668,40071,MA MA NOODLES 5 PACK,4,2022-09-15 10:52:53,1.45,,435.0,1740.0,Galle
510669,40012,MALIBAN CREAM CRACKER 500G,2,2022-09-15 17:45:04,1.53,,460.0,920.0,Hambantota
510670,40003,DILMAH GREEN TEA 20 BAGS,4,2022-09-16 13:10:14,2.0,101118.0,600.0,2400.0,Jaffna
510671,40001,DILMAH CEYLON TEA 500G,2,2022-09-18 17:40:28,4.37,101170.0,1310.0,2620.0,Anuradhapura
510672,40058,DIVA WASHING POWDER 1KG,6,2022-09-19 13:40:16,2.37,101089.0,710.0,4260.0,Gampaha
510673,40006,MUNCHEE SUPER CREAM CRACKER 500G,2,2022-09-20 19:22:23,1.63,,490.0,980.0,Matara
510674,40040,SIGNAL TOOTHPASTE 120G,2,2022-09-23 17:36:50,0.83,,250.0,500.0,Hambantota
510675,40002,DILMAH EARL GREY TEA 50 BAGS,3,2022-09-25 09:41:00,3.1,101158.0,930.0,2790.0,Gampaha
510676,40076,CEYLON COLD STORES YOGHURT 80G,8,2022-09-25 16:26:08,0.33,101121.0,100.0,800.0,Gampaha
510677,40013,SPA CEYLON SLEEP BODY LOTION,2,2022-09-27 19:19:47,12.73,,3820.0,7640.0,Kandy
510678,40009,MUNCHEE TIKIRI MARIE 80G,1,2022-10-02 11:59:10,0.25,101199.0,75.0,75.0,Kalutara
510679,40002,DILMAH EARL GREY TEA 50 BAGS,2,2022-10-02 19:22:24,3.1,101038.0,930.0,1860.0,Kurunegala
510680,40009,MUNCHEE TIKIRI MARIE 80G,1,2022-10-03 13:25:49,0.25,,75.0,75.0,Colombo
510681,40046,MARMITE 100G,5,2022-10-03 18:22:28,2.73,101041.0,820.0,4100.0,Kegalle
510682,40022,ANCHOR MILK POWDER 400G,5,2022-10-06 13:03:59,4.18,101059.0,1255.0,6275.0,Colombo
510683,40045,PANADOL 100 TABLETS,1,2022-10-08 20:36:08,1.63,101142.0,490.0,490.0,Kegalle
510684,40006,MUNCHEE SUPER CREAM CRACKER 500G,1,2022-10-09 11:46:15,1.63,,490.0,490.0,Badulla
510685,40001,DILMAH CEYLON TEA 500G,3,2022-10-09 12:57:06,4.37,101095.0,1310.0,3930.0,Puttalam
510686,40087,CARGILLS MAGIC SAUSAGES 400G,8,2022-10-09 15:16:53,2.83,101045.0,850.0,6800.0,Gampaha
510687,40001,DILMAH CEYLON TEA 500G,2,2022-10-11 14:01:43,4.37,,1310.0,2620.0,Galle
510688,40076,CEYLON COLD STORES YOGHURT 80G,5,2022-10-11 18:21:43,0.33,101067.0,100.0,500.0,Hambantota
510689,40003,DILMAH GREEN TEA 20 BAGS,2,2022-10-12 08:08:36,2.0,101061.0,600.0,1200.0,Kandy
510690,40038,MOTHA FALUDA MIX 100G,4,2022-10-12 14:54:32,0.73,,220.0,880.0,Kegalle
510691,40065,FAIR & LOVELY CREAM 50G,3,2022-10-15 18:07:57,1.17,101012.0,350.0,1050.0,Colombo
510692,40022,ANCHOR MILK POWDER 400G,1,2022-10-16 18:27:49,4.18,101094.0,1255.0,1255.0,Kalutara
510693,40044,HAPPY COW CHEESE 120G,1,2022-10-19 19:58:38,3.1,101125.0,930.0,930.0,Ratnapura
510694,40087,CARGILLS MAGIC SAUSAGES 400G,4,2022-10-21 20:43:55,2.83,,850.0,3400.0,Galle
510695,40011,MALIBAN LEMON PUFF 200G,2,2022-10-24 13:55:51,0.73,101199.0,220.0,440.0,Kalutara
510696,40075,RANMUTHU RICE 5KG,5,2022-10-26 12:05:50,5.47,101126.0,1640.0,8200.0,Kalutara
510697,40077,PILAWOOS FALOODA MIX 200G,4,2022-10-28 12:12:27,1.27,101064.0,380.0,1520.0,Colombo
510698,40004,ZESTA TEA 400G,5,2022-10-28 15:25:37,3.82,101004.0,1145.0,5725.0,Ratnapura
510699,40010,MALIBAN MARIE BISCUITS 400G,5,2022-10-28 16:20:21,1.27,101159.0,380.0,1900.0,Colombo
510700,40009,MUNCHEE TIKIRI MARIE 80G,12,2022-10-28 18:56:32,0.25,,75.0,900.0,Puttalam
510701,40072,FUN FOODS MAYONNAISE 250G,1,2022-10-29 20:17:32,1.78,101200.0,535.0,535.0,Gampaha
510702,40032,PRIMA STELLA NOODLES 400G,3,2022-10-30 16:05:54,1.02,101028.0,305.0,915.0,Colombo
510703,40048,EDINBOROUGH SOY SAUCE 400ML,2,2022-11-01 15:32:12,1.27,101128.0,380.0,760.0,Galle
510704,40001,DILMAH CEYLON TEA 500G,12,2022-11-02 17:28:46,4.37,,1310.0,15720.0,Kandy
510705,40001,DILMAH CEYLON TEA 500G,1,2022-11-03 12:40:07,4.37,101093.0,1310.0,1310.0,Colombo
510706,40059,SURF EXCEL 1KG,8,2022-11-03 19:30:13,3.1,101107.0,930.0,7440.0,Hambantota
510707,40042,MARINA COCONUT OIL 1L,5,2022-11-04 20:30:07,3.45,101168.0,1035.0,5175.0,Kalutara
510708,40022,ANCHOR MILK POWDER 400G,2,2022-11-08 16:31:54,4.18,101020.0,1255.0,2510.0,Puttalam
510709,40038,MOTHA FALUDA MIX 100G,12,2022-11-09 11:08:16,0.73,101147.0,220.0,2640.0,Polonnaruwa
510710,40053,WIJAYA CHILLI POWDER 250G,4,2022-11-09 13:16:15,1.63,101007.0,490.0,1960.0,Kandy
510711,40001,DILMAH CEYLON TEA 500G,5,2022-11-11 13:00:44,4.37,101008.0,1310.0,6550.0,Kurunegala
510712,40038,MOTHA FALUDA MIX 100G,1,2022-11-11 14:37:16,0.73,101025.0,220.0,220.0,Batticaloa
510713,40081,SPRITE 1.5L,3,2022-11-14 09:40:20,1.27,101058.0,380.0,1140.0,Polonnaruwa
510714,40040,SIGNAL TOOTHPASTE 120G,6,2022-11-15 17:35:45,0.83,101198.0,250.0,1500.0,Kalutara
510715,40040,SIGNAL TOOTHPASTE 120G,1,2022-11-17 12:32:06,0.83,,250.0,250.0,Gampaha
510716,40001,DILMAH CEYLON TEA 500G,4,2022-11-22 20:36:37,4.37,101081.0,1310.0,5240.0,Nuwara Eliya
510717,40059,SURF EXCEL 1KG,1,2022-11-24 17:27:01,3.1,101091.0,930.0,930.0,Gampaha
510718,40002,DILMAH EARL GREY TEA 50 BAGS,5,2022-11-25 11:26:00,3.1,101068.0,930.0,4650.0,Trincomalee
510719,40003,DILMAH GREEN TEA 20 BAGS,2,2022-11-25 13:41:52,2.0,101009.0,600.0,1200.0,Gampaha
510720,40017,MD MIXED FRUIT JAM 500G,2,2022-11-26 08:25:14,2.37,101001.0,710.0,1420.0,Kandy
510721,40001,DILMAH CEYLON TEA 500G,10,2022-11-26 16:13:26,4.37,101197.0,1310.0,13100.0,Hambantota
510722,40032,PRIMA STELLA NOODLES 400G,2,2022-11-26 19:05:24,1.02,101035.0,305.0,610.0,Matara
510723,40032,PRIMA STELLA NOODLES 400G,2,2022-11-26 20:34:48,1.02,101091.0,305.0,610.0,Colombo
510724,40005,WATAWALA TEA 400G,5,2022-11-27 20:55:33,2.83,,850.0,4250.0,Jaffna
510725,40015,SIDDHALEPA BALM 50G,3,2022-11-30 20:20:24,0.92,101060.0,275.0,825.0,Kandy
510726,40077,PILAWOOS FALOODA MIX 200G,2,2022-12-01 08:27:31,1.27,,380.0,760.0,Colombo
510727,40086,FITS COOKING OIL 1L,4,2022-12-02 12:33:12,4.0,101154.0,1200.0,4800.0,Galle
510728,40006,MUNCHEE SUPER CREAM CRACKER 500G,5,2022-12-02 17:00:29,1.63,101219.0,490.0,2450.0,Colombo
510729,40070,NESPRAY MILK POWDER 400G,3,2022-12-02 19:09:45,4.3,101009.0,1290.0,3870.0,Gampaha
510730,40052,WIJAYA ROASTED CURRY POWDER 250G,1,2022-12-05 16:53:49,1.45,101050.0,435.0,435.0,Hambantota
510731,40011,MALIBAN LEMON PUFF 200G,2,2022-12-07 10:23:36,0.73,101157.0,220.0,440.0,Gampaha
510732,40064,HORLICKS 500G,10,2022-12-10 11:21:46,3.45,101210.0,1035.0,10350.0,Kurunegala
510733,40021,ELEPHANT HOUSE VANILLA ICE CREAM 1L,10,2022-12-12 11:04:04,2.92,101050.0,875.0,8750.0,Kegalle
510734,40010,MALIBAN MARIE BISCUITS 400G,4,2022-12-12 12:37:52,1.27,101064.0,380.0,1520.0,Galle
510735,40035,CBL SAMAPOSHA 200G,1,2022-12-12 18:27:07,0.65,101002.0,195.0,195.0,Anuradhapura
510736,40034,HARISCHANDRA COFFEE 100G,1,2022-12-14 18:14:28,1.38,101147.0,415.0,415.0,Kandy
510737,40004,ZESTA TEA 400G,10,2022-12-15 08:38:44,3.82,101130.0,1145.0,11450.0,Batticaloa
510738,40003,DILMAH GREEN TEA 20 BAGS,4,2022-12-15 18:50:42,2.0,101181.0,600.0,2400.0,Badulla
510739,40001,DILMAH CEYLON TEA 500G,3,2022-12-16 08:42:09,4.37,101064.0,1310.0,3930.0,Kalutara
510740,40001,DILMAH CEYLON TEA 500G,2,2022-12-19 10:14:26,4.37,101158.0,1310.0,2620.0,Kurunegala
510741,40002,DILMAH EARL GREY TEA 50 BAGS,6,2022-12-20 13:27:51,3.1,101066.0,930.0,5580.0,Ratnapura
510742,40036,MAGGI COCONUT MILK POWDER 300G,20,2022-12-21 10:48:03,2.73,,820.0,16400.0,Colombo
510743,40002,DILMAH EARL GREY TEA 50 BAGS,10,2022-12-22 10:46:23,3.1,101027.0,930.0,9300.0,Puttalam
510744,40010,MALIBAN MARIE BISCUITS 400G,3,2022-12-22 10:57:03,1.27,101198.0,380.0,1140.0,Kalutara
510745,40006,MUNCHEE SUPER CREAM CRACKER 500G,6,2022-12-22 17:01:10,1.63,101090.0,490.0,2940.0,Colombo
510746,40011,MALIBAN LEMON PUFF 200G,1,2022-12-23 09:31:50,0.73,101051.0,220.0,220.0,Nuwara Eliya
510747,40083,BOGAWANTALAWA TEA 400G,2,2022-12-23 12:07:42,3.28,,985.0,1970.0,Colombo
510748,40006,MUNCHEE SUPER CREAM CRACKER 500G,1,2022-12-28 11:54:34,1.63,101015.0,490.0,490.0,Kalutara
510749,40035,CBL SAMAPOSHA 200G,2,2022-12-28 20:27:00,0.65,101079.0,195.0,390.0,Ratnapura
510750,40002,DILMAH EARL GREY TEA 50 BAGS,8,2022-12-30 10:39:24,3.1,,930.0,7440.0,Kegalle
510751,40038,MOTHA FALUDA MIX 100G,2,2022-12-30 12:10:42,0.73,101067.0,220.0,440.0,Gampaha
510752,40045,PANADOL 100 TABLETS,3,2022-12-30 19:42:23,1.63,101106.0,490.0,1470.0,Colombo
510753,40008,MUNCHEE LEMON PUFF 200G,2,2022-12-31 10:22:02,0.73,101018.0,220.0,440.0,Kalutara
510754,40061,VELVET BEAUTY SOAP 100G,3,2022-12-31 14:15:47,0.55,101135.0,165.0,495.0,Badulla
510755,DELV,COURIER DELIVERY CHARGE,2,2023-01-01 08:03:38,3.0,101184.0,945.0,1890.0,Kalutara
510756,40045,PANADOL 100 TABLETS,8,2023-01-03 13:40:24,1.63,101102.0,515.0,4120.0,Jaffna
510757,40058,DIVA WASHING POWDER 1KG,8,2023-01-08 18:29:41,2.35,101109.0,740.0,5920.0,Kegalle
510758,40004,ZESTA TEA 400G,6,2023-01-09 08:08:46,3.81,,1200.0,7200.0,Kandy
510759,40033,HARISCHANDRA NOODLES 400G,5,2023-01-09 13:48:34,0.9,101026.0,285.0,1425.0,Kalutara
510760,40063,MILO 400G,2,2023-01-12 10:34:11,2.83,101153.0,890.0,1780.0,Mannar
510761,40005,WATAWALA TEA 400G,3,2023-01-12 17:36:36,2.83,101190.0,890.0,2670.0,Ratnapura
510762,40033,HARISCHANDRA NOODLES 400G,3,2023-01-14 17:11:37,0.9,101001.0,285.0,855.0,Colombo
510763,40043,ASTRA MARGARINE 250G,1,2023-01-19 14:24:28,1.44,101015.0,455.0,455.0,Hambantota
510764,40037,MOTHA STRAWBERRY JELLY 100G,3,2023-01-21 08:52:42,0.43,101110.0,135.0,405.0,Hambantota
510765,40061,VELVET BEAUTY SOAP 100G,5,2023-01-21 16:02:40,0.54,,170.0,850.0,Galle
510766,40046,MARMITE 100G,1,2023-01-22 14:17:14,2.71,101062.0,855.0,855.0,Gampaha
510767,40001,DILMAH CEYLON TEA 500G,3,2023-01-22 16:56:22,4.35,101116.0,1370.0,4110.0,Colombo
510768,40002,DILMAH EARL GREY TEA 50 BAGS,8,2023-01-22 19:17:08,3.08,101043.0,970.0,7760.0,Gampaha
510769,40009,MUNCHEE TIKIRI MARIE 80G,15,2023-01-24 20:42:56,0.25,,80.0,1200.0,Batticaloa
510770,40010,MALIBAN MARIE BISCUITS 400G,1,2023-01-25 12:30:20,1.27,101185.0,400.0,400.0,Kegalle
510771,40015,SIDDHALEPA BALM 50G,4,2023-01-26 12:36:28,0.9,101209.0,285.0,1140.0,Gampaha
510772,40008,MUNCHEE LEMON PUFF 200G,1,2023-01-26 18:47:28,0.73,101106.0,230.0,230.0,Jaffna
510773,40007,MUNCHEE CHOCOLATE BISCUIT 200G,4,2023-01-26 20:58:15,0.79,101135.0,250.0,1000.0,Colombo
510774,40005,WATAWALA TEA 400G,6,2023-01-27 10:15:32,2.83,,890.0,5340.0,Polonnaruwa
510775,40025,KOTMALE FRESH MILK 1L,3,2023-01-28 10:41:27,1.63,101039.0,515.0,1545.0,Gampaha
510776,40019,ELEPHANT HOUSE GINGER BEER 1.5L,4,2023-01-28 11:07:11,1.44,101099.0,455.0,1820.0,Badulla
510777,40002,DILMAH EARL GREY TEA 50 BAGS,6,2023-01-31 15:18:50,3.08,101166.0,970.0,5820.0,Ratnapura
C510778,40020,ELEPHANT HOUSE CREAM SODA 1.5L,-1,2023-02-01 11:06:59,1.44,,455.0,-455.0,Kandy
510779,40029,KIST TOMATO KETCHUP 400G,1,2023-02-02 08:06:05,1.63,,515.0,515.0,Gampaha
510780,40012,MALIBAN CREAM CRACKER 500G,4,2023-02-04 10:13:42,1.52,101008.0,480.0,1920.0,Hambantota
510781,40048,EDINBOROUGH SOY SAUCE 400ML,2,2023-02-06 19:22:10,1.27,101030.0,400.0,800.0,Badulla
510782,40071,MA MA NOODLES 5 PACK,1,2023-02-07 12:56:06,1.44,101051.0,455.0,455.0,Kegalle
510783,40020,ELEPHANT HOUSE CREAM SODA 1.5L,1,2023-02-07 16:42:29,1.44,101218.0,455.0,455.0,Moneragala
510784,40066,PONDS TALCUM POWDER 100G,5,2023-02-10 08:54:01,1.38,101096.0,435.0,2175.0,Kegalle
510785,40066,PONDS TALCUM POWDER 100G,2,2023-02-12 09:51:13,1.38,101049.0,435.0,870.0,Kegalle
510786,40043,ASTRA MARGARINE 250G,1,2023-02-12 10:37:55,1.44,101001.0,455.0,455.0,Kegalle
510787,40069,ANCHOR BUTTER 200G,1,2023-02-12 16:52:55,2.83,101167.0,890.0,890.0,Matara
510788,40041,BABY CHERAMY SOAP 90G,5,2023-02-13 17:19:07,0.51,101018.0,160.0,800.0,Kalutara
510789,40011,MALIBAN LEMON PUFF 200G,2,2023-02-14 14:19:04,0.73,101122.0,230.0,460.0,Hambantota
510790,40034,HARISCHANDRA COFFEE 100G,5,2023-02-15 11:31:27,1.38,101012.0,435.0,2175.0,Colombo
510791,40084,AKBAR TEA 400G,3,2023-02-15 13:26:46,2.54,,800.0,2400.0,Mannar
C510792,40011,MALIBAN LEMON PUFF 200G,-2,2023-02-15 18:38:29,0.73,101049.0,230.0,-460.0,Kalutara
510793,40074,ARALIYA WHITE RICE 5KG,1,2023-02-16 09:12:47,5.25,101021.0,1655.0,1655.0,Kandy
510794,40001,DILMAH CEYLON TEA 500G,8,2023-02-16 14:50:16,4.35,101160.0,1370.0,10960.0,Kandy
510795,40001,DILMAH CEYLON TEA 500G,5,2023-02-17 17:13:12,4.35,101165.0,1370.0,6850.0,Ratnapura
510796,40005,WATAWALA TEA 400G,2,2023-02-18 08:12:24,2.83,101028.0,890.0,1780.0,Puttalam
510797,40081,SPRITE 1.5L,5,2023-02-19 09:54:57,1.27,,400.0,2000.0,Ratnapura
510798,40036,MAGGI COCONUT MILK POWDER 300G,1,2023-02-19 18:00:26,2.71,101104.0,855.0,855.0,Trincomalee
510799,40012,MALIBAN CREAM CRACKER 500G,5,2023-02-23 11:19:32,1.52,101011.0,480.0,2400.0,Kegalle
510800,40004,ZESTA TEA 400G,12,2023-02-24 08:56:20,3.81,101080.0,1200.0,14400.0,Matale
510801,40061,VELVET BEAUTY SOAP 100G,10,2023-02-24 10:19:49,0.54,101034.0,170.0,1700.0,Galle
510802,40079,CEYLON TOBACCO (CIGARETTES PACK),6,2023-02-25 09:35:53,4.35,101154.0,1370.0,8220.0,Moneragala
510803,40009,MUNCHEE TIKIRI MARIE 80G,2,2023-02-25 19:59:02,0.25,101152.0,80.0,160.0,Badulla
510804,40064,HORLICKS 500G,3,2023-02-27 11:37:42,3.44,101050.0,1085.0,3255.0,Hambantota
510805,40001,DILMAH CEYLON TEA 500G,2,2023-02-27 12:52:42,4.35,101037.0,1370.0,2740.0,Colombo
510806,40004,ZESTA TEA 400G,3,2023-02-27 15:50:48,3.81,101018.0,1200.0,3600.0,Jaffna
510807,40004,ZESTA TEA 400G,3,2023-02-28 11:30:33,3.81,101036.0,1200.0,3600.0,Anuradhapura
510808,40001,DILMAH CEYLON TEA 500G,6,2023-03-02 11:59:04,4.35,101052.0,1370.0,8220.0,Jaffna
510809,40008,MUNCHEE LEMON PUFF 200G,1,2023-03-02 18:56:06,0.73,101109.0,230.0,230.0,Moneragala
510810,40005,WATAWALA TEA 400G,4,2023-03-02 19:17:51,2.83,101093.0,890.0,3560.0,Colombo
510811,40039,CLOGARD TOOTHPASTE 120G,3,2023-03-03 16:09:36,0.79,101088.0,250.0,750.0,Kalutara
510812,40010,MALIBAN MARIE BISCUITS 400G,1,2023-03-06 08:10:32,1.27,101026.0,400.0,400.0,Vavuniya
510813,40029,KIST TOMATO KETCHUP 400G,8,2023-03-06 14:57:59,1.63,101054.0,515.0,4120.0,Gampaha
510814,40015,SIDDHALEPA BALM 50G,5,2023-03-08 20:08:01,0.9,101145.0,285.0,1425.0,Kegalle
510815,40042,MARINA COCONUT OIL 1L,1,2023-03-09 15:53:16,3.44,,1085.0,1085.0,Colombo
510816,40042,MARINA COCONUT OIL 1L,5,2023-03-09 19:24:14,3.44,101198.0,1085.0,5425.0,Jaffna
510817,40043,ASTRA MARGARINE 250G,6,2023-03-15 10:17:17,1.44,101024.0,455.0,2730.0,Jaffna
510818,40024,HIGHLAND MILK 1L,1,2023-03-16 17:53:45,1.44,,455.0,455.0,Matale
510819,40009,MUNCHEE TIKIRI MARIE 80G,4,2023-03-17 19:08:17,0.25,101070.0,80.0,320.0,Gampaha
510820,40039,CLOGARD TOOTHPASTE 120G,2,2023-03-17 19:08:21,0.79,101208.0,250.0,500.0,Ampara
510821,40002,DILMAH EARL GREY TEA 50 BAGS,3,2023-03-21 14:14:53,3.08,,970.0,2910.0,Ratnapura
510822,40037,MOTHA STRAWBERRY JELLY 100G,4,2023-03-23 12:58:08,0.43,101102.0,135.0,540.0,Hambantota
C510823,40003,DILMAH GREEN TEA 20 BAGS,-1,2023-03-23 20:24:52,2.0,101050.0,630.0,-630.0,Hambantota
510824,40051,LANKA SOY CHICKEN FLAVOUR 90G,1,2023-03-24 11:23:19,0.43,,135.0,135.0,Kurunegala
510825,40024,HIGHLAND MILK 1L,2,2023-03-24 12:58:37,1.44,101127.0,455.0,910.0,Jaffna
510826,40003,DILMAH GREEN TEA 20 BAGS,8,2023-03-25 19:48:00,2.0,101079.0,630.0,5040.0,Gampaha
510827,40081,SPRITE 1.5L,6,2023-03-26 17:49:49,1.27,101206.0,400.0,2400.0,Vavuniya
510828,40046,MARMITE 100G,1,2023-03-29 19:21:52,2.71,101167.0,855.0,855.0,Polonnaruwa
510829,40040,SIGNAL TOOTHPASTE 120G,4,2023-03-31 16:08:04,0.83,101158.0,260.0,1040.0,Hambantota
510830,40019,ELEPHANT HOUSE GINGER BEER 1.5L,3,2023-03-31 16:24:12,1.44,101141.0,455.0,1365.0,Badulla
510831,40088,CARGILLS FRESH EGGS (10),5,2023-04-01 12:30:47,1.27,101068.0,400.0,2000.0,Anuradhapura
510832,40012,MALIBAN CREAM CRACKER 500G,4,2023-04-01 13:50:50,1.52,101095.0,480.0,1920.0,Polonnaruwa
510833,40032,PRIMA STELLA NOODLES 400G,1,2023-04-01 19:32:17,1.02,101002.0,320.0,320.0,Kalutara
510834,40046,MARMITE 100G,3,2023-04-04 17:21:11,2.71,101200.0,855.0,2565.0,Ratnapura
510835,40011,MALIBAN LEMON PUFF 200G,3,2023-04-07 14:22:52,0.73,101102.0,230.0,690.0,Colombo
510836,40058,DIVA WASHING POWDER 1KG,10,2023-04-08 15:38:57,2.35,101045.0,740.0,7400.0,Batticaloa
510837,40059,SURF EXCEL 1KG,1,2023-04-10 12:03:30,3.08,101213.0,970.0,970.0,Kurunegala
510838,40004,ZESTA TEA 400G,3,2023-04-13 15:20:29,3.81,101103.0,1200.0,3600.0,Kalutara
510839,40004,ZESTA TEA 400G,3,2023-04-14 18:30:56,3.81,101028.0,1200.0,3600.0,Ratnapura
510840,40043,ASTRA MARGARINE 250G,12,2023-04-17 14:25:29,1.44,101099.0,455.0,5460.0,Trincomalee
510841,40066,PONDS TALCUM POWDER 100G,5,2023-04-21 10:55:20,1.38,101195.0,435.0,2175.0,Colombo
510842,40003,DILMAH GREEN TEA 20 BAGS,6,2023-04-21 13:52:37,2.0,101050.0,630.0,3780.0,Batticaloa
510843,40062,NESTOMALT 400G,1,2023-04-25 12:32:52,2.25,101215.0,710.0,710.0,Kalutara
510844,40004,ZESTA TEA 400G,10,2023-04-25 15:32:46,3.81,101070.0,1200.0,12000.0,Mullaitivu
510845,40002,DILMAH EARL GREY TEA 50 BAGS,2,2023-04-25 20:24:28,3.08,101003.0,970.0,1940.0,Gampaha
510846,40081,SPRITE 1.5L,2,2023-04-27 09:35:31,1.27,,400.0,800.0,Jaffna
510847,40027,KEELLS CHICKEN SAUSAGES 500G,5,2023-04-30 13:21:44,3.44,,1085.0,5425.0,Ratnapura
510848,40076,CEYLON COLD STORES YOGHURT 80G,12,2023-05-01 08:58:26,0.33,101173.0,105.0,1260.0,Kalutara
510849,40051,LANKA SOY CHICKEN FLAVOUR 90G,2,2023-05-03 11:49:37,0.43,101014.0,135.0,270.0,Gampaha
510850,40003,DILMAH GREEN TEA 20 BAGS,15,2023-05-05 10:35:19,2.0,101105.0,630.0,9450.0,Moneragala
510851,40007,MUNCHEE CHOCOLATE BISCUIT 200G,4,2023-05-05 18:19:25,0.79,101024.0,250.0,1000.0,Kandy
510852,40002,DILMAH EARL GREY TEA 50 BAGS,3,2023-05-06 19:40:49,3.08,101045.0,970.0,2910.0,Polonnaruwa
510853,40038,MOTHA FALUDA MIX 100G,3,2023-05-08 16:59:05,0.73,101155.0,230.0,690.0,Kandy
510854,40073,DELMEGE BASMATI RICE 5KG,15,2023-05-09 10:51:45,7.6,101008.0,2395.0,35925.0,Batticaloa
510855,40084,AKBAR TEA 400G,8,2023-05-13 08:44:33,2.54,101006.0,800.0,6400.0,Puttalam
510856,40003,DILMAH GREEN TEA 20 BAGS,6,2023-05-13 11:05:36,2.0,,630.0,3780.0,Colombo
510857,40036,MAGGI COCONUT MILK POWDER 300G,15,2023-05-20 13:45:40,2.71,101009.0,855.0,12825.0,Nuwara Eliya
510858,40021,ELEPHANT HOUSE VANILLA ICE CREAM 1L,1,2023-05-20 19:30:38,2.9,101050.0,915.0,915.0,Kandy
510859,40001,DILMAH CEYLON TEA 500G,3,2023-05-21 08:59:40,4.35,101029.0,1370.0,4110.0,Batticaloa
510860,40001,DILMAH CEYLON TEA 500G,3,2023-05-21 11:14:38,4.35,101133.0,1370.0,4110.0,Jaffna
510861,40008,MUNCHEE LEMON PUFF 200G,6,2023-05-21 15:47:15,0.73,101072.0,230.0,1380.0,Colombo
510862,40001,DILMAH CEYLON TEA 500G,3,2023-05-25 10:46:10,4.35,101102.0,1370.0,4110.0,Kalutara
510863,40037,MOTHA STRAWBERRY JELLY 100G,20,2023-05-27 20:12:21,0.43,101138.0,135.0,2700.0,Jaffna
510864,40085,RANFAT COOKING OIL 1L,1,2023-05-27 20:24:41,4.16,,1310.0,1310.0,Jaffna
510865,40085,RANFAT COOKING OIL 1L,10,2023-05-28 13:30:47,4.16,101079.0,1310.0,13100.0,Badulla
510866,40020,ELEPHANT HOUSE CREAM SODA 1.5L,4,2023-05-28 13:56:37,1.44,101050.0,455.0,1820.0,Kegalle
510867,40012,MALIBAN CREAM CRACKER 500G,2,2023-05-28 16:54:47,1.52,,480.0,960.0,Kalutara
510868,40032,PRIMA STELLA NOODLES 400G,3,2023-05-29 15:08:32,1.02,101072.0,320.0,960.0,Kandy
510869,40003,DILMAH GREEN TEA 20 BAGS,5,2023-05-30 16:00:25,2.0,101214.0,630.0,3150.0,Kalutara
510870,40007,MUNCHEE CHOCOLATE BISCUIT 200G,5,2023-05-31 19:01:31,0.79,101158.0,250.0,1250.0,Badulla
510871,40012,MALIBAN CREAM CRACKER 500G,8,2023-06-04 20:15:22,1.52,101026.0,480.0,3840.0,Gampaha
510872,40025,KOTMALE FRESH MILK 1L,3,2023-06-06 11:16:57,1.63,101113.0,515.0,1545.0,Kegalle
510873,40028,BAIRAHA CHICKEN 1KG,6,2023-06-06 15:22:44,5.25,101050.0,1655.0,9930.0,Anuradhapura
510874,40053,WIJAYA CHILLI POWDER 250G,6,2023-06-06 20:55:58,1.63,101112.0,515.0,3090.0,Matara
510875,40025,KOTMALE FRESH MILK 1L,4,2023-06-10 12:28:27,1.63,101096.0,515.0,2060.0,Gampaha
510876,40006,MUNCHEE SUPER CREAM CRACKER 500G,2,2023-06-10 18:45:15,1.63,101034.0,515.0,1030.0,Gampaha
510877,40022,ANCHOR MILK POWDER 400G,1,2023-06-11 08:33:31,4.16,,1310.0,1310.0,Ratnapura
510878,40050,RANCRISP CASHEWS 50G,6,2023-06-11 11:14:46,1.27,101006.0,400.0,2400.0,Galle
510879,40027,KEELLS CHICKEN SAUSAGES 500G,3,2023-06-11 18:29:00,3.44,101001.0,1085.0,3255.0,Kilinochchi
510880,40002,DILMAH EARL GREY TEA 50 BAGS,4,2023-06-12 08:39:59,3.08,101017.0,970.0,3880.0,Ampara
510881,40034,HARISCHANDRA COFFEE 100G,5,2023-06-12 10:31:01,1.38,,435.0,2175.0,Polonnaruwa
510882,40017,MD MIXED FRUIT JAM 500G,6,2023-06-12 18:39:19,2.35,101050.0,740.0,4440.0,Colombo
510883,40001,DILMAH CEYLON TEA 500G,1,2023-06-12 20:20:27,4.35,101063.0,1370.0,1370.0,Hambantota
510884,40090,RITZBURY CHOCOLATE BAR 100G,2,2023-06-21 13:26:48,0.94,101013.0,295.0,590.0,Vavuniya
510885,40091,USWATTE SPICES MIXED CURRY POWDER 100G,4,2023-06-21 16:34:12,0.79,,250.0,1000.0,Ratnapura
510886,40026,KITHUL TREACLE 750ML,8,2023-06-23 15:02:23,6.52,101123.0,2055.0,16440.0,Colombo
510887,40001,DILMAH CEYLON TEA 500G,1,2023-06-24 12:54:21,4.35,101043.0,1370.0,1370.0,Colombo
510888,40001,DILMAH CEYLON TEA 500G,12,2023-06-25 10:53:17,4.35,101159.0,1370.0,16440.0,Matara
510889,40033,HARISCHANDRA NOODLES 400G,2,2023-06-25 17:54:28,0.9,101015.0,285.0,570.0,Vavuniya
C510890,40038,MOTHA FALUDA MIX 100G,-1,2023-06-28 19:44:32,0.73,101071.0,230.0,-230.0,Gampaha
510891,40003,DILMAH GREEN TEA 20 BAGS,4,2023-06-30 10:24:04,2.0,101211.0,630.0,2520.0,Trincomalee
510892,40017,MD MIXED FRUIT JAM 500G,1,2023-07-01 09:46:50,2.35,,740.0,740.0,Batticaloa
510893,40038,MOTHA FALUDA MIX 100G,6,2023-07-01 12:28:46,0.73,101123.0,230.0,1380.0,Batticaloa
510894,40017,MD MIXED FRUIT JAM 500G,10,2023-07-02 11:59:17,2.35,101095.0,740.0,7400.0,Ratnapura
510895,40014,SPA CEYLON HAND CREAM,4,2023-07-05 13:02:20,7.97,101066.0,2510.0,10040.0,Ratnapura
510896,40001,DILMAH CEYLON TEA 500G,3,2023-07-07 14:07:24,4.35,101015.0,1370.0,4110.0,Kurunegala
510897,40031,PRIMA KOTTU MEE CUP,4,2023-07-08 17:23:43,0.54,101046.0,170.0,680.0,Kandy
510898,40044,HAPPY COW CHEESE 120G,1,2023-07-10 13:46:34,3.08,101208.0,970.0,970.0,Gampaha
510899,40005,WATAWALA TEA 400G,3,2023-07-15 08:50:26,2.83,101140.0,890.0,2670.0,Badulla
510900,40007,MUNCHEE CHOCOLATE BISCUIT 200G,6,2023-07-15 12:57:34,0.79,101093.0,250.0,1500.0,Colombo
510901,40026,KITHUL TREACLE 750ML,2,2023-07-16 11:26:18,6.52,101009.0,2055.0,4110.0,Anuradhapura
510902,40080,COCA-COLA 1.5L,8,2023-07-16 15:36:01,1.27,101163.0,400.0,3200.0,Polonnaruwa
510903,40024,HIGHLAND MILK 1L,2,2023-07-19 18:58:02,1.44,,455.0,910.0,Polonnaruwa
510904,40011,MALIBAN LEMON PUFF 200G,2,2023-07-20 17:09:42,0.73,101030.0,230.0,460.0,Kegalle
510905,40047,PELWATTE BUTTER 200G,1,2023-07-21 19:02:56,2.71,,855.0,855.0,Kandy
510906,40024,HIGHLAND MILK 1L,6,2023-07-25 09:51:39,1.44,101159.0,455.0,2730.0,Mullaitivu
510907,40038,MOTHA FALUDA MIX 100G,1,2023-07-26 10:31:56,0.73,101104.0,230.0,230.0,Jaffna
510908,40003,DILMAH GREEN TEA 20 BAGS,10,2023-07-26 17:00:13,2.0,101020.0,630.0,6300.0,Jaffna
510909,40006,MUNCHEE SUPER CREAM CRACKER 500G,12,2023-07-30 15:52:07,1.63,101079.0,515.0,6180.0,Colombo
510910,40022,ANCHOR MILK POWDER 400G,8,2023-07-31 19:51:54,4.16,101028.0,1310.0,10480.0,Colombo
510911,40008,MUNCHEE LEMON PUFF 200G,2,2023-07-31 20:36:44,0.73,,230.0,460.0,Kalutara
510912,40003,DILMAH GREEN TEA 20 BAGS,5,2023-08-02 11:52:36,2.0,101074.0,630.0,3150.0,Anuradhapura
510913,40012,MALIBAN CREAM CRACKER 500G,2,2023-08-02 14:36:03,1.52,,480.0,960.0,Kandy
510914,40027,KEELLS CHICKEN SAUSAGES 500G,1,2023-08-03 13:16:37,3.44,101033.0,1085.0,1085.0,Jaffna
510915,DELV,COURIER DELIVERY CHARGE,2,2023-08-04 19:20:41,3.0,101037.0,945.0,1890.0,Badulla
510916,40018,MD MANGO CHUTNEY 400G,4,2023-08-05 15:47:10,2.35,101139.0,740.0,2960.0,Colombo
510917,40084,AKBAR TEA 400G,2,2023-08-08 11:52:13,2.54,,800.0,1600.0,Kilinochchi
510918,40044,HAPPY COW CHEESE 120G,12,2023-08-09 10:57:49,3.08,101097.0,970.0,11640.0,Gampaha
510919,40009,MUNCHEE TIKIRI MARIE 80G,5,2023-08-11 18:58:22,0.25,101013.0,80.0,400.0,Anuradhapura
510920,40002,DILMAH EARL GREY TEA 50 BAGS,8,2023-08-12 14:22:39,3.08,101148.0,970.0,7760.0,Hambantota
510921,40009,MUNCHEE TIKIRI MARIE 80G,1,2023-08-13 19:00:15,0.25,101046.0,80.0,80.0,Matara
510922,40043,ASTRA MARGARINE 250G,6,2023-08-16 12:14:25,1.44,101076.0,455.0,2730.0,Mannar
510923,40091,USWATTE SPICES MIXED CURRY POWDER 100G,2,2023-08-21 19:49:41,0.79,101114.0,250.0,500.0,Puttalam
510924,40027,KEELLS CHICKEN SAUSAGES 500G,4,2023-08-22 14:53:25,3.44,101008.0,1085.0,4340.0,Jaffna
510925,40021,ELEPHANT HOUSE VANILLA ICE CREAM 1L,5,2023-08-23 17:21:18,2.9,101001.0,915.0,4575.0,Kurunegala
510926,40002,DILMAH EARL GREY TEA 50 BAGS,4,2023-08-24 18:47:22,3.08,101134.0,970.0,3880.0,Matara
510927,40006,MUNCHEE SUPER CREAM CRACKER 500G,1,2023-08-25 10:15:46,1.63,101212.0,515.0,515.0,Mannar
510928,40007,MUNCHEE CHOCOLATE BISCUIT 200G,4,2023-08-25 13:04:06,0.79,101053.0,250.0,1000.0,Colombo
510929,40048,EDINBOROUGH SOY SAUCE 400ML,3,2023-08-29 12:03:00,1.27,101137.0,400.0,1200.0,Ratnapura
510930,40063,MILO 400G,5,2023-08-29 14:45:19,2.83,101153.0,890.0,4450.0,Badulla
510931,40028,BAIRAHA CHICKEN 1KG,1,2023-08-30 17:15:09,5.25,101122.0,1655.0,1655.0,Kalutara
510932,40025,KOTMALE FRESH MILK 1L,3,2023-08-30 19:44:07,1.63,101039.0,515.0,1545.0,Ampara
510933,40042,MARINA COCONUT OIL 1L,3,2023-08-31 12:39:51,3.44,101180.0,1085.0,3255.0,Colombo
510934,40007,MUNCHEE CHOCOLATE BISCUIT 200G,2,2023-08-31 17:05:26,0.79,101015.0,250.0,500.0,Badulla
510935,40039,CLOGARD TOOTHPASTE 120G,1,2023-08-31 18:01:26,0.79,,250.0,250.0,Kalutara
510936,40073,DELMEGE BASMATI RICE 5KG,1,2023-08-31 18:37:19,7.6,101084.0,2395.0,2395.0,Moneragala
510937,40022,ANCHOR MILK POWDER 400G,2,2023-09-04 10:23:32,4.16,101076.0,1310.0,2620.0,Colombo
510938,40066,PONDS TALCUM POWDER 100G,2,2023-09-04 13:14:45,1.38,,435.0,870.0,Jaffna
510939,40003,DILMAH GREEN TEA 20 BAGS,12,2023-09-04 17:45:39,2.0,101105.0,630.0,7560.0,Kandy
510940,40068,CLOSE UP TOOTHPASTE 120G,3,2023-09-04 19:15:38,0.86,101064.0,270.0,810.0,Colombo
510941,40001,DILMAH CEYLON TEA 500G,6,2023-09-05 11:44:27,4.35,101111.0,1370.0,8220.0,Ratnapura
510942,40023,RATHTHI MILK POWDER 400G,2,2023-09-05 15:09:22,3.98,101114.0,1255.0,2510.0,Batticaloa
510943,40075,RANMUTHU RICE 5KG,6,2023-09-07 13:02:41,5.43,101179.0,1710.0,10260.0,Kegalle
510944,40003,DILMAH GREEN TEA 20 BAGS,15,2023-09-07 13:38:21,2.0,101020.0,630.0,9450.0,Nuwara Eliya
510945,40072,FUN FOODS MAYONNAISE 250G,2,2023-09-08 09:15:44,1.78,101201.0,560.0,1120.0,Anuradhapura
510946,40072,FUN FOODS MAYONNAISE 250G,12,2023-09-09 08:23:17,1.78,101041.0,560.0,6720.0,Colombo
510947,40006,MUNCHEE SUPER CREAM CRACKER 500G,8,2023-09-09 13:01:05,1.63,101056.0,515.0,4120.0,Anuradhapura
510948,40007,MUNCHEE CHOCOLATE BISCUIT 200G,3,2023-09-09 19:21:46,0.79,,250.0,750.0,Colombo
510949,40008,MUNCHEE LEMON PUFF 200G,20,2023-09-11 13:13:50,0.73,,230.0,4600.0,Mannar
510950,40024,HIGHLAND MILK 1L,10,2023-09-17 09:31:07,1.44,101062.0,455.0,4550.0,Galle
510951,40024,HIGHLAND MILK 1L,3,2023-09-18 18:00:18,1.44,101172.0,455.0,1365.0,Batticaloa
510952,40017,MD MIXED FRUIT JAM 500G,10,2023-09-19 08:50:54,2.35,101064.0,740.0,7400.0,Badulla
510953,40002,DILMAH EARL GREY TEA 50 BAGS,3,2023-09-19 11:24:02,3.08,101090.0,970.0,2910.0,Kurunegala
510954,40021,ELEPHANT HOUSE VANILLA ICE CREAM 1L,6,2023-09-22 13:35:42,2.9,101071.0,915.0,5490.0,Kalutara
510955,40047,PELWATTE BUTTER 200G,5,2023-09-23 09:19:28,2.71,101014.0,855.0,4275.0,Badulla
510956,40002,DILMAH EARL GREY TEA 50 BAGS,3,2023-09-23 13:48:06,3.08,101092.0,970.0,2910.0,Batticaloa
510957,40018,MD MANGO CHUTNEY 400G,1,2023-09-23 18:02:42,2.35,101040.0,740.0,740.0,Vavuniya
510958,40001,DILMAH CEYLON TEA 500G,3,2023-09-25 12:40:20,4.35,101002.0,1370.0,4110.0,Ratnapura
510959,40003,DILMAH GREEN TEA 20 BAGS,5,2023-09-25 16:52:52,2.0,,630.0,3150.0,Kurunegala
510960,40001,DILMAH CEYLON TEA 500G,1,2023-09-26 14:31:40,4.35,101002.0,1370.0,1370.0,Jaffna
510961,40085,RANFAT COOKING OIL 1L,6,2023-09-28 10:18:35,4.16,,1310.0,7860.0,Colombo
510962,40003,DILMAH GREEN TEA 20 BAGS,8,2023-09-28 12:55:05,2.0,101095.0,630.0,5040.0,Batticaloa
510963,40067,COLGATE TOOTHPASTE 120G,5,2023-09-28 18:52:43,0.87,101018.0,275.0,1375.0,Ampara
510964,40005,WATAWALA TEA 400G,2,2023-09-29 17:54:30,2.83,101072.0,890.0,1780.0,Colombo
510965,40081,SPRITE 1.5L,2,2023-09-30 13:28:58,1.27,101003.0,400.0,800.0,Kandy
510966,40022,ANCHOR MILK POWDER 400G,3,2023-10-01 10:03:36,4.16,101030.0,1310.0,3930.0,Colombo
510967,40001,DILMAH CEYLON TEA 500G,3,2023-10-01 10:34:22,4.35,101021.0,1370.0,4110.0,Ratnapura
510968,40001,DILMAH CEYLON TEA 500G,4,2023-10-02 09:18:28,4.35,101144.0,1370.0,5480.0,Polonnaruwa
510969,40002,DILMAH EARL GREY TEA 50 BAGS,8,2023-10-02 20:25:04,3.08,101001.0,970.0,7760.0,Moneragala
510970,40045,PANADOL 100 TABLETS,6,2023-10-03 12:50:42,1.63,101124.0,515.0,3090.0,Jaffna
510971,40021,ELEPHANT HOUSE VANILLA ICE CREAM 1L,1,2023-10-05 08:54:31,2.9,101174.0,915.0,915.0,Nuwara Eliya
510972,40038,MOTHA FALUDA MIX 100G,12,2023-10-05 12:10:36,0.73,101164.0,230.0,2760.0,Galle
510973,40049,ROZA PASTA MACARONI 400G,5,2023-10-05 20:13:58,1.08,101205.0,340.0,1700.0,Kandy
510974,40014,SPA CEYLON HAND CREAM,12,2023-10-07 14:04:32,7.97,,2510.0,30120.0,Gampaha
510975,40092,ARALIYA COCONUT MILK POWDER 300G,3,2023-10-07 16:30:31,2.54,101159.0,800.0,2400.0,Gampaha
510976,40004,ZESTA TEA 400G,2,2023-10-07 20:41:18,3.81,,1200.0,2400.0,Anuradhapura
510977,40011,MALIBAN LEMON PUFF 200G,8,2023-10-09 12:13:03,0.73,101046.0,230.0,1840.0,Galle
510978,40003,DILMAH GREEN TEA 20 BAGS,1,2023-10-09 20:56:29,2.0,101003.0,630.0,630.0,Matara
510979,40040,SIGNAL TOOTHPASTE 120G,10,2023-10-11 09:57:25,0.83,101158.0,260.0,2600.0,Galle
510980,40001,DILMAH CEYLON TEA 500G,1,2023-10-11 13:54:47,4.35,101075.0,1370.0,1370.0,Matara
510981,40021,ELEPHANT HOUSE VANILLA ICE CREAM 1L,5,2023-10-11 14:18:06,2.9,101188.0,915.0,4575.0,Ampara
510982,40044,HAPPY COW CHEESE 120G,1,2023-10-11 17:54:58,3.08,101018.0,970.0,970.0,Polonnaruwa
510983,40027,KEELLS CHICKEN SAUSAGES 500G,3,2023-10-12 10:38:19,3.44,101220.0,1085.0,3255.0,Badulla
510984,40001,DILMAH CEYLON TEA 500G,1,2023-10-12 14:13:44,4.35,101067.0,1370.0,1370.0,Puttalam
510985,40052,WIJAYA ROASTED CURRY POWDER 250G,3,2023-10-13 12:21:00,1.44,101200.0,455.0,1365.0,Colombo
510986,40052,WIJAYA ROASTED CURRY POWDER 250G,1,2023-10-14 14:10:47,1.44,101128.0,455.0,455.0,Badulla
510987,40051,LANKA SOY CHICKEN FLAVOUR 90G,2,2023-10-14 20:08:46,0.43,101169.0,135.0,270.0,Kalutara
510988,40021,ELEPHANT HOUSE VANILLA ICE CREAM 1L,5,2023-10-15 09:51:51,2.9,101173.0,915.0,4575.0,Ampara
510989,40037,MOTHA STRAWBERRY JELLY 100G,15,2023-10-15 13:47:37,0.43,101204.0,135.0,2025.0,Colombo
510990,40047,PELWATTE BUTTER 200G,2,2023-10-16 08:42:39,2.71,101141.0,855.0,1710.0,Colombo
510991,40001,DILMAH CEYLON TEA 500G,1,2023-10-16 15:38:54,4.35,101002.0,1370.0,1370.0,Kurunegala
510992,40004,ZESTA TEA 400G,2,2023-10-23 15:32:00,3.81,,1200.0,2400.0,Ratnapura
510993,40056,SUNSILK BLACK SHAMPOO 200ML,3,2023-10-23 18:01:35,2.0,101019.0,630.0,1890.0,Ampara
510994,40049,ROZA PASTA MACARONI 400G,1,2023-10-24 11:25:37,1.08,,340.0,340.0,Colombo
510995,40053,WIJAYA CHILLI POWDER 250G,2,2023-10-26 16:10:27,1.63,101176.0,515.0,1030.0,Colombo
510996,40001,DILMAH CEYLON TEA 500G,2,2023-10-27 09:44:27,4.35,101059.0,1370.0,2740.0,Kurunegala
510997,40017,MD MIXED FRUIT JAM 500G,3,2023-10-27 11:44:39,2.35,101201.0,740.0,2220.0,Kurunegala
510998,40004,ZESTA TEA 400G,1,2023-10-30 18:32:06,3.81,101014.0,1200.0,1200.0,Kegalle
510999,40002,DILMAH EARL GREY TEA 50 BAGS,2,2023-10-31 15:40:11,3.08,101173.0,970.0,1940.0,Jaffna
511000,40065,FAIR & LOVELY CREAM 50G,4,2023-11-01 11:04:36,1.16,,365.0,1460.0,Kandy
511001,40047,PELWATTE BUTTER 200G,8,2023-11-01 15:00:38,2.71,101083.0,855.0,6840.0,Anuradhapura
511002,40003,DILMAH GREEN TEA 20 BAGS,12,2023-11-01 19:47:55,2.0,101018.0,630.0,7560.0,Ampara
511003,40001,DILMAH CEYLON TEA 500G,10,2023-11-02 10:17:28,4.35,101165.0,1370.0,13700.0,Kalutara
511004,40011,MALIBAN LEMON PUFF 200G,5,2023-11-04 15:41:16,0.73,101013.0,230.0,1150.0,Kalutara
511005,40023,RATHTHI MILK POWDER 400G,1,2023-11-04 18:59:58,3.98,101208.0,1255.0,1255.0,Anuradhapura
511006,40001,DILMAH CEYLON TEA 500G,2,2023-11-06 16:54:30,4.35,101182.0,1370.0,2740.0,Jaffna
511007,40007,MUNCHEE CHOCOLATE BISCUIT 200G,1,2023-11-11 11:54:39,0.79,101008.0,250.0,250.0,Mullaitivu
511008,40036,MAGGI COCONUT MILK POWDER 300G,6,2023-11-12 15:11:15,2.71,101151.0,855.0,5130.0,Kandy
511009,40009,MUNCHEE TIKIRI MARIE 80G,4,2023-11-14 09:32:54,0.25,101204.0,80.0,320.0,Kandy
511010,40062,NESTOMALT 400G,6,2023-11-14 14:34:44,2.25,101050.0,710.0,4260.0,Colombo
511011,40085,RANFAT COOKING OIL 1L,3,2023-11-17 19:10:31,4.16,101016.0,1310.0,3930.0,Kandy
511012,40004,ZESTA TEA 400G,4,2023-11-18 15:06:05,3.81,101004.0,1200.0,4800.0,Badulla
511013,40006,MUNCHEE SUPER CREAM CRACKER 500G,1,2023-11-20 12:37:44,1.63,101019.0,515.0,515.0,Galle
511014,40011,MALIBAN LEMON PUFF 200G,5,2023-11-20 13:23:41,0.73,101191.0,230.0,1150.0,Gampaha
511015,40038,MOTHA FALUDA MIX 100G,4,2023-11-20 15:21:27,0.73,101002.0,230.0,920.0,Puttalam
511016,40043,ASTRA MARGARINE 250G,4,2023-11-23 11:14:37,1.44,101010.0,455.0,1820.0,Gampaha
511017,40056,SUNSILK BLACK SHAMPOO 200ML,8,2023-11-24 19:26:41,2.0,101062.0,630.0,5040.0,Galle
511018,40003,DILMAH GREEN TEA 20 BAGS,3,2023-11-26 14:26:20,2.0,101076.0,630.0,1890.0,Polonnaruwa
511019,40009,MUNCHEE TIKIRI MARIE 80G,2,2023-11-26 15:22:55,0.25,101211.0,80.0,160.0,Trincomalee
511020,40030,KIST MIXED FRUIT NECTAR 1L,1,2023-11-27 18:27:42,2.0,,630.0,630.0,Jaffna
511021,40043,ASTRA MARGARINE 250G,8,2023-11-29 16:06:19,1.44,101037.0,455.0,3640.0,Ampara
511022,40018,MD MANGO CHUTNEY 400G,4,2023-12-04 13:53:59,2.35,101012.0,740.0,2960.0,Matara
511023,40010,MALIBAN MARIE BISCUITS 400G,5,2023-12-05 17:32:26,1.27,101150.0,400.0,2000.0,Puttalam
511024,40013,SPA CEYLON SLEEP BODY LOTION,3,2023-12-05 20:27:58,12.68,101015.0,3995.0,11985.0,Kurunegala
511025,40047,PELWATTE BUTTER 200G,4,2023-12-06 18:28:01,2.71,101190.0,855.0,3420.0,Gampaha
511026,40002,DILMAH EARL GREY TEA 50 BAGS,6,2023-12-08 15:45:18,3.08,101033.0,970.0,5820.0,Kegalle
511027,40008,MUNCHEE LEMON PUFF 200G,2,2023-12-09 08:38:41,0.73,101068.0,230.0,460.0,Anuradhapura
511028,40024,HIGHLAND MILK 1L,3,2023-12-09 09:58:28,1.44,101073.0,455.0,1365.0,Kurunegala
511029,40008,MUNCHEE LEMON PUFF 200G,2,2023-12-09 20:16:19,0.73,101079.0,230.0,460.0,Vavuniya
511030,40004,ZESTA TEA 400G,2,2023-12-10 10:53:05,3.81,,1200.0,2400.0,Gampaha
511031,40026,KITHUL TREACLE 750ML,1,2023-12-12 17:46:59,6.52,101063.0,2055.0,2055.0,Batticaloa
511032,40016,LINK SAMAHAN BOX (100 PACKETS),2,2023-12-13 13:11:16,5.43,101120.0,1710.0,3420.0,Colombo
511033,40005,WATAWALA TEA 400G,3,2023-12-14 12:13:27,2.83,101051.0,890.0,2670.0,Mannar
511034,40003,DILMAH GREEN TEA 20 BAGS,2,2023-12-14 17:49:44,2.0,101059.0,630.0,1260.0,Kalutara
511035,40007,MUNCHEE CHOCOLATE BISCUIT 200G,6,2023-12-15 11:02:09,0.79,101172.0,250.0,1500.0,Kurunegala
511036,40042,MARINA COCONUT OIL 1L,1,2023-12-15 16:32:31,3.44,,1085.0,1085.0,Batticaloa
511037,40027,KEELLS CHICKEN SAUSAGES 500G,1,2023-12-15 20:49:13,3.44,101190.0,1085.0,1085.0,Polonnaruwa
511038,40029,KIST TOMATO KETCHUP 400G,1,2023-12-16 09:36:27,1.63,101019.0,515.0,515.0,Anuradhapura
511039,40001,DILMAH CEYLON TEA 500G,2,2023-12-16 10:53:20,4.35,,1370.0,2740.0,Kandy
511040,40016,LINK SAMAHAN BOX (100 PACKETS),3,2023-12-17 16:16:55,5.43,101171.0,1710.0,5130.0,Colombo
511041,40082,NECTO 1.5L,1,2023-12-18 10:31:55,1.27,101083.0,400.0,400.0,Kandy
511042,40005,WATAWALA TEA 400G,4,2023-12-19 15:53:25,2.83,101136.0,890.0,3560.0,Kegalle
511043,40005,WATAWALA TEA 400G,2,2023-12-20 08:26:37,2.83,101136.0,890.0,1780.0,Kandy
511044,40041,BABY CHERAMY SOAP 90G,12,2023-12-20 19:17:10,0.51,101211.0,160.0,1920.0,Colombo
511045,40002,DILMAH EARL GREY TEA 50 BAGS,4,2023-12-21 14:08:45,3.08,101025.0,970.0,3880.0,Anuradhapura
511046,40063,MILO 400G,4,2023-12-21 16:04:31,2.83,,890.0,3560.0,Galle
511047,40007,MUNCHEE CHOCOLATE BISCUIT 200G,1,2023-12-21 18:57:48,0.79,,250.0,250.0,Gampaha
511048,40007,MUNCHEE CHOCOLATE BISCUIT 200G,3,2023-12-22 18:10:30,0.79,,250.0,750.0,Polonnaruwa
511049,40010,MALIBAN MARIE BISCUITS 400G,3,2023-12-24 17:54:55,1.27,101004.0,400.0,1200.0,Kalutara
511050,40034,HARISCHANDRA COFFEE 100G,1,2023-12-27 16:41:43,1.38,101015.0,435.0,435.0,Ratnapura
511051,40026,KITHUL TREACLE 750ML,2,2023-12-29 18:42:47,6.52,101215.0,2055.0,4110.0,Kalutara
511052,40078,SOFTLOGIC COCONUT MILK 400ML,3,2023-12-31 19:50:39,1.16,101154.0,365.0,1095.0,Badulla
511053,40006,MUNCHEE SUPER CREAM CRACKER 500G,2,2024-01-05 08:04:07,1.75,101199.0,535.0,1070.0,Trincomalee
511054,40089,KANDOS CHOCOLATE BAR 100G,15,2024-01-07 14:45:40,0.98,101155.0,300.0,4500.0,Nuwara Eliya
511055,40074,ARALIYA WHITE RICE 5KG,3,2024-01-09 15:11:55,5.67,101001.0,1730.0,5190.0,Anuradhapura
511056,40089,KANDOS CHOCOLATE BAR 100G,8,2024-01-12 09:59:59,0.98,101093.0,300.0,2400.0,Jaffna
511057,40012,MALIBAN CREAM CRACKER 500G,1,2024-01-12 11:49:03,1.64,101188.0,500.0,500.0,Gampaha
511058,40012,MALIBAN CREAM CRACKER 500G,4,2024-01-12 16:23:56,1.64,101159.0,500.0,2000.0,Moneragala
511059,DELV,COURIER DELIVERY CHARGE,4,2024-01-19 19:47:29,3.0,101093.0,915.0,3660.0,Kalutara
511060,40059,SURF EXCEL 1KG,6,2024-01-21 11:46:54,3.33,101057.0,1015.0,6090.0,Colombo
511061,40047,PELWATTE BUTTER 200G,6,2024-01-23 10:23:22,2.93,,895.0,5370.0,Kegalle
511062,40019,ELEPHANT HOUSE GINGER BEER 1.5L,15,2024-01-25 08:01:59,1.56,101069.0,475.0,7125.0,Gampaha
511063,40012,MALIBAN CREAM CRACKER 500G,8,2024-01-26 10:22:26,1.64,,500.0,4000.0,Colombo
511064,40013,SPA CEYLON SLEEP BODY LOTION,1,2024-01-26 10:37:52,13.69,101010.0,4175.0,4175.0,Matara
511065,40056,SUNSILK BLACK SHAMPOO 200ML,3,2024-01-27 19:14:12,2.15,101146.0,655.0,1965.0,Colombo
511066,40011,MALIBAN LEMON PUFF 200G,10,2024-01-29 13:51:27,0.79,101193.0,240.0,2400.0,Galle
511067,40005,WATAWALA TEA 400G,6,2024-02-03 16:22:50,3.05,101208.0,930.0,5580.0,Colombo
511068,40004,ZESTA TEA 400G,3,2024-02-04 13:39:01,4.1,101038.0,1250.0,3750.0,Anuradhapura
511069,40001,DILMAH CEYLON TEA 500G,3,2024-02-05 08:41:45,4.69,101187.0,1430.0,4290.0,Colombo
511070,40074,ARALIYA WHITE RICE 5KG,1,2024-02-06 09:46:31,5.67,101103.0,1730.0,1730.0,Moneragala
511071,40014,SPA CEYLON HAND CREAM,3,2024-02-06 16:51:18,8.61,101021.0,2625.0,7875.0,Badulla
511072,40034,HARISCHANDRA COFFEE 100G,5,2024-02-08 09:21:09,1.49,101052.0,455.0,2275.0,Anuradhapura
511073,40018,MD MANGO CHUTNEY 400G,5,2024-02-08 18:48:13,2.54,101108.0,775.0,3875.0,Nuwara Eliya
511074,40074,ARALIYA WHITE RICE 5KG,4,2024-02-08 19:57:21,5.67,101053.0,1730.0,6920.0,Batticaloa
511075,40013,SPA CEYLON SLEEP BODY LOTION,5,2024-02-09 17:12:51,13.69,101007.0,4175.0,20875.0,Badulla
511076,40012,MALIBAN CREAM CRACKER 500G,3,2024-02-10 12:40:58,1.64,101018.0,500.0,1500.0,Batticaloa
511077,40003,DILMAH GREEN TEA 20 BAGS,20,2024-02-10 16:11:29,2.15,101163.0,655.0,13100.0,Polonnaruwa
511078,40078,SOFTLOGIC COCONUT MILK 400ML,8,2024-02-11 11:32:44,1.25,101002.0,380.0,3040.0,Colombo
511079,40021,ELEPHANT HOUSE VANILLA ICE CREAM 1L,3,2024-02-13 20:37:33,3.13,101185.0,955.0,2865.0,Hambantota
511080,40007,MUNCHEE CHOCOLATE BISCUIT 200G,3,2024-02-17 10:20:19,0.85,101184.0,260.0,780.0,Jaffna
511081,40024,HIGHLAND MILK 1L,10,2024-02-17 17:17:31,1.56,101004.0,475.0,4750.0,Nuwara Eliya
511082,40008,MUNCHEE LEMON PUFF 200G,12,2024-02-18 14:26:02,0.79,,240.0,2880.0,Gampaha
511083,40045,PANADOL 100 TABLETS,2,2024-02-19 14:10:13,1.75,101184.0,535.0,1070.0,Kegalle
511084,40011,MALIBAN LEMON PUFF 200G,1,2024-02-20 10:14:05,0.79,101011.0,240.0,240.0,Colombo
511085,40026,KITHUL TREACLE 750ML,3,2024-02-20 18:49:03,7.03,101128.0,2145.0,6435.0,Puttalam
511086,40075,RANMUTHU RICE 5KG,2,2024-02-26 20:47:54,5.87,101150.0,1790.0,3580.0,Colombo
511087,40028,BAIRAHA CHICKEN 1KG,3,2024-02-27 09:32:58,5.67,,1730.0,5190.0,Ampara
511088,40002,DILMAH EARL GREY TEA 50 BAGS,4,2024-02-27 13:33:48,3.33,101034.0,1015.0,4060.0,Galle
511089,40005,WATAWALA TEA 400G,1,2024-02-27 19:04:10,3.05,101220.0,930.0,930.0,Kalutara
511090,40044,HAPPY COW CHEESE 120G,5,2024-02-29 14:26:37,3.33,101005.0,1015.0,5075.0,Colombo
511091,40069,ANCHOR BUTTER 200G,1,2024-02-29 14:47:34,3.05,101155.0,930.0,930.0,Nuwara Eliya
511092,40003,DILMAH GREEN TEA 20 BAGS,8,2024-03-04 20:21:38,2.15,101027.0,655.0,5240.0,Badulla
511093,40076,CEYLON COLD STORES YOGHURT 80G,2,2024-03-05 14:56:41,0.34,101050.0,105.0,210.0,Kurunegala
511094,40073,DELMEGE BASMATI RICE 5KG,10,2024-03-06 10:21:18,8.21,101162.0,2505.0,25050.0,Galle
511095,40067,COLGATE TOOTHPASTE 120G,5,2024-03-06 11:00:32,0.93,,285.0,1425.0,Colombo
511096,40070,NESPRAY MILK POWDER 400G,10,2024-03-07 11:52:15,4.61,101164.0,1405.0,14050.0,Anuradhapura
511097,40005,WATAWALA TEA 400G,3,2024-03-08 20:42:45,3.05,101029.0,930.0,2790.0,Hambantota
511098,40054,PEARS BABY POWDER 100G,1,2024-03-11 14:39:27,0.98,,300.0,300.0,Ratnapura
511099,40026,KITHUL TREACLE 750ML,5,2024-03-12 17:41:21,7.03,101115.0,2145.0,10725.0,Jaffna
511100,40001,DILMAH CEYLON TEA 500G,1,2024-03-14 16:04:07,4.69,101186.0,1430.0,1430.0,Polonnaruwa
511101,40003,DILMAH GREEN TEA 20 BAGS,12,2024-03-14 17:16:52,2.15,101062.0,655.0,7860.0,Nuwara Eliya
511102,40001,DILMAH CEYLON TEA 500G,4,2024-03-14 20:32:43,4.69,101060.0,1430.0,5720.0,Jaffna
511103,40003,DILMAH GREEN TEA 20 BAGS,2,2024-03-18 20:23:46,2.15,101065.0,655.0,1310.0,Gampaha
511104,40002,DILMAH EARL GREY TEA 50 BAGS,10,2024-03-20 13:48:37,3.33,101007.0,1015.0,10150.0,Puttalam
511105,40022,ANCHOR MILK POWDER 400G,12,2024-03-21 10:18:52,4.49,101190.0,1370.0,16440.0,Colombo
511106,40007,MUNCHEE CHOCOLATE BISCUIT 200G,4,2024-03-23 20:02:58,0.85,,260.0,1040.0,Galle
511107,40004,ZESTA TEA 400G,15,2024-03-28 10:40:23,4.1,101202.0,1250.0,18750.0,Colombo
511108,40020,ELEPHANT HOUSE CREAM SODA 1.5L,12,2024-03-29 08:10:19,1.56,101012.0,475.0,5700.0,Colombo
511109,40005,WATAWALA TEA 400G,4,2024-03-29 08:32:13,3.05,101183.0,930.0,3720.0,Gampaha
511110,40052,WIJAYA ROASTED CURRY POWDER 250G,12,2024-03-30 11:59:13,1.56,101143.0,475.0,5700.0,Kandy
511111,40009,MUNCHEE TIKIRI MARIE 80G,8,2024-03-31 19:14:26,0.28,101038.0,85.0,680.0,Kandy
511112,40058,DIVA WASHING POWDER 1KG,10,2024-04-01 09:36:47,2.54,101152.0,775.0,7750.0,Kandy
511113,40006,MUNCHEE SUPER CREAM CRACKER 500G,2,2024-04-02 20:21:58,1.75,,535.0,1070.0,Jaffna
511114,40045,PANADOL 100 TABLETS,1,2024-04-03 12:02:58,1.75,101131.0,535.0,535.0,Kurunegala
511115,40010,MALIBAN MARIE BISCUITS 400G,4,2024-04-03 14:26:39,1.36,101041.0,415.0,1660.0,Kandy
511116,40038,MOTHA FALUDA MIX 100G,6,2024-04-05 18:14:34,0.79,101187.0,240.0,1440.0,Ratnapura
511117,40020,ELEPHANT HOUSE CREAM SODA 1.5L,1,2024-04-07 13:17:25,1.56,101114.0,475.0,475.0,Ampara
511118,40056,SUNSILK BLACK SHAMPOO 200ML,6,2024-04-07 19:56:31,2.15,101148.0,655.0,3930.0,Badulla
511119,40042,MARINA COCONUT OIL 1L,2,2024-04-08 16:10:03,3.72,,1135.0,2270.0,Jaffna
511120,40008,MUNCHEE LEMON PUFF 200G,4,2024-04-10 19:58:40,0.79,101077.0,240.0,960.0,Gampaha
511121,40001,DILMAH CEYLON TEA 500G,3,2024-04-10 20:11:22,4.69,101080.0,1430.0,4290.0,Kalutara
511122,40007,MUNCHEE CHOCOLATE BISCUIT 200G,4,2024-04-13 10:40:30,0.85,101094.0,260.0,1040.0,Puttalam
511123,40026,KITHUL TREACLE 750ML,3,2024-04-14 10:45:15,7.03,,2145.0,6435.0,Badulla
511124,40081,SPRITE 1.5L,3,2024-04-15 12:25:44,1.36,101161.0,415.0,1245.0,Matara
511125,40001,DILMAH CEYLON TEA 500G,3,2024-04-18 19:02:29,4.69,101006.0,1430.0,4290.0,Kurunegala
511126,40001,DILMAH CEYLON TEA 500G,1,2024-04-18 19:02:55,4.69,101130.0,1430.0,1430.0,Galle
511127,40002,DILMAH EARL GREY TEA 50 BAGS,10,2024-04-20 17:02:21,3.33,101203.0,1015.0,10150.0,Kandy
511128,40008,MUNCHEE LEMON PUFF 200G,8,2024-04-21 17:11:28,0.79,101127.0,240.0,1920.0,Colombo
511129,40078,SOFTLOGIC COCONUT MILK 400ML,2,2024-04-21 17:58:17,1.25,,380.0,760.0,Jaffna
511130,40022,ANCHOR MILK POWDER 400G,6,2024-04-21 20:17:23,4.49,101063.0,1370.0,8220.0,Matara
511131,40029,KIST TOMATO KETCHUP 400G,4,2024-04-23 08:51:53,1.75,101083.0,535.0,2140.0,Ratnapura
511132,40006,MUNCHEE SUPER CREAM CRACKER 500G,2,2024-04-23 13:43:38,1.75,,535.0,1070.0,Kegalle
511133,40015,SIDDHALEPA BALM 50G,4,2024-04-26 13:27:59,0.98,101014.0,300.0,1200.0,Jaffna
511134,40024,HIGHLAND MILK 1L,2,2024-04-27 16:44:10,1.56,101146.0,475.0,950.0,Colombo
511135,40042,MARINA COCONUT OIL 1L,3,2024-04-27 19:15:42,3.72,101148.0,1135.0,3405.0,Badulla
511136,40023,RATHTHI MILK POWDER 400G,1,2024-04-29 19:39:13,4.3,101059.0,1310.0,1310.0,Puttalam
511137,40060,SUNLIGHT SOAP 115G,1,2024-04-30 20:23:30,0.48,101195.0,145.0,145.0,Puttalam
511138,40040,SIGNAL TOOTHPASTE 120G,4,2024-05-01 09:55:47,0.9,101201.0,275.0,1100.0,Trincomalee
511139,40061,VELVET BEAUTY SOAP 100G,3,2024-05-01 15:01:49,0.59,,180.0,540.0,Gampaha
511140,40003,DILMAH GREEN TEA 20 BAGS,6,2024-05-01 17:15:56,2.15,,655.0,3930.0,Ratnapura
511141,40022,ANCHOR MILK POWDER 400G,3,2024-05-02 08:33:53,4.49,101157.0,1370.0,4110.0,Ratnapura
511142,40013,SPA CEYLON SLEEP BODY LOTION,2,2024-05-02 19:35:41,13.69,101142.0,4175.0,8350.0,Anuradhapura
511143,40087,CARGILLS MAGIC SAUSAGES 400G,4,2024-05-03 15:12:46,3.05,101153.0,930.0,3720.0,Gampaha
511144,DELV,COURIER DELIVERY CHARGE,1,2024-05-04 11:16:49,3.0,101110.0,915.0,915.0,Hambantota
511145,40018,MD MANGO CHUTNEY 400G,3,2024-05-05 09:17:13,2.54,101206.0,775.0,2325.0,Jaffna
511146,40008,MUNCHEE LEMON PUFF 200G,1,2024-05-05 14:29:50,0.79,101012.0,240.0,240.0,Gampaha
511147,40046,MARMITE 100G,3,2024-05-07 12:06:16,2.93,101111.0,895.0,2685.0,Kalutara
511148,40001,DILMAH CEYLON TEA 500G,4,2024-05-07 15:30:02,4.69,101175.0,1430.0,5720.0,Gampaha
511149,40016,LINK SAMAHAN BOX (100 PACKETS),2,2024-05-09 08:33:24,5.87,,1790.0,3580.0,Gampaha
511150,40056,SUNSILK BLACK SHAMPOO 200ML,3,2024-05-11 12:45:08,2.15,101070.0,655.0,1965.0,Gampaha
511151,40006,MUNCHEE SUPER CREAM CRACKER 500G,8,2024-05-11 13:04:52,1.75,101130.0,535.0,4280.0,Jaffna
511152,40008,MUNCHEE LEMON PUFF 200G,2,2024-05-12 08:59:22,0.79,101188.0,240.0,480.0,Nuwara Eliya
511153,40041,BABY CHERAMY SOAP 90G,1,2024-05-12 13:08:52,0.54,101084.0,165.0,165.0,Matara
511154,40028,BAIRAHA CHICKEN 1KG,1,2024-05-12 14:54:34,5.67,,1730.0,1730.0,Jaffna
511155,40019,ELEPHANT HOUSE GINGER BEER 1.5L,6,2024-05-14 18:42:26,1.56,101024.0,475.0,2850.0,Kurunegala
511156,40005,WATAWALA TEA 400G,2,2024-05-15 15:11:02,3.05,,930.0,1860.0,Kandy
511157,40021,ELEPHANT HOUSE VANILLA ICE CREAM 1L,2,2024-05-16 20:27:15,3.13,101053.0,955.0,1910.0,Gampaha
511158,40015,SIDDHALEPA BALM 50G,15,2024-05-18 10:37:05,0.98,101059.0,300.0,4500.0,Jaffna
511159,40027,KEELLS CHICKEN SAUSAGES 500G,5,2024-05-20 10:54:36,3.72,101025.0,1135.0,5675.0,Anuradhapura
511160,40001,DILMAH CEYLON TEA 500G,10,2024-05-26 12:02:09,4.69,101146.0,1430.0,14300.0,Kurunegala
511161,40002,DILMAH EARL GREY TEA 50 BAGS,4,2024-05-29 11:40:59,3.33,101171.0,1015.0,4060.0,Kalutara
511162,40005,WATAWALA TEA 400G,6,2024-05-31 18:46:25,3.05,,930.0,5580.0,Vavuniya
511163,40007,MUNCHEE CHOCOLATE BISCUIT 200G,1,2024-06-01 09:44:11,0.85,,260.0,260.0,Kegalle
511164,40018,MD MANGO CHUTNEY 400G,4,2024-06-02 14:23:58,2.54,101109.0,775.0,3100.0,Jaffna
511165,40033,HARISCHANDRA NOODLES 400G,3,2024-06-03 13:15:11,0.98,101120.0,300.0,900.0,Matara
511166,40004,ZESTA TEA 400G,6,2024-06-04 08:40:48,4.1,101157.0,1250.0,7500.0,Jaffna
511167,40069,ANCHOR BUTTER 200G,3,2024-06-05 12:22:40,3.05,101120.0,930.0,2790.0,Vavuniya
511168,40074,ARALIYA WHITE RICE 5KG,6,2024-06-06 17:14:35,5.67,101038.0,1730.0,10380.0,Trincomalee
511169,40083,BOGAWANTALAWA TEA 400G,1,2024-06-06 17:37:50,3.52,,1075.0,1075.0,Kurunegala
511170,40017,MD MIXED FRUIT JAM 500G,10,2024-06-08 11:04:04,2.54,101032.0,775.0,7750.0,Ratnapura
511171,40009,MUNCHEE TIKIRI MARIE 80G,5,2024-06-09 08:32:11,0.28,101113.0,85.0,425.0,Galle
511172,40001,DILMAH CEYLON TEA 500G,1,2024-06-09 14:47:16,4.69,101015.0,1430.0,1430.0,Kalutara
511173,40009,MUNCHEE TIKIRI MARIE 80G,5,2024-06-09 18:00:00,0.28,101181.0,85.0,425.0,Kegalle
511174,40020,ELEPHANT HOUSE CREAM SODA 1.5L,4,2024-06-10 08:18:15,1.56,101039.0,475.0,1900.0,Colombo
511175,40007,MUNCHEE CHOCOLATE BISCUIT 200G,8,2024-06-10 18:26:18,0.85,101089.0,260.0,2080.0,Matara
511176,40008,MUNCHEE LEMON PUFF 200G,1,2024-06-11 17:03:45,0.79,,240.0,240.0,Kandy
511177,40047,PELWATTE BUTTER 200G,4,2024-06-12 09:44:05,2.93,101117.0,895.0,3580.0,Jaffna
511178,DELV,COURIER DELIVERY CHARGE,3,2024-06-17 11:19:53,3.0,101051.0,915.0,2745.0,Batticaloa
511179,40005,WATAWALA TEA 400G,2,2024-06-18 17:05:36,3.05,101024.0,930.0,1860.0,Anuradhapura
511180,40075,RANMUTHU RICE 5KG,1,2024-06-18 19:08:16,5.87,101077.0,1790.0,1790.0,Vavuniya
511181,40019,ELEPHANT HOUSE GINGER BEER 1.5L,5,2024-06-20 08:50:35,1.56,101121.0,475.0,2375.0,Kalutara
511182,40089,KANDOS CHOCOLATE BAR 100G,3,2024-06-21 13:33:51,0.98,101012.0,300.0,900.0,Moneragala
511183,40018,MD MANGO CHUTNEY 400G,2,2024-06-21 15:36:22,2.54,101204.0,775.0,1550.0,Colombo
511184,40023,RATHTHI MILK POWDER 400G,12,2024-06-24 13:56:30,4.3,,1310.0,15720.0,Anuradhapura
511185,40050,RANCRISP CASHEWS 50G,5,2024-06-24 17:07:37,1.36,101056.0,415.0,2075.0,Kandy
511186,40005,WATAWALA TEA 400G,1,2024-06-25 09:45:43,3.05,101193.0,930.0,930.0,Gampaha
511187,40005,WATAWALA TEA 400G,8,2024-06-26 09:35:59,3.05,,930.0,7440.0,Kandy
511188,40001,DILMAH CEYLON TEA 500G,12,2024-06-26 20:31:29,4.69,101171.0,1430.0,17160.0,Kandy
511189,40040,SIGNAL TOOTHPASTE 120G,2,2024-06-27 11:43:30,0.9,101023.0,275.0,550.0,Gampaha
511190,40003,DILMAH GREEN TEA 20 BAGS,1,2024-06-28 09:39:03,2.15,,655.0,655.0,Ratnapura
511191,40009,MUNCHEE TIKIRI MARIE 80G,1,2024-06-28 14:37:25,0.28,,85.0,85.0,Jaffna
511192,40003,DILMAH GREEN TEA 20 BAGS,4,2024-06-28 19:46:21,2.15,,655.0,2620.0,Kalutara
511193,40039,CLOGARD TOOTHPASTE 120G,4,2024-06-29 17:04:32,0.85,,260.0,1040.0,Mannar
511194,40076,CEYLON COLD STORES YOGHURT 80G,1,2024-07-01 08:01:04,0.34,101181.0,105.0,105.0,Ratnapura
511195,40005,WATAWALA TEA 400G,2,2024-07-01 17:53:32,3.05,101051.0,930.0,1860.0,Puttalam
511196,40076,CEYLON COLD STORES YOGHURT 80G,2,2024-07-02 08:58:20,0.34,,105.0,210.0,Matara
511197,40017,MD MIXED FRUIT JAM 500G,6,2024-07-03 11:23:09,2.54,,775.0,4650.0,Kandy
511198,40083,BOGAWANTALAWA TEA 400G,2,2024-07-04 14:01:33,3.52,101188.0,1075.0,2150.0,Jaffna
511199,40031,PRIMA KOTTU MEE CUP,4,2024-07-06 09:32:15,0.59,101175.0,180.0,720.0,Gampaha
511200,40016,LINK SAMAHAN BOX (100 PACKETS),6,2024-07-06 09:40:35,5.87,101016.0,1790.0,10740.0,Badulla
511201,40001,DILMAH CEYLON TEA 500G,3,2024-07-07 18:59:37,4.69,101101.0,1430.0,4290.0,Moneragala
511202,40018,MD MANGO CHUTNEY 400G,5,2024-07-09 18:00:57,2.54,101090.0,775.0,3875.0,Kandy
511203,40021,ELEPHANT HOUSE VANILLA ICE CREAM 1L,3,2024-07-10 10:45:50,3.13,101101.0,955.0,2865.0,Puttalam
511204,40079,CEYLON TOBACCO (CIGARETTES PACK),4,2024-07-10 19:14:00,4.69,101003.0,1430.0,5720.0,Colombo
511205,40003,DILMAH GREEN TEA 20 BAGS,2,2024-07-10 20:58:50,2.15,101182.0,655.0,1310.0,Gampaha
511206,40004,ZESTA TEA 400G,5,2024-07-14 15:32:11,4.1,101013.0,1250.0,6250.0,Gampaha
511207,40086,FITS COOKING OIL 1L,4,2024-07-15 08:18:24,4.3,101165.0,1310.0,5240.0,Hambantota
511208,40028,BAIRAHA CHICKEN 1KG,2,2024-07-16 10:25:27,5.67,101094.0,1730.0,3460.0,Kurunegala
511209,40009,MUNCHEE TIKIRI MARIE 80G,12,2024-07-18 11:33:22,0.28,,85.0,1020.0,Galle
511210,40041,BABY CHERAMY SOAP 90G,1,2024-07-19 18:43:43,0.54,101029.0,165.0,165.0,Kalutara
511211,40032,PRIMA STELLA NOODLES 400G,2,2024-07-21 11:16:27,1.1,101121.0,335.0,670.0,Anuradhapura
511212,40065,FAIR & LOVELY CREAM 50G,3,2024-07-21 17:49:41,1.25,101080.0,380.0,1140.0,Puttalam
511213,40007,MUNCHEE CHOCOLATE BISCUIT 200G,5,2024-07-22 17:45:56,0.85,101180.0,260.0,1300.0,Gampaha
511214,40003,DILMAH GREEN TEA 20 BAGS,5,2024-07-23 14:43:35,2.15,101136.0,655.0,3275.0,Kandy
511215,40004,ZESTA TEA 400G,3,2024-07-29 10:21:07,4.1,101116.0,1250.0,3750.0,Nuwara Eliya
511216,40052,WIJAYA ROASTED CURRY POWDER 250G,1,2024-07-31 11:53:24,1.56,101119.0,475.0,475.0,Puttalam
511217,40087,CARGILLS MAGIC SAUSAGES 400G,3,2024-07-31 18:59:43,3.05,101039.0,930.0,2790.0,Kalutara
511218,40033,HARISCHANDRA NOODLES 400G,3,2024-08-02 13:38:02,0.98,101021.0,300.0,900.0,Galle
511219,40071,MA MA NOODLES 5 PACK,2,2024-08-02 14:27:31,1.56,101093.0,475.0,950.0,Galle
511220,40009,MUNCHEE TIKIRI MARIE 80G,4,2024-08-04 12:19:17,0.28,101148.0,85.0,340.0,Kandy
511221,40089,KANDOS CHOCOLATE BAR 100G,4,2024-08-04 13:44:38,0.98,101099.0,300.0,1200.0,Kandy
511222,40051,LANKA SOY CHICKEN FLAVOUR 90G,3,2024-08-05 17:42:05,0.48,101092.0,145.0,435.0,Galle
511223,40008,MUNCHEE LEMON PUFF 200G,5,2024-08-06 14:29:02,0.79,101032.0,240.0,1200.0,Batticaloa
511224,40012,MALIBAN CREAM CRACKER 500G,1,2024-08-10 19:49:10,1.64,101038.0,500.0,500.0,Ampara
511225,40058,DIVA WASHING POWDER 1KG,1,2024-08-13 20:46:53,2.54,101189.0,775.0,775.0,Anuradhapura
511226,40014,SPA CEYLON HAND CREAM,15,2024-08-14 14:25:24,8.61,101018.0,2625.0,39375.0,Kandy
511227,40002,DILMAH EARL GREY TEA 50 BAGS,12,2024-08-14 19:18:06,3.33,101018.0,1015.0,12180.0,Batticaloa
511228,40002,DILMAH EARL GREY TEA 50 BAGS,1,2024-08-15 12:40:37,3.33,101183.0,1015.0,1015.0,Kalutara
511229,40026,KITHUL TREACLE 750ML,2,2024-08-15 13:26:33,7.03,101029.0,2145.0,4290.0,Anuradhapura
511230,40020,ELEPHANT HOUSE CREAM SODA 1.5L,4,2024-08-16 16:59:05,1.56,101008.0,475.0,1900.0,Kurunegala
511231,40017,MD MIXED FRUIT JAM 500G,3,2024-08-16 18:21:45,2.54,101008.0,775.0,2325.0,Kandy
511232,40022,ANCHOR MILK POWDER 400G,2,2024-08-16 18:38:12,4.49,101068.0,1370.0,2740.0,Kegalle
511233,40005,WATAWALA TEA 400G,2,2024-08-17 12:28:02,3.05,101149.0,930.0,1860.0,Polonnaruwa
511234,40029,KIST TOMATO KETCHUP 400G,4,2024-08-18 16:05:15,1.75,101062.0,535.0,2140.0,Galle
511235,40003,DILMAH GREEN TEA 20 BAGS,4,2024-08-19 11:59:19,2.15,101040.0,655.0,2620.0,Badulla
511236,40003,DILMAH GREEN TEA 20 BAGS,2,2024-08-19 12:15:02,2.15,,655.0,1310.0,Kandy
511237,40087,CARGILLS MAGIC SAUSAGES 400G,2,2024-08-21 20:47:16,3.05,101125.0,930.0,1860.0,Galle
511238,40062,NESTOMALT 400G,1,2024-08-22 17:30:28,2.43,101078.0,740.0,740.0,Colombo
511239,40009,MUNCHEE TIKIRI MARIE 80G,6,2024-08-23 14:08:52,0.28,,85.0,510.0,Kandy
511240,40028,BAIRAHA CHICKEN 1KG,3,2024-08-24 10:55:43,5.67,101139.0,1730.0,5190.0,Kegalle
511241,40008,MUNCHEE LEMON PUFF 200G,4,2024-08-24 13:58:32,0.79,101071.0,240.0,960.0,Nuwara Eliya
511242,40065,FAIR & LOVELY CREAM 50G,2,2024-08-24 19:39:57,1.25,101079.0,380.0,760.0,Colombo
511243,40001,DILMAH CEYLON TEA 500G,8,2024-08-25 14:42:40,4.69,101061.0,1430.0,11440.0,Kurunegala
511244,40014,SPA CEYLON HAND CREAM,1,2024-08-25 19:11:29,8.61,101001.0,2625.0,2625.0,Kegalle
511245,40077,PILAWOOS FALOODA MIX 200G,5,2024-08-27 10:58:32,1.36,101138.0,415.0,2075.0,Kandy
511246,40001,DILMAH CEYLON TEA 500G,8,2024-08-27 15:31:38,4.69,,1430.0,11440.0,Ratnapura
511247,40009,MUNCHEE TIKIRI MARIE 80G,1,2024-08-27 18:38:07,0.28,101039.0,85.0,85.0,Ratnapura
511248,40035,CBL SAMAPOSHA 200G,2,2024-08-30 19:06:58,0.7,101075.0,215.0,430.0,Jaffna
511249,40029,KIST TOMATO KETCHUP 400G,2,2024-08-31 18:33:38,1.75,101156.0,535.0,1070.0,Colombo
511250,40015,SIDDHALEPA BALM 50G,2,2024-08-31 18:49:51,0.98,101041.0,300.0,600.0,Trincomalee
511251,40006,MUNCHEE SUPER CREAM CRACKER 500G,3,2024-09-01 14:21:16,1.75,101058.0,535.0,1605.0,Kalutara
511252,40091,USWATTE SPICES MIXED CURRY POWDER 100G,5,2024-09-05 11:50:28,0.85,101164.0,260.0,1300.0,Moneragala
511253,40007,MUNCHEE CHOCOLATE BISCUIT 200G,1,2024-09-07 10:56:40,0.85,101155.0,260.0,260.0,Colombo
511254,40021,ELEPHANT HOUSE VANILLA ICE CREAM 1L,1,2024-09-08 18:27:12,3.13,101164.0,955.0,955.0,Colombo
511255,40005,WATAWALA TEA 400G,2,2024-09-09 12:44:45,3.05,101004.0,930.0,1860.0,Gampaha
511256,40017,MD MIXED FRUIT JAM 500G,6,2024-09-09 16:54:23,2.54,101047.0,775.0,4650.0,Gampaha
511257,40067,COLGATE TOOTHPASTE 120G,3,2024-09-10 10:08:43,0.93,101002.0,285.0,855.0,Ratnapura
511258,40086,FITS COOKING OIL 1L,2,2024-09-10 17:36:51,4.3,101132.0,1310.0,2620.0,Batticaloa
511259,40091,USWATTE SPICES MIXED CURRY POWDER 100G,3,2024-09-10 18:18:09,0.85,101051.0,260.0,780.0,Badulla
511260,40047,PELWATTE BUTTER 200G,3,2024-09-14 19:44:37,2.93,101004.0,895.0,2685.0,Gampaha
511261,40002,DILMAH EARL GREY TEA 50 BAGS,2,2024-09-15 17:57:28,3.33,101044.0,1015.0,2030.0,Kegalle
511262,40001,DILMAH CEYLON TEA 500G,6,2024-09-16 14:52:30,4.69,101154.0,1430.0,8580.0,Puttalam
511263,40040,SIGNAL TOOTHPASTE 120G,1,2024-09-16 17:06:30,0.9,101219.0,275.0,275.0,Matara
511264,40047,PELWATTE BUTTER 200G,2,2024-09-16 17:17:05,2.93,101006.0,895.0,1790.0,Colombo
511265,40053,WIJAYA CHILLI POWDER 250G,5,2024-09-17 15:13:10,1.75,,535.0,2675.0,Kalutara
511266,40024,HIGHLAND MILK 1L,2,2024-09-20 08:56:04,1.56,101092.0,475.0,950.0,Gampaha
511267,40073,DELMEGE BASMATI RICE 5KG,15,2024-09-22 08:46:29,8.21,101131.0,2505.0,37575.0,Moneragala
511268,40002,DILMAH EARL GREY TEA 50 BAGS,8,2024-09-23 17:01:48,3.33,101027.0,1015.0,8120.0,Gampaha
511269,40082,NECTO 1.5L,5,2024-09-23 18:22:35,1.36,101081.0,415.0,2075.0,Matale
511270,40006,MUNCHEE SUPER CREAM CRACKER 500G,4,2024-09-24 13:26:01,1.75,101051.0,535.0,2140.0,Batticaloa
511271,40003,DILMAH GREEN TEA 20 BAGS,2,2024-09-24 16:03:48,2.15,101084.0,655.0,1310.0,Colombo
511272,40014,SPA CEYLON HAND CREAM,12,2024-09-26 08:59:25,8.61,101200.0,2625.0,31500.0,Nuwara Eliya
511273,DELV,COURIER DELIVERY CHARGE,1,2024-09-28 09:05:22,3.0,,915.0,915.0,Badulla
511274,40056,SUNSILK BLACK SHAMPOO 200ML,1,2024-09-29 11:24:30,2.15,101067.0,655.0,655.0,Kandy
511275,40001,DILMAH CEYLON TEA 500G,3,2024-10-01 15:30:43,4.69,101134.0,1430.0,4290.0,Kandy
511276,40001,DILMAH CEYLON TEA 500G,1,2024-10-01 16:34:00,4.69,,1430.0,1430.0,Kandy
511277,40056,SUNSILK BLACK SHAMPOO 200ML,4,2024-10-01 19:34:54,2.15,101203.0,655.0,2620.0,Kilinochchi
511278,40001,DILMAH CEYLON TEA 500G,3,2024-10-02 12:55:43,4.69,101028.0,1430.0,4290.0,Colombo
511279,40045,PANADOL 100 TABLETS,8,2024-10-03 20:34:22,1.75,,535.0,4280.0,Badulla
511280,40061,VELVET BEAUTY SOAP 100G,5,2024-10-05 11:36:53,0.59,101047.0,180.0,900.0,Polonnaruwa
511281,40013,SPA CEYLON SLEEP BODY LOTION,6,2024-10-05 12:33:37,13.69,101075.0,4175.0,25050.0,Anuradhapura
511282,40062,NESTOMALT 400G,5,2024-10-06 19:08:33,2.43,101081.0,740.0,3700.0,Colombo
511283,40068,CLOSE UP TOOTHPASTE 120G,1,2024-10-09 09:31:48,0.92,101199.0,280.0,280.0,Colombo
511284,40019,ELEPHANT HOUSE GINGER BEER 1.5L,2,2024-10-09 20:00:15,1.56,101134.0,475.0,950.0,Nuwara Eliya
511285,40007,MUNCHEE CHOCOLATE BISCUIT 200G,2,2024-10-10 13:15:59,0.85,101009.0,260.0,520.0,Kurunegala
511286,40009,MUNCHEE TIKIRI MARIE 80G,12,2024-10-12 12:46:31,0.28,101157.0,85.0,1020.0,Kalutara
511287,40078,SOFTLOGIC COCONUT MILK 400ML,1,2024-10-12 18:10:36,1.25,101050.0,380.0,380.0,Jaffna
511288,40002,DILMAH EARL GREY TEA 50 BAGS,2,2024-10-13 09:51:41,3.33,101021.0,1015.0,2030.0,Badulla
511289,40004,ZESTA TEA 400G,1,2024-10-13 11:10:40,4.1,101212.0,1250.0,1250.0,Gampaha
511290,40001,DILMAH CEYLON TEA 500G,3,2024-10-14 20:08:46,4.69,101095.0,1430.0,4290.0,Colombo
511291,40037,MOTHA STRAWBERRY JELLY 100G,3,2024-10-15 10:51:30,0.48,101097.0,145.0,435.0,Gampaha
511292,40053,WIJAYA CHILLI POWDER 250G,1,2024-10-15 11:28:02,1.75,101091.0,535.0,535.0,Hambantota
511293,40008,MUNCHEE LEMON PUFF 200G,5,2024-10-15 20:32:00,0.79,101033.0,240.0,1200.0,Ampara
511294,40021,ELEPHANT HOUSE VANILLA ICE CREAM 1L,10,2024-10-16 11:21:06,3.13,101096.0,955.0,9550.0,Badulla
511295,40005,WATAWALA TEA 400G,1,2024-10-16 12:49:46,3.05,101086.0,930.0,930.0,Gampaha
511296,40011,MALIBAN LEMON PUFF 200G,4,2024-10-17 09:42:07,0.79,101031.0,240.0,960.0,Puttalam
511297,40085,RANFAT COOKING OIL 1L,10,2024-10-18 10:23:14,4.49,,1370.0,13700.0,Gampaha
511298,40003,DILMAH GREEN TEA 20 BAGS,3,2024-10-18 11:16:16,2.15,101068.0,655.0,1965.0,Badulla
511299,40051,LANKA SOY CHICKEN FLAVOUR 90G,8,2024-10-20 08:03:42,0.48,101001.0,145.0,1160.0,Gampaha
511300,40040,SIGNAL TOOTHPASTE 120G,3,2024-10-22 10:34:53,0.9,101203.0,275.0,825.0,Matara
511301,40022,ANCHOR MILK POWDER 400G,1,2024-10-24 11:58:19,4.49,101004.0,1370.0,1370.0,Kegalle
511302,40003,DILMAH GREEN TEA 20 BAGS,3,2024-10-24 19:17:16,2.15,101017.0,655.0,1965.0,Anuradhapura
511303,40006,MUNCHEE SUPER CREAM CRACKER 500G,1,2024-10-25 16:58:36,1.75,101167.0,535.0,535.0,Jaffna
511304,40003,DILMAH GREEN TEA 20 BAGS,6,2024-10-28 08:43:04,2.15,101044.0,655.0,3930.0,Trincomalee
511305,40086,FITS COOKING OIL 1L,4,2024-10-28 10:33:58,4.3,101014.0,1310.0,5240.0,Kandy
511306,DELV,COURIER DELIVERY CHARGE,3,2024-10-28 20:58:21,3.0,101010.0,915.0,2745.0,Hambantota
511307,40002,DILMAH EARL GREY TEA 50 BAGS,2,2024-10-30 17:38:31,3.33,101103.0,1015.0,2030.0,Kandy
511308,40044,HAPPY COW CHEESE 120G,3,2024-10-31 08:10:38,3.33,101173.0,1015.0,3045.0,Kandy
511309,40002,DILMAH EARL GREY TEA 50 BAGS,2,2024-10-31 09:58:29,3.33,101068.0,1015.0,2030.0,Matale
511310,40017,MD MIXED FRUIT JAM 500G,5,2024-11-01 10:04:17,2.54,101097.0,775.0,3875.0,Colombo
511311,40028,BAIRAHA CHICKEN 1KG,1,2024-11-01 12:33:13,5.67,101050.0,1730.0,1730.0,Gampaha
511312,40003,DILMAH GREEN TEA 20 BAGS,1,2024-11-01 15:04:56,2.15,101105.0,655.0,655.0,Gampaha
511313,40066,PONDS TALCUM POWDER 100G,1,2024-11-01 20:31:50,1.49,101060.0,455.0,455.0,Galle
511314,40042,MARINA COCONUT OIL 1L,1,2024-11-02 15:07:23,3.72,101019.0,1135.0,1135.0,Anuradhapura
511315,40021,ELEPHANT HOUSE VANILLA ICE CREAM 1L,6,2024-11-02 16:20:41,3.13,101051.0,955.0,5730.0,Kandy
511316,40022,ANCHOR MILK POWDER 400G,12,2024-11-02 19:15:58,4.49,101018.0,1370.0,16440.0,Kandy
511317,40001,DILMAH CEYLON TEA 500G,1,2024-11-03 14:55:06,4.69,101015.0,1430.0,1430.0,Colombo
511318,40004,ZESTA TEA 400G,3,2024-11-04 14:59:41,4.1,,1250.0,3750.0,Vavuniya
511319,40025,KOTMALE FRESH MILK 1L,5,2024-11-04 19:49:01,1.75,101191.0,535.0,2675.0,Gampaha
511320,40029,KIST TOMATO KETCHUP 400G,4,2024-11-05 09:04:35,1.75,,535.0,2140.0,Moneragala
511321,40001,DILMAH CEYLON TEA 500G,3,2024-11-05 09:14:00,4.69,101051.0,1430.0,4290.0,Kalutara
511322,40035,CBL SAMAPOSHA 200G,4,2024-11-05 18:58:38,0.7,101122.0,215.0,860.0,Jaffna
511323,40013,SPA CEYLON SLEEP BODY LOTION,2,2024-11-07 19:00:57,13.69,101041.0,4175.0,8350.0,Colombo
511324,40008,MUNCHEE LEMON PUFF 200G,5,2024-11-09 14:53:54,0.79,,240.0,1200.0,Kalutara
511325,40006,MUNCHEE SUPER CREAM CRACKER 500G,20,2024-11-11 08:35:45,1.75,101036.0,535.0,10700.0,Kegalle
511326,40013,SPA CEYLON SLEEP BODY LOTION,3,2024-11-11 10:12:09,13.69,101145.0,4175.0,12525.0,Kurunegala
511327,40003,DILMAH GREEN TEA 20 BAGS,1,2024-11-11 18:01:19,2.15,,655.0,655.0,Colombo
511328,40009,MUNCHEE TIKIRI MARIE 80G,2,2024-11-15 10:55:59,0.28,101075.0,85.0,170.0,Gampaha
511329,40054,PEARS BABY POWDER 100G,3,2024-11-16 17:51:25,0.98,,300.0,900.0,Polonnaruwa
511330,40037,MOTHA STRAWBERRY JELLY 100G,1,2024-11-16 19:56:48,0.48,,145.0,145.0,Matara
511331,40034,HARISCHANDRA COFFEE 100G,1,2024-11-17 12:20:18,1.49,101081.0,455.0,455.0,Kurunegala
511332,40002,DILMAH EARL GREY TEA 50 BAGS,3,2024-11-17 15:26:14,3.33,101113.0,1015.0,3045.0,Anuradhapura
511333,40002,DILMAH EARL GREY TEA 50 BAGS,1,2024-11-18 17:22:15,3.33,101156.0,1015.0,1015.0,Kegalle
511334,40088,CARGILLS FRESH EGGS (10),4,2024-11-18 18:48:21,1.36,101007.0,415.0,1660.0,Kurunegala
511335,40065,FAIR & LOVELY CREAM 50G,6,2024-11-19 11:44:39,1.25,101074.0,380.0,2280.0,Gampaha
511336,40069,ANCHOR BUTTER 200G,6,2024-11-20 10:12:26,3.05,101074.0,930.0,5580.0,Puttalam
511337,40031,PRIMA KOTTU MEE CUP,6,2024-11-20 19:46:50,0.59,101007.0,180.0,1080.0,Kalutara
511338,40002,DILMAH EARL GREY TEA 50 BAGS,4,2024-11-21 12:26:40,3.33,101039.0,1015.0,4060.0,Colombo
511339,40019,ELEPHANT HOUSE GINGER BEER 1.5L,20,2024-11-23 13:05:10,1.56,,475.0,9500.0,Kandy
511340,40023,RATHTHI MILK POWDER 400G,2,2024-11-23 16:09:30,4.3,101120.0,1310.0,2620.0,Ratnapura
511341,40092,ARALIYA COCONUT MILK POWDER 300G,5,2024-11-24 09:04:48,2.74,101131.0,835.0,4175.0,Jaffna
511342,40004,ZESTA TEA 400G,4,2024-11-25 09:01:20,4.1,101181.0,1250.0,5000.0,Ampara
511343,40055,LIFEBUOY SOAP 100G,2,2024-11-25 11:02:55,0.51,101159.0,155.0,310.0,Moneragala
511344,40003,DILMAH GREEN TEA 20 BAGS,5,2024-11-25 14:08:11,2.15,101163.0,655.0,3275.0,Ratnapura
511345,40084,AKBAR TEA 400G,2,2024-11-26 17:25:28,2.74,101021.0,835.0,1670.0,Kegalle
511346,40001,DILMAH CEYLON TEA 500G,1,2024-11-27 08:03:30,4.69,101128.0,1430.0,1430.0,Matara
511347,DELV,COURIER DELIVERY CHARGE,3,2024-12-01 14:59:42,3.0,101043.0,915.0,2745.0,Anuradhapura
511348,40036,MAGGI COCONUT MILK POWDER 300G,12,2024-12-02 13:05:39,2.93,101163.0,895.0,10740.0,Trincomalee
511349,40059,SURF EXCEL 1KG,10,2024-12-02 20:40:30,3.33,101005.0,1015.0,10150.0,Colombo
511350,40008,MUNCHEE LEMON PUFF 200G,4,2024-12-03 14:50:16,0.79,101094.0,240.0,960.0,Kegalle
511351,40077,PILAWOOS FALOODA MIX 200G,3,2024-12-05 16:44:06,1.36,101037.0,415.0,1245.0,Colombo
511352,40080,COCA-COLA 1.5L,1,2024-12-06 10:58:08,1.36,101013.0,415.0,415.0,Polonnaruwa
511353,40073,DELMEGE BASMATI RICE 5KG,15,2024-12-06 13:45:34,8.21,101076.0,2505.0,37575.0,Colombo
511354,40021,ELEPHANT HOUSE VANILLA ICE CREAM 1L,5,2024-12-08 08:08:38,3.13,101106.0,955.0,4775.0,Kandy
511355,40015,SIDDHALEPA BALM 50G,3,2024-12-09 12:04:52,0.98,101035.0,300.0,900.0,Colombo
511356,40003,DILMAH GREEN TEA 20 BAGS,6,2024-12-09 16:55:31,2.15,101011.0,655.0,3930.0,Colombo
511357,40010,MALIBAN MARIE BISCUITS 400G,2,2024-12-11 10:02:45,1.36,101004.0,415.0,830.0,Gampaha
511358,40001,DILMAH CEYLON TEA 500G,1,2024-12-13 14:36:41,4.69,,1430.0,1430.0,Matara
511359,40069,ANCHOR BUTTER 200G,1,2024-12-13 15:27:03,3.05,101011.0,930.0,930.0,Nuwara Eliya
511360,40006,MUNCHEE SUPER CREAM CRACKER 500G,2,2024-12-13 16:52:02,1.75,101018.0,535.0,1070.0,Gampaha
511361,40001,DILMAH CEYLON TEA 500G,12,2024-12-14 20:41:12,4.69,,1430.0,17160.0,Puttalam
511362,40053,WIJAYA CHILLI POWDER 250G,2,2024-12-15 11:42:55,1.75,,535.0,1070.0,Kandy
511363,40026,KITHUL TREACLE 750ML,2,2024-12-16 16:55:16,7.03,101078.0,2145.0,4290.0,Galle
511364,40030,KIST MIXED FRUIT NECTAR 1L,5,2024-12-16 17:58:53,2.15,,655.0,3275.0,Gampaha
511365,40002,DILMAH EARL GREY TEA 50 BAGS,1,2024-12-17 11:19:35,3.33,101010.0,1015.0,1015.0,Jaffna
511366,40017,MD MIXED FRUIT JAM 500G,1,2024-12-17 18:10:54,2.54,,775.0,775.0,Kalutara
511367,40002,DILMAH EARL GREY TEA 50 BAGS,3,2024-12-20 10:53:24,3.33,101072.0,1015.0,3045.0,Kandy
511368,40001,DILMAH CEYLON TEA 500G,4,2024-12-21 20:24:28,4.69,,1430.0,5720.0,Hambantota
511369,40009,MUNCHEE TIKIRI MARIE 80G,4,2024-12-23 13:04:02,0.28,101011.0,85.0,340.0,Moneragala
511370,40016,LINK SAMAHAN BOX (100 PACKETS),2,2024-12-24 16:15:50,5.87,101127.0,1790.0,3580.0,Trincomalee
511371,40068,CLOSE UP TOOTHPASTE 120G,3,2024-12-25 17:11:49,0.92,101072.0,280.0,840.0,Kurunegala
511372,40005,WATAWALA TEA 400G,10,2024-12-25 20:40:16,3.05,101218.0,930.0,9300.0,Colombo
511373,40090,RITZBURY CHOCOLATE BAR 100G,3,2024-12-26 16:02:06,1.02,101002.0,310.0,930.0,Gampaha
511374,40064,HORLICKS 500G,1,2024-12-26 16:09:11,3.72,,1135.0,1135.0,Gampaha
511375,40006,MUNCHEE SUPER CREAM CRACKER 500G,3,2024-12-27 08:53:02,1.75,101123.0,535.0,1605.0,Kalutara
511376,40007,MUNCHEE CHOCOLATE BISCUIT 200G,8,2024-12-28 18:57:15,0.85,101013.0,260.0,2080.0,Kurunegala
511377,40011,MALIBAN LEMON PUFF 200G,2,2024-12-29 12:50:10,0.79,,240.0,480.0,Galle
511378,40069,ANCHOR BUTTER 200G,1,2024-12-29 16:24:21,3.05,,930.0,930.0,Ratnapura
511379,40077,PILAWOOS FALOODA MIX 200G,4,2024-12-30 11:00:07,1.36,101103.0,415.0,1660.0,Gampaha
511380,40062,NESTOMALT 400G,2,2024-12-30 11:24:06,2.43,101073.0,740.0,1480.0,Colombo
511381,40052,WIJAYA ROASTED CURRY POWDER 250G,2,2025-01-01 08:03:34,1.68,101007.0,500.0,1000.0,Kurunegala
511382,40078,SOFTLOGIC COCONUT MILK 400ML,1,2025-01-04 20:16:50,1.35,,400.0,400.0,Gampaha
511383,40008,MUNCHEE LEMON PUFF 200G,3,2025-01-08 16:11:29,0.84,101132.0,250.0,750.0,Kandy
511384,40006,MUNCHEE SUPER CREAM CRACKER 500G,6,2025-01-09 15:03:47,1.89,101062.0,560.0,3360.0,Ratnapura
511385,40029,KIST TOMATO KETCHUP 400G,3,2025-01-09 17:55:10,1.89,101007.0,560.0,1680.0,Gampaha
511386,40003,DILMAH GREEN TEA 20 BAGS,1,2025-01-10 11:13:41,2.31,101129.0,685.0,685.0,Kegalle
511387,40042,MARINA COCONUT OIL 1L,8,2025-01-10 16:03:33,3.99,101057.0,1185.0,9480.0,Nuwara Eliya
511388,40053,WIJAYA CHILLI POWDER 250G,4,2025-01-10 16:48:47,1.89,101157.0,560.0,2240.0,Kandy
511389,40003,DILMAH GREEN TEA 20 BAGS,2,2025-01-12 08:19:27,2.31,101111.0,685.0,1370.0,Badulla
511390,40039,CLOGARD TOOTHPASTE 120G,8,2025-01-12 12:25:01,0.93,101011.0,275.0,2200.0,Kurunegala
511391,40062,NESTOMALT 400G,3,2025-01-12 20:30:33,2.61,101012.0,775.0,2325.0,Colombo
511392,40082,NECTO 1.5L,1,2025-01-14 16:10:36,1.46,101096.0,435.0,435.0,Gampaha
511393,40001,DILMAH CEYLON TEA 500G,5,2025-01-14 17:43:35,5.03,101050.0,1495.0,7475.0,Colombo
511394,40004,ZESTA TEA 400G,3,2025-01-14 18:44:17,4.41,101048.0,1310.0,3930.0,Colombo
511395,40049,ROZA PASTA MACARONI 400G,10,2025-01-15 10:18:04,1.26,101071.0,375.0,3750.0,Polonnaruwa
511396,40039,CLOGARD TOOTHPASTE 120G,1,2025-01-18 17:49:37,0.93,101072.0,275.0,275.0,Ratnapura
511397,40014,SPA CEYLON HAND CREAM,8,2025-01-18 18:09:54,9.23,101057.0,2740.0,21920.0,Kegalle
511398,40028,BAIRAHA CHICKEN 1KG,2,2025-01-19 10:02:11,6.08,101097.0,1805.0,3610.0,Polonnaruwa
511399,40004,ZESTA TEA 400G,1,2025-01-19 19:09:56,4.41,101081.0,1310.0,1310.0,Kurunegala
511400,40034,HARISCHANDRA COFFEE 100G,1,2025-01-21 13:17:30,1.6,,475.0,475.0,Colombo
511401,40017,MD MIXED FRUIT JAM 500G,1,2025-01-21 15:16:35,2.73,101030.0,810.0,810.0,Anuradhapura
511402,40018,MD MANGO CHUTNEY 400G,4,2025-01-22 08:55:37,2.73,101013.0,810.0,3240.0,Ratnapura
511403,40024,HIGHLAND MILK 1L,3,2025-01-23 09:53:39,1.68,101152.0,500.0,1500.0,Nuwara Eliya
511404,40018,MD MANGO CHUTNEY 400G,6,2025-01-24 18:34:53,2.73,,810.0,4860.0,Anuradhapura
511405,40071,MA MA NOODLES 5 PACK,3,2025-01-24 19:34:27,1.68,101173.0,500.0,1500.0,Colombo
511406,40083,BOGAWANTALAWA TEA 400G,8,2025-01-24 20:51:26,3.77,101014.0,1120.0,8960.0,Kalutara
511407,40002,DILMAH EARL GREY TEA 50 BAGS,3,2025-01-25 09:02:46,3.57,101082.0,1060.0,3180.0,Jaffna
511408,40007,MUNCHEE CHOCOLATE BISCUIT 200G,4,2025-01-25 09:43:24,0.93,101002.0,275.0,1100.0,Kandy
511409,40010,MALIBAN MARIE BISCUITS 400G,2,2025-01-25 10:04:08,1.46,101145.0,435.0,870.0,Colombo
511410,40014,SPA CEYLON HAND CREAM,5,2025-01-25 11:12:05,9.23,101007.0,2740.0,13700.0,Trincomalee
511411,40038,MOTHA FALUDA MIX 100G,3,2025-01-28 18:42:21,0.84,101121.0,250.0,750.0,Kurunegala
511412,40007,MUNCHEE CHOCOLATE BISCUIT 200G,2,2025-01-29 17:42:17,0.93,,275.0,550.0,Ratnapura
511413,40051,LANKA SOY CHICKEN FLAVOUR 90G,6,2025-01-30 18:25:00,0.51,101006.0,150.0,900.0,Kilinochchi
511414,40083,BOGAWANTALAWA TEA 400G,2,2025-01-30 18:45:23,3.77,101084.0,1120.0,2240.0,Jaffna
511415,40059,SURF EXCEL 1KG,2,2025-01-30 20:38:08,3.57,101100.0,1060.0,2120.0,Kalutara
511416,40001,DILMAH CEYLON TEA 500G,3,2025-02-01 10:04:40,5.03,101081.0,1495.0,4485.0,Kandy
511417,40073,DELMEGE BASMATI RICE 5KG,4,2025-02-04 15:24:24,8.8,101127.0,2615.0,10460.0,Colombo
511418,40076,CEYLON COLD STORES YOGHURT 80G,2,2025-02-06 08:02:01,0.37,101129.0,110.0,220.0,Colombo
511419,40019,ELEPHANT HOUSE GINGER BEER 1.5L,3,2025-02-06 20:04:52,1.68,101010.0,500.0,1500.0,Jaffna
511420,40062,NESTOMALT 400G,2,2025-02-08 13:44:08,2.61,101142.0,775.0,1550.0,Kandy
511421,40013,SPA CEYLON SLEEP BODY LOTION,2,2025-02-08 20:44:23,14.68,101112.0,4360.0,8720.0,Kegalle
511422,40036,MAGGI COCONUT MILK POWDER 300G,2,2025-02-09 08:25:53,3.15,101196.0,935.0,1870.0,Galle
511423,40082,NECTO 1.5L,6,2025-02-09 19:36:56,1.46,101138.0,435.0,2610.0,Colombo
511424,40003,DILMAH GREEN TEA 20 BAGS,10,2025-02-15 08:40:09,2.31,101016.0,685.0,6850.0,Gampaha
511425,40012,MALIBAN CREAM CRACKER 500G,4,2025-02-18 11:36:15,1.77,101113.0,525.0,2100.0,Jaffna
511426,40002,DILMAH EARL GREY TEA 50 BAGS,8,2025-02-19 16:54:01,3.57,101038.0,1060.0,8480.0,Gampaha
511427,40006,MUNCHEE SUPER CREAM CRACKER 500G,4,2025-02-19 20:05:33,1.89,101038.0,560.0,2240.0,Vavuniya
511428,40079,CEYLON TOBACCO (CIGARETTES PACK),10,2025-02-20 15:33:35,5.03,101115.0,1495.0,14950.0,Matara
511429,40077,PILAWOOS FALOODA MIX 200G,3,2025-02-21 11:05:21,1.46,101057.0,435.0,1305.0,Hambantota
511430,40006,MUNCHEE SUPER CREAM CRACKER 500G,8,2025-02-21 18:30:09,1.89,101151.0,560.0,4480.0,Colombo
511431,40004,ZESTA TEA 400G,1,2025-02-21 18:56:13,4.41,101193.0,1310.0,1310.0,Jaffna
511432,40007,MUNCHEE CHOCOLATE BISCUIT 200G,1,2025-02-22 12:52:20,0.93,101218.0,275.0,275.0,Gampaha
511433,40017,MD MIXED FRUIT JAM 500G,1,2025-02-22 18:48:56,2.73,101100.0,810.0,810.0,Kurunegala
511434,40008,MUNCHEE LEMON PUFF 200G,1,2025-02-23 09:31:38,0.84,101120.0,250.0,250.0,Badulla
511435,40032,PRIMA STELLA NOODLES 400G,1,2025-02-23 17:59:19,1.18,,350.0,350.0,Gampaha
511436,40042,MARINA COCONUT OIL 1L,3,2025-02-24 10:40:54,3.99,,1185.0,3555.0,Matara
511437,40019,ELEPHANT HOUSE GINGER BEER 1.5L,1,2025-02-25 18:11:06,1.68,101162.0,500.0,500.0,Kalutara
511438,40010,MALIBAN MARIE BISCUITS 400G,4,2025-02-28 20:40:29,1.46,101170.0,435.0,1740.0,Hambantota
511439,40074,ARALIYA WHITE RICE 5KG,1,2025-03-03 17:07:34,6.08,101195.0,1805.0,1805.0,Gampaha
511440,40058,DIVA WASHING POWDER 1KG,5,2025-03-04 20:05:46,2.73,,810.0,4050.0,Anuradhapura
511441,40030,KIST MIXED FRUIT NECTAR 1L,4,2025-03-06 17:56:26,2.31,101060.0,685.0,2740.0,Colombo
511442,40021,ELEPHANT HOUSE VANILLA ICE CREAM 1L,2,2025-03-08 20:50:46,3.35,101020.0,995.0,1990.0,Gampaha
511443,40014,SPA CEYLON HAND CREAM,5,2025-03-09 15:21:48,9.23,101008.0,2740.0,13700.0,Vavuniya
511444,40001,DILMAH CEYLON TEA 500G,3,2025-03-11 13:58:04,5.03,,1495.0,4485.0,Jaffna
511445,40045,PANADOL 100 TABLETS,8,2025-03-11 15:44:00,1.89,101107.0,560.0,4480.0,Ratnapura
511446,40002,DILMAH EARL GREY TEA 50 BAGS,3,2025-03-12 14:38:28,3.57,101079.0,1060.0,3180.0,Anuradhapura
511447,40001,DILMAH CEYLON TEA 500G,2,2025-03-12 17:36:56,5.03,101033.0,1495.0,2990.0,Galle
511448,40001,DILMAH CEYLON TEA 500G,1,2025-03-14 17:11:44,5.03,101001.0,1495.0,1495.0,Polonnaruwa
511449,40002,DILMAH EARL GREY TEA 50 BAGS,3,2025-03-14 18:51:17,3.57,101194.0,1060.0,3180.0,Galle
511450,40011,MALIBAN LEMON PUFF 200G,1,2025-03-15 09:55:04,0.84,101034.0,250.0,250.0,Hambantota
511451,40007,MUNCHEE CHOCOLATE BISCUIT 200G,1,2025-03-15 14:25:28,0.93,101195.0,275.0,275.0,Kandy
511452,40042,MARINA COCONUT OIL 1L,4,2025-03-15 18:18:51,3.99,101073.0,1185.0,4740.0,Kandy
511453,40032,PRIMA STELLA NOODLES 400G,4,2025-03-15 19:33:54,1.18,101071.0,350.0,1400.0,Ratnapura
511454,40058,DIVA WASHING POWDER 1KG,3,2025-03-16 13:03:56,2.73,101037.0,810.0,2430.0,Colombo
511455,40074,ARALIYA WHITE RICE 5KG,8,2025-03-21 08:21:25,6.08,101129.0,1805.0,14440.0,Gampaha
511456,40015,SIDDHALEPA BALM 50G,4,2025-03-22 11:27:32,1.04,101025.0,310.0,1240.0,Jaffna
511457,40033,HARISCHANDRA NOODLES 400G,3,2025-03-22 12:39:39,1.04,101024.0,310.0,930.0,Ampara
511458,40050,RANCRISP CASHEWS 50G,12,2025-03-27 19:34:00,1.46,101178.0,435.0,5220.0,Kalutara
511459,40039,CLOGARD TOOTHPASTE 120G,4,2025-03-28 15:56:14,0.93,,275.0,1100.0,Badulla
511460,40031,PRIMA KOTTU MEE CUP,10,2025-03-29 15:57:19,0.62,101043.0,185.0,1850.0,Badulla
511461,40002,DILMAH EARL GREY TEA 50 BAGS,8,2025-03-29 17:46:30,3.57,101158.0,1060.0,8480.0,Kegalle
511462,40001,DILMAH CEYLON TEA 500G,10,2025-04-01 14:41:44,5.03,101129.0,1495.0,14950.0,Batticaloa
511463,40002,DILMAH EARL GREY TEA 50 BAGS,4,2025-04-01 17:10:10,3.57,101095.0,1060.0,4240.0,Mannar
511464,40052,WIJAYA ROASTED CURRY POWDER 250G,4,2025-04-01 18:51:47,1.68,,500.0,2000.0,Colombo
511465,40025,KOTMALE FRESH MILK 1L,3,2025-04-03 12:33:13,1.89,101183.0,560.0,1680.0,Kegalle
511466,40064,HORLICKS 500G,6,2025-04-03 16:12:31,3.99,101077.0,1185.0,7110.0,Colombo
511467,DELV,COURIER DELIVERY CHARGE,4,2025-04-04 15:02:07,3.0,101019.0,891.0,3564.0,Kurunegala
511468,40063,MILO 400G,2,2025-04-05 08:21:11,3.27,101027.0,970.0,1940.0,Kegalle
511469,40066,PONDS TALCUM POWDER 100G,2,2025-04-05 19:31:55,1.6,101023.0,475.0,950.0,Colombo
511470,40008,MUNCHEE LEMON PUFF 200G,3,2025-04-06 20:55:45,0.84,101085.0,250.0,750.0,Anuradhapura
511471,40063,MILO 400G,4,2025-04-09 14:23:19,3.27,101126.0,970.0,3880.0,Kegalle
511472,40020,ELEPHANT HOUSE CREAM SODA 1.5L,1,2025-04-09 17:46:34,1.68,101068.0,500.0,500.0,Anuradhapura
511473,40077,PILAWOOS FALOODA MIX 200G,3,2025-04-11 14:39:12,1.46,,435.0,1305.0,Polonnaruwa
511474,40020,ELEPHANT HOUSE CREAM SODA 1.5L,8,2025-04-11 19:17:09,1.68,101197.0,500.0,4000.0,Anuradhapura
511475,40001,DILMAH CEYLON TEA 500G,4,2025-04-14 08:35:59,5.03,101050.0,1495.0,5980.0,Badulla
511476,40042,MARINA COCONUT OIL 1L,2,2025-04-14 11:46:22,3.99,101125.0,1185.0,2370.0,Kandy
511477,40027,KEELLS CHICKEN SAUSAGES 500G,6,2025-04-14 20:37:00,3.99,101021.0,1185.0,7110.0,Jaffna
511478,40004,ZESTA TEA 400G,5,2025-04-15 10:44:34,4.41,101132.0,1310.0,6550.0,Kandy
511479,40068,CLOSE UP TOOTHPASTE 120G,4,2025-04-17 08:36:34,0.99,101063.0,295.0,1180.0,Kandy
511480,40059,SURF EXCEL 1KG,8,2025-04-19 11:08:31,3.57,101214.0,1060.0,8480.0,Jaffna
511481,40027,KEELLS CHICKEN SAUSAGES 500G,3,2025-04-20 16:46:43,3.99,101181.0,1185.0,3555.0,Kandy
511482,40017,MD MIXED FRUIT JAM 500G,1,2025-04-21 14:47:51,2.73,,810.0,810.0,Gampaha
511483,40016,LINK SAMAHAN BOX (100 PACKETS),1,2025-04-22 10:29:53,6.3,101001.0,1870.0,1870.0,Hambantota
511484,40068,CLOSE UP TOOTHPASTE 120G,1,2025-04-23 15:31:23,0.99,101148.0,295.0,295.0,Kegalle
511485,40057,VIM DISHWASH LIQUID 500ML,1,2025-04-23 16:32:12,1.89,101120.0,560.0,560.0,Gampaha
511486,40076,CEYLON COLD STORES YOGHURT 80G,1,2025-04-24 09:12:04,0.37,101009.0,110.0,110.0,Polonnaruwa
511487,40002,DILMAH EARL GREY TEA 50 BAGS,1,2025-04-25 10:41:25,3.57,101019.0,1060.0,1060.0,Matara
511488,40010,MALIBAN MARIE BISCUITS 400G,2,2025-04-25 12:45:52,1.46,101043.0,435.0,870.0,Anuradhapura
511489,40006,MUNCHEE SUPER CREAM CRACKER 500G,10,2025-04-26 16:31:47,1.89,101141.0,560.0,5600.0,Hambantota
511490,40041,BABY CHERAMY SOAP 90G,1,2025-04-26 16:42:49,0.59,101046.0,175.0,175.0,Vavuniya
511491,40011,MALIBAN LEMON PUFF 200G,1,2025-04-26 17:51:45,0.84,101105.0,250.0,250.0,Anuradhapura
511492,40028,BAIRAHA CHICKEN 1KG,6,2025-04-28 10:48:29,6.08,101135.0,1805.0,10830.0,Polonnaruwa
511493,40070,NESPRAY MILK POWDER 400G,4,2025-04-28 14:23:29,4.95,101011.0,1470.0,5880.0,Kurunegala
511494,40006,MUNCHEE SUPER CREAM CRACKER 500G,1,2025-04-29 20:21:18,1.89,101187.0,560.0,560.0,Kegalle
511495,40006,MUNCHEE SUPER CREAM CRACKER 500G,3,2025-05-01 09:30:21,1.89,101018.0,560.0,1680.0,Kalutara
511496,40060,SUNLIGHT SOAP 115G,3,2025-05-02 10:07:45,0.51,101116.0,150.0,450.0,Matale
511497,40005,WATAWALA TEA 400G,3,2025-05-02 10:35:17,3.27,,970.0,2910.0,Colombo
511498,40019,ELEPHANT HOUSE GINGER BEER 1.5L,3,2025-05-03 17:08:32,1.68,,500.0,1500.0,Puttalam
511499,40001,DILMAH CEYLON TEA 500G,6,2025-05-03 19:58:43,5.03,101189.0,1495.0,8970.0,Colombo
511500,40007,MUNCHEE CHOCOLATE BISCUIT 200G,4,2025-05-04 13:22:44,0.93,101055.0,275.0,1100.0,Gampaha
511501,40056,SUNSILK BLACK SHAMPOO 200ML,1,2025-05-04 17:07:01,2.31,101197.0,685.0,685.0,Gampaha
511502,40087,CARGILLS MAGIC SAUSAGES 400G,2,2025-05-04 17:46:02,3.27,101114.0,970.0,1940.0,Hambantota
511503,40052,WIJAYA ROASTED CURRY POWDER 250G,3,2025-05-05 18:42:56,1.68,101120.0,500.0,1500.0,Jaffna
511504,40051,LANKA SOY CHICKEN FLAVOUR 90G,2,2025-05-05 19:30:31,0.51,101136.0,150.0,300.0,Kurunegala
511505,40018,MD MANGO CHUTNEY 400G,1,2025-05-08 13:30:27,2.73,,810.0,810.0,Vavuniya
511506,40092,ARALIYA COCONUT MILK POWDER 300G,2,2025-05-08 19:16:20,2.93,101028.0,870.0,1740.0,Colombo
511507,40002,DILMAH EARL GREY TEA 50 BAGS,5,2025-05-09 17:43:44,3.57,101101.0,1060.0,5300.0,Nuwara Eliya
511508,40012,MALIBAN CREAM CRACKER 500G,2,2025-05-09 18:05:03,1.77,101005.0,525.0,1050.0,Batticaloa
511509,40080,COCA-COLA 1.5L,2,2025-05-09 20:10:41,1.46,101064.0,435.0,870.0,Hambantota
511510,40049,ROZA PASTA MACARONI 400G,6,2025-05-11 13:39:10,1.26,101006.0,375.0,2250.0,Galle
511511,40011,MALIBAN LEMON PUFF 200G,4,2025-05-13 12:34:35,0.84,101152.0,250.0,1000.0,Anuradhapura
511512,40071,MA MA NOODLES 5 PACK,5,2025-05-14 15:37:10,1.68,101082.0,500.0,2500.0,Mannar
511513,40073,DELMEGE BASMATI RICE 5KG,1,2025-05-16 16:31:55,8.8,101004.0,2615.0,2615.0,Anuradhapura
511514,40045,PANADOL 100 TABLETS,2,2025-05-16 17:41:48,1.89,101057.0,560.0,1120.0,Batticaloa
511515,40001,DILMAH CEYLON TEA 500G,4,2025-05-17 11:20:50,5.03,101005.0,1495.0,5980.0,Badulla
511516,40078,SOFTLOGIC COCONUT MILK 400ML,1,2025-05-17 13:27:24,1.35,101044.0,400.0,400.0,Galle
511517,40004,ZESTA TEA 400G,1,2025-05-17 18:28:05,4.41,101003.0,1310.0,1310.0,Badulla
511518,40020,ELEPHANT HOUSE CREAM SODA 1.5L,2,2025-05-18 11:16:43,1.68,,500.0,1000.0,Colombo
511519,40035,CBL SAMAPOSHA 200G,6,2025-05-18 13:19:07,0.76,101144.0,225.0,1350.0,Moneragala
511520,40077,PILAWOOS FALOODA MIX 200G,4,2025-05-18 20:45:13,1.46,101051.0,435.0,1740.0,Kurunegala
511521,40001,DILMAH CEYLON TEA 500G,4,2025-05-21 13:34:30,5.03,,1495.0,5980.0,Moneragala
511522,40021,ELEPHANT HOUSE VANILLA ICE CREAM 1L,1,2025-05-21 15:00:36,3.35,101116.0,995.0,995.0,Trincomalee
511523,40011,MALIBAN LEMON PUFF 200G,2,2025-05-22 08:23:27,0.84,101017.0,250.0,500.0,Kandy
511524,40002,DILMAH EARL GREY TEA 50 BAGS,1,2025-05-22 11:31:23,3.57,101081.0,1060.0,1060.0,Badulla
511525,40005,WATAWALA TEA 400G,6,2025-05-23 13:22:05,3.27,101101.0,970.0,5820.0,Jaffna
511526,40034,HARISCHANDRA COFFEE 100G,2,2025-05-23 15:01:58,1.6,101175.0,475.0,950.0,Kurunegala
511527,40004,ZESTA TEA 400G,2,2025-05-24 14:36:26,4.41,101204.0,1310.0,2620.0,Ratnapura
511528,40029,KIST TOMATO KETCHUP 400G,6,2025-05-25 18:43:25,1.89,101118.0,560.0,3360.0,Gampaha
511529,40003,DILMAH GREEN TEA 20 BAGS,8,2025-05-28 08:42:01,2.31,101035.0,685.0,5480.0,Matale
511530,40002,DILMAH EARL GREY TEA 50 BAGS,3,2025-05-28 09:13:10,3.57,101170.0,1060.0,3180.0,Anuradhapura
511531,40018,MD MANGO CHUTNEY 400G,1,2025-05-29 15:54:15,2.73,,810.0,810.0,Kurunegala
511532,40002,DILMAH EARL GREY TEA 50 BAGS,1,2025-05-30 15:38:20,3.57,101031.0,1060.0,1060.0,Galle
511533,40012,MALIBAN CREAM CRACKER 500G,2,2025-05-31 12:18:38,1.77,101103.0,525.0,1050.0,Kurunegala
511534,40024,HIGHLAND MILK 1L,1,2025-06-01 08:05:15,1.68,101168.0,500.0,500.0,Kandy
511535,40002,DILMAH EARL GREY TEA 50 BAGS,2,2025-06-04 09:19:33,3.57,101040.0,1060.0,2120.0,Ratnapura
511536,40059,SURF EXCEL 1KG,1,2025-06-04 12:38:33,3.57,101150.0,1060.0,1060.0,Ratnapura
511537,40010,MALIBAN MARIE BISCUITS 400G,3,2025-06-07 08:25:27,1.46,101079.0,435.0,1305.0,Batticaloa
511538,40032,PRIMA STELLA NOODLES 400G,5,2025-06-07 14:15:08,1.18,101024.0,350.0,1750.0,Puttalam
511539,40026,KITHUL TREACLE 750ML,6,2025-06-07 15:57:21,7.56,101002.0,2245.0,13470.0,Hambantota
511540,40004,ZESTA TEA 400G,5,2025-06-08 10:33:49,4.41,101075.0,1310.0,6550.0,Galle
511541,40002,DILMAH EARL GREY TEA 50 BAGS,2,2025-06-09 09:41:55,3.57,101003.0,1060.0,2120.0,Ratnapura
511542,40005,WATAWALA TEA 400G,1,2025-06-09 10:54:12,3.27,101135.0,970.0,970.0,Galle
511543,40085,RANFAT COOKING OIL 1L,1,2025-06-09 14:08:46,4.83,101135.0,1435.0,1435.0,Trincomalee
511544,40075,RANMUTHU RICE 5KG,6,2025-06-10 14:52:44,6.3,101040.0,1870.0,11220.0,Colombo
511545,40001,DILMAH CEYLON TEA 500G,1,2025-06-10 15:15:54,5.03,101009.0,1495.0,1495.0,Colombo
511546,40012,MALIBAN CREAM CRACKER 500G,2,2025-06-10 18:17:09,1.77,,525.0,1050.0,Batticaloa
511547,40089,KANDOS CHOCOLATE BAR 100G,8,2025-06-11 18:13:37,1.04,101007.0,310.0,2480.0,Gampaha
511548,40011,MALIBAN LEMON PUFF 200G,15,2025-06-11 18:19:28,0.84,101119.0,250.0,3750.0,Polonnaruwa
511549,40002,DILMAH EARL GREY TEA 50 BAGS,4,2025-06-13 17:00:49,3.57,101030.0,1060.0,4240.0,Colombo
511550,40047,PELWATTE BUTTER 200G,10,2025-06-14 11:51:39,3.15,,935.0,9350.0,Mannar
511551,40068,CLOSE UP TOOTHPASTE 120G,6,2025-06-14 18:19:21,0.99,101157.0,295.0,1770.0,Anuradhapura
511552,40010,MALIBAN MARIE BISCUITS 400G,3,2025-06-15 10:23:34,1.46,101126.0,435.0,1305.0,Colombo
511553,40007,MUNCHEE CHOCOLATE BISCUIT 200G,4,2025-06-15 13:22:17,0.93,,275.0,1100.0,Badulla
511554,40028,BAIRAHA CHICKEN 1KG,2,2025-06-15 17:50:30,6.08,101165.0,1805.0,3610.0,Colombo
511555,40078,SOFTLOGIC COCONUT MILK 400ML,12,2025-06-16 09:34:53,1.35,101157.0,400.0,4800.0,Vavuniya
511556,40001,DILMAH CEYLON TEA 500G,6,2025-06-17 10:54:51,5.03,101136.0,1495.0,8970.0,Kegalle
511557,40027,KEELLS CHICKEN SAUSAGES 500G,4,2025-06-21 12:39:43,3.99,,1185.0,4740.0,Galle
511558,40028,BAIRAHA CHICKEN 1KG,5,2025-06-21 17:28:27,6.08,101114.0,1805.0,9025.0,Kalutara
511559,40035,CBL SAMAPOSHA 200G,15,2025-06-22 20:06:36,0.76,101219.0,225.0,3375.0,Gampaha
511560,40001,DILMAH CEYLON TEA 500G,1,2025-06-25 18:04:59,5.03,101063.0,1495.0,1495.0,Kalutara
511561,40004,ZESTA TEA 400G,1,2025-06-26 19:41:54,4.41,101125.0,1310.0,1310.0,Colombo
511562,40013,SPA CEYLON SLEEP BODY LOTION,2,2025-06-26 20:25:19,14.68,101085.0,4360.0,8720.0,Kegalle
511563,40015,SIDDHALEPA BALM 50G,8,2025-06-27 18:38:25,1.04,101215.0,310.0,2480.0,Gampaha
511564,40063,MILO 400G,5,2025-06-29 14:38:33,3.27,101069.0,970.0,4850.0,Jaffna
511565,40089,KANDOS CHOCOLATE BAR 100G,20,2025-07-02 13:50:43,1.04,101121.0,310.0,6200.0,Hambantota
511566,40091,USWATTE SPICES MIXED CURRY POWDER 100G,20,2025-07-02 18:34:32,0.93,101024.0,275.0,5500.0,Jaffna
511567,40008,MUNCHEE LEMON PUFF 200G,8,2025-07-03 13:55:58,0.84,101005.0,250.0,2000.0,Batticaloa
511568,40006,MUNCHEE SUPER CREAM CRACKER 500G,2,2025-07-03 15:52:27,1.89,101048.0,560.0,1120.0,Gampaha
511569,40087,CARGILLS MAGIC SAUSAGES 400G,4,2025-07-03 16:06:44,3.27,101131.0,970.0,3880.0,Colombo
511570,40017,MD MIXED FRUIT JAM 500G,5,2025-07-04 18:52:00,2.73,101215.0,810.0,4050.0,Vavuniya
511571,40007,MUNCHEE CHOCOLATE BISCUIT 200G,15,2025-07-05 11:28:51,0.93,101017.0,275.0,4125.0,Ratnapura
511572,40001,DILMAH CEYLON TEA 500G,4,2025-07-05 11:57:42,5.03,101200.0,1495.0,5980.0,Ampara
511573,40017,MD MIXED FRUIT JAM 500G,2,2025-07-08 09:18:32,2.73,101058.0,810.0,1620.0,Colombo
511574,40003,DILMAH GREEN TEA 20 BAGS,3,2025-07-08 18:34:14,2.31,101075.0,685.0,2055.0,Kandy
511575,40007,MUNCHEE CHOCOLATE BISCUIT 200G,4,2025-07-09 09:23:20,0.93,101102.0,275.0,1100.0,Jaffna
511576,40055,LIFEBUOY SOAP 100G,5,2025-07-09 10:40:16,0.54,,160.0,800.0,Kurunegala
511577,40033,HARISCHANDRA NOODLES 400G,2,2025-07-09 11:28:15,1.04,,310.0,620.0,Colombo
C511578,40035,CBL SAMAPOSHA 200G,-1,2025-07-09 17:31:33,0.76,,225.0,-225.0,Colombo
511579,40024,HIGHLAND MILK 1L,1,2025-07-10 09:09:12,1.68,101201.0,500.0,500.0,Hambantota
511580,40001,DILMAH CEYLON TEA 500G,4,2025-07-10 11:01:37,5.03,101144.0,1495.0,5980.0,Colombo
511581,40083,BOGAWANTALAWA TEA 400G,15,2025-07-10 17:12:51,3.77,,1120.0,16800.0,Nuwara Eliya
511582,40001,DILMAH CEYLON TEA 500G,1,2025-07-10 20:31:06,5.03,101087.0,1495.0,1495.0,Kalutara
511583,40013,SPA CEYLON SLEEP BODY LOTION,1,2025-07-11 12:11:45,14.68,,4360.0,4360.0,Colombo
511584,40004,ZESTA TEA 400G,2,2025-07-12 17:31:18,4.41,,1310.0,2620.0,Gampaha
511585,40064,HORLICKS 500G,3,2025-07-16 09:54:54,3.99,101008.0,1185.0,3555.0,Puttalam
511586,40010,MALIBAN MARIE BISCUITS 400G,12,2025-07-16 14:21:03,1.46,101184.0,435.0,5220.0,Nuwara Eliya
511587,40001,DILMAH CEYLON TEA 500G,1,2025-07-16 19:17:32,5.03,101084.0,1495.0,1495.0,Batticaloa
511588,40005,WATAWALA TEA 400G,10,2025-07-17 18:05:52,3.27,101216.0,970.0,9700.0,Matale
511589,40031,PRIMA KOTTU MEE CUP,6,2025-07-20 20:51:59,0.62,101205.0,185.0,1110.0,Matale
511590,40034,HARISCHANDRA COFFEE 100G,10,2025-07-24 16:21:59,1.6,101002.0,475.0,4750.0,Kalutara
511591,40001,DILMAH CEYLON TEA 500G,2,2025-07-25 15:50:58,5.03,101051.0,1495.0,2990.0,Kandy
511592,40062,NESTOMALT 400G,2,2025-07-25 16:15:30,2.61,101148.0,775.0,1550.0,Jaffna
511593,40071,MA MA NOODLES 5 PACK,1,2025-07-27 08:36:57,1.68,,500.0,500.0,Matara
511594,40089,KANDOS CHOCOLATE BAR 100G,2,2025-07-27 09:57:20,1.04,,310.0,620.0,Colombo
511595,40042,MARINA COCONUT OIL 1L,2,2025-07-27 13:29:56,3.99,101058.0,1185.0,2370.0,Colombo
511596,40089,KANDOS CHOCOLATE BAR 100G,3,2025-07-27 16:32:50,1.04,101218.0,310.0,930.0,Anuradhapura
511597,40022,ANCHOR MILK POWDER 400G,4,2025-07-27 20:33:35,4.83,101141.0,1435.0,5740.0,Kalutara
511598,40004,ZESTA TEA 400G,1,2025-07-29 20:08:53,4.41,101113.0,1310.0,1310.0,Matara
511599,40001,DILMAH CEYLON TEA 500G,1,2025-07-30 15:07:59,5.03,101006.0,1495.0,1495.0,Trincomalee
511600,40086,FITS COOKING OIL 1L,8,2025-08-01 10:17:01,4.61,101002.0,1370.0,10960.0,Ampara
511601,40015,SIDDHALEPA BALM 50G,3,2025-08-05 11:51:33,1.04,101073.0,310.0,930.0,Colombo
511602,40036,MAGGI COCONUT MILK POWDER 300G,3,2025-08-05 18:06:24,3.15,,935.0,2805.0,Kalutara
511603,40022,ANCHOR MILK POWDER 400G,2,2025-08-07 10:15:04,4.83,101141.0,1435.0,2870.0,Ratnapura
511604,40026,KITHUL TREACLE 750ML,3,2025-08-07 18:15:24,7.56,101066.0,2245.0,6735.0,Moneragala
511605,40001,DILMAH CEYLON TEA 500G,3,2025-08-08 18:29:38,5.03,101071.0,1495.0,4485.0,Kalutara
511606,40002,DILMAH EARL GREY TEA 50 BAGS,10,2025-08-10 20:32:10,3.57,101103.0,1060.0,10600.0,Matale
511607,40008,MUNCHEE LEMON PUFF 200G,20,2025-08-11 16:36:25,0.84,101011.0,250.0,5000.0,Ampara
511608,40044,HAPPY COW CHEESE 120G,5,2025-08-12 10:14:45,3.57,101091.0,1060.0,5300.0,Ratnapura
511609,40017,MD MIXED FRUIT JAM 500G,1,2025-08-12 15:49:02,2.73,101172.0,810.0,810.0,Gampaha
511610,40007,MUNCHEE CHOCOLATE BISCUIT 200G,1,2025-08-17 08:33:47,0.93,101021.0,275.0,275.0,Kandy
511611,40001,DILMAH CEYLON TEA 500G,1,2025-08-18 10:34:58,5.03,101005.0,1495.0,1495.0,Puttalam
511612,40002,DILMAH EARL GREY TEA 50 BAGS,5,2025-08-18 12:14:59,3.57,101220.0,1060.0,5300.0,Hambantota
511613,40009,MUNCHEE TIKIRI MARIE 80G,5,2025-08-18 13:40:30,0.29,101009.0,85.0,425.0,Galle
511614,40036,MAGGI COCONUT MILK POWDER 300G,15,2025-08-19 16:08:45,3.15,101025.0,935.0,14025.0,Batticaloa
511615,40027,KEELLS CHICKEN SAUSAGES 500G,3,2025-08-19 19:47:17,3.99,101136.0,1185.0,3555.0,Gampaha
511616,40006,MUNCHEE SUPER CREAM CRACKER 500G,2,2025-08-21 15:50:45,1.89,101027.0,560.0,1120.0,Ratnapura
511617,40068,CLOSE UP TOOTHPASTE 120G,1,2025-08-23 12:16:04,0.99,101210.0,295.0,295.0,Colombo
511618,40017,MD MIXED FRUIT JAM 500G,1,2025-08-24 16:41:35,2.73,101047.0,810.0,810.0,Matara
511619,40048,EDINBOROUGH SOY SAUCE 400ML,2,2025-08-25 10:03:30,1.46,,435.0,870.0,Ampara
511620,40032,PRIMA STELLA NOODLES 400G,2,2025-08-25 12:20:11,1.18,101055.0,350.0,700.0,Kurunegala
511621,40042,MARINA COCONUT OIL 1L,1,2025-08-26 08:18:37,3.99,101048.0,1185.0,1185.0,Kegalle
511622,40011,MALIBAN LEMON PUFF 200G,2,2025-08-26 13:44:04,0.84,101074.0,250.0,500.0,Matara
511623,40060,SUNLIGHT SOAP 115G,1,2025-08-26 17:57:20,0.51,101156.0,150.0,150.0,Colombo
511624,40060,SUNLIGHT SOAP 115G,1,2025-08-27 11:21:20,0.51,,150.0,150.0,Kandy
511625,40001,DILMAH CEYLON TEA 500G,5,2025-08-28 13:24:36,5.03,101110.0,1495.0,7475.0,Puttalam
511626,40042,MARINA COCONUT OIL 1L,6,2025-08-28 15:50:21,3.99,101012.0,1185.0,7110.0,Gampaha
511627,40009,MUNCHEE TIKIRI MARIE 80G,2,2025-08-29 14:02:53,0.29,101008.0,85.0,170.0,Ratnapura
511628,40030,KIST MIXED FRUIT NECTAR 1L,3,2025-08-29 15:30:40,2.31,101004.0,685.0,2055.0,Colombo
511629,40005,WATAWALA TEA 400G,8,2025-08-30 15:27:32,3.27,101005.0,970.0,7760.0,Galle
511630,40045,PANADOL 100 TABLETS,20,2025-09-01 11:34:37,1.89,101002.0,560.0,11200.0,Gampaha
511631,40043,ASTRA MARGARINE 250G,12,2025-09-02 16:59:34,1.68,101161.0,500.0,6000.0,Matara
511632,40024,HIGHLAND MILK 1L,10,2025-09-06 08:08:09,1.68,101004.0,500.0,5000.0,Batticaloa
511633,40015,SIDDHALEPA BALM 50G,3,2025-09-06 14:02:23,1.04,101069.0,310.0,930.0,Kurunegala
511634,40054,PEARS BABY POWDER 100G,4,2025-09-10 16:45:55,1.04,101103.0,310.0,1240.0,Kandy
511635,40020,ELEPHANT HOUSE CREAM SODA 1.5L,15,2025-09-13 09:03:06,1.68,101048.0,500.0,7500.0,Gampaha
511636,40075,RANMUTHU RICE 5KG,2,2025-09-14 09:30:02,6.3,101106.0,1870.0,3740.0,Kalutara
511637,40004,ZESTA TEA 400G,2,2025-09-14 11:20:52,4.41,101010.0,1310.0,2620.0,Colombo
C511638,40028,BAIRAHA CHICKEN 1KG,-6,2025-09-16 19:08:14,6.08,101212.0,1805.0,-10830.0,Colombo
511639,40021,ELEPHANT HOUSE VANILLA ICE CREAM 1L,8,2025-09-17 09:22:43,3.35,,995.0,7960.0,Colombo
511640,40018,MD MANGO CHUTNEY 400G,1,2025-09-17 10:57:44,2.73,101191.0,810.0,810.0,Colombo
511641,40007,MUNCHEE CHOCOLATE BISCUIT 200G,4,2025-09-18 09:45:00,0.93,,275.0,1100.0,Colombo
511642,40001,DILMAH CEYLON TEA 500G,6,2025-09-18 14:40:19,5.03,101020.0,1495.0,8970.0,Kalutara
511643,40017,MD MIXED FRUIT JAM 500G,6,2025-09-19 08:55:51,2.73,101081.0,810.0,4860.0,Batticaloa
511644,40008,MUNCHEE LEMON PUFF 200G,4,2025-09-19 09:59:42,0.84,101001.0,250.0,1000.0,Ampara
511645,40083,BOGAWANTALAWA TEA 400G,3,2025-09-19 14:34:51,3.77,101155.0,1120.0,3360.0,Kandy
511646,40032,PRIMA STELLA NOODLES 400G,12,2025-09-20 16:03:51,1.18,101015.0,350.0,4200.0,Ratnapura
511647,40001,DILMAH CEYLON TEA 500G,6,2025-09-20 17:39:47,5.03,101174.0,1495.0,8970.0,Anuradhapura
511648,40057,VIM DISHWASH LIQUID 500ML,15,2025-09-22 14:08:57,1.89,101188.0,560.0,8400.0,Jaffna
511649,40047,PELWATTE BUTTER 200G,2,2025-09-23 13:05:26,3.15,101085.0,935.0,1870.0,Kandy
511650,40009,MUNCHEE TIKIRI MARIE 80G,1,2025-09-24 08:36:19,0.29,101023.0,85.0,85.0,Badulla
511651,40046,MARMITE 100G,4,2025-09-24 14:27:54,3.15,101219.0,935.0,3740.0,Kandy
511652,40004,ZESTA TEA 400G,6,2025-09-24 19:46:36,4.41,101036.0,1310.0,7860.0,Badulla
511653,40060,SUNLIGHT SOAP 115G,8,2025-09-25 20:08:16,0.51,101055.0,150.0,1200.0,Ampara
511654,40002,DILMAH EARL GREY TEA 50 BAGS,2,2025-09-25 20:31:47,3.57,101078.0,1060.0,2120.0,Ratnapura
511655,40051,LANKA SOY CHICKEN FLAVOUR 90G,1,2025-09-26 08:26:17,0.51,101145.0,150.0,150.0,Hambantota
511656,40001,DILMAH CEYLON TEA 500G,8,2025-09-27 20:43:35,5.03,101176.0,1495.0,11960.0,Batticaloa
511657,40015,SIDDHALEPA BALM 50G,3,2025-09-28 09:36:17,1.04,,310.0,930.0,Galle
511658,40028,BAIRAHA CHICKEN 1KG,8,2025-09-28 17:02:09,6.08,101157.0,1805.0,14440.0,Puttalam
511659,40047,PELWATTE BUTTER 200G,8,2025-10-01 12:11:41,3.15,101039.0,935.0,7480.0,Colombo
511660,40059,SURF EXCEL 1KG,8,2025-10-01 12:37:50,3.57,101186.0,1060.0,8480.0,Galle
511661,40013,SPA CEYLON SLEEP BODY LOTION,3,2025-10-02 17:24:46,14.68,,4360.0,13080.0,Matara
511662,40039,CLOGARD TOOTHPASTE 120G,3,2025-10-03 17:30:16,0.93,101024.0,275.0,825.0,Matara
511663,40087,CARGILLS MAGIC SAUSAGES 400G,6,2025-10-04 10:12:49,3.27,101093.0,970.0,5820.0,Puttalam
511664,40012,MALIBAN CREAM CRACKER 500G,1,2025-10-04 12:06:37,1.77,101147.0,525.0,525.0,Kalutara
511665,40043,ASTRA MARGARINE 250G,3,2025-10-05 12:57:50,1.68,101100.0,500.0,1500.0,Gampaha
511666,40037,MOTHA STRAWBERRY JELLY 100G,4,2025-10-11 16:47:29,0.51,101009.0,150.0,600.0,Kalutara
511667,40003,DILMAH GREEN TEA 20 BAGS,3,2025-10-11 17:10:56,2.31,101003.0,685.0,2055.0,Jaffna
511668,40074,ARALIYA WHITE RICE 5KG,3,2025-10-11 20:41:07,6.08,101156.0,1805.0,5415.0,Puttalam
511669,40001,DILMAH CEYLON TEA 500G,10,2025-10-13 16:40:20,5.03,101095.0,1495.0,14950.0,Ratnapura
511670,40061,VELVET BEAUTY SOAP 100G,10,2025-10-13 17:02:44,0.62,101050.0,185.0,1850.0,Gampaha
511671,40006,MUNCHEE SUPER CREAM CRACKER 500G,2,2025-10-13 18:42:37,1.89,101152.0,560.0,1120.0,Ampara
511672,40091,USWATTE SPICES MIXED CURRY POWDER 100G,3,2025-10-14 09:22:23,0.93,101072.0,275.0,825.0,Polonnaruwa
511673,40006,MUNCHEE SUPER CREAM CRACKER 500G,5,2025-10-14 20:22:19,1.89,101017.0,560.0,2800.0,Kalutara
511674,40037,MOTHA STRAWBERRY JELLY 100G,8,2025-10-16 18:09:29,0.51,101013.0,150.0,1200.0,Vavuniya
511675,40072,FUN FOODS MAYONNAISE 250G,20,2025-10-17 14:02:15,2.05,101149.0,610.0,12200.0,Gampaha
511676,40005,WATAWALA TEA 400G,3,2025-10-20 08:21:19,3.27,101180.0,970.0,2910.0,Galle
511677,40018,MD MANGO CHUTNEY 400G,3,2025-10-20 10:12:21,2.73,101003.0,810.0,2430.0,Colombo
511678,40025,KOTMALE FRESH MILK 1L,5,2025-10-20 13:06:57,1.89,101059.0,560.0,2800.0,Gampaha
511679,40001,DILMAH CEYLON TEA 500G,2,2025-10-21 08:32:58,5.03,,1495.0,2990.0,Ampara
511680,40024,HIGHLAND MILK 1L,2,2025-10-22 10:18:06,1.68,101153.0,500.0,1000.0,Kegalle
511681,40001,DILMAH CEYLON TEA 500G,4,2025-10-22 12:20:34,5.03,101113.0,1495.0,5980.0,Colombo
511682,40013,SPA CEYLON SLEEP BODY LOTION,2,2025-10-22 16:22:49,14.68,101046.0,4360.0,8720.0,Matale
511683,40057,VIM DISHWASH LIQUID 500ML,3,2025-10-22 18:27:51,1.89,101189.0,560.0,1680.0,Kandy
511684,40008,MUNCHEE LEMON PUFF 200G,4,2025-10-23 16:35:38,0.84,,250.0,1000.0,Anuradhapura
511685,40013,SPA CEYLON SLEEP BODY LOTION,2,2025-10-24 13:45:25,14.68,101194.0,4360.0,8720.0,Moneragala
511686,40007,MUNCHEE CHOCOLATE BISCUIT 200G,4,2025-10-25 15:40:30,0.93,101214.0,275.0,1100.0,Trincomalee
511687,40051,LANKA SOY CHICKEN FLAVOUR 90G,8,2025-10-27 16:11:05,0.51,,150.0,1200.0,Hambantota
511688,40003,DILMAH GREEN TEA 20 BAGS,15,2025-10-28 09:53:24,2.31,101210.0,685.0,10275.0,Ratnapura
511689,40055,LIFEBUOY SOAP 100G,1,2025-10-29 17:36:31,0.54,101175.0,160.0,160.0,Kalutara
511690,40034,HARISCHANDRA COFFEE 100G,15,2025-10-30 13:59:54,1.6,101052.0,475.0,7125.0,Gampaha
511691,40012,MALIBAN CREAM CRACKER 500G,4,2025-10-30 20:45:10,1.77,101153.0,525.0,2100.0,Ratnapura
511692,40021,ELEPHANT HOUSE VANILLA ICE CREAM 1L,10,2025-10-31 20:39:43,3.35,101168.0,995.0,9950.0,Polonnaruwa
511693,40001,DILMAH CEYLON TEA 500G,2,2025-11-03 18:44:23,5.03,101018.0,1495.0,2990.0,Anuradhapura
511694,40002,DILMAH EARL GREY TEA 50 BAGS,1,2025-11-04 12:36:51,3.57,101143.0,1060.0,1060.0,Gampaha
511695,40001,DILMAH CEYLON TEA 500G,6,2025-11-05 17:09:37,5.03,101101.0,1495.0,8970.0,Badulla
511696,40010,MALIBAN MARIE BISCUITS 400G,3,2025-11-06 08:57:04,1.46,101002.0,435.0,1305.0,Gampaha
511697,40045,PANADOL 100 TABLETS,3,2025-11-07 13:15:07,1.89,101010.0,560.0,1680.0,Jaffna
511698,40065,FAIR & LOVELY CREAM 50G,5,2025-11-08 10:13:56,1.35,101062.0,400.0,2000.0,Ratnapura
511699,40054,PEARS BABY POWDER 100G,6,2025-11-08 10:49:03,1.04,101134.0,310.0,1860.0,Badulla
511700,40005,WATAWALA TEA 400G,8,2025-11-08 19:02:41,3.27,101217.0,970.0,7760.0,Colombo
511701,40058,DIVA WASHING POWDER 1KG,3,2025-11-09 11:05:04,2.73,,810.0,2430.0,Kandy
511702,40078,SOFTLOGIC COCONUT MILK 400ML,1,2025-11-09 14:56:30,1.35,101007.0,400.0,400.0,Kandy
511703,40003,DILMAH GREEN TEA 20 BAGS,4,2025-11-10 09:48:53,2.31,101074.0,685.0,2740.0,Matale
511704,40011,MALIBAN LEMON PUFF 200G,6,2025-11-11 09:34:13,0.84,101170.0,250.0,1500.0,Gampaha
511705,40008,MUNCHEE LEMON PUFF 200G,6,2025-11-12 19:24:13,0.84,101036.0,250.0,1500.0,Puttalam
511706,40064,HORLICKS 500G,1,2025-11-12 20:33:58,3.99,101055.0,1185.0,1185.0,Badulla
511707,40036,MAGGI COCONUT MILK POWDER 300G,6,2025-11-13 08:48:01,3.15,101137.0,935.0,5610.0,Colombo
511708,40054,PEARS BABY POWDER 100G,5,2025-11-13 17:04:10,1.04,101052.0,310.0,1550.0,Kandy
511709,40043,ASTRA MARGARINE 250G,3,2025-11-14 13:44:56,1.68,101014.0,500.0,1500.0,Kurunegala
511710,40003,DILMAH GREEN TEA 20 BAGS,3,2025-11-14 17:35:11,2.31,101010.0,685.0,2055.0,Kegalle
511711,40072,FUN FOODS MAYONNAISE 250G,3,2025-11-20 08:12:02,2.05,,610.0,1830.0,Ratnapura
511712,40030,KIST MIXED FRUIT NECTAR 1L,15,2025-11-22 12:55:46,2.31,,685.0,10275.0,Colombo
511713,40012,MALIBAN CREAM CRACKER 500G,8,2025-11-22 19:21:28,1.77,101020.0,525.0,4200.0,Kegalle
511714,40010,MALIBAN MARIE BISCUITS 400G,1,2025-11-23 09:15:39,1.46,101036.0,435.0,435.0,Galle
511715,40037,MOTHA STRAWBERRY JELLY 100G,1,2025-11-23 12:15:27,0.51,101014.0,150.0,150.0,Kalutara
511716,40035,CBL SAMAPOSHA 200G,4,2025-11-23 15:33:13,0.76,101073.0,225.0,900.0,Galle
511717,40002,DILMAH EARL GREY TEA 50 BAGS,4,2025-11-24 15:15:51,3.57,101105.0,1060.0,4240.0,Kegalle
511718,40033,HARISCHANDRA NOODLES 400G,2,2025-11-24 19:39:42,1.04,101007.0,310.0,620.0,Colombo
511719,40032,PRIMA STELLA NOODLES 400G,12,2025-11-25 20:12:52,1.18,101094.0,350.0,4200.0,Polonnaruwa
511720,40025,KOTMALE FRESH MILK 1L,3,2025-11-26 12:35:22,1.89,101198.0,560.0,1680.0,Kandy
511721,40016,LINK SAMAHAN BOX (100 PACKETS),8,2025-11-26 15:44:08,6.3,101083.0,1870.0,14960.0,Colombo
511722,40009,MUNCHEE TIKIRI MARIE 80G,2,2025-11-27 19:00:51,0.29,101026.0,85.0,170.0,Ampara
511723,40040,SIGNAL TOOTHPASTE 120G,1,2025-12-01 16:55:44,0.96,,285.0,285.0,Polonnaruwa
511724,40044,HAPPY COW CHEESE 120G,12,2025-12-01 18:19:26,3.57,101028.0,1060.0,12720.0,Anuradhapura
511725,40058,DIVA WASHING POWDER 1KG,3,2025-12-02 08:04:46,2.73,,810.0,2430.0,Anuradhapura
511726,40035,CBL SAMAPOSHA 200G,2,2025-12-02 10:30:44,0.76,,225.0,450.0,Batticaloa
511727,40023,RATHTHI MILK POWDER 400G,8,2025-12-02 16:26:40,4.61,101048.0,1370.0,10960.0,Kandy
511728,40014,SPA CEYLON HAND CREAM,6,2025-12-02 17:26:06,9.23,,2740.0,16440.0,Hambantota
511729,40005,WATAWALA TEA 400G,1,2025-12-03 13:16:55,3.27,101021.0,970.0,970.0,Ratnapura
511730,40090,RITZBURY CHOCOLATE BAR 100G,3,2025-12-04 17:46:02,1.09,101002.0,325.0,975.0,Gampaha
511731,40010,MALIBAN MARIE BISCUITS 400G,6,2025-12-05 16:12:40,1.46,101073.0,435.0,2610.0,Matara
511732,40001,DILMAH CEYLON TEA 500G,2,2025-12-05 19:47:36,5.03,101149.0,1495.0,2990.0,Mannar
511733,40069,ANCHOR BUTTER 200G,1,2025-12-06 12:52:25,3.27,101035.0,970.0,970.0,Kandy
511734,40002,DILMAH EARL GREY TEA 50 BAGS,1,2025-12-07 11:09:14,3.57,101093.0,1060.0,1060.0,Kalutara
511735,40042,MARINA COCONUT OIL 1L,2,2025-12-07 16:14:14,3.99,101155.0,1185.0,2370.0,Kalutara
511736,40060,SUNLIGHT SOAP 115G,1,2025-12-08 08:11:22,0.51,,150.0,150.0,Gampaha
511737,40046,MARMITE 100G,2,2025-12-08 09:01:37,3.15,101005.0,935.0,1870.0,Colombo
511738,40013,SPA CEYLON SLEEP BODY LOTION,10,2025-12-08 10:53:57,14.68,101134.0,4360.0,43600.0,Matale
511739,40042,MARINA COCONUT OIL 1L,6,2025-12-09 10:26:03,3.99,101053.0,1185.0,7110.0,Galle
511740,40012,MALIBAN CREAM CRACKER 500G,2,2025-12-09 15:09:59,1.77,101192.0,525.0,1050.0,Jaffna
511741,40026,KITHUL TREACLE 750ML,4,2025-12-10 09:47:29,7.56,101079.0,2245.0,8980.0,Colombo
511742,40043,ASTRA MARGARINE 250G,1,2025-12-10 19:18:29,1.68,101150.0,500.0,500.0,Gampaha
511743,40078,SOFTLOGIC COCONUT MILK 400ML,3,2025-12-10 19:34:42,1.35,101051.0,400.0,1200.0,Galle
511744,40033,HARISCHANDRA NOODLES 400G,1,2025-12-11 14:43:29,1.04,101061.0,310.0,310.0,Colombo
511745,40006,MUNCHEE SUPER CREAM CRACKER 500G,6,2025-12-11 17:38:26,1.89,101154.0,560.0,3360.0,Galle
511746,40011,MALIBAN LEMON PUFF 200G,2,2025-12-11 18:00:09,0.84,101033.0,250.0,500.0,Colombo
511747,40015,SIDDHALEPA BALM 50G,2,2025-12-12 15:43:04,1.04,101001.0,310.0,620.0,Matara
511748,40072,FUN FOODS MAYONNAISE 250G,8,2025-12-12 16:01:44,2.05,101061.0,610.0,4880.0,Anuradhapura
511749,40008,MUNCHEE LEMON PUFF 200G,1,2025-12-13 19:04:48,0.84,,250.0,250.0,Jaffna
511750,40049,ROZA PASTA MACARONI 400G,1,2025-12-13 20:06:02,1.26,,375.0,375.0,Colombo
511751,40064,HORLICKS 500G,2,2025-12-15 17:32:21,3.99,101103.0,1185.0,2370.0,Kandy
511752,40005,WATAWALA TEA 400G,3,2025-12-18 10:02:20,3.27,,970.0,2910.0,Moneragala
511753,40079,CEYLON TOBACCO (CIGARETTES PACK),8,2025-12-18 13:03:19,5.03,101125.0,1495.0,11960.0,Ampara
511754,40075,RANMUTHU RICE 5KG,1,2025-12-19 11:52:31,6.3,101024.0,1870.0,1870.0,Gampaha
511755,40006,MUNCHEE SUPER CREAM CRACKER 500G,10,2025-12-19 12:06:29,1.89,101209.0,560.0,5600.0,Kandy
511756,40030,KIST MIXED FRUIT NECTAR 1L,2,2025-12-19 14:27:55,2.31,101166.0,685.0,1370.0,Puttalam
511757,40037,MOTHA STRAWBERRY JELLY 100G,3,2025-12-19 15:51:04,0.51,101065.0,150.0,450.0,Moneragala
C511758,40058,DIVA WASHING POWDER 1KG,-3,2025-12-20 16:18:16,2.73,101087.0,810.0,-2430.0,Jaffna
511759,40014,SPA CEYLON HAND CREAM,4,2025-12-22 15:32:09,9.23,101011.0,2740.0,10960.0,Kandy
511760,40003,DILMAH GREEN TEA 20 BAGS,4,2025-12-22 16:16:50,2.31,101128.0,685.0,2740.0,Colombo
511761,40056,SUNSILK BLACK SHAMPOO 200ML,1,2025-12-23 13:47:16,2.31,101037.0,685.0,685.0,Kurunegala
511762,40012,MALIBAN CREAM CRACKER 500G,2,2025-12-24 09:55:12,1.77,101122.0,525.0,1050.0,Kurunegala
511763,40061,VELVET BEAUTY SOAP 100G,5,2025-12-24 19:28:34,0.62,101050.0,185.0,925.0,Vavuniya
511764,40039,CLOGARD TOOTHPASTE 120G,10,2025-12-25 19:22:22,0.93,101042.0,275.0,2750.0,Colombo
511765,40009,MUNCHEE TIKIRI MARIE 80G,2,2025-12-26 10:24:27,0.29,101029.0,85.0,170.0,Kurunegala
511766,40092,ARALIYA COCONUT MILK POWDER 300G,1,2025-12-26 20:33:22,2.93,101172.0,870.0,870.0,Jaffna
511767,40007,MUNCHEE CHOCOLATE BISCUIT 200G,3,2025-12-28 11:58:10,0.93,101119.0,275.0,825.0,Kurunegala
511768,40032,PRIMA STELLA NOODLES 400G,8,2025-12-28 13:28:11,1.18,101045.0,350.0,2800.0,Galle
511769,40048,EDINBOROUGH SOY SAUCE 400ML,2,2025-12-29 18:15:24,1.46,101100.0,435.0,870.0,Nuwara Eliya
511770,40034,HARISCHANDRA COFFEE 100G,3,2025-12-30 13:09:59,1.6,101083.0,475.0,1425.0,Puttalam
511771,40005,WATAWALA TEA 400G,1,2025-12-31 17:47:12,3.27,101204.0,970.0,970.0,Kegalle
511772,40020,ELEPHANT HOUSE CREAM SODA 1.5L,15,2025-12-31 19:38:34,1.68,101032.0,500.0,7500.0,Gampaha
511773,40075,RANMUTHU RICE 5KG,2,2026-01-01 09:34:15,6.55,101037.0,1955.0,3910.0,Anuradhapura
511774,40019,ELEPHANT HOUSE GINGER BEER 1.5L,3,2026-01-03 14:27:15,1.74,101079.0,520.0,1560.0,Nuwara Eliya
511775,40011,MALIBAN LEMON PUFF 200G,5,2026-01-04 13:17:07,0.87,101121.0,260.0,1300.0,Colombo
511776,40054,PEARS BABY POWDER 100G,5,2026-01-07 17:59:57,1.09,101006.0,325.0,1625.0,Kalutara
511777,40024,HIGHLAND MILK 1L,2,2026-01-09 17:02:38,1.74,,520.0,1040.0,Matara
511778,40074,ARALIYA WHITE RICE 5KG,8,2026-01-10 08:12:31,6.33,101045.0,1890.0,15120.0,Colombo
INV5001,40001,DILMAH CEYLON TEA 500G,2,2026-01-10 10:30:00,4.02,1001.0,1200.0,2400.0,Colombo
INV5002,40006,MUNCHEE SUPER CREAM CRACKER 500G,5,2026-01-10 11:15:00,1.51,1002.0,450.0,2250.0,Gampaha
511779,40056,SUNSILK BLACK SHAMPOO 200ML,15,2026-01-10 12:00:12,2.4,101156.0,715.0,10725.0,Puttalam
511780,40022,ANCHOR MILK POWDER 400G,3,2026-01-10 20:46:47,5.03,101045.0,1500.0,4500.0,Matara
INV5003,40013,SPA CEYLON SLEEP BODY LOTION,1,2026-01-11 09:45:00,11.73,,3500.0,3500.0,Kandy
511781,40018,MD MANGO CHUTNEY 400G,8,2026-01-11 13:05:44,2.83,101177.0,845.0,6760.0,Jaffna
INV5004,40016,LINK SAMAHAN BOX (100 PACKETS),3,2026-01-11 14:20:00,5.03,1004.0,1500.0,4500.0,Galle
511782,40007,MUNCHEE CHOCOLATE BISCUIT 200G,1,2026-01-11 16:31:52,0.95,101007.0,285.0,285.0,Hambantota
511783,40049,ROZA PASTA MACARONI 400G,15,2026-01-11 17:35:10,1.31,101066.0,390.0,5850.0,Jaffna
511784,40011,MALIBAN LEMON PUFF 200G,2,2026-01-11 17:46:55,0.87,101075.0,260.0,520.0,Jaffna
INV5005,40017,MD MIXED FRUIT JAM 500G,2,2026-01-12 16:10:00,2.18,1001.0,650.0,1300.0,Colombo
INV5006,40015,SIDDHALEPA BALM 50G,4,2026-01-12 17:00:00,0.84,1005.0,250.0,1000.0,Matara
511785,40005,WATAWALA TEA 400G,10,2026-01-12 17:23:37,3.4,101148.0,1015.0,10150.0,Anuradhapura
INV5007,40019,ELEPHANT HOUSE GINGER BEER 1.5L,10,2026-01-13 10:05:00,1.34,1006.0,400.0,4000.0,Kurunegala
INV5008,40010,MALIBAN MARIE BISCUITS 400G,6,2026-01-13 12:30:00,1.17,1007.0,350.0,2100.0,Anuradhapura
INV5009,40022,ANCHOR MILK POWDER 400G,2,2026-01-14 08:50:00,3.85,1008.0,1150.0,2300.0,Jaffna
INV5010,40026,KITHUL TREACLE 750ML,1,2026-01-14 11:20:00,6.03,1009.0,1800.0,1800.0,Kandy
511786,40011,MALIBAN LEMON PUFF 200G,2,2026-01-14 13:58:30,0.87,101117.0,260.0,520.0,Gampaha
INV5011,40023,RATHTHI MILK POWDER 400G,3,2026-01-15 15:45:00,3.69,1010.0,1100.0,3300.0,Trincomalee
INV5012,40027,KEELLS CHICKEN SAUSAGES 500G,4,2026-01-15 18:00:00,3.18,1002.0,950.0,3800.0,Gampaha
INV5013,40008,MUNCHEE LEMON PUFF 200G,10,2026-01-16 09:15:00,0.67,1011.0,200.0,2000.0,Colombo
INV5014,DELV,COURIER DELIVERY CHARGE,2,2026-01-16 13:40:00,3.0,1012.0,895.5,1791.0,Galle
511787,40062,NESTOMALT 400G,4,2026-01-17 08:09:42,2.7,101081.0,805.0,3220.0,Ratnapura
INV5015,40014,SPA CEYLON HAND CREAM,2,2026-01-17 10:25:00,7.37,1003.0,2200.0,4400.0,Kandy
511788,40009,MUNCHEE TIKIRI MARIE 80G,5,2026-01-17 10:44:36,0.3,101013.0,90.0,450.0,Ampara
511789,40031,PRIMA KOTTU MEE CUP,4,2026-01-19 19:06:40,0.65,,195.0,780.0,Ampara
511790,40001,DILMAH CEYLON TEA 500G,2,2026-01-20 18:10:36,5.24,101077.0,1565.0,3130.0,Moneragala
511791,40036,MAGGI COCONUT MILK POWDER 300G,8,2026-01-21 19:13:58,3.27,101136.0,975.0,7800.0,Kalutara
511792,40011,MALIBAN LEMON PUFF 200G,1,2026-01-21 20:41:05,0.87,,260.0,260.0,Colombo
511793,40031,PRIMA KOTTU MEE CUP,1,2026-01-21 20:41:18,0.65,101036.0,195.0,195.0,Gampaha
511794,40020,ELEPHANT HOUSE CREAM SODA 1.5L,5,2026-01-22 15:02:23,1.74,,520.0,2600.0,Polonnaruwa
511795,40001,DILMAH CEYLON TEA 500G,6,2026-01-23 20:15:38,5.24,101004.0,1565.0,9390.0,Ratnapura
511796,40006,MUNCHEE SUPER CREAM CRACKER 500G,1,2026-01-24 13:08:29,1.96,101142.0,585.0,585.0,Puttalam
511797,40008,MUNCHEE LEMON PUFF 200G,6,2026-01-26 11:28:25,0.87,,260.0,1560.0,Puttalam
511798,40053,WIJAYA CHILLI POWDER 250G,2,2026-01-26 14:41:51,1.96,101007.0,585.0,1170.0,Kandy
511799,40061,VELVET BEAUTY SOAP 100G,3,2026-01-27 09:07:51,0.65,101112.0,195.0,585.0,Gampaha
511800,40009,MUNCHEE TIKIRI MARIE 80G,8,2026-01-27 09:47:56,0.3,,90.0,720.0,Kurunegala
511801,40001,DILMAH CEYLON TEA 500G,8,2026-01-28 13:45:16,5.24,101041.0,1565.0,12520.0,Anuradhapura
511802,40074,ARALIYA WHITE RICE 5KG,5,2026-01-29 18:44:55,6.33,101055.0,1890.0,9450.0,Puttalam
511803,40020,ELEPHANT HOUSE CREAM SODA 1.5L,2,2026-01-30 17:09:21,1.74,,520.0,1040.0,Batticaloa
511804,40003,DILMAH GREEN TEA 20 BAGS,5,2026-01-30 20:24:20,2.4,101010.0,715.0,3575.0,Badulla
511805,40081,SPRITE 1.5L,2,2026-02-01 09:17:58,1.52,101154.0,455.0,910.0,Matara
511806,40004,ZESTA TEA 400G,3,2026-02-02 08:14:05,4.57,101166.0,1365.0,4095.0,Badulla
511807,40006,MUNCHEE SUPER CREAM CRACKER 500G,4,2026-02-04 10:59:39,1.96,,585.0,2340.0,Kandy
511808,40006,MUNCHEE SUPER CREAM CRACKER 500G,1,2026-02-04 12:32:25,1.96,101159.0,585.0,585.0,Kalutara
511809,40047,PELWATTE BUTTER 200G,4,2026-02-04 17:05:12,3.27,101118.0,975.0,3900.0,Gampaha
511810,40004,ZESTA TEA 400G,1,2026-02-07 12:29:18,4.57,101018.0,1365.0,1365.0,Colombo
511811,40002,DILMAH EARL GREY TEA 50 BAGS,3,2026-02-08 14:45:28,3.7,,1105.0,3315.0,Colombo
511812,40030,KIST MIXED FRUIT NECTAR 1L,6,2026-02-08 16:56:52,2.4,101172.0,715.0,4290.0,Batticaloa
511813,40052,WIJAYA ROASTED CURRY POWDER 250G,2,2026-02-09 08:03:03,1.74,101134.0,520.0,1040.0,Gampaha
511814,40029,KIST TOMATO KETCHUP 400G,4,2026-02-09 08:30:42,1.96,101023.0,585.0,2340.0,Ratnapura
511815,40001,DILMAH CEYLON TEA 500G,3,2026-02-10 08:02:18,5.24,101035.0,1565.0,4695.0,Vavuniya
511816,40086,FITS COOKING OIL 1L,6,2026-02-10 08:26:13,4.79,101163.0,1430.0,8580.0,Anuradhapura
511817,40051,LANKA SOY CHICKEN FLAVOUR 90G,4,2026-02-10 09:25:15,0.52,101028.0,155.0,620.0,Mullaitivu
511818,40005,WATAWALA TEA 400G,1,2026-02-10 10:55:48,3.4,101050.0,1015.0,1015.0,Kurunegala
511819,40034,HARISCHANDRA COFFEE 100G,8,2026-02-10 14:44:59,1.66,101058.0,495.0,3960.0,Hambantota
511820,40038,MOTHA FALUDA MIX 100G,5,2026-02-11 20:22:49,0.87,101134.0,260.0,1300.0,Batticaloa
511821,40001,DILMAH CEYLON TEA 500G,3,2026-02-12 14:50:16,5.24,101109.0,1565.0,4695.0,Kandy
511822,40064,HORLICKS 500G,4,2026-02-17 14:08:25,4.14,,1235.0,4940.0,Gampaha
511823,40026,KITHUL TREACLE 750ML,5,2026-02-17 17:18:40,7.86,101071.0,2345.0,11725.0,Colombo
511824,40036,MAGGI COCONUT MILK POWDER 300G,15,2026-02-18 11:41:28,3.27,,975.0,14625.0,Colombo
511825,40058,DIVA WASHING POWDER 1KG,2,2026-02-18 16:26:28,2.83,101096.0,845.0,1690.0,Colombo
511826,40041,BABY CHERAMY SOAP 90G,8,2026-02-20 08:40:26,0.6,101072.0,180.0,1440.0,Badulla
511827,40088,CARGILLS FRESH EGGS (10),1,2026-02-22 12:44:58,1.52,,455.0,455.0,Kalutara
511828,40001,DILMAH CEYLON TEA 500G,10,2026-02-24 19:42:18,5.24,101023.0,1565.0,15650.0,Batticaloa
511829,40077,PILAWOOS FALOODA MIX 200G,3,2026-02-26 10:08:35,1.52,101184.0,455.0,1365.0,Ratnapura
511830,40024,HIGHLAND MILK 1L,4,2026-02-26 10:14:57,1.74,101159.0,520.0,2080.0,Vavuniya
511831,40043,ASTRA MARGARINE 250G,2,2026-02-26 11:50:03,1.74,101011.0,520.0,1040.0,Batticaloa
511832,40069,ANCHOR BUTTER 200G,15,2026-02-27 10:29:58,3.4,101009.0,1015.0,15225.0,Matara
511833,40023,RATHTHI MILK POWDER 400G,4,2026-03-01 13:55:25,4.79,101065.0,1430.0,5720.0,Colombo
511834,40091,USWATTE SPICES MIXED CURRY POWDER 100G,4,2026-03-01 17:08:17,0.95,101025.0,285.0,1140.0,Ratnapura
511835,40014,SPA CEYLON HAND CREAM,2,2026-03-02 12:58:58,9.6,101162.0,2865.0,5730.0,Matara
511836,40087,CARGILLS MAGIC SAUSAGES 400G,2,2026-03-03 17:36:41,3.4,101117.0,1015.0,2030.0,Trincomalee
511837,40011,MALIBAN LEMON PUFF 200G,2,2026-03-04 09:17:31,0.87,,260.0,520.0,Trincomalee
511838,40035,CBL SAMAPOSHA 200G,2,2026-03-04 13:50:39,0.79,101110.0,235.0,470.0,Ratnapura
511839,40045,PANADOL 100 TABLETS,2,2026-03-05 08:20:39,1.96,,585.0,1170.0,Kegalle
511840,40012,MALIBAN CREAM CRACKER 500G,3,2026-03-06 10:33:47,1.83,101075.0,545.0,1635.0,Matale
511841,40062,NESTOMALT 400G,4,2026-03-06 12:43:07,2.7,101003.0,805.0,3220.0,Puttalam
511842,40049,ROZA PASTA MACARONI 400G,10,2026-03-06 12:48:12,1.31,101168.0,390.0,3900.0,Kegalle
511843,40023,RATHTHI MILK POWDER 400G,4,2026-03-07 11:00:32,4.79,101123.0,1430.0,5720.0,Jaffna
511844,40083,BOGAWANTALAWA TEA 400G,8,2026-03-08 18:29:53,3.92,101062.0,1170.0,9360.0,Kurunegala
511845,40069,ANCHOR BUTTER 200G,2,2026-03-09 19:18:14,3.4,101141.0,1015.0,2030.0,Kurunegala
511846,40015,SIDDHALEPA BALM 50G,6,2026-03-10 10:52:06,1.09,101037.0,325.0,1950.0,Hambantota
511847,40086,FITS COOKING OIL 1L,3,2026-03-10 14:46:52,4.79,101068.0,1430.0,4290.0,Colombo
511848,40005,WATAWALA TEA 400G,3,2026-03-11 08:27:33,3.4,,1015.0,3045.0,Matara
511849,40045,PANADOL 100 TABLETS,8,2026-03-11 18:33:59,1.96,101039.0,585.0,4680.0,Kegalle
511850,40053,WIJAYA CHILLI POWDER 250G,3,2026-03-14 12:02:12,1.96,,585.0,1755.0,Kandy
511851,40002,DILMAH EARL GREY TEA 50 BAGS,2,2026-03-15 10:23:53,3.7,101111.0,1105.0,2210.0,Kurunegala
511852,40030,KIST MIXED FRUIT NECTAR 1L,20,2026-03-16 17:06:35,2.4,,715.0,14300.0,Gampaha
511853,40030,KIST MIXED FRUIT NECTAR 1L,1,2026-03-17 08:05:54,2.4,101114.0,715.0,715.0,Kurunegala
511854,40018,MD MANGO CHUTNEY 400G,10,2026-03-17 12:19:23,2.83,101141.0,845.0,8450.0,Gampaha
511855,40087,CARGILLS MAGIC SAUSAGES 400G,4,2026-03-17 15:01:23,3.4,101115.0,1015.0,4060.0,Kurunegala
511856,40001,DILMAH CEYLON TEA 500G,3,2026-03-18 10:54:44,5.24,101014.0,1565.0,4695.0,Galle
511857,40011,MALIBAN LEMON PUFF 200G,1,2026-03-18 17:13:36,0.87,101192.0,260.0,260.0,Kandy
511858,40002,DILMAH EARL GREY TEA 50 BAGS,4,2026-03-19 12:57:09,3.7,101157.0,1105.0,4420.0,Kegalle
511859,40055,LIFEBUOY SOAP 100G,6,2026-03-20 08:07:49,0.57,101032.0,170.0,1020.0,Gampaha
511860,40007,MUNCHEE CHOCOLATE BISCUIT 200G,20,2026-03-20 14:19:48,0.95,101140.0,285.0,5700.0,Galle
511861,40081,SPRITE 1.5L,5,2026-03-20 15:49:59,1.52,101215.0,455.0,2275.0,Colombo
511862,40050,RANCRISP CASHEWS 50G,3,2026-03-20 17:50:52,1.52,101114.0,455.0,1365.0,Matara
511863,40038,MOTHA FALUDA MIX 100G,1,2026-03-24 11:39:43,0.87,101050.0,260.0,260.0,Hambantota
511864,40001,DILMAH CEYLON TEA 500G,10,2026-03-26 13:18:33,5.24,101048.0,1565.0,15650.0,Mannar
511865,40004,ZESTA TEA 400G,2,2026-03-26 15:41:32,4.57,101144.0,1365.0,2730.0,Ratnapura
511866,40032,PRIMA STELLA NOODLES 400G,8,2026-03-28 11:40:12,1.22,,365.0,2920.0,Gampaha
511867,40006,MUNCHEE SUPER CREAM CRACKER 500G,4,2026-03-29 11:05:55,1.96,101072.0,585.0,2340.0,Batticaloa
511868,40008,MUNCHEE LEMON PUFF 200G,4,2026-03-29 19:51:01,0.87,101165.0,260.0,1040.0,Matara
511869,40030,KIST MIXED FRUIT NECTAR 1L,3,2026-04-01 19:32:32,2.4,101052.0,715.0,2145.0,Jaffna
511870,40044,HAPPY COW CHEESE 120G,3,2026-04-02 09:54:03,3.7,101208.0,1105.0,3315.0,Colombo
511871,40008,MUNCHEE LEMON PUFF 200G,15,2026-04-02 15:52:18,0.87,101060.0,260.0,3900.0,Batticaloa
511872,40003,DILMAH GREEN TEA 20 BAGS,2,2026-04-03 11:58:16,2.4,101177.0,715.0,1430.0,Badulla
511873,40032,PRIMA STELLA NOODLES 400G,15,2026-04-08 10:35:48,1.22,101163.0,365.0,5475.0,Gampaha
511874,40056,SUNSILK BLACK SHAMPOO 200ML,3,2026-04-08 15:28:16,2.4,101188.0,715.0,2145.0,Hambantota
511875,40005,WATAWALA TEA 400G,1,2026-04-08 16:02:58,3.4,101151.0,1015.0,1015.0,Kurunegala
511876,40068,CLOSE UP TOOTHPASTE 120G,4,2026-04-09 18:45:54,1.02,101010.0,305.0,1220.0,Kalutara
511877,40029,KIST TOMATO KETCHUP 400G,1,2026-04-10 11:43:42,1.96,101081.0,585.0,585.0,Gampaha
511878,40045,PANADOL 100 TABLETS,3,2026-04-10 13:12:01,1.96,101097.0,585.0,1755.0,Colombo
511879,40022,ANCHOR MILK POWDER 400G,3,2026-04-10 13:51:06,5.03,101008.0,1500.0,4500.0,Galle
511880,40092,ARALIYA COCONUT MILK POWDER 300G,3,2026-04-10 14:43:38,3.05,101085.0,910.0,2730.0,Polonnaruwa
511881,40003,DILMAH GREEN TEA 20 BAGS,6,2026-04-10 16:03:11,2.4,101149.0,715.0,4290.0,Kandy
511882,40038,MOTHA FALUDA MIX 100G,1,2026-04-10 16:09:42,0.87,101015.0,260.0,260.0,Colombo
511883,40054,PEARS BABY POWDER 100G,1,2026-04-11 15:59:55,1.09,101147.0,325.0,325.0,Colombo
511884,40013,SPA CEYLON SLEEP BODY LOTION,6,2026-04-12 09:02:59,15.28,,4560.0,27360.0,Colombo
511885,40060,SUNLIGHT SOAP 115G,1,2026-04-12 12:05:13,0.52,101210.0,155.0,155.0,Colombo
C511886,40079,CEYLON TOBACCO (CIGARETTES PACK),-3,2026-04-13 14:51:48,5.24,101088.0,1565.0,-4695.0,Kandy
511887,40032,PRIMA STELLA NOODLES 400G,4,2026-04-14 12:54:52,1.22,,365.0,1460.0,Anuradhapura
511888,40004,ZESTA TEA 400G,3,2026-04-14 19:00:54,4.57,101106.0,1365.0,4095.0,Kalutara
511889,40002,DILMAH EARL GREY TEA 50 BAGS,1,2026-04-15 08:02:11,3.7,101149.0,1105.0,1105.0,Jaffna
511890,40054,PEARS BABY POWDER 100G,8,2026-04-16 08:23:00,1.09,101201.0,325.0,2600.0,Hambantota
511891,40056,SUNSILK BLACK SHAMPOO 200ML,1,2026-04-16 14:31:27,2.4,101199.0,715.0,715.0,Mannar
511892,40077,PILAWOOS FALOODA MIX 200G,10,2026-04-17 11:48:08,1.52,101007.0,455.0,4550.0,Ratnapura
511893,40021,ELEPHANT HOUSE VANILLA ICE CREAM 1L,12,2026-04-17 14:30:13,3.48,101096.0,1040.0,12480.0,Ratnapura
511894,40014,SPA CEYLON HAND CREAM,5,2026-04-17 18:05:39,9.6,101052.0,2865.0,14325.0,Kegalle
511895,40046,MARMITE 100G,2,2026-04-18 09:35:52,3.27,101008.0,975.0,1950.0,Trincomalee
511896,40008,MUNCHEE LEMON PUFF 200G,2,2026-04-18 09:44:10,0.87,,260.0,520.0,Kalutara
511897,40006,MUNCHEE SUPER CREAM CRACKER 500G,1,2026-04-19 08:17:57,1.96,101198.0,585.0,585.0,Kegalle
511898,40084,AKBAR TEA 400G,1,2026-04-19 08:48:20,3.05,101057.0,910.0,910.0,Moneragala
511899,40039,CLOGARD TOOTHPASTE 120G,5,2026-04-19 10:18:10,0.95,101079.0,285.0,1425.0,Ratnapura
511900,40026,KITHUL TREACLE 750ML,2,2026-04-19 10:46:36,7.86,101164.0,2345.0,4690.0,Ratnapura
511901,40008,MUNCHEE LEMON PUFF 200G,5,2026-04-19 13:23:09,0.87,101005.0,260.0,1300.0,Nuwara Eliya
511902,40019,ELEPHANT HOUSE GINGER BEER 1.5L,1,2026-04-19 14:41:48,1.74,,520.0,520.0,Ratnapura
511903,40023,RATHTHI MILK POWDER 400G,12,2026-04-19 17:44:07,4.79,101098.0,1430.0,17160.0,Badulla
511904,40035,CBL SAMAPOSHA 200G,4,2026-04-20 09:41:24,0.79,101037.0,235.0,940.0,Colombo
511905,40010,MALIBAN MARIE BISCUITS 400G,4,2026-04-20 14:23:22,1.52,101216.0,455.0,1820.0,Hambantota
511906,40026,KITHUL TREACLE 750ML,5,2026-04-21 09:54:39,7.86,101193.0,2345.0,11725.0,Ampara
511907,40017,MD MIXED FRUIT JAM 500G,3,2026-04-21 18:43:34,2.83,101187.0,845.0,2535.0,Gampaha
511908,40004,ZESTA TEA 400G,1,2026-04-22 08:31:53,4.57,101156.0,1365.0,1365.0,Kandy
511909,40001,DILMAH CEYLON TEA 500G,8,2026-04-25 12:52:18,5.24,101106.0,1565.0,12520.0,Kandy
511910,40024,HIGHLAND MILK 1L,10,2026-04-25 16:21:17,1.74,101135.0,520.0,5200.0,Galle
511911,40049,ROZA PASTA MACARONI 400G,3,2026-04-26 11:49:47,1.31,101038.0,390.0,1170.0,Jaffna
511912,40020,ELEPHANT HOUSE CREAM SODA 1.5L,3,2026-04-26 13:45:12,1.74,101174.0,520.0,1560.0,Badulla
511913,40045,PANADOL 100 TABLETS,3,2026-04-27 11:17:20,1.96,101220.0,585.0,1755.0,Colombo
C511914,40015,SIDDHALEPA BALM 50G,-2,2026-04-27 16:26:12,1.09,101149.0,325.0,-650.0,Colombo
511915,40040,SIGNAL TOOTHPASTE 120G,2,2026-04-28 15:28:17,1.01,101123.0,300.0,600.0,Polonnaruwa
511916,40009,MUNCHEE TIKIRI MARIE 80G,6,2026-04-29 13:15:36,0.3,101121.0,90.0,540.0,Kurunegala
511917,40026,KITHUL TREACLE 750ML,1,2026-05-02 20:29:49,7.86,101002.0,2345.0,2345.0,Gampaha
511918,40046,MARMITE 100G,3,2026-05-03 11:04:10,3.27,101085.0,975.0,2925.0,Kegalle
511919,40055,LIFEBUOY SOAP 100G,2,2026-05-04 20:49:16,0.57,101216.0,170.0,340.0,Kegalle
511920,40026,KITHUL TREACLE 750ML,6,2026-05-05 08:19:47,7.86,101104.0,2345.0,14070.0,Hambantota
511921,40074,ARALIYA WHITE RICE 5KG,1,2026-05-07 15:42:07,6.33,101110.0,1890.0,1890.0,Colombo
C511922,40003,DILMAH GREEN TEA 20 BAGS,-4,2026-05-08 10:35:21,2.4,101188.0,715.0,-2860.0,Badulla
511923,40084,AKBAR TEA 400G,6,2026-05-09 09:34:59,3.05,101051.0,910.0,5460.0,Kurunegala
511924,40002,DILMAH EARL GREY TEA 50 BAGS,1,2026-05-11 10:20:47,3.7,101113.0,1105.0,1105.0,Polonnaruwa
511925,40001,DILMAH CEYLON TEA 500G,3,2026-05-11 10:48:30,5.24,101175.0,1565.0,4695.0,Puttalam
511926,40005,WATAWALA TEA 400G,1,2026-05-11 11:54:13,3.4,101002.0,1015.0,1015.0,Ampara
511927,40004,ZESTA TEA 400G,5,2026-05-15 14:50:43,4.57,,1365.0,6825.0,Kandy
511928,40005,WATAWALA TEA 400G,4,2026-05-16 11:34:30,3.4,101080.0,1015.0,4060.0,Kurunegala
511929,40044,HAPPY COW CHEESE 120G,1,2026-05-16 13:59:49,3.7,101008.0,1105.0,1105.0,Kandy
511930,40006,MUNCHEE SUPER CREAM CRACKER 500G,3,2026-05-18 20:21:55,1.96,101001.0,585.0,1755.0,Batticaloa
511931,40050,RANCRISP CASHEWS 50G,1,2026-05-19 10:59:19,1.52,101100.0,455.0,455.0,Colombo
511932,40060,SUNLIGHT SOAP 115G,3,2026-05-20 09:38:00,0.52,101005.0,155.0,465.0,Colombo
511933,40060,SUNLIGHT SOAP 115G,12,2026-05-20 13:51:21,0.52,101138.0,155.0,1860.0,Galle
511934,40079,CEYLON TOBACCO (CIGARETTES PACK),6,2026-05-20 13:57:46,5.24,101197.0,1565.0,9390.0,Kandy
511935,40017,MD MIXED FRUIT JAM 500G,2,2026-05-21 09:37:13,2.83,101026.0,845.0,1690.0,Hambantota
511936,40036,MAGGI COCONUT MILK POWDER 300G,2,2026-05-21 12:32:48,3.27,101171.0,975.0,1950.0,Galle
511937,40010,MALIBAN MARIE BISCUITS 400G,4,2026-05-23 08:14:20,1.52,101201.0,455.0,1820.0,Gampaha
511938,40086,FITS COOKING OIL 1L,6,2026-05-23 09:53:03,4.79,101154.0,1430.0,8580.0,Colombo
511939,40055,LIFEBUOY SOAP 100G,8,2026-05-23 20:35:43,0.57,101184.0,170.0,1360.0,Hambantota
511940,40007,MUNCHEE CHOCOLATE BISCUIT 200G,3,2026-05-24 20:14:54,0.95,101069.0,285.0,855.0,Jaffna
511941,40010,MALIBAN MARIE BISCUITS 400G,2,2026-05-25 09:27:10,1.52,,455.0,910.0,Galle
511942,40058,DIVA WASHING POWDER 1KG,3,2026-05-27 08:42:48,2.83,101155.0,845.0,2535.0,Trincomalee
511943,40006,MUNCHEE SUPER CREAM CRACKER 500G,3,2026-05-28 14:48:12,1.96,,585.0,1755.0,Ratnapura
511944,40086,FITS COOKING OIL 1L,4,2026-05-28 17:11:47,4.79,101208.0,1430.0,5720.0,Gampaha
511945,40015,SIDDHALEPA BALM 50G,5,2026-05-28 20:49:45,1.09,101169.0,325.0,1625.0,Kurunegala
511946,40001,DILMAH CEYLON TEA 500G,10,2026-05-29 08:14:01,5.24,,1565.0,15650.0,Vavuniya
511947,40001,DILMAH CEYLON TEA 500G,2,2026-05-29 13:50:31,5.24,101035.0,1565.0,3130.0,Colombo
511948,40005,WATAWALA TEA 400G,4,2026-05-30 16:53:17,3.4,101052.0,1015.0,4060.0,Hambantota
511949,40023,RATHTHI MILK POWDER 400G,1,2026-06-01 11:29:01,4.79,101143.0,1430.0,1430.0,Matara
511950,40064,HORLICKS 500G,1,2026-06-01 15:15:27,4.14,,1235.0,1235.0,Kurunegala
511951,40075,RANMUTHU RICE 5KG,3,2026-06-02 12:47:42,6.55,,1955.0,5865.0,Kalutara
511952,40001,DILMAH CEYLON TEA 500G,3,2026-06-03 18:36:37,5.24,101022.0,1565.0,4695.0,Kalutara
511953,40038,MOTHA FALUDA MIX 100G,3,2026-06-04 10:22:33,0.87,101214.0,260.0,780.0,Matale
511954,40036,MAGGI COCONUT MILK POWDER 300G,1,2026-06-04 17:55:41,3.27,101147.0,975.0,975.0,Moneragala
511955,40021,ELEPHANT HOUSE VANILLA ICE CREAM 1L,20,2026-06-05 12:31:47,3.48,101078.0,1040.0,20800.0,Badulla
511956,40056,SUNSILK BLACK SHAMPOO 200ML,1,2026-06-06 08:12:23,2.4,,715.0,715.0,Batticaloa
511957,40025,KOTMALE FRESH MILK 1L,2,2026-06-09 19:45:08,1.96,101111.0,585.0,1170.0,Kegalle
511958,40016,LINK SAMAHAN BOX (100 PACKETS),6,2026-06-10 12:35:41,6.55,101040.0,1955.0,11730.0,Batticaloa
511959,40001,DILMAH CEYLON TEA 500G,6,2026-06-10 16:52:32,5.24,101010.0,1565.0,9390.0,Moneragala
511960,40007,MUNCHEE CHOCOLATE BISCUIT 200G,3,2026-06-12 09:57:09,0.95,101002.0,285.0,855.0,Batticaloa
511961,40062,NESTOMALT 400G,2,2026-06-13 10:11:23,2.7,,805.0,1610.0,Kandy
511962,40011,MALIBAN LEMON PUFF 200G,3,2026-06-13 18:03:21,0.87,101172.0,260.0,780.0,Colombo
511963,40007,MUNCHEE CHOCOLATE BISCUIT 200G,2,2026-06-14 13:22:26,0.95,101090.0,285.0,570.0,Puttalam
511964,40051,LANKA SOY CHICKEN FLAVOUR 90G,2,2026-06-15 09:32:15,0.52,,155.0,310.0,Ratnapura
511965,40001,DILMAH CEYLON TEA 500G,1,2026-06-15 11:33:33,5.24,101051.0,1565.0,1565.0,Colombo
511966,40072,FUN FOODS MAYONNAISE 250G,1,2026-06-16 11:57:28,2.14,101127.0,640.0,640.0,Colombo
511967,40008,MUNCHEE LEMON PUFF 200G,6,2026-06-17 09:32:18,0.87,101184.0,260.0,1560.0,Trincomalee
511968,40005,WATAWALA TEA 400G,3,2026-06-18 17:29:52,3.4,,1015.0,3045.0,Ampara
511969,40091,USWATTE SPICES MIXED CURRY POWDER 100G,6,2026-06-18 19:25:36,0.95,,285.0,1710.0,Kegalle
511970,40036,MAGGI COCONUT MILK POWDER 300G,3,2026-06-20 12:36:06,3.27,101095.0,975.0,2925.0,Batticaloa
511971,40004,ZESTA TEA 400G,4,2026-06-20 20:56:22,4.57,101026.0,1365.0,5460.0,Matale
511972,40029,KIST TOMATO KETCHUP 400G,12,2026-06-21 17:46:20,1.96,101017.0,585.0,7020.0,Kurunegala
511973,40016,LINK SAMAHAN BOX (100 PACKETS),2,2026-06-21 20:45:59,6.55,101118.0,1955.0,3910.0,Kegalle
511974,40077,PILAWOOS FALOODA MIX 200G,1,2026-06-22 09:14:30,1.52,101093.0,455.0,455.0,Batticaloa
511975,40056,SUNSILK BLACK SHAMPOO 200ML,10,2026-06-23 17:46:50,2.4,101164.0,715.0,7150.0,Colombo
511976,40048,EDINBOROUGH SOY SAUCE 400ML,12,2026-06-23 19:43:06,1.52,101208.0,455.0,5460.0,Trincomalee
511977,40015,SIDDHALEPA BALM 50G,3,2026-06-25 09:40:11,1.09,101197.0,325.0,975.0,Kandy
511978,40001,DILMAH CEYLON TEA 500G,8,2026-06-25 15:27:49,5.24,101116.0,1565.0,12520.0,Gampaha
511979,40003,DILMAH GREEN TEA 20 BAGS,4,2026-06-25 19:48:12,2.4,,715.0,2860.0,Jaffna
511980,40009,MUNCHEE TIKIRI MARIE 80G,1,2026-06-26 09:28:46,0.3,101002.0,90.0,90.0,Kalutara
511981,40017,MD MIXED FRUIT JAM 500G,3,2026-06-27 15:39:36,2.83,101074.0,845.0,2535.0,Hambantota
511982,40004,ZESTA TEA 400G,4,2026-06-27 15:49:05,4.57,,1365.0,5460.0,Galle
511983,40038,MOTHA FALUDA MIX 100G,6,2026-06-27 20:21:17,0.87,101002.0,260.0,1560.0,Moneragala
511984,40038,MOTHA FALUDA MIX 100G,2,2026-06-28 10:44:52,0.87,101057.0,260.0,520.0,Kurunegala
511985,40006,MUNCHEE SUPER CREAM CRACKER 500G,3,2026-06-30 11:16:18,1.96,101087.0,585.0,1755.0,Colombo
