InvoiceNo,StockCode,Description,Quantity,InvoiceDate,CustomerID,UnitPrice_LKR,Total_Price_LKR,District
530001,40003,DILMAH GREEN TEA 20 BAGS,5,1/8/20 12:28,301039,550,2750,Kegalle
530002,40034,HARISCHANDRA COFFEE 100G,2,1/9/20 18:15,301045,380,760,Polonnaruwa
530003,40042,MARINA COCONUT OIL 1L,4,1/10/20 17:32,301178,950,3800,Badulla
530004,40014,SPA CEYLON HAND CREAM,3,1/11/20 13:25,301110,2200,6600,Gampaha
530005,40083,BOGAWANTALAWA TEA 400G,3,1/14/20 10:55,301108,900,2700,Kurunegala
530006,40037,MOTHA STRAWBERRY JELLY 100G,1,1/17/20 16:37,,120,120,Matara
530007,40001,DILMAH CEYLON TEA 500G,5,1/21/20 9:06,301045,1200,6000,Jaffna
530008,40005,WATAWALA TEA 400G,3,1/21/20 11:50,,780,2340,Batticaloa
530009,40003,DILMAH GREEN TEA 20 BAGS,1,1/22/20 12:43,301088,550,550,Matara
530010,40019,ELEPHANT HOUSE GINGER BEER 1.5L,5,1/23/20 10:52,301215,400,2000,Gampaha
530011,40001,DILMAH CEYLON TEA 500G,3,1/23/20 16:02,301033,1200,3600,Galle
530012,40022,ANCHOR MILK POWDER 400G,20,1/27/20 20:51,301169,1150,23000,Colombo
530013,40009,MUNCHEE TIKIRI MARIE 80G,3,1/28/20 15:49,301161,70,210,Gampaha
530014,40023,RATHTHI MILK POWDER 400G,2,1/29/20 11:00,301042,1100,2200,Kalutara
530015,40013,SPA CEYLON SLEEP BODY LOTION,2,1/29/20 20:05,301015,3500,7000,Batticaloa
530016,40049,ROZA PASTA MACARONI 400G,2,1/29/20 20:50,301118,300,600,Jaffna
530017,40038,MOTHA FALUDA MIX 100G,8,2/1/20 9:27,301107,200,1600,Ampara
530018,40034,HARISCHANDRA COFFEE 100G,6,2/3/20 18:43,,380,2280,Kandy
530019,40013,SPA CEYLON SLEEP BODY LOTION,4,2/8/20 8:07,301176,3500,14000,Jaffna
530020,40024,HIGHLAND MILK 1L,10,2/8/20 13:10,301012,400,4000,Kalutara
530021,40037,MOTHA STRAWBERRY JELLY 100G,2,2/10/20 13:54,,120,240,Gampaha
530022,40064,HORLICKS 500G,2,2/12/20 19:45,,950,1900,Kalutara
530023,40002,DILMAH EARL GREY TEA 50 BAGS,6,2/14/20 13:23,301077,850,5100,Gampaha
530024,40006,MUNCHEE SUPER CREAM CRACKER 500G,4,2/15/20 19:33,301161,450,1800,Jaffna
530025,40072,FUN FOODS MAYONNAISE 250G,3,2/20/20 10:43,301163,490,1470,Kalutara
530026,40042,MARINA COCONUT OIL 1L,8,2/24/20 10:32,301080,950,7600,Nuwara Eliya
530027,40058,DIVA WASHING POWDER 1KG,2,2/26/20 14:34,301046,650,1300,Ratnapura
530028,40046,MARMITE 100G,3,2/27/20 9:51,301035,750,2250,Kegalle
530029,40002,DILMAH EARL GREY TEA 50 BAGS,3,3/2/20 17:03,301212,850,2550,Moneragala
530030,40001,DILMAH CEYLON TEA 500G,1,3/8/20 9:59,,1200,1200,Galle
530031,40011,MALIBAN LEMON PUFF 200G,5,3/9/20 9:10,301051,200,1000,Kurunegala
530032,40010,MALIBAN MARIE BISCUITS 400G,8,3/9/20 15:42,301022,350,2800,Galle
530033,40060,SUNLIGHT SOAP 115G,5,3/13/20 14:01,301144,120,600,Galle
530034,40077,PILAWOOS FALOODA MIX 200G,3,3/14/20 17:13,301202,350,1050,Kurunegala
530035,40089,KANDOS CHOCOLATE BAR 100G,2,3/17/20 11:38,301014,250,500,Kandy
530036,DELV,COURIER DELIVERY CHARGE,1,3/17/20 15:57,301175,550.5,550.5,Matara
530037,40021,ELEPHANT HOUSE VANILLA ICE CREAM 1L,1,3/18/20 17:52,301089,800,800,Vavuniya
530038,40007,MUNCHEE CHOCOLATE BISCUIT 200G,3,3/19/20 14:34,,220,660,Gampaha
530039,40071,MA MA NOODLES 5 PACK,4,3/21/20 13:05,301159,400,1600,Puttalam
530040,40002,DILMAH EARL GREY TEA 50 BAGS,8,3/24/20 12:40,301003,850,6800,Hambantota
530041,40083,BOGAWANTALAWA TEA 400G,2,3/25/20 11:27,301030,900,1800,Puttalam
530042,40013,SPA CEYLON SLEEP BODY LOTION,2,3/25/20 17:50,301046,3500,7000,Moneragala
530043,40005,WATAWALA TEA 400G,4,3/25/20 18:22,301053,780,3120,Kurunegala
530044,40001,DILMAH CEYLON TEA 500G,6,3/27/20 20:21,301061,1200,7200,Moneragala
530045,40019,ELEPHANT HOUSE GINGER BEER 1.5L,1,3/28/20 12:02,301053,400,400,Ratnapura
530046,40003,DILMAH GREEN TEA 20 BAGS,2,3/28/20 16:45,301028,550,1100,Colombo
530047,40008,MUNCHEE LEMON PUFF 200G,8,3/28/20 17:16,301081,200,1600,Gampaha
530048,40003,DILMAH GREEN TEA 20 BAGS,12,3/29/20 8:17,301150,550,6600,Kandy
530049,40023,RATHTHI MILK POWDER 400G,5,3/29/20 20:26,301158,1100,5500,Polonnaruwa
530050,40034,HARISCHANDRA COFFEE 100G,5,3/30/20 19:03,,380,1900,Hambantota
530051,40078,SOFTLOGIC COCONUT MILK 400ML,8,4/5/20 10:07,301033,320,2560,Anuradhapura
530052,40007,MUNCHEE CHOCOLATE BISCUIT 200G,4,4/6/20 9:46,301103,220,880,Ampara
530053,40077,PILAWOOS FALOODA MIX 200G,1,4/6/20 14:15,,350,350,Matale
530054,40004,ZESTA TEA 400G,10,4/8/20 17:55,301079,1050,10500,Matara
530055,DELV,COURIER DELIVERY CHARGE,12,4/11/20 8:03,301103,550.5,6606,Gampaha
530056,40088,CARGILLS FRESH EGGS (10),3,4/17/20 14:18,,350,1050,Moneragala
530057,40032,PRIMA STELLA NOODLES 400G,12,4/20/20 8:34,301030,280,3360,Kegalle
530058,40034,HARISCHANDRA COFFEE 100G,5,4/22/20 18:58,301007,380,1900,Gampaha
530059,40023,RATHTHI MILK POWDER 400G,5,4/23/20 18:42,301057,1100,5500,Matara
530060,40003,DILMAH GREEN TEA 20 BAGS,6,4/24/20 12:30,301032,550,3300,Anuradhapura
530061,40082,NECTO 1.5L,10,4/29/20 18:54,,350,3500,Nuwara Eliya
530062,40028,BAIRAHA CHICKEN 1KG,8,4/30/20 8:03,301041,1450,11600,Kalutara
530063,40017,MD MIXED FRUIT JAM 500G,20,5/5/20 19:52,301132,650,13000,Colombo
530064,40061,VELVET BEAUTY SOAP 100G,1,5/6/20 13:48,301206,150,150,Polonnaruwa
530065,40065,FAIR & LOVELY CREAM 50G,4,5/6/20 19:27,301019,320,1280,Gampaha
530066,40030,KIST MIXED FRUIT NECTAR 1L,1,5/7/20 9:00,301100,550,550,Batticaloa
530067,40068,CLOSE UP TOOTHPASTE 120G,4,5/8/20 9:08,301025,235,940,Gampaha
530068,40025,KOTMALE FRESH MILK 1L,4,5/13/20 12:37,301181,450,1800,Kegalle
530069,40089,KANDOS CHOCOLATE BAR 100G,2,5/17/20 16:09,301193,250,500,Kalutara
530070,40046,MARMITE 100G,3,5/18/20 11:34,301128,750,2250,Badulla
530071,40003,DILMAH GREEN TEA 20 BAGS,2,5/20/20 9:09,,550,1100,Kilinochchi
530072,40027,KEELLS CHICKEN SAUSAGES 500G,2,5/20/20 9:48,301166,950,1900,Galle
530073,40038,MOTHA FALUDA MIX 100G,1,5/21/20 15:33,301090,200,200,Galle
530074,40038,MOTHA FALUDA MIX 100G,4,5/23/20 12:17,301078,200,800,Kurunegala
530075,40018,MD MANGO CHUTNEY 400G,6,5/24/20 11:18,301173,650,3900,Kurunegala
530076,40032,PRIMA STELLA NOODLES 400G,5,5/24/20 14:01,301184,280,1400,Colombo
530077,40005,WATAWALA TEA 400G,2,5/27/20 8:41,301016,780,1560,Colombo
530078,40007,MUNCHEE CHOCOLATE BISCUIT 200G,6,5/28/20 16:00,301214,220,1320,Moneragala
530079,40017,MD MIXED FRUIT JAM 500G,3,5/29/20 12:24,301045,650,1950,Jaffna
530080,40072,FUN FOODS MAYONNAISE 250G,10,5/31/20 16:40,,490,4900,Ratnapura
530081,40081,SPRITE 1.5L,2,6/4/20 11:20,301110,350,700,Matara
530082,40025,KOTMALE FRESH MILK 1L,2,6/5/20 17:25,301172,450,900,Galle
530083,40001,DILMAH CEYLON TEA 500G,1,6/10/20 11:05,301078,1200,1200,Colombo
530084,40077,PILAWOOS FALOODA MIX 200G,6,6/12/20 15:02,301005,350,2100,Kegalle
530085,40013,SPA CEYLON SLEEP BODY LOTION,3,6/13/20 20:28,,3500,10500,Badulla
530086,40088,CARGILLS FRESH EGGS (10),8,6/15/20 13:21,301019,350,2800,Gampaha
530087,40088,CARGILLS FRESH EGGS (10),2,6/17/20 11:30,,350,700,Gampaha
530088,40014,SPA CEYLON HAND CREAM,5,6/17/20 16:21,,2200,11000,Hambantota
530089,40013,SPA CEYLON SLEEP BODY LOTION,8,6/18/20 11:48,301157,3500,28000,Colombo
530090,40005,WATAWALA TEA 400G,2,6/25/20 16:01,301073,780,1560,Trincomalee
530091,40018,MD MANGO CHUTNEY 400G,1,6/28/20 16:20,301101,650,650,Jaffna
530092,40004,ZESTA TEA 400G,2,6/29/20 13:32,301034,1050,2100,Colombo
530093,40036,MAGGI COCONUT MILK POWDER 300G,1,6/30/20 9:47,301150,750,750,Matara
530094,40007,MUNCHEE CHOCOLATE BISCUIT 200G,4,7/3/20 11:05,301055,220,880,Badulla
530095,40001,DILMAH CEYLON TEA 500G,8,7/7/20 9:34,301055,1200,9600,Kalutara
530096,40004,ZESTA TEA 400G,6,7/7/20 19:14,301072,1050,6300,Puttalam
530097,40084,AKBAR TEA 400G,2,7/8/20 14:42,301163,700,1400,Badulla
530098,40073,DELMEGE BASMATI RICE 5KG,4,7/9/20 17:58,301117,2100,8400,Colombo
530099,40054,PEARS BABY POWDER 100G,4,7/9/20 18:33,301057,250,1000,Kegalle
530100,40051,LANKA SOY CHICKEN FLAVOUR 90G,6,7/15/20 9:45,,120,720,Kandy
530101,40039,CLOGARD TOOTHPASTE 120G,12,7/17/20 9:26,301131,220,2640,Colombo
530102,40050,RANCRISP CASHEWS 50G,2,7/18/20 10:23,301014,350,700,Colombo
530103,40035,CBL SAMAPOSHA 200G,2,7/18/20 11:49,301158,180,360,Gampaha
530104,40069,ANCHOR BUTTER 200G,5,7/18/20 18:01,301045,780,3900,Colombo
530105,40042,MARINA COCONUT OIL 1L,20,7/19/20 13:54,,950,19000,Galle
530106,40048,EDINBOROUGH SOY SAUCE 400ML,5,7/20/20 18:29,301082,350,1750,Kalutara
530107,40012,MALIBAN CREAM CRACKER 500G,1,7/21/20 13:10,301104,420,420,Gampaha
530108,40007,MUNCHEE CHOCOLATE BISCUIT 200G,3,7/22/20 10:59,301042,220,660,Mullaitivu
530109,40015,SIDDHALEPA BALM 50G,3,8/3/20 15:15,301103,250,750,Nuwara Eliya
530110,40036,MAGGI COCONUT MILK POWDER 300G,2,8/3/20 15:50,301109,750,1500,Kegalle
530111,40067,COLGATE TOOTHPASTE 120G,5,8/5/20 20:39,301217,240,1200,Trincomalee
530112,40055,LIFEBUOY SOAP 100G,1,8/6/20 20:01,301098,130,130,Jaffna
530113,40031,PRIMA KOTTU MEE CUP,2,8/9/20 12:20,,150,300,Gampaha
530114,40003,DILMAH GREEN TEA 20 BAGS,3,8/13/20 13:20,,550,1650,Nuwara Eliya
530115,40047,PELWATTE BUTTER 200G,5,8/16/20 12:16,301034,750,3750,Vavuniya
530116,40084,AKBAR TEA 400G,2,8/19/20 11:53,301203,700,1400,Puttalam
530117,40020,ELEPHANT HOUSE CREAM SODA 1.5L,3,8/21/20 13:13,301077,400,1200,Batticaloa
530118,40001,DILMAH CEYLON TEA 500G,1,8/22/20 18:56,301181,1200,1200,Colombo
530119,40045,PANADOL 100 TABLETS,3,8/27/20 15:50,301067,450,1350,Matale
530120,40044,HAPPY COW CHEESE 120G,10,8/28/20 8:32,301161,850,8500,Badulla
530121,40013,SPA CEYLON SLEEP BODY LOTION,1,8/28/20 17:26,301057,3500,3500,Matale
530122,40020,ELEPHANT HOUSE CREAM SODA 1.5L,15,8/28/20 19:54,301123,400,6000,Badulla
530123,40005,WATAWALA TEA 400G,5,8/29/20 13:42,301009,780,3900,Ratnapura
530124,40003,DILMAH GREEN TEA 20 BAGS,6,8/31/20 9:47,,550,3300,Badulla
530125,DELV,COURIER DELIVERY CHARGE,4,9/1/20 14:54,301065,550.5,2202,Batticaloa
530126,40082,NECTO 1.5L,3,9/2/20 19:43,301005,350,1050,Trincomalee
530127,40030,KIST MIXED FRUIT NECTAR 1L,2,9/5/20 11:38,301177,550,1100,Colombo
530128,40034,HARISCHANDRA COFFEE 100G,2,9/5/20 12:41,301210,380,760,Colombo
530129,40078,SOFTLOGIC COCONUT MILK 400ML,1,9/5/20 18:58,301181,320,320,Colombo
530130,40012,MALIBAN CREAM CRACKER 500G,1,9/7/20 17:07,301101,420,420,Kurunegala
530131,40057,VIM DISHWASH LIQUID 500ML,5,9/11/20 17:55,301219,450,2250,Colombo
530132,40076,CEYLON COLD STORES YOGHURT 80G,2,9/11/20 20:32,301023,90,180,Colombo
530133,40074,ARALIYA WHITE RICE 5KG,3,9/13/20 13:04,301144,1450,4350,Kegalle
530134,40023,RATHTHI MILK POWDER 400G,5,9/13/20 13:04,301074,1100,5500,Gampaha
530135,40007,MUNCHEE CHOCOLATE BISCUIT 200G,10,9/16/20 20:20,301172,220,2200,Moneragala
530136,40012,MALIBAN CREAM CRACKER 500G,5,9/17/20 20:55,301164,420,2100,Mannar
530137,40032,PRIMA STELLA NOODLES 400G,3,9/19/20 20:44,,280,840,Gampaha
530138,40081,SPRITE 1.5L,2,9/20/20 9:02,301120,350,700,Kurunegala
530139,40049,ROZA PASTA MACARONI 400G,2,9/23/20 13:40,301106,300,600,Kandy
530140,40032,PRIMA STELLA NOODLES 400G,4,9/24/20 13:20,301059,280,1120,Galle
530141,40017,MD MIXED FRUIT JAM 500G,3,9/25/20 19:04,301050,650,1950,Anuradhapura
530142,40034,HARISCHANDRA COFFEE 100G,5,9/25/20 20:08,301150,380,1900,Colombo
530143,40002,DILMAH EARL GREY TEA 50 BAGS,3,9/27/20 17:13,,850,2550,Trincomalee
530144,40022,ANCHOR MILK POWDER 400G,2,10/1/20 11:12,301076,1150,2300,Kalutara
530145,40025,KOTMALE FRESH MILK 1L,1,10/8/20 10:47,301002,450,450,Kegalle
530146,40047,PELWATTE BUTTER 200G,8,10/8/20 19:26,301048,750,6000,Gampaha
530147,40016,LINK SAMAHAN BOX (100 PACKETS),2,10/9/20 10:24,,1500,3000,Kandy
530148,40018,MD MANGO CHUTNEY 400G,2,10/12/20 17:03,301003,650,1300,Jaffna
530149,40040,SIGNAL TOOTHPASTE 120G,2,10/13/20 9:03,,230,460,Gampaha
530150,40014,SPA CEYLON HAND CREAM,1,10/16/20 8:25,301002,2200,2200,Matara
530151,40021,ELEPHANT HOUSE VANILLA ICE CREAM 1L,2,10/19/20 9:52,301073,800,1600,Colombo
530152,40001,DILMAH CEYLON TEA 500G,3,10/19/20 17:07,,1200,3600,Batticaloa
530153,40050,RANCRISP CASHEWS 50G,8,10/19/20 20:51,,350,2800,Batticaloa
530154,40011,MALIBAN LEMON PUFF 200G,3,10/20/20 10:17,301015,200,600,Gampaha
530155,40037,MOTHA STRAWBERRY JELLY 100G,2,10/21/20 14:38,301150,120,240,Kurunegala
530156,40007,MUNCHEE CHOCOLATE BISCUIT 200G,10,10/23/20 15:33,,220,2200,Kegalle
530157,40086,FITS COOKING OIL 1L,1,10/24/20 18:25,301085,1100,1100,Nuwara Eliya
530158,40025,KOTMALE FRESH MILK 1L,1,10/27/20 17:30,301044,450,450,Moneragala
530159,40049,ROZA PASTA MACARONI 400G,2,10/28/20 12:54,,300,600,Gampaha
530160,40005,WATAWALA TEA 400G,6,10/29/20 13:04,301164,780,4680,Badulla
530161,40027,KEELLS CHICKEN SAUSAGES 500G,8,10/30/20 9:50,301076,950,7600,Gampaha
530162,40001,DILMAH CEYLON TEA 500G,10,10/31/20 20:35,301041,1200,12000,Anuradhapura
530163,40001,DILMAH CEYLON TEA 500G,1,11/1/20 19:40,301116,1200,1200,Kalutara
530164,40019,ELEPHANT HOUSE GINGER BEER 1.5L,8,11/6/20 18:55,301119,400,3200,Jaffna
530165,40001,DILMAH CEYLON TEA 500G,4,11/8/20 11:08,301147,1200,4800,Gampaha
530166,40036,MAGGI COCONUT MILK POWDER 300G,1,11/8/20 15:09,301188,750,750,Gampaha
530167,40022,ANCHOR MILK POWDER 400G,2,11/9/20 13:46,,1150,2300,Colombo
530168,40089,KANDOS CHOCOLATE BAR 100G,4,11/10/20 10:08,301159,250,1000,Hambantota
530169,40005,WATAWALA TEA 400G,2,11/10/20 19:27,301165,780,1560,Puttalam
530170,40002,DILMAH EARL GREY TEA 50 BAGS,2,11/11/20 15:23,301049,850,1700,Colombo
530171,40021,ELEPHANT HOUSE VANILLA ICE CREAM 1L,3,11/11/20 16:43,,800,2400,Gampaha
530172,40010,MALIBAN MARIE BISCUITS 400G,4,11/11/20 18:03,301008,350,1400,Colombo
530173,40091,USWATTE SPICES MIXED CURRY POWDER 100G,3,11/11/20 18:18,301214,220,660,Kandy
530174,40086,FITS COOKING OIL 1L,10,11/14/20 19:36,301189,1100,11000,Matara
530175,40021,ELEPHANT HOUSE VANILLA ICE CREAM 1L,4,11/15/20 15:20,301064,800,3200,Jaffna
530176,40009,MUNCHEE TIKIRI MARIE 80G,1,11/15/20 18:55,301148,70,70,Badulla
530177,40092,ARALIYA COCONUT MILK POWDER 300G,4,11/17/20 16:54,301040,700,2800,Kurunegala
530178,40004,ZESTA TEA 400G,8,11/22/20 14:22,,1050,8400,Matara
530179,40023,RATHTHI MILK POWDER 400G,6,11/22/20 20:12,301083,1100,6600,Batticaloa
530180,40009,MUNCHEE TIKIRI MARIE 80G,8,11/23/20 16:21,301083,70,560,Colombo
530181,40037,MOTHA STRAWBERRY JELLY 100G,5,11/27/20 8:16,301185,120,600,Matara
530182,40040,SIGNAL TOOTHPASTE 120G,4,11/28/20 13:13,,230,920,Trincomalee
530183,40013,SPA CEYLON SLEEP BODY LOTION,5,11/29/20 8:29,301003,3500,17500,Gampaha
530184,40019,ELEPHANT HOUSE GINGER BEER 1.5L,3,11/29/20 17:37,,400,1200,Jaffna
530185,40003,DILMAH GREEN TEA 20 BAGS,6,11/30/20 17:50,301174,550,3300,Ratnapura
530186,40019,ELEPHANT HOUSE GINGER BEER 1.5L,3,12/2/20 9:22,301055,400,1200,Puttalam
C530187,40004,ZESTA TEA 400G,-2,12/3/20 11:31,301211,1050,-2100,Ampara
530188,40018,MD MANGO CHUTNEY 400G,2,12/3/20 13:58,301183,650,1300,Kegalle
530189,40033,HARISCHANDRA NOODLES 400G,8,12/3/20 14:50,301031,250,2000,Colombo
530190,40031,PRIMA KOTTU MEE CUP,4,12/4/20 12:27,,150,600,Matara
530191,40018,MD MANGO CHUTNEY 400G,2,12/5/20 20:28,,650,1300,Kalutara
530192,40023,RATHTHI MILK POWDER 400G,1,12/6/20 18:49,,1100,1100,Colombo
530193,40060,SUNLIGHT SOAP 115G,2,12/7/20 19:09,301206,120,240,Hambantota
530194,40016,LINK SAMAHAN BOX (100 PACKETS),1,12/7/20 20:43,301078,1500,1500,Kalutara
530195,40052,WIJAYA ROASTED CURRY POWDER 250G,4,12/8/20 12:50,301032,400,1600,Galle
530196,40030,KIST MIXED FRUIT NECTAR 1L,4,12/10/20 17:42,,550,2200,Polonnaruwa
530197,40029,KIST TOMATO KETCHUP 400G,2,12/13/20 20:53,301043,450,900,Matara
530198,40061,VELVET BEAUTY SOAP 100G,6,12/17/20 13:03,301107,150,900,Badulla
530199,40055,LIFEBUOY SOAP 100G,3,12/17/20 14:47,301172,130,390,Colombo
530200,40041,BABY CHERAMY SOAP 90G,2,12/21/20 9:08,301116,140,280,Batticaloa
530201,40004,ZESTA TEA 400G,1,12/22/20 16:13,,1050,1050,Gampaha
530202,40004,ZESTA TEA 400G,1,12/26/20 8:03,301103,1050,1050,Hambantota
530203,40011,MALIBAN LEMON PUFF 200G,3,12/27/20 8:53,301001,200,600,Matale
530204,40063,MILO 400G,6,12/27/20 10:12,301086,780,4680,Gampaha
530205,40008,MUNCHEE LEMON PUFF 200G,2,12/27/20 12:53,301063,200,400,Kandy
530206,40051,LANKA SOY CHICKEN FLAVOUR 90G,3,12/28/20 11:22,301018,120,360,Matale
530207,40022,ANCHOR MILK POWDER 400G,2,12/28/20 18:47,301020,1150,2300,Kalutara
530208,40045,PANADOL 100 TABLETS,3,12/30/20 20:31,301220,450,1350,Puttalam
530209,40034,HARISCHANDRA COFFEE 100G,2,12/31/20 13:48,301083,380,760,Vavuniya
530210,40085,RANFAT COOKING OIL 1L,2,1/2/21 11:42,301159,1200,2400,Trincomalee
530211,40056,SUNSILK BLACK SHAMPOO 200ML,2,1/2/21 17:21,301220,575,1150,Trincomalee
530212,40010,MALIBAN MARIE BISCUITS 400G,2,1/3/21 8:58,301065,365,730,Matara
530213,40002,DILMAH EARL GREY TEA 50 BAGS,15,1/3/21 11:36,,890,13350,Gampaha
530214,40010,MALIBAN MARIE BISCUITS 400G,2,1/4/21 16:51,301207,365,730,Moneragala
530215,40085,RANFAT COOKING OIL 1L,5,1/5/21 14:57,301083,1200,6000,Ratnapura
530216,40005,WATAWALA TEA 400G,1,1/8/21 19:28,301016,815,815,Moneragala
530217,40002,DILMAH EARL GREY TEA 50 BAGS,3,1/9/21 8:15,301058,890,2670,Kalutara
530218,40006,MUNCHEE SUPER CREAM CRACKER 500G,1,1/10/21 15:24,301082,470,470,Matale
530219,40007,MUNCHEE CHOCOLATE BISCUIT 200G,1,1/11/21 11:52,301215,230,230,Kalutara
530220,40008,MUNCHEE LEMON PUFF 200G,8,1/12/21 8:39,,210,1680,Kalutara
530221,40002,DILMAH EARL GREY TEA 50 BAGS,2,1/14/21 10:48,301020,890,1780,Kegalle
530222,40089,KANDOS CHOCOLATE BAR 100G,2,1/14/21 13:52,301164,260,520,Colombo
530223,40001,DILMAH CEYLON TEA 500G,2,1/15/21 10:36,301060,1255,2510,Puttalam
530224,40004,ZESTA TEA 400G,8,1/16/21 8:23,301047,1095,8760,Gampaha
530225,40067,COLGATE TOOTHPASTE 120G,6,1/16/21 16:44,,250,1500,Kalutara
530226,40002,DILMAH EARL GREY TEA 50 BAGS,4,1/17/21 15:44,301004,890,3560,Colombo
530227,40012,MALIBAN CREAM CRACKER 500G,10,1/19/21 18:03,,440,4400,Anuradhapura
530228,40029,KIST TOMATO KETCHUP 400G,2,1/23/21 10:45,301202,470,940,Ratnapura
530229,40026,KITHUL TREACLE 750ML,2,1/23/21 14:33,301187,1880,3760,Kandy
530230,40007,MUNCHEE CHOCOLATE BISCUIT 200G,6,1/25/21 15:42,301011,230,1380,Colombo
530231,40056,SUNSILK BLACK SHAMPOO 200ML,6,1/31/21 16:13,,575,3450,Ratnapura
530232,40026,KITHUL TREACLE 750ML,5,1/31/21 16:47,,1880,9400,Trincomalee
530233,40002,DILMAH EARL GREY TEA 50 BAGS,8,2/3/21 16:16,301147,890,7120,Galle
530234,40016,LINK SAMAHAN BOX (100 PACKETS),1,2/4/21 9:42,301067,1570,1570,Ratnapura
530235,40001,DILMAH CEYLON TEA 500G,1,2/4/21 10:59,301142,1255,1255,Gampaha
530236,40008,MUNCHEE LEMON PUFF 200G,2,2/4/21 14:22,,210,420,Ampara
530237,40004,ZESTA TEA 400G,2,2/7/21 16:25,301028,1095,2190,Colombo
530238,40014,SPA CEYLON HAND CREAM,1,2/9/21 20:26,301085,2300,2300,Matara
530239,40009,MUNCHEE TIKIRI MARIE 80G,2,2/10/21 10:10,,75,150,Gampaha
530240,40079,CEYLON TOBACCO (CIGARETTES PACK),12,2/11/21 11:40,301169,1255,15060,Nuwara Eliya
530241,40036,MAGGI COCONUT MILK POWDER 300G,1,2/11/21 14:12,,785,785,Ampara
530242,40080,COCA-COLA 1.5L,4,2/11/21 18:17,301145,365,1460,Moneragala
530243,40012,MALIBAN CREAM CRACKER 500G,1,2/23/21 17:14,301012,440,440,Anuradhapura
530244,40011,MALIBAN LEMON PUFF 200G,6,3/4/21 8:06,301001,210,1260,Matale
530245,40006,MUNCHEE SUPER CREAM CRACKER 500G,4,3/4/21 20:03,301044,470,1880,Jaffna
530246,40005,WATAWALA TEA 400G,8,3/5/21 19:58,,815,6520,Ratnapura
530247,40002,DILMAH EARL GREY TEA 50 BAGS,1,3/8/21 16:22,301045,890,890,Kilinochchi
530248,40001,DILMAH CEYLON TEA 500G,8,3/9/21 11:48,301144,1255,10040,Kegalle
530249,40026,KITHUL TREACLE 750ML,4,3/9/21 20:26,301213,1880,7520,Gampaha
530250,40040,SIGNAL TOOTHPASTE 120G,3,3/11/21 18:54,301056,240,720,Badulla
530251,40006,MUNCHEE SUPER CREAM CRACKER 500G,2,3/15/21 9:52,,470,940,Puttalam
530252,40006,MUNCHEE SUPER CREAM CRACKER 500G,8,3/15/21 16:20,301044,470,3760,Gampaha
530253,40004,ZESTA TEA 400G,2,3/17/21 13:11,301079,1095,2190,Colombo
530254,40048,EDINBOROUGH SOY SAUCE 400ML,8,3/17/21 14:58,301079,365,2920,Gampaha
530255,40003,DILMAH GREEN TEA 20 BAGS,8,3/18/21 15:12,301208,575,4600,Colombo
530256,40091,USWATTE SPICES MIXED CURRY POWDER 100G,4,3/18/21 17:46,301061,230,920,Kalutara
530257,40002,DILMAH EARL GREY TEA 50 BAGS,8,3/19/21 19:22,,890,7120,Anuradhapura
530258,40006,MUNCHEE SUPER CREAM CRACKER 500G,1,3/23/21 18:40,301019,470,470,Kalutara
530259,40056,SUNSILK BLACK SHAMPOO 200ML,3,3/24/21 19:04,301002,575,1725,Nuwara Eliya
530260,40074,ARALIYA WHITE RICE 5KG,2,3/28/21 19:58,301082,1515,3030,Batticaloa
530261,40031,PRIMA KOTTU MEE CUP,3,3/29/21 19:10,301037,155,465,Kegalle
530262,40051,LANKA SOY CHICKEN FLAVOUR 90G,2,3/29/21 19:13,301040,125,250,Hambantota
530263,40075,RANMUTHU RICE 5KG,2,3/30/21 12:32,301187,1570,3140,Anuradhapura
530264,40066,PONDS TALCUM POWDER 100G,1,4/1/21 11:21,301004,395,395,Colombo
530265,DELV,COURIER DELIVERY CHARGE,1,4/2/21 18:09,301061,582,582,Polonnaruwa
530266,40005,WATAWALA TEA 400G,10,4/6/21 14:42,301013,815,8150,Kalutara
530267,40069,ANCHOR BUTTER 200G,2,4/11/21 12:27,301218,815,1630,Kegalle
C530268,40041,BABY CHERAMY SOAP 90G,-3,4/13/21 13:58,301003,145,-435,Ratnapura
530269,40038,MOTHA FALUDA MIX 100G,3,4/15/21 8:14,301058,210,630,Kurunegala
530270,40024,HIGHLAND MILK 1L,4,4/15/21 13:48,301069,420,1680,Trincomalee
530271,40008,MUNCHEE LEMON PUFF 200G,1,4/15/21 18:22,301132,210,210,Kurunegala
530272,40006,MUNCHEE SUPER CREAM CRACKER 500G,4,4/16/21 8:44,301148,470,1880,Matara
530273,40090,RITZBURY CHOCOLATE BAR 100G,8,4/17/21 12:40,301148,270,2160,Anuradhapura
530274,40066,PONDS TALCUM POWDER 100G,15,4/21/21 19:55,301204,395,5925,Kalutara
530275,40024,HIGHLAND MILK 1L,4,4/22/21 13:12,301160,420,1680,Kalutara
530276,40005,WATAWALA TEA 400G,2,4/23/21 11:18,301109,815,1630,Jaffna
530277,40019,ELEPHANT HOUSE GINGER BEER 1.5L,3,4/23/21 14:46,,420,1260,Colombo
530278,40017,MD MIXED FRUIT JAM 500G,8,4/23/21 19:15,301202,680,5440,Badulla
530279,40071,MA MA NOODLES 5 PACK,12,4/24/21 14:07,301012,420,5040,Kalutara
530280,40068,CLOSE UP TOOTHPASTE 120G,5,4/25/21 15:53,301107,245,1225,Kalutara
530281,40019,ELEPHANT HOUSE GINGER BEER 1.5L,12,4/30/21 12:28,301011,420,5040,Colombo
530282,40069,ANCHOR BUTTER 200G,1,4/30/21 15:07,,815,815,Kalutara
530283,40002,DILMAH EARL GREY TEA 50 BAGS,2,4/30/21 19:25,,890,1780,Matara
530284,40034,HARISCHANDRA COFFEE 100G,2,5/1/21 13:37,301051,395,790,Kurunegala
530285,40088,CARGILLS FRESH EGGS (10),2,5/4/21 15:20,,365,730,Colombo
530286,40005,WATAWALA TEA 400G,2,5/7/21 9:19,301088,815,1630,Puttalam
530287,40022,ANCHOR MILK POWDER 400G,4,5/7/21 17:29,301011,1200,4800,Kegalle
530288,40011,MALIBAN LEMON PUFF 200G,1,5/7/21 19:41,301048,210,210,Gampaha
530289,40024,HIGHLAND MILK 1L,3,5/9/21 12:16,301209,420,1260,Ratnapura
530290,40002,DILMAH EARL GREY TEA 50 BAGS,1,5/10/21 13:49,301169,890,890,Badulla
530291,40028,BAIRAHA CHICKEN 1KG,1,5/12/21 17:56,301031,1515,1515,Jaffna
530292,40040,SIGNAL TOOTHPASTE 120G,6,5/13/21 17:47,,240,1440,Gampaha
530293,40023,RATHTHI MILK POWDER 400G,6,5/19/21 17:20,301128,1150,6900,Badulla
530294,40088,CARGILLS FRESH EGGS (10),1,5/21/21 18:51,301097,365,365,Colombo
530295,40037,MOTHA STRAWBERRY JELLY 100G,5,5/22/21 13:36,301182,125,625,Galle
530296,40003,DILMAH GREEN TEA 20 BAGS,4,5/23/21 18:34,,575,2300,Colombo
530297,40030,KIST MIXED FRUIT NECTAR 1L,2,5/24/21 20:37,301195,575,1150,Gampaha
530298,40038,MOTHA FALUDA MIX 100G,1,5/25/21 19:15,301150,210,210,Matara
530299,40051,LANKA SOY CHICKEN FLAVOUR 90G,5,5/26/21 16:50,301093,125,625,Galle
530300,40020,ELEPHANT HOUSE CREAM SODA 1.5L,6,5/27/21 9:35,301023,420,2520,Kandy
530301,40001,DILMAH CEYLON TEA 500G,2,5/29/21 14:44,301068,1255,2510,Ampara
530302,40011,MALIBAN LEMON PUFF 200G,4,6/1/21 11:08,,210,840,Gampaha
530303,40019,ELEPHANT HOUSE GINGER BEER 1.5L,4,6/6/21 15:38,301078,420,1680,Kegalle
530304,40018,MD MANGO CHUTNEY 400G,6,6/7/21 12:43,301146,680,4080,Kandy
530305,40002,DILMAH EARL GREY TEA 50 BAGS,3,6/8/21 12:23,301087,890,2670,Colombo
530306,40011,MALIBAN LEMON PUFF 200G,2,6/10/21 8:45,,210,420,Kandy
530307,40010,MALIBAN MARIE BISCUITS 400G,1,6/13/21 11:45,,365,365,Kandy
530308,40004,ZESTA TEA 400G,3,6/15/21 14:07,301021,1095,3285,Kegalle
530309,40013,SPA CEYLON SLEEP BODY LOTION,3,6/15/21 16:20,301003,3655,10965,Colombo
530310,40061,VELVET BEAUTY SOAP 100G,4,6/15/21 16:56,301011,155,620,Hambantota
530311,40031,PRIMA KOTTU MEE CUP,4,6/15/21 17:04,301044,155,620,Batticaloa
530312,40008,MUNCHEE LEMON PUFF 200G,4,6/16/21 10:54,301048,210,840,Moneragala
530313,40017,MD MIXED FRUIT JAM 500G,2,6/17/21 10:49,301171,680,1360,Kalutara
530314,40008,MUNCHEE LEMON PUFF 200G,3,6/17/21 10:55,,210,630,Gampaha
530315,40037,MOTHA STRAWBERRY JELLY 100G,3,6/19/21 10:09,301007,125,375,Batticaloa
530316,40077,PILAWOOS FALOODA MIX 200G,1,6/19/21 14:15,301009,365,365,Matara
530317,40048,EDINBOROUGH SOY SAUCE 400ML,1,6/20/21 12:39,301010,365,365,Gampaha
530318,40016,LINK SAMAHAN BOX (100 PACKETS),6,6/21/21 10:27,301220,1570,9420,Ampara
530319,40009,MUNCHEE TIKIRI MARIE 80G,10,6/22/21 13:32,301179,75,750,Kurunegala
530320,40090,RITZBURY CHOCOLATE BAR 100G,2,6/22/21 15:49,301028,270,540,Kegalle
530321,40072,FUN FOODS MAYONNAISE 250G,2,6/23/21 15:56,301165,510,1020,Kurunegala
530322,40014,SPA CEYLON HAND CREAM,8,6/24/21 9:06,,2300,18400,Kurunegala
530323,40048,EDINBOROUGH SOY SAUCE 400ML,6,6/24/21 11:21,301113,365,2190,Kurunegala
530324,40034,HARISCHANDRA COFFEE 100G,1,6/29/21 15:28,301139,395,395,Gampaha
530325,40004,ZESTA TEA 400G,4,6/29/21 16:21,301098,1095,4380,Colombo
530326,40079,CEYLON TOBACCO (CIGARETTES PACK),8,6/29/21 20:04,,1255,10040,Ratnapura
530327,40021,ELEPHANT HOUSE VANILLA ICE CREAM 1L,10,6/30/21 16:05,301189,835,8350,Colombo
530328,40064,HORLICKS 500G,2,7/2/21 12:08,301146,995,1990,Batticaloa
530329,40061,VELVET BEAUTY SOAP 100G,6,7/4/21 15:04,301118,155,930,Kalutara
530330,40003,DILMAH GREEN TEA 20 BAGS,10,7/4/21 19:33,301137,575,5750,Anuradhapura
530331,40004,ZESTA TEA 400G,3,7/7/21 15:52,301088,1095,3285,Badulla
530332,40022,ANCHOR MILK POWDER 400G,2,7/11/21 12:52,,1200,2400,Kalutara
C530333,40002,DILMAH EARL GREY TEA 50 BAGS,-3,7/11/21 14:12,301015,890,-2670,Matara
530334,40002,DILMAH EARL GREY TEA 50 BAGS,3,7/13/21 8:38,301008,890,2670,Kilinochchi
530335,40004,ZESTA TEA 400G,5,7/13/21 18:47,301093,1095,5475,Mannar
530336,40002,DILMAH EARL GREY TEA 50 BAGS,20,7/13/21 20:06,301193,890,17800,Kurunegala
530337,40007,MUNCHEE CHOCOLATE BISCUIT 200G,5,7/15/21 11:01,301042,230,1150,Polonnaruwa
530338,40090,RITZBURY CHOCOLATE BAR 100G,2,7/17/21 8:19,301178,270,540,Galle
530339,40006,MUNCHEE SUPER CREAM CRACKER 500G,12,7/17/21 8:59,301029,470,5640,Colombo
530340,40034,HARISCHANDRA COFFEE 100G,3,7/17/21 15:42,301075,395,1185,Kegalle
530341,40046,MARMITE 100G,5,7/20/21 9:39,301191,785,3925,Jaffna
530342,40002,DILMAH EARL GREY TEA 50 BAGS,1,7/20/21 15:45,301077,890,890,Kurunegala
530343,40002,DILMAH EARL GREY TEA 50 BAGS,10,7/24/21 13:38,301034,890,8900,Gampaha
530344,40002,DILMAH EARL GREY TEA 50 BAGS,1,7/27/21 10:44,301100,890,890,Kegalle
530345,40032,PRIMA STELLA NOODLES 400G,5,7/29/21 13:56,,295,1475,Trincomalee
530346,40007,MUNCHEE CHOCOLATE BISCUIT 200G,1,7/29/21 17:11,,230,230,Colombo
530347,40003,DILMAH GREEN TEA 20 BAGS,2,7/29/21 20:08,301002,575,1150,Kalutara
530348,40071,MA MA NOODLES 5 PACK,3,7/30/21 11:58,301077,420,1260,Kandy
530349,40002,DILMAH EARL GREY TEA 50 BAGS,6,8/5/21 19:13,301073,890,5340,Kegalle
530350,40080,COCA-COLA 1.5L,8,8/7/21 17:33,301023,365,2920,Kandy
530351,40002,DILMAH EARL GREY TEA 50 BAGS,2,8/10/21 12:10,301035,890,1780,Anuradhapura
530352,40091,USWATTE SPICES MIXED CURRY POWDER 100G,3,8/12/21 16:27,301075,230,690,Gampaha
530353,40002,DILMAH EARL GREY TEA 50 BAGS,4,8/13/21 10:07,301100,890,3560,Mannar
530354,40007,MUNCHEE CHOCOLATE BISCUIT 200G,6,8/16/21 14:34,,230,1380,Hambantota
530355,40029,KIST TOMATO KETCHUP 400G,8,8/18/21 17:49,301024,470,3760,Kurunegala
530356,40001,DILMAH CEYLON TEA 500G,5,8/21/21 13:49,,1255,6275,Kalutara
530357,40058,DIVA WASHING POWDER 1KG,2,8/21/21 16:14,301011,680,1360,Gampaha
530358,40013,SPA CEYLON SLEEP BODY LOTION,8,8/22/21 20:29,301040,3655,29240,Kandy
530359,40072,FUN FOODS MAYONNAISE 250G,10,8/24/21 12:55,301006,510,5100,Kegalle
530360,40038,MOTHA FALUDA MIX 100G,6,8/29/21 11:32,301063,210,1260,Galle
530361,40083,BOGAWANTALAWA TEA 400G,3,8/31/21 20:51,,940,2820,Matale
530362,40062,NESTOMALT 400G,4,9/3/21 17:34,301164,650,2600,Anuradhapura
530363,40006,MUNCHEE SUPER CREAM CRACKER 500G,5,9/7/21 15:41,301082,470,2350,Galle
530364,40076,CEYLON COLD STORES YOGHURT 80G,2,9/9/21 10:07,301070,95,190,Kandy
530365,40014,SPA CEYLON HAND CREAM,3,9/9/21 14:31,301109,2300,6900,Galle
530366,40071,MA MA NOODLES 5 PACK,3,9/9/21 15:21,301013,420,1260,Polonnaruwa
530367,40017,MD MIXED FRUIT JAM 500G,1,9/9/21 19:30,301068,680,680,Mannar
530368,40002,DILMAH EARL GREY TEA 50 BAGS,4,9/10/21 8:07,301009,890,3560,Polonnaruwa
530369,40010,MALIBAN MARIE BISCUITS 400G,2,9/10/21 10:21,301100,365,730,Jaffna
530370,40007,MUNCHEE CHOCOLATE BISCUIT 200G,15,9/12/21 13:21,301035,230,3450,Kegalle
530371,40060,SUNLIGHT SOAP 115G,1,9/13/21 15:46,301191,125,125,Anuradhapura
530372,40011,MALIBAN LEMON PUFF 200G,4,9/15/21 13:45,301018,210,840,Ratnapura
530373,40010,MALIBAN MARIE BISCUITS 400G,6,9/15/21 15:11,301061,365,2190,Polonnaruwa
530374,40008,MUNCHEE LEMON PUFF 200G,3,9/17/21 11:08,301196,210,630,Colombo
530375,40011,MALIBAN LEMON PUFF 200G,2,9/20/21 20:48,301005,210,420,Matara
530376,40010,MALIBAN MARIE BISCUITS 400G,5,9/21/21 19:00,301037,365,1825,Kalutara
530377,40026,KITHUL TREACLE 750ML,10,9/22/21 14:36,,1880,18800,Ratnapura
530378,40011,MALIBAN LEMON PUFF 200G,6,9/25/21 18:13,301178,210,1260,Ratnapura
530379,40002,DILMAH EARL GREY TEA 50 BAGS,1,9/29/21 17:47,301161,890,890,Kandy
530380,40017,MD MIXED FRUIT JAM 500G,1,9/30/21 8:52,301090,680,680,Colombo
530381,40048,EDINBOROUGH SOY SAUCE 400ML,8,9/30/21 9:49,,365,2920,Kandy
530382,40004,ZESTA TEA 400G,3,9/30/21 16:27,301023,1095,3285,Colombo
530383,40067,COLGATE TOOTHPASTE 120G,1,10/1/21 19:17,301059,250,250,Badulla
530384,40037,MOTHA STRAWBERRY JELLY 100G,3,10/2/21 16:16,301199,125,375,Colombo
C530385,40014,SPA CEYLON HAND CREAM,-1,10/4/21 13:33,301034,2300,-2300,Batticaloa
530386,40059,SURF EXCEL 1KG,2,10/4/21 16:03,301156,890,1780,Kandy
530387,40021,ELEPHANT HOUSE VANILLA ICE CREAM 1L,4,10/8/21 14:19,301182,835,3340,Kandy
530388,40032,PRIMA STELLA NOODLES 400G,3,10/11/21 12:02,301018,295,885,Moneragala
530389,40027,KEELLS CHICKEN SAUSAGES 500G,8,10/11/21 13:59,301011,995,7960,Galle
530390,40046,MARMITE 100G,4,10/11/21 18:17,301066,785,3140,Colombo
530391,40004,ZESTA TEA 400G,4,10/12/21 9:02,301180,1095,4380,Ratnapura
530392,40040,SIGNAL TOOTHPASTE 120G,12,10/12/21 11:02,301214,240,2880,Colombo
530393,40039,CLOGARD TOOTHPASTE 120G,4,10/13/21 12:31,,230,920,Ampara
530394,40037,MOTHA STRAWBERRY JELLY 100G,2,10/16/21 8:17,301007,125,250,Ampara
530395,40087,CARGILLS MAGIC SAUSAGES 400G,3,10/16/21 14:24,301100,815,2445,Kandy
530396,40051,LANKA SOY CHICKEN FLAVOUR 90G,5,10/16/21 17:47,301092,125,625,Kurunegala
530397,40002,DILMAH EARL GREY TEA 50 BAGS,1,10/17/21 12:46,301117,890,890,Puttalam
530398,40021,ELEPHANT HOUSE VANILLA ICE CREAM 1L,2,10/20/21 18:22,301163,835,1670,Colombo
530399,40062,NESTOMALT 400G,2,10/21/21 12:49,301021,650,1300,Anuradhapura
530400,40002,DILMAH EARL GREY TEA 50 BAGS,1,10/22/21 17:49,301137,890,890,Gampaha
530401,40035,CBL SAMAPOSHA 200G,4,10/23/21 10:09,,190,760,Ratnapura
530402,40001,DILMAH CEYLON TEA 500G,1,10/26/21 14:52,301017,1255,1255,Matara
530403,40039,CLOGARD TOOTHPASTE 120G,4,10/26/21 15:27,,230,920,Gampaha
530404,40083,BOGAWANTALAWA TEA 400G,3,10/26/21 17:36,301142,940,2820,Mannar
530405,40004,ZESTA TEA 400G,3,10/26/21 19:27,,1095,3285,Galle
530406,40001,DILMAH CEYLON TEA 500G,1,10/30/21 13:57,301197,1255,1255,Colombo
530407,40072,FUN FOODS MAYONNAISE 250G,6,11/3/21 18:15,301127,510,3060,Puttalam
530408,40008,MUNCHEE LEMON PUFF 200G,6,11/5/21 12:27,301172,210,1260,Kandy
530409,40039,CLOGARD TOOTHPASTE 120G,6,11/7/21 18:46,301014,230,1380,Puttalam
530410,40008,MUNCHEE LEMON PUFF 200G,5,11/8/21 11:39,301163,210,1050,Ampara
530411,40024,HIGHLAND MILK 1L,1,11/8/21 14:34,301178,420,420,Jaffna
530412,40006,MUNCHEE SUPER CREAM CRACKER 500G,8,11/10/21 18:30,301213,470,3760,Galle
530413,40001,DILMAH CEYLON TEA 500G,3,11/10/21 20:19,301174,1255,3765,Trincomalee
530414,40004,ZESTA TEA 400G,5,11/12/21 13:04,,1095,5475,Kalutara
530415,40074,ARALIYA WHITE RICE 5KG,2,11/13/21 15:00,301039,1515,3030,Colombo
530416,40065,FAIR & LOVELY CREAM 50G,2,11/16/21 12:47,301214,335,670,Kurunegala
530417,40010,MALIBAN MARIE BISCUITS 400G,4,11/18/21 9:30,301104,365,1460,Galle
530418,40029,KIST TOMATO KETCHUP 400G,2,11/20/21 13:25,301138,470,940,Matara
530419,40030,KIST MIXED FRUIT NECTAR 1L,1,11/27/21 10:43,301037,575,575,Anuradhapura
530420,40003,DILMAH GREEN TEA 20 BAGS,1,11/27/21 16:16,301035,575,575,Nuwara Eliya
530421,40018,MD MANGO CHUTNEY 400G,4,11/27/21 17:56,301147,680,2720,Ratnapura
530422,40002,DILMAH EARL GREY TEA 50 BAGS,20,11/27/21 18:44,301092,890,17800,Anuradhapura
530423,40001,DILMAH CEYLON TEA 500G,4,11/28/21 9:46,301060,1255,5020,Ampara
530424,40084,AKBAR TEA 400G,3,11/29/21 11:27,301028,730,2190,Puttalam
530425,40049,ROZA PASTA MACARONI 400G,1,11/30/21 15:50,301027,315,315,Galle
530426,40030,KIST MIXED FRUIT NECTAR 1L,4,12/2/21 13:24,301043,575,2300,Gampaha
530427,40001,DILMAH CEYLON TEA 500G,2,12/3/21 14:19,301012,1255,2510,Gampaha
530428,40054,PEARS BABY POWDER 100G,2,12/4/21 8:55,,260,520,Polonnaruwa
530429,40006,MUNCHEE SUPER CREAM CRACKER 500G,2,12/4/21 19:51,,470,940,Vavuniya
530430,40059,SURF EXCEL 1KG,2,12/5/21 8:00,301007,890,1780,Kandy
530431,40048,EDINBOROUGH SOY SAUCE 400ML,3,12/5/21 9:18,301130,365,1095,Colombo
530432,40039,CLOGARD TOOTHPASTE 120G,3,12/5/21 17:48,301208,230,690,Ampara
530433,40033,HARISCHANDRA NOODLES 400G,1,12/5/21 20:03,301153,260,260,Nuwara Eliya
530434,40032,PRIMA STELLA NOODLES 400G,3,12/5/21 20:16,301109,295,885,Kurunegala
530435,40039,CLOGARD TOOTHPASTE 120G,8,12/6/21 9:21,,230,1840,Batticaloa
530436,40017,MD MIXED FRUIT JAM 500G,3,12/6/21 11:06,301118,680,2040,Gampaha
530437,40068,CLOSE UP TOOTHPASTE 120G,8,12/7/21 20:22,301086,245,1960,Jaffna
530438,40004,ZESTA TEA 400G,15,12/8/21 12:07,301026,1095,16425,Kegalle
530439,40051,LANKA SOY CHICKEN FLAVOUR 90G,1,12/13/21 11:12,301192,125,125,Jaffna
530440,40005,WATAWALA TEA 400G,8,12/13/21 11:21,301220,815,6520,Gampaha
530441,40030,KIST MIXED FRUIT NECTAR 1L,2,12/14/21 14:08,301009,575,1150,Hambantota
530442,40056,SUNSILK BLACK SHAMPOO 200ML,1,12/16/21 8:54,301167,575,575,Galle
530443,40050,RANCRISP CASHEWS 50G,5,12/16/21 14:43,301181,365,1825,Galle
530444,40014,SPA CEYLON HAND CREAM,1,12/16/21 20:25,301129,2300,2300,Kandy
530445,40004,ZESTA TEA 400G,10,12/20/21 18:57,301096,1095,10950,Colombo
530446,40006,MUNCHEE SUPER CREAM CRACKER 500G,10,12/21/21 16:38,301149,470,4700,Moneragala
530447,40003,DILMAH GREEN TEA 20 BAGS,2,12/23/21 11:44,,575,1150,Jaffna
530448,40036,MAGGI COCONUT MILK POWDER 300G,1,12/23/21 12:00,301099,785,785,Colombo
530449,40053,WIJAYA CHILLI POWDER 250G,8,12/25/21 15:23,301179,470,3760,Matara
530450,40017,MD MIXED FRUIT JAM 500G,2,12/26/21 14:46,,680,1360,Colombo
530451,40005,WATAWALA TEA 400G,4,12/26/21 15:38,,815,3260,Kalutara
530452,40026,KITHUL TREACLE 750ML,3,12/27/21 8:15,301206,1880,5640,Kandy
530453,40041,BABY CHERAMY SOAP 90G,1,12/27/21 13:49,301171,145,145,Colombo
530454,40012,MALIBAN CREAM CRACKER 500G,3,12/27/21 14:25,,440,1320,Matale
530455,40075,RANMUTHU RICE 5KG,4,12/27/21 17:55,301145,1570,6280,Kalutara
530456,40019,ELEPHANT HOUSE GINGER BEER 1.5L,5,12/29/21 15:53,301011,420,2100,Kalutara
530457,40077,PILAWOOS FALOODA MIX 200G,3,12/29/21 17:57,301074,365,1095,Matale
530458,40032,PRIMA STELLA NOODLES 400G,2,12/31/21 8:41,,295,590,Anuradhapura
530459,40066,PONDS TALCUM POWDER 100G,8,1/1/22 13:25,301018,415,3320,Ratnapura
530460,40040,SIGNAL TOOTHPASTE 120G,3,1/2/22 11:24,301110,250,750,Kurunegala
530461,40050,RANCRISP CASHEWS 50G,3,1/3/22 18:30,301166,380,1140,Colombo
530462,40050,RANCRISP CASHEWS 50G,2,1/4/22 15:43,301116,380,760,Colombo
530463,40032,PRIMA STELLA NOODLES 400G,10,1/7/22 18:31,301158,305,3050,Kandy
530464,40091,USWATTE SPICES MIXED CURRY POWDER 100G,2,1/10/22 14:39,,240,480,Anuradhapura
530465,40005,WATAWALA TEA 400G,5,1/10/22 16:33,301046,850,4250,Gampaha
530466,40026,KITHUL TREACLE 750ML,20,1/14/22 14:01,301104,1965,39300,Polonnaruwa
530467,40001,DILMAH CEYLON TEA 500G,2,1/15/22 13:18,301007,1310,2620,Anuradhapura
530468,40014,SPA CEYLON HAND CREAM,10,1/18/22 19:32,301032,2400,24000,Badulla
530469,40006,MUNCHEE SUPER CREAM CRACKER 500G,8,1/19/22 17:33,301184,490,3920,Colombo
C530470,40064,HORLICKS 500G,-2,1/20/22 18:23,301188,1035,-2070,Colombo
530471,40003,DILMAH GREEN TEA 20 BAGS,2,1/22/22 9:53,301053,600,1200,Batticaloa
C530472,40008,MUNCHEE LEMON PUFF 200G,-4,1/22/22 10:10,301018,220,-880,Anuradhapura
530473,40004,ZESTA TEA 400G,12,1/23/22 19:37,301012,1145,13740,Kurunegala
530474,40003,DILMAH GREEN TEA 20 BAGS,2,1/24/22 15:11,,600,1200,Galle
530475,40001,DILMAH CEYLON TEA 500G,10,1/29/22 12:54,301171,1310,13100,Puttalam
530476,40025,KOTMALE FRESH MILK 1L,1,2/3/22 9:39,301031,490,490,Nuwara Eliya
530477,40005,WATAWALA TEA 400G,3,2/3/22 11:23,301167,850,2550,Ampara
530478,40068,CLOSE UP TOOTHPASTE 120G,3,2/3/22 19:46,,255,765,Kurunegala
530479,40003,DILMAH GREEN TEA 20 BAGS,4,2/4/22 16:06,301191,600,2400,Nuwara Eliya
530480,40071,MA MA NOODLES 5 PACK,5,2/5/22 14:43,301185,435,2175,Kilinochchi
530481,40041,BABY CHERAMY SOAP 90G,3,2/6/22 15:49,301215,155,465,Anuradhapura
530482,40008,MUNCHEE LEMON PUFF 200G,5,2/7/22 14:59,301178,220,1100,Gampaha
530483,40019,ELEPHANT HOUSE GINGER BEER 1.5L,5,2/10/22 16:43,301083,435,2175,Gampaha
530484,40001,DILMAH CEYLON TEA 500G,3,2/10/22 18:06,,1310,3930,Matara
530485,40058,DIVA WASHING POWDER 1KG,5,2/11/22 18:26,301184,710,3550,Kegalle
530486,40070,NESPRAY MILK POWDER 400G,12,2/14/22 12:36,301022,1290,15480,Matale
530487,40020,ELEPHANT HOUSE CREAM SODA 1.5L,3,2/14/22 18:28,301044,435,1305,Gampaha
530488,40034,HARISCHANDRA COFFEE 100G,1,2/15/22 8:12,301049,415,415,Ampara
530489,40002,DILMAH EARL GREY TEA 50 BAGS,1,2/15/22 18:19,,930,930,Kandy
530490,40060,SUNLIGHT SOAP 115G,3,2/16/22 13:23,301075,130,390,Kalutara
530491,40006,MUNCHEE SUPER CREAM CRACKER 500G,1,2/22/22 14:46,301027,490,490,Gampaha
530492,40002,DILMAH EARL GREY TEA 50 BAGS,4,2/23/22 15:53,301071,930,3720,Kurunegala
530493,40001,DILMAH CEYLON TEA 500G,5,2/26/22 11:43,301086,1310,6550,Anuradhapura
530494,40064,HORLICKS 500G,8,2/26/22 12:24,301041,1035,8280,Galle
530495,40020,ELEPHANT HOUSE CREAM SODA 1.5L,4,2/27/22 13:42,301130,435,1740,Gampaha
530496,40009,MUNCHEE TIKIRI MARIE 80G,2,2/28/22 9:25,301154,75,150,Colombo
530497,40001,DILMAH CEYLON TEA 500G,6,3/3/22 12:39,301220,1310,7860,Badulla
530498,40038,MOTHA FALUDA MIX 100G,3,3/7/22 10:36,301137,220,660,Matale
530499,40008,MUNCHEE LEMON PUFF 200G,3,3/9/22 10:45,301121,220,660,Hambantota
530500,40004,ZESTA TEA 400G,3,3/10/22 11:33,301016,1145,3435,Badulla
530501,40004,ZESTA TEA 400G,3,3/12/22 10:25,301085,1145,3435,Kalutara
530502,40010,MALIBAN MARIE BISCUITS 400G,1,3/12/22 20:37,,380,380,Gampaha
530503,40014,SPA CEYLON HAND CREAM,1,3/13/22 13:50,301029,2400,2400,Jaffna
530504,40078,SOFTLOGIC COCONUT MILK 400ML,8,3/15/22 13:29,,350,2800,Hambantota
530505,40034,HARISCHANDRA COFFEE 100G,8,3/15/22 17:37,,415,3320,Matara
530506,40069,ANCHOR BUTTER 200G,6,3/16/22 10:52,301188,850,5100,Moneragala
530507,40003,DILMAH GREEN TEA 20 BAGS,4,3/16/22 13:39,301165,600,2400,Kegalle
C530508,40004,ZESTA TEA 400G,-3,3/17/22 13:39,301211,1145,-3435,Kandy
530509,40019,ELEPHANT HOUSE GINGER BEER 1.5L,3,3/17/22 14:47,301065,435,1305,Jaffna
530510,40018,MD MANGO CHUTNEY 400G,8,3/18/22 12:31,301154,710,5680,Kalutara
530511,40003,DILMAH GREEN TEA 20 BAGS,2,3/19/22 8:05,301007,600,1200,Anuradhapura
530512,40051,LANKA SOY CHICKEN FLAVOUR 90G,2,3/19/22 9:51,301204,130,260,Gampaha
530513,40079,CEYLON TOBACCO (CIGARETTES PACK),2,3/19/22 18:21,301003,1310,2620,Kurunegala
530514,40061,VELVET BEAUTY SOAP 100G,2,3/20/22 10:07,301194,165,330,Gampaha
530515,40023,RATHTHI MILK POWDER 400G,4,3/20/22 15:03,301166,1200,4800,Gampaha
530516,40051,LANKA SOY CHICKEN FLAVOUR 90G,5,3/22/22 8:33,301005,130,650,Gampaha
530517,40028,BAIRAHA CHICKEN 1KG,3,3/22/22 13:04,301026,1585,4755,Gampaha
530518,40041,BABY CHERAMY SOAP 90G,3,3/22/22 15:51,301170,155,465,Gampaha
530519,40001,DILMAH CEYLON TEA 500G,4,3/24/22 9:20,301002,1310,5240,Ratnapura
530520,40058,DIVA WASHING POWDER 1KG,2,3/25/22 18:09,,710,1420,Kandy
530521,40035,CBL SAMAPOSHA 200G,5,3/28/22 14:56,301054,195,975,Kalutara
530522,40050,RANCRISP CASHEWS 50G,1,3/28/22 18:43,301046,380,380,Kurunegala
530523,40038,MOTHA FALUDA MIX 100G,1,3/29/22 15:42,,220,220,Jaffna
530524,40057,VIM DISHWASH LIQUID 500ML,2,3/30/22 9:58,301137,490,980,Puttalam
530525,40019,ELEPHANT HOUSE GINGER BEER 1.5L,1,3/30/22 20:45,,435,435,Colombo
530526,40004,ZESTA TEA 400G,2,3/31/22 11:09,301049,1145,2290,Jaffna
530527,40018,MD MANGO CHUTNEY 400G,1,4/1/22 9:03,301056,710,710,Vavuniya
530528,40001,DILMAH CEYLON TEA 500G,1,4/1/22 10:54,,1310,1310,Galle
530529,40004,ZESTA TEA 400G,5,4/5/22 11:48,301148,1145,5725,Gampaha
530530,40077,PILAWOOS FALOODA MIX 200G,1,4/5/22 14:06,,380,380,Matale
530531,40082,NECTO 1.5L,2,4/6/22 15:04,301133,380,760,Ratnapura
530532,40017,MD MIXED FRUIT JAM 500G,1,4/8/22 16:06,,710,710,Moneragala
530533,40002,DILMAH EARL GREY TEA 50 BAGS,2,4/9/22 12:36,,930,1860,Colombo
530534,40005,WATAWALA TEA 400G,6,4/10/22 13:55,301204,850,5100,Ampara
530535,40005,WATAWALA TEA 400G,1,4/12/22 8:23,301128,850,850,Ratnapura
530536,40010,MALIBAN MARIE BISCUITS 400G,10,4/12/22 10:37,301141,380,3800,Kurunegala
530537,40081,SPRITE 1.5L,5,4/12/22 12:30,301088,380,1900,Colombo
530538,40086,FITS COOKING OIL 1L,5,4/12/22 13:05,301006,1200,6000,Colombo
530539,40041,BABY CHERAMY SOAP 90G,5,4/13/22 14:22,301051,155,775,Gampaha
530540,40002,DILMAH EARL GREY TEA 50 BAGS,1,4/14/22 9:45,301039,930,930,Galle
530541,40017,MD MIXED FRUIT JAM 500G,2,4/15/22 18:06,301178,710,1420,Kurunegala
530542,40040,SIGNAL TOOTHPASTE 120G,1,4/16/22 14:44,301001,250,250,Kalutara
530543,40001,DILMAH CEYLON TEA 500G,1,4/16/22 17:47,301097,1310,1310,Moneragala
530544,40001,DILMAH CEYLON TEA 500G,2,4/16/22 17:55,301181,1310,2620,Kandy
530545,40089,KANDOS CHOCOLATE BAR 100G,2,4/17/22 13:30,301033,275,550,Kegalle
530546,40017,MD MIXED FRUIT JAM 500G,3,4/18/22 9:11,301109,710,2130,Badulla
530547,40011,MALIBAN LEMON PUFF 200G,2,4/19/22 15:34,301020,220,440,Colombo
530548,40067,COLGATE TOOTHPASTE 120G,3,4/19/22 17:21,301170,260,780,Gampaha
530549,40027,KEELLS CHICKEN SAUSAGES 500G,2,4/20/22 17:44,301192,1035,2070,Gampaha
530550,40053,WIJAYA CHILLI POWDER 250G,3,4/22/22 15:03,301148,490,1470,Colombo
530551,40059,SURF EXCEL 1KG,5,4/22/22 15:31,301046,930,4650,Kalutara
530552,40010,MALIBAN MARIE BISCUITS 400G,2,4/22/22 20:51,301148,380,760,Matale
530553,40002,DILMAH EARL GREY TEA 50 BAGS,3,4/25/22 18:04,301133,930,2790,Ratnapura
530554,40090,RITZBURY CHOCOLATE BAR 100G,6,4/25/22 19:55,,285,1710,Matara
530555,40049,ROZA PASTA MACARONI 400G,1,4/26/22 9:58,,330,330,Matale
530556,40037,MOTHA STRAWBERRY JELLY 100G,2,4/26/22 18:59,301002,130,260,Jaffna
530557,40016,LINK SAMAHAN BOX (100 PACKETS),2,4/27/22 11:14,,1640,3280,Kandy
530558,40043,ASTRA MARGARINE 250G,4,4/29/22 16:07,301220,435,1740,Ampara
530559,40002,DILMAH EARL GREY TEA 50 BAGS,4,4/30/22 15:47,301185,930,3720,Ratnapura
530560,40071,MA MA NOODLES 5 PACK,4,4/30/22 19:33,301071,435,1740,Colombo
530561,40037,MOTHA STRAWBERRY JELLY 100G,1,5/1/22 13:44,301184,130,130,Anuradhapura
530562,40001,DILMAH CEYLON TEA 500G,5,5/3/22 12:25,301212,1310,6550,Badulla
530563,40091,USWATTE SPICES MIXED CURRY POWDER 100G,2,5/3/22 17:30,301007,240,480,Matara
530564,40008,MUNCHEE LEMON PUFF 200G,3,5/8/22 19:07,301096,220,660,Kurunegala
530565,40042,MARINA COCONUT OIL 1L,8,5/12/22 18:15,,1035,8280,Matale
530566,40004,ZESTA TEA 400G,2,5/13/22 9:45,301026,1145,2290,Trincomalee
530567,40004,ZESTA TEA 400G,2,5/13/22 20:53,,1145,2290,Colombo
530568,40027,KEELLS CHICKEN SAUSAGES 500G,2,5/14/22 9:43,301034,1035,2070,Batticaloa
530569,40030,KIST MIXED FRUIT NECTAR 1L,12,5/15/22 14:40,301180,600,7200,Colombo
530570,40040,SIGNAL TOOTHPASTE 120G,1,5/17/22 10:41,301010,250,250,Jaffna
530571,40011,MALIBAN LEMON PUFF 200G,3,5/19/22 11:21,301027,220,660,Kurunegala
530572,40002,DILMAH EARL GREY TEA 50 BAGS,5,5/19/22 20:55,301219,930,4650,Gampaha
530573,40005,WATAWALA TEA 400G,6,5/20/22 13:40,301058,850,5100,Kegalle
530574,40020,ELEPHANT HOUSE CREAM SODA 1.5L,2,5/21/22 17:02,301112,435,870,Badulla
530575,40010,MALIBAN MARIE BISCUITS 400G,1,5/22/22 8:26,301168,380,380,Kalutara
530576,40044,HAPPY COW CHEESE 120G,2,5/23/22 18:15,301012,930,1860,Gampaha
530577,40029,KIST TOMATO KETCHUP 400G,1,5/25/22 12:45,,490,490,Polonnaruwa
530578,40024,HIGHLAND MILK 1L,3,5/25/22 14:27,301104,435,1305,Kegalle
530579,40049,ROZA PASTA MACARONI 400G,4,5/26/22 11:43,301053,330,1320,Jaffna
530580,40073,DELMEGE BASMATI RICE 5KG,1,5/29/22 19:43,301069,2295,2295,Nuwara Eliya
530581,40007,MUNCHEE CHOCOLATE BISCUIT 200G,4,6/1/22 20:26,,240,960,Gampaha
530582,40053,WIJAYA CHILLI POWDER 250G,6,6/3/22 8:32,301023,490,2940,Kegalle
530583,40008,MUNCHEE LEMON PUFF 200G,1,6/4/22 8:25,301141,220,220,Puttalam
530584,40036,MAGGI COCONUT MILK POWDER 300G,2,6/4/22 17:50,301151,820,1640,Hambantota
530585,40028,BAIRAHA CHICKEN 1KG,6,6/6/22 15:10,,1585,9510,Gampaha
530586,40058,DIVA WASHING POWDER 1KG,1,6/7/22 20:26,301175,710,710,Jaffna
530587,40016,LINK SAMAHAN BOX (100 PACKETS),4,6/8/22 15:54,301073,1640,6560,Kalutara
530588,40001,DILMAH CEYLON TEA 500G,6,6/8/22 17:43,301026,1310,7860,Kurunegala
530589,40088,CARGILLS FRESH EGGS (10),1,6/9/22 17:47,301025,380,380,Kegalle
530590,40036,MAGGI COCONUT MILK POWDER 300G,2,6/13/22 13:38,301005,820,1640,Polonnaruwa
530591,40060,SUNLIGHT SOAP 115G,2,6/14/22 13:58,301156,130,260,Polonnaruwa
530592,40016,LINK SAMAHAN BOX (100 PACKETS),4,6/15/22 15:22,301134,1640,6560,Kalutara
530593,40072,FUN FOODS MAYONNAISE 250G,5,6/15/22 18:30,301204,535,2675,Kalutara
C530594,40027,KEELLS CHICKEN SAUSAGES 500G,-2,6/15/22 19:06,301028,1035,-2070,Colombo
530595,40061,VELVET BEAUTY SOAP 100G,8,6/22/22 8:10,301007,165,1320,Jaffna
530596,40001,DILMAH CEYLON TEA 500G,2,6/23/22 17:15,301186,1310,2620,Gampaha
530597,40005,WATAWALA TEA 400G,4,6/24/22 14:02,301006,850,3400,Ratnapura
530598,40010,MALIBAN MARIE BISCUITS 400G,5,6/24/22 15:35,301109,380,1900,Ampara
530599,40043,ASTRA MARGARINE 250G,1,6/25/22 13:29,301148,435,435,Mannar
530600,40010,MALIBAN MARIE BISCUITS 400G,2,6/26/22 19:17,301056,380,760,Matara
530601,40038,MOTHA FALUDA MIX 100G,2,6/27/22 10:30,301116,220,440,Gampaha
530602,40006,MUNCHEE SUPER CREAM CRACKER 500G,6,6/29/22 14:15,301002,490,2940,Gampaha
530603,40004,ZESTA TEA 400G,15,6/30/22 20:13,301173,1145,17175,Polonnaruwa
530604,40040,SIGNAL TOOTHPASTE 120G,3,7/2/22 16:39,301010,250,750,Trincomalee
530605,40017,MD MIXED FRUIT JAM 500G,3,7/6/22 9:34,,710,2130,Gampaha
530606,40030,KIST MIXED FRUIT NECTAR 1L,4,7/6/22 12:17,301001,600,2400,Kandy
530607,40070,NESPRAY MILK POWDER 400G,2,7/11/22 12:07,,1290,2580,Kandy
530608,40006,MUNCHEE SUPER CREAM CRACKER 500G,6,7/14/22 9:52,301025,490,2940,Colombo
530609,40027,KEELLS CHICKEN SAUSAGES 500G,1,7/15/22 9:39,301051,1035,1035,Kurunegala
530610,40007,MUNCHEE CHOCOLATE BISCUIT 200G,1,7/15/22 19:17,301028,240,240,Badulla
530611,40023,RATHTHI MILK POWDER 400G,1,7/16/22 16:44,301028,1200,1200,Matara
530612,40001,DILMAH CEYLON TEA 500G,6,7/17/22 18:02,,1310,7860,Ratnapura
530613,40001,DILMAH CEYLON TEA 500G,3,7/18/22 14:12,301120,1310,3930,Puttalam
530614,40062,NESTOMALT 400G,3,7/20/22 10:33,,675,2025,Batticaloa
530615,40002,DILMAH EARL GREY TEA 50 BAGS,1,7/21/22 14:22,301021,930,930,Ratnapura
530616,40019,ELEPHANT HOUSE GINGER BEER 1.5L,2,7/21/22 18:20,301019,435,870,Kurunegala
530617,40080,COCA-COLA 1.5L,5,7/22/22 12:00,301116,380,1900,Galle
530618,40002,DILMAH EARL GREY TEA 50 BAGS,4,7/22/22 13:18,301087,930,3720,Gampaha
530619,40083,BOGAWANTALAWA TEA 400G,10,7/23/22 15:22,301087,985,9850,Hambantota
530620,40045,PANADOL 100 TABLETS,3,7/23/22 17:14,301182,490,1470,Hambantota
530621,40038,MOTHA FALUDA MIX 100G,8,7/24/22 17:53,301174,220,1760,Kalutara
530622,40088,CARGILLS FRESH EGGS (10),5,7/25/22 11:09,301217,380,1900,Kalutara
530623,40007,MUNCHEE CHOCOLATE BISCUIT 200G,2,7/25/22 12:52,301076,240,480,Kandy
530624,40001,DILMAH CEYLON TEA 500G,5,7/25/22 15:11,301203,1310,6550,Hambantota
530625,40063,MILO 400G,3,7/25/22 19:10,301114,850,2550,Ampara
530626,40002,DILMAH EARL GREY TEA 50 BAGS,8,7/26/22 8:10,,930,7440,Colombo
530627,40003,DILMAH GREEN TEA 20 BAGS,2,7/28/22 19:38,301199,600,1200,Badulla
530628,40010,MALIBAN MARIE BISCUITS 400G,2,7/29/22 13:10,301069,380,760,Gampaha
530629,40008,MUNCHEE LEMON PUFF 200G,4,7/29/22 18:34,301207,220,880,Polonnaruwa
530630,40028,BAIRAHA CHICKEN 1KG,20,8/3/22 19:00,301043,1585,31700,Kandy
530631,40016,LINK SAMAHAN BOX (100 PACKETS),3,8/5/22 17:00,301065,1640,4920,Colombo
530632,40004,ZESTA TEA 400G,5,8/7/22 15:43,301043,1145,5725,Kurunegala
530633,40023,RATHTHI MILK POWDER 400G,1,8/8/22 15:19,301032,1200,1200,Trincomalee
530634,40056,SUNSILK BLACK SHAMPOO 200ML,4,8/10/22 11:14,,600,2400,Kalutara
530635,40001,DILMAH CEYLON TEA 500G,3,8/10/22 12:48,301131,1310,3930,Gampaha
530636,40001,DILMAH CEYLON TEA 500G,1,8/10/22 19:25,301026,1310,1310,Colombo
530637,40033,HARISCHANDRA NOODLES 400G,15,8/11/22 13:38,301219,275,4125,Gampaha
530638,40003,DILMAH GREEN TEA 20 BAGS,1,8/11/22 15:45,301205,600,600,Gampaha
530639,40004,ZESTA TEA 400G,4,8/12/22 16:09,301016,1145,4580,Kurunegala
530640,40070,NESPRAY MILK POWDER 400G,4,8/15/22 15:11,301056,1290,5160,Nuwara Eliya
530641,40028,BAIRAHA CHICKEN 1KG,2,8/15/22 20:46,301006,1585,3170,Moneragala
530642,40007,MUNCHEE CHOCOLATE BISCUIT 200G,2,8/16/22 20:36,301024,240,480,Colombo
530643,40078,SOFTLOGIC COCONUT MILK 400ML,3,8/19/22 8:29,301002,350,1050,Matara
530644,40009,MUNCHEE TIKIRI MARIE 80G,8,8/19/22 10:36,301218,75,600,Kandy
530645,40009,MUNCHEE TIKIRI MARIE 80G,1,8/20/22 12:10,301124,75,75,Colombo
530646,40034,HARISCHANDRA COFFEE 100G,8,8/21/22 9:10,301143,415,3320,Colombo
530647,40012,MALIBAN CREAM CRACKER 500G,8,8/22/22 12:25,301144,460,3680,Colombo
530648,40006,MUNCHEE SUPER CREAM CRACKER 500G,6,8/24/22 18:42,301153,490,2940,Galle
530649,40010,MALIBAN MARIE BISCUITS 400G,3,8/28/22 11:10,,380,1140,Anuradhapura
530650,40018,MD MANGO CHUTNEY 400G,2,8/31/22 13:19,,710,1420,Jaffna
530651,40057,VIM DISHWASH LIQUID 500ML,3,9/1/22 13:32,301031,490,1470,Polonnaruwa
530652,40005,WATAWALA TEA 400G,2,9/1/22 14:35,301204,850,1700,Anuradhapura
530653,40001,DILMAH CEYLON TEA 500G,8,9/2/22 11:41,301217,1310,10480,Colombo
530654,40027,KEELLS CHICKEN SAUSAGES 500G,6,9/4/22 19:02,301068,1035,6210,Jaffna
530655,40011,MALIBAN LEMON PUFF 200G,2,9/5/22 20:16,301082,220,440,Badulla
530656,40047,PELWATTE BUTTER 200G,1,9/6/22 15:00,301189,820,820,Ratnapura
530657,40031,PRIMA KOTTU MEE CUP,6,9/8/22 8:15,301028,165,990,Colombo
530658,40021,ELEPHANT HOUSE VANILLA ICE CREAM 1L,4,9/11/22 8:28,301185,875,3500,Galle
530659,40009,MUNCHEE TIKIRI MARIE 80G,4,9/12/22 9:03,301200,75,300,Kandy
530660,40032,PRIMA STELLA NOODLES 400G,5,9/14/22 15:44,301201,305,1525,Jaffna
530661,40019,ELEPHANT HOUSE GINGER BEER 1.5L,3,9/19/22 15:42,301143,435,1305,Nuwara Eliya
530662,40008,MUNCHEE LEMON PUFF 200G,2,9/20/22 12:19,,220,440,Ampara
530663,40011,MALIBAN LEMON PUFF 200G,1,9/20/22 16:52,301106,220,220,Badulla
530664,40003,DILMAH GREEN TEA 20 BAGS,2,9/21/22 8:39,301008,600,1200,Mullaitivu
530665,40017,MD MIXED FRUIT JAM 500G,3,9/23/22 14:22,,710,2130,Matale
530666,40010,MALIBAN MARIE BISCUITS 400G,3,9/27/22 19:22,301185,380,1140,Kegalle
530667,40026,KITHUL TREACLE 750ML,3,9/27/22 19:23,301083,1965,5895,Colombo
530668,40035,CBL SAMAPOSHA 200G,2,10/1/22 8:58,301013,195,390,Jaffna
530669,40007,MUNCHEE CHOCOLATE BISCUIT 200G,1,10/1/22 11:38,301033,240,240,Moneragala
530670,40018,MD MANGO CHUTNEY 400G,2,10/1/22 15:49,301218,710,1420,Matara
530671,40018,MD MANGO CHUTNEY 400G,4,10/1/22 20:52,301049,710,2840,Mannar
530672,40001,DILMAH CEYLON TEA 500G,5,10/2/22 18:08,301181,1310,6550,Gampaha
530673,40010,MALIBAN MARIE BISCUITS 400G,5,10/3/22 16:21,301004,380,1900,Batticaloa
530674,40034,HARISCHANDRA COFFEE 100G,2,10/4/22 10:59,,415,830,Ratnapura
530675,40072,FUN FOODS MAYONNAISE 250G,3,10/6/22 12:18,301004,535,1605,Matara
530676,40038,MOTHA FALUDA MIX 100G,4,10/9/22 15:31,,220,880,Badulla
530677,40006,MUNCHEE SUPER CREAM CRACKER 500G,5,10/9/22 17:26,301037,490,2450,Matara
530678,40082,NECTO 1.5L,3,10/11/22 10:23,301003,380,1140,Matara
530679,40002,DILMAH EARL GREY TEA 50 BAGS,4,10/12/22 18:44,301072,930,3720,Jaffna
530680,40081,SPRITE 1.5L,2,10/15/22 16:07,301170,380,760,Kandy
530681,40031,PRIMA KOTTU MEE CUP,15,10/17/22 9:41,301007,165,2475,Kegalle
530682,40004,ZESTA TEA 400G,1,10/20/22 11:36,301113,1145,1145,Ratnapura
530683,40052,WIJAYA ROASTED CURRY POWDER 250G,3,10/21/22 10:24,301068,435,1305,Kegalle
530684,40085,RANFAT COOKING OIL 1L,3,10/21/22 19:04,301069,1255,3765,Jaffna
530685,40057,VIM DISHWASH LIQUID 500ML,3,10/22/22 8:01,301216,490,1470,Kegalle
530686,40047,PELWATTE BUTTER 200G,5,10/22/22 8:20,,820,4100,Kandy
530687,40022,ANCHOR MILK POWDER 400G,4,10/23/22 18:16,301216,1255,5020,Jaffna
530688,40030,KIST MIXED FRUIT NECTAR 1L,5,10/24/22 11:18,301012,600,3000,Puttalam
530689,40020,ELEPHANT HOUSE CREAM SODA 1.5L,15,10/24/22 17:06,,435,6525,Badulla
530690,40063,MILO 400G,6,10/25/22 13:05,301113,850,5100,Gampaha
530691,40092,ARALIYA COCONUT MILK POWDER 300G,4,10/25/22 14:44,301071,765,3060,Ratnapura
530692,40027,KEELLS CHICKEN SAUSAGES 500G,3,10/25/22 17:35,301144,1035,3105,Galle
530693,40084,AKBAR TEA 400G,2,10/25/22 20:48,,765,1530,Batticaloa
530694,40087,CARGILLS MAGIC SAUSAGES 400G,10,10/26/22 16:30,301124,850,8500,Ratnapura
530695,40004,ZESTA TEA 400G,4,10/26/22 19:14,301066,1145,4580,Ratnapura
530696,40031,PRIMA KOTTU MEE CUP,1,10/27/22 9:39,301106,165,165,Batticaloa
530697,40014,SPA CEYLON HAND CREAM,2,10/27/22 13:14,,2400,4800,Matara
530698,40009,MUNCHEE TIKIRI MARIE 80G,1,10/29/22 19:20,,75,75,Colombo
530699,40005,WATAWALA TEA 400G,6,10/30/22 15:47,301160,850,5100,Gampaha
530700,40002,DILMAH EARL GREY TEA 50 BAGS,6,10/31/22 11:52,301022,930,5580,Gampaha
530701,40013,SPA CEYLON SLEEP BODY LOTION,2,11/1/22 13:50,301002,3820,7640,Trincomalee
530702,40086,FITS COOKING OIL 1L,8,11/2/22 10:40,301116,1200,9600,Vavuniya
530703,40011,MALIBAN LEMON PUFF 200G,6,11/4/22 19:10,301013,220,1320,Kegalle
530704,40014,SPA CEYLON HAND CREAM,2,11/5/22 8:01,301072,2400,4800,Gampaha
530705,40025,KOTMALE FRESH MILK 1L,3,11/5/22 14:56,301032,490,1470,Kurunegala
530706,40001,DILMAH CEYLON TEA 500G,5,11/6/22 8:00,301119,1310,6550,Mullaitivu
530707,40029,KIST TOMATO KETCHUP 400G,3,11/9/22 10:27,301004,490,1470,Colombo
530708,40001,DILMAH CEYLON TEA 500G,4,11/9/22 14:07,301044,1310,5240,Trincomalee
530709,40017,MD MIXED FRUIT JAM 500G,8,11/9/22 16:30,301001,710,5680,Matara
530710,40069,ANCHOR BUTTER 200G,1,11/10/22 12:22,301001,850,850,Colombo
530711,40003,DILMAH GREEN TEA 20 BAGS,1,11/11/22 13:43,301069,600,600,Colombo
530712,40089,KANDOS CHOCOLATE BAR 100G,3,11/12/22 14:57,301200,275,825,Jaffna
530713,40040,SIGNAL TOOTHPASTE 120G,8,11/14/22 19:48,301192,250,2000,Colombo
530714,40012,MALIBAN CREAM CRACKER 500G,3,11/15/22 18:09,301110,460,1380,Ratnapura
530715,40029,KIST TOMATO KETCHUP 400G,8,11/16/22 15:58,301146,490,3920,Puttalam
530716,40011,MALIBAN LEMON PUFF 200G,1,11/16/22 19:13,,220,220,Ratnapura
530717,40026,KITHUL TREACLE 750ML,2,11/20/22 14:47,301073,1965,3930,Colombo
530718,40012,MALIBAN CREAM CRACKER 500G,1,11/21/22 10:20,301206,460,460,Matara
530719,40084,AKBAR TEA 400G,5,11/22/22 10:32,301040,765,3825,Vavuniya
530720,40042,MARINA COCONUT OIL 1L,6,11/24/22 11:31,301010,1035,6210,Trincomalee
530721,40072,FUN FOODS MAYONNAISE 250G,2,11/26/22 17:04,301003,535,1070,Colombo
530722,40070,NESPRAY MILK POWDER 400G,2,11/27/22 12:10,301217,1290,2580,Kurunegala
530723,40019,ELEPHANT HOUSE GINGER BEER 1.5L,4,11/28/22 13:51,301051,435,1740,Ampara
530724,40081,SPRITE 1.5L,4,11/29/22 12:12,301040,380,1520,Colombo
530725,40003,DILMAH GREEN TEA 20 BAGS,5,11/30/22 9:39,301009,600,3000,Colombo
530726,40044,HAPPY COW CHEESE 120G,10,11/30/22 10:41,301021,930,9300,Kurunegala
530727,40006,MUNCHEE SUPER CREAM CRACKER 500G,1,12/2/22 18:42,301065,490,490,Colombo
530728,40010,MALIBAN MARIE BISCUITS 400G,2,12/3/22 10:11,301003,380,760,Puttalam
530729,40043,ASTRA MARGARINE 250G,10,12/3/22 10:17,301002,435,4350,Kurunegala
530730,40049,ROZA PASTA MACARONI 400G,6,12/3/22 10:19,301057,330,1980,Mannar
530731,40019,ELEPHANT HOUSE GINGER BEER 1.5L,2,12/4/22 11:39,301105,435,870,Anuradhapura
530732,40011,MALIBAN LEMON PUFF 200G,10,12/5/22 10:31,301016,220,2200,Colombo
530733,40008,MUNCHEE LEMON PUFF 200G,5,12/5/22 13:53,301005,220,1100,Ratnapura
530734,40006,MUNCHEE SUPER CREAM CRACKER 500G,5,12/6/22 19:15,301004,490,2450,Gampaha
530735,40004,ZESTA TEA 400G,5,12/7/22 19:25,,1145,5725,Colombo
530736,40079,CEYLON TOBACCO (CIGARETTES PACK),2,12/8/22 8:35,301146,1310,2620,Colombo
530737,40085,RANFAT COOKING OIL 1L,2,12/8/22 10:22,,1255,2510,Galle
530738,40076,CEYLON COLD STORES YOGHURT 80G,4,12/8/22 14:46,301103,100,400,Colombo
530739,40005,WATAWALA TEA 400G,10,12/9/22 15:41,301113,850,8500,Anuradhapura
530740,40089,KANDOS CHOCOLATE BAR 100G,4,12/9/22 19:00,,275,1100,Colombo
530741,40010,MALIBAN MARIE BISCUITS 400G,5,12/10/22 15:24,301019,380,1900,Vavuniya
530742,40077,PILAWOOS FALOODA MIX 200G,4,12/11/22 8:26,,380,1520,Polonnaruwa
530743,40001,DILMAH CEYLON TEA 500G,2,12/12/22 9:12,301063,1310,2620,Kalutara
530744,40005,WATAWALA TEA 400G,3,12/12/22 9:49,301035,850,2550,Kurunegala
530745,40007,MUNCHEE CHOCOLATE BISCUIT 200G,4,12/14/22 17:34,301089,240,960,Gampaha
530746,40023,RATHTHI MILK POWDER 400G,15,12/15/22 12:13,301120,1200,18000,Kegalle
530747,40029,KIST TOMATO KETCHUP 400G,2,12/15/22 15:29,301021,490,980,Badulla
530748,40017,MD MIXED FRUIT JAM 500G,2,12/18/22 20:20,301074,710,1420,Gampaha
530749,40005,WATAWALA TEA 400G,1,12/20/22 9:48,,850,850,Matara
530750,40092,ARALIYA COCONUT MILK POWDER 300G,5,12/20/22 15:28,301013,765,3825,Ratnapura
530751,40002,DILMAH EARL GREY TEA 50 BAGS,3,12/20/22 16:38,,930,2790,Matara
530752,40062,NESTOMALT 400G,2,12/22/22 19:30,301068,675,1350,Badulla
530753,40039,CLOGARD TOOTHPASTE 120G,4,12/25/22 14:46,301033,240,960,Colombo
530754,40001,DILMAH CEYLON TEA 500G,1,12/25/22 17:05,301132,1310,1310,Kalutara
530755,40011,MALIBAN LEMON PUFF 200G,5,12/25/22 17:58,301026,220,1100,Matara
530756,40053,WIJAYA CHILLI POWDER 250G,4,12/27/22 8:24,301173,490,1960,Kandy
530757,40012,MALIBAN CREAM CRACKER 500G,12,12/27/22 8:55,301027,460,5520,Kurunegala
530758,40066,PONDS TALCUM POWDER 100G,1,12/27/22 14:29,301142,415,415,Badulla
530759,40017,MD MIXED FRUIT JAM 500G,6,12/27/22 16:19,,710,4260,Galle
530760,40023,RATHTHI MILK POWDER 400G,2,12/28/22 16:07,301053,1200,2400,Jaffna
530761,40002,DILMAH EARL GREY TEA 50 BAGS,2,12/29/22 18:11,301068,930,1860,Trincomalee
530762,40039,CLOGARD TOOTHPASTE 120G,8,12/31/22 20:15,301046,240,1920,Kegalle
530763,40070,NESPRAY MILK POWDER 400G,4,1/1/23 11:04,,1345,5380,Jaffna
530764,40086,FITS COOKING OIL 1L,2,1/2/23 15:02,,1255,2510,Jaffna
530765,40029,KIST TOMATO KETCHUP 400G,3,1/2/23 18:08,301117,515,1545,Jaffna
530766,40001,DILMAH CEYLON TEA 500G,12,1/2/23 18:29,301094,1370,16440,Kalutara
530767,40003,DILMAH GREEN TEA 20 BAGS,4,1/5/23 11:29,301109,630,2520,Colombo
530768,40007,MUNCHEE CHOCOLATE BISCUIT 200G,1,1/9/23 13:01,,250,250,Kurunegala
530769,40001,DILMAH CEYLON TEA 500G,8,1/10/23 16:51,301154,1370,10960,Gampaha
530770,40030,KIST MIXED FRUIT NECTAR 1L,10,1/11/23 15:45,301045,630,6300,Galle
530771,40047,PELWATTE BUTTER 200G,15,1/12/23 17:31,301143,855,12825,Colombo
530772,40038,MOTHA FALUDA MIX 100G,2,1/13/23 10:20,301044,230,460,Kegalle
530773,40082,NECTO 1.5L,6,1/15/23 8:55,301024,400,2400,Kegalle
530774,40017,MD MIXED FRUIT JAM 500G,1,1/15/23 10:23,301083,740,740,Colombo
530775,40022,ANCHOR MILK POWDER 400G,3,1/16/23 12:16,301028,1310,3930,Moneragala
530776,40082,NECTO 1.5L,3,1/16/23 17:24,301043,400,1200,Gampaha
530777,40034,HARISCHANDRA COFFEE 100G,6,1/18/23 10:38,301171,435,2610,Trincomalee
530778,40084,AKBAR TEA 400G,4,1/19/23 8:34,301073,800,3200,Colombo
530779,40020,ELEPHANT HOUSE CREAM SODA 1.5L,3,1/20/23 15:37,301173,455,1365,Kurunegala
530780,40058,DIVA WASHING POWDER 1KG,15,1/20/23 18:17,,740,11100,Kandy
530781,40010,MALIBAN MARIE BISCUITS 400G,3,1/22/23 10:10,,400,1200,Badulla
530782,40029,KIST TOMATO KETCHUP 400G,4,1/28/23 17:03,301105,515,2060,Jaffna
530783,40019,ELEPHANT HOUSE GINGER BEER 1.5L,4,1/29/23 16:52,301026,455,1820,Kandy
530784,40013,SPA CEYLON SLEEP BODY LOTION,1,1/30/23 14:35,301184,3995,3995,Ratnapura
530785,40005,WATAWALA TEA 400G,2,1/31/23 9:11,301014,890,1780,Batticaloa
530786,40014,SPA CEYLON HAND CREAM,2,2/1/23 13:03,,2510,5020,Polonnaruwa
530787,40039,CLOGARD TOOTHPASTE 120G,3,2/1/23 19:09,301045,250,750,Colombo
530788,40023,RATHTHI MILK POWDER 400G,1,2/2/23 12:42,301047,1255,1255,Moneragala
530789,40019,ELEPHANT HOUSE GINGER BEER 1.5L,5,2/2/23 14:25,301201,455,2275,Kegalle
530790,40080,COCA-COLA 1.5L,5,2/2/23 15:26,301063,400,2000,Anuradhapura
530791,40006,MUNCHEE SUPER CREAM CRACKER 500G,8,2/2/23 19:57,301132,515,4120,Moneragala
530792,40048,EDINBOROUGH SOY SAUCE 400ML,1,2/4/23 10:54,301046,400,400,Colombo
530793,40010,MALIBAN MARIE BISCUITS 400G,4,2/5/23 17:15,,400,1600,Badulla
530794,40002,DILMAH EARL GREY TEA 50 BAGS,3,2/5/23 19:39,301205,970,2910,Ampara
530795,40017,MD MIXED FRUIT JAM 500G,6,2/8/23 17:31,301071,740,4440,Kalutara
530796,40064,HORLICKS 500G,3,2/9/23 11:23,301079,1085,3255,Colombo
530797,40002,DILMAH EARL GREY TEA 50 BAGS,4,2/11/23 10:43,301198,970,3880,Kegalle
530798,40008,MUNCHEE LEMON PUFF 200G,4,2/13/23 11:15,301044,230,920,Hambantota
530799,40011,MALIBAN LEMON PUFF 200G,2,2/13/23 18:00,301071,230,460,Kalutara
530800,40055,LIFEBUOY SOAP 100G,3,2/13/23 19:40,301017,150,450,Kalutara
530801,40025,KOTMALE FRESH MILK 1L,1,2/14/23 9:55,301036,515,515,Gampaha
530802,40009,MUNCHEE TIKIRI MARIE 80G,10,2/14/23 17:11,301149,80,800,Gampaha
530803,40002,DILMAH EARL GREY TEA 50 BAGS,3,2/14/23 18:51,301019,970,2910,Kalutara
530804,40060,SUNLIGHT SOAP 115G,2,2/15/23 15:10,301003,135,270,Colombo
530805,40080,COCA-COLA 1.5L,1,2/15/23 17:20,301150,400,400,Batticaloa
530806,DELV,COURIER DELIVERY CHARGE,3,2/16/23 12:12,301107,945,2835,Ampara
530807,40016,LINK SAMAHAN BOX (100 PACKETS),2,2/19/23 11:35,301016,1710,3420,Colombo
530808,40075,RANMUTHU RICE 5KG,2,2/19/23 13:45,301079,1710,3420,Jaffna
530809,40011,MALIBAN LEMON PUFF 200G,1,2/25/23 19:36,301155,230,230,Hambantota
530810,40018,MD MANGO CHUTNEY 400G,1,2/26/23 19:09,301106,740,740,Gampaha
530811,40038,MOTHA FALUDA MIX 100G,4,2/27/23 11:49,301026,230,920,Trincomalee
530812,40077,PILAWOOS FALOODA MIX 200G,3,2/27/23 13:50,301167,400,1200,Batticaloa
530813,40034,HARISCHANDRA COFFEE 100G,6,2/28/23 15:39,301130,435,2610,Kegalle
530814,40045,PANADOL 100 TABLETS,1,2/28/23 19:34,301053,515,515,Gampaha
530815,40080,COCA-COLA 1.5L,6,3/2/23 14:21,301047,400,2400,Kurunegala
530816,40001,DILMAH CEYLON TEA 500G,4,3/6/23 10:10,,1370,5480,Colombo
530817,40041,BABY CHERAMY SOAP 90G,3,3/6/23 18:09,301080,160,480,Batticaloa
530818,40042,MARINA COCONUT OIL 1L,2,3/7/23 12:37,301035,1085,2170,Gampaha
530819,40027,KEELLS CHICKEN SAUSAGES 500G,2,3/7/23 15:24,301008,1085,2170,Ratnapura
530820,40001,DILMAH CEYLON TEA 500G,1,3/8/23 20:32,301178,1370,1370,Colombo
530821,40038,MOTHA FALUDA MIX 100G,15,3/9/23 14:02,301155,230,3450,Gampaha
530822,40037,MOTHA STRAWBERRY JELLY 100G,1,3/9/23 18:19,301006,135,135,Kandy
530823,40090,RITZBURY CHOCOLATE BAR 100G,4,3/10/23 14:21,301186,295,1180,Puttalam
530824,40024,HIGHLAND MILK 1L,4,3/12/23 10:50,301053,455,1820,Matara
530825,40043,ASTRA MARGARINE 250G,10,3/12/23 20:02,,455,4550,Nuwara Eliya
530826,40001,DILMAH CEYLON TEA 500G,12,3/14/23 15:41,301017,1370,16440,Hambantota
530827,40037,MOTHA STRAWBERRY JELLY 100G,3,3/15/23 11:16,301059,135,405,Kurunegala
530828,40034,HARISCHANDRA COFFEE 100G,1,3/15/23 16:47,301038,435,435,Moneragala
530829,40001,DILMAH CEYLON TEA 500G,2,3/19/23 11:30,301215,1370,2740,Colombo
530830,40039,CLOGARD TOOTHPASTE 120G,3,3/20/23 15:51,301037,250,750,Jaffna
530831,40030,KIST MIXED FRUIT NECTAR 1L,3,3/21/23 12:49,301067,630,1890,Colombo
530832,40050,RANCRISP CASHEWS 50G,3,3/21/23 12:56,301124,400,1200,Vavuniya
530833,40005,WATAWALA TEA 400G,4,3/22/23 13:32,301019,890,3560,Nuwara Eliya
530834,40055,LIFEBUOY SOAP 100G,4,3/23/23 8:13,301032,150,600,Colombo
530835,40076,CEYLON COLD STORES YOGHURT 80G,2,3/23/23 10:20,301009,105,210,Polonnaruwa
530836,40068,CLOSE UP TOOTHPASTE 120G,2,3/25/23 20:43,301006,270,540,Jaffna
530837,40069,ANCHOR BUTTER 200G,3,3/26/23 8:10,301189,890,2670,Badulla
530838,40011,MALIBAN LEMON PUFF 200G,1,3/28/23 8:48,,230,230,Kilinochchi
530839,40033,HARISCHANDRA NOODLES 400G,2,3/28/23 9:26,301046,285,570,Colombo
530840,40041,BABY CHERAMY SOAP 90G,1,3/28/23 9:59,301017,160,160,Kandy
530841,40012,MALIBAN CREAM CRACKER 500G,1,3/28/23 14:28,301176,480,480,Badulla
530842,40010,MALIBAN MARIE BISCUITS 400G,5,3/29/23 16:41,,400,2000,Gampaha
530843,40063,MILO 400G,3,3/30/23 11:33,301194,890,2670,Kandy
530844,40021,ELEPHANT HOUSE VANILLA ICE CREAM 1L,5,3/30/23 12:26,301037,915,4575,Badulla
530845,40037,MOTHA STRAWBERRY JELLY 100G,6,3/30/23 15:56,301175,135,810,Colombo
530846,40072,FUN FOODS MAYONNAISE 250G,6,3/30/23 18:33,301008,560,3360,Anuradhapura
530847,40053,WIJAYA CHILLI POWDER 250G,8,4/1/23 18:40,301212,515,4120,Puttalam
530848,40007,MUNCHEE CHOCOLATE BISCUIT 200G,3,4/3/23 13:40,,250,750,Gampaha
530849,40040,SIGNAL TOOTHPASTE 120G,8,4/4/23 9:01,,260,2080,Hambantota
530850,40001,DILMAH CEYLON TEA 500G,8,4/6/23 12:59,301163,1370,10960,Gampaha
530851,40002,DILMAH EARL GREY TEA 50 BAGS,6,4/7/23 19:23,301221,970,5820,Batticaloa
530852,40007,MUNCHEE CHOCOLATE BISCUIT 200G,1,4/11/23 9:48,301217,250,250,Kandy
530853,40046,MARMITE 100G,1,4/11/23 12:44,301122,855,855,Jaffna
530854,40015,SIDDHALEPA BALM 50G,2,4/12/23 12:34,301130,285,570,Colombo
530855,40011,MALIBAN LEMON PUFF 200G,6,4/14/23 20:43,301094,230,1380,Puttalam
530856,40056,SUNSILK BLACK SHAMPOO 200ML,5,4/15/23 17:06,301102,630,3150,Jaffna
530857,40063,MILO 400G,2,4/16/23 13:06,301121,890,1780,Ratnapura
530858,40010,MALIBAN MARIE BISCUITS 400G,3,4/16/23 15:13,301087,400,1200,Matara
530859,40027,KEELLS CHICKEN SAUSAGES 500G,12,4/18/23 17:17,,1085,13020,Kandy
530860,40047,PELWATTE BUTTER 200G,6,4/19/23 20:54,301053,855,5130,Kurunegala
530861,40092,ARALIYA COCONUT MILK POWDER 300G,4,4/20/23 9:06,301160,800,3200,Colombo
530862,40042,MARINA COCONUT OIL 1L,12,4/21/23 20:10,,1085,13020,Gampaha
530863,40018,MD MANGO CHUTNEY 400G,1,4/22/23 13:28,,740,740,Galle
530864,40004,ZESTA TEA 400G,1,4/24/23 8:49,301051,1200,1200,Anuradhapura
530865,40001,DILMAH CEYLON TEA 500G,8,4/24/23 16:26,301121,1370,10960,Matale
530866,40020,ELEPHANT HOUSE CREAM SODA 1.5L,5,4/25/23 9:32,301025,455,2275,Colombo
530867,40065,FAIR & LOVELY CREAM 50G,2,5/1/23 12:55,301017,365,730,Hambantota
530868,40029,KIST TOMATO KETCHUP 400G,4,5/1/23 17:52,301132,515,2060,Jaffna
530869,40048,EDINBOROUGH SOY SAUCE 400ML,5,5/1/23 18:18,301221,400,2000,Ampara
530870,40001,DILMAH CEYLON TEA 500G,2,5/2/23 14:46,301097,1370,2740,Gampaha
530871,40068,CLOSE UP TOOTHPASTE 120G,3,5/2/23 19:23,301064,270,810,Kandy
530872,40036,MAGGI COCONUT MILK POWDER 300G,6,5/3/23 8:54,301137,855,5130,Mannar
530873,40021,ELEPHANT HOUSE VANILLA ICE CREAM 1L,1,5/6/23 11:01,301006,915,915,Galle
530874,40031,PRIMA KOTTU MEE CUP,5,5/9/23 17:01,301109,170,850,Kalutara
530875,40052,WIJAYA ROASTED CURRY POWDER 250G,3,5/11/23 8:52,301159,455,1365,Ampara
530876,40075,RANMUTHU RICE 5KG,12,5/11/23 9:56,301074,1710,20520,Nuwara Eliya
530877,40039,CLOGARD TOOTHPASTE 120G,2,5/15/23 10:04,301180,250,500,Kandy
530878,40016,LINK SAMAHAN BOX (100 PACKETS),3,5/19/23 14:52,301165,1710,5130,Kandy
530879,40006,MUNCHEE SUPER CREAM CRACKER 500G,2,5/21/23 14:08,301148,515,1030,Kalutara
530880,40073,DELMEGE BASMATI RICE 5KG,3,5/21/23 14:22,301020,2395,7185,Ratnapura
530881,40092,ARALIYA COCONUT MILK POWDER 300G,3,5/23/23 16:09,301063,800,2400,Gampaha
530882,40060,SUNLIGHT SOAP 115G,3,5/23/23 18:50,301199,135,405,Gampaha
530883,40003,DILMAH GREEN TEA 20 BAGS,3,5/24/23 9:59,301074,630,1890,Mannar
530884,40007,MUNCHEE CHOCOLATE BISCUIT 200G,5,5/30/23 14:39,301049,250,1250,Mannar
530885,40016,LINK SAMAHAN BOX (100 PACKETS),1,5/30/23 15:57,301003,1710,1710,Kurunegala
530886,40087,CARGILLS MAGIC SAUSAGES 400G,5,6/1/23 17:36,301012,890,4450,Moneragala
530887,40003,DILMAH GREEN TEA 20 BAGS,1,6/3/23 11:02,,630,630,Batticaloa
530888,40005,WATAWALA TEA 400G,2,6/3/23 17:00,301175,890,1780,Anuradhapura
530889,40074,ARALIYA WHITE RICE 5KG,1,6/3/23 18:44,301175,1655,1655,Gampaha
530890,40028,BAIRAHA CHICKEN 1KG,4,6/6/23 14:46,301113,1655,6620,Colombo
530891,40033,HARISCHANDRA NOODLES 400G,4,6/7/23 9:29,301012,285,1140,Colombo
530892,40022,ANCHOR MILK POWDER 400G,3,6/9/23 9:11,301051,1310,3930,Anuradhapura
530893,40001,DILMAH CEYLON TEA 500G,2,6/9/23 18:15,301149,1370,2740,Matale
530894,40033,HARISCHANDRA NOODLES 400G,1,6/12/23 8:37,301022,285,285,Galle
530895,40003,DILMAH GREEN TEA 20 BAGS,2,6/12/23 13:34,301078,630,1260,Batticaloa
530896,40084,AKBAR TEA 400G,1,6/12/23 14:44,301120,800,800,Colombo
530897,40028,BAIRAHA CHICKEN 1KG,3,6/12/23 16:53,301014,1655,4965,Ratnapura
530898,40005,WATAWALA TEA 400G,2,6/15/23 20:04,301008,890,1780,Kalutara
530899,40004,ZESTA TEA 400G,10,6/16/23 8:00,301024,1200,12000,Colombo
530900,40001,DILMAH CEYLON TEA 500G,20,6/16/23 11:03,301006,1370,27400,Matara
530901,40010,MALIBAN MARIE BISCUITS 400G,3,6/16/23 19:32,301019,400,1200,Kegalle
530902,40086,FITS COOKING OIL 1L,3,6/18/23 20:41,,1255,3765,Gampaha
530903,40045,PANADOL 100 TABLETS,4,6/19/23 20:20,301082,515,2060,Colombo
530904,40005,WATAWALA TEA 400G,5,6/20/23 8:48,301032,890,4450,Kalutara
530905,40027,KEELLS CHICKEN SAUSAGES 500G,1,6/22/23 10:05,301213,1085,1085,Kandy
530906,40016,LINK SAMAHAN BOX (100 PACKETS),1,6/22/23 12:12,301094,1710,1710,Colombo
530907,40022,ANCHOR MILK POWDER 400G,1,6/23/23 11:08,301015,1310,1310,Badulla
530908,40080,COCA-COLA 1.5L,3,6/26/23 8:46,301137,400,1200,Ampara
530909,40023,RATHTHI MILK POWDER 400G,3,6/27/23 13:19,,1255,3765,Kurunegala
530910,40068,CLOSE UP TOOTHPASTE 120G,3,6/27/23 19:15,301120,270,810,Colombo
530911,DELV,COURIER DELIVERY CHARGE,12,6/28/23 19:33,301148,945,11340,Polonnaruwa
530912,40007,MUNCHEE CHOCOLATE BISCUIT 200G,1,6/29/23 8:57,301200,250,250,Kalutara
530913,40074,ARALIYA WHITE RICE 5KG,8,6/30/23 10:17,301093,1655,13240,Gampaha
530914,40078,SOFTLOGIC COCONUT MILK 400ML,4,6/30/23 17:11,301037,365,1460,Kalutara
530915,40012,MALIBAN CREAM CRACKER 500G,2,7/1/23 8:57,,480,960,Polonnaruwa
530916,40002,DILMAH EARL GREY TEA 50 BAGS,2,7/1/23 15:52,301096,970,1940,Matale
530917,40009,MUNCHEE TIKIRI MARIE 80G,4,7/2/23 18:55,301126,80,320,Gampaha
530918,40032,PRIMA STELLA NOODLES 400G,1,7/3/23 8:44,301061,320,320,Kalutara
530919,40037,MOTHA STRAWBERRY JELLY 100G,5,7/3/23 19:52,301021,135,675,Badulla
530920,40003,DILMAH GREEN TEA 20 BAGS,2,7/4/23 10:26,301006,630,1260,Jaffna
530921,40025,KOTMALE FRESH MILK 1L,1,7/4/23 17:20,301157,515,515,Colombo
530922,40007,MUNCHEE CHOCOLATE BISCUIT 200G,3,7/13/23 11:03,301058,250,750,Kegalle
530923,40029,KIST TOMATO KETCHUP 400G,3,7/14/23 11:59,,515,1545,Batticaloa
530924,40001,DILMAH CEYLON TEA 500G,6,7/15/23 9:23,301046,1370,8220,Kegalle
530925,40014,SPA CEYLON HAND CREAM,4,7/17/23 19:38,301058,2510,10040,Ratnapura
530926,40005,WATAWALA TEA 400G,4,7/18/23 9:04,301194,890,3560,Kurunegala
530927,40043,ASTRA MARGARINE 250G,1,7/19/23 20:17,301092,455,455,Colombo
530928,40029,KIST TOMATO KETCHUP 400G,3,7/21/23 10:00,301216,515,1545,Batticaloa
530929,40001,DILMAH CEYLON TEA 500G,3,7/21/23 18:47,301129,1370,4110,Jaffna
530930,40036,MAGGI COCONUT MILK POWDER 300G,5,7/22/23 20:54,,855,4275,Kegalle
530931,40041,BABY CHERAMY SOAP 90G,2,7/23/23 19:31,301136,160,320,Moneragala
530932,40021,ELEPHANT HOUSE VANILLA ICE CREAM 1L,5,7/24/23 11:08,301146,915,4575,Anuradhapura
530933,40042,MARINA COCONUT OIL 1L,5,7/26/23 10:20,301111,1085,5425,Badulla
530934,40071,MA MA NOODLES 5 PACK,1,7/28/23 15:59,301079,455,455,Kandy
530935,40021,ELEPHANT HOUSE VANILLA ICE CREAM 1L,8,7/28/23 16:50,301105,915,7320,Anuradhapura
530936,40014,SPA CEYLON HAND CREAM,4,7/31/23 9:17,301025,2510,10040,Mannar
530937,40008,MUNCHEE LEMON PUFF 200G,1,7/31/23 13:58,,230,230,Colombo
530938,40060,SUNLIGHT SOAP 115G,4,7/31/23 15:23,301195,135,540,Gampaha
530939,40088,CARGILLS FRESH EGGS (10),1,8/3/23 18:04,301025,400,400,Gampaha
530940,40080,COCA-COLA 1.5L,2,8/3/23 19:41,301024,400,800,Kandy
530941,40048,EDINBOROUGH SOY SAUCE 400ML,3,8/4/23 16:48,301107,400,1200,Moneragala
530942,40019,ELEPHANT HOUSE GINGER BEER 1.5L,3,8/6/23 11:23,301136,455,1365,Colombo
530943,40043,ASTRA MARGARINE 250G,2,8/6/23 12:33,,455,910,Colombo
530944,40041,BABY CHERAMY SOAP 90G,2,8/7/23 10:06,,160,320,Kurunegala
530945,40008,MUNCHEE LEMON PUFF 200G,2,8/8/23 10:17,301013,230,460,Anuradhapura
530946,40053,WIJAYA CHILLI POWDER 250G,2,8/8/23 15:39,301021,515,1030,Gampaha
530947,40004,ZESTA TEA 400G,3,8/12/23 12:07,301004,1200,3600,Gampaha
530948,40082,NECTO 1.5L,5,8/13/23 11:41,301150,400,2000,Gampaha
530949,40059,SURF EXCEL 1KG,4,8/13/23 17:24,301093,970,3880,Kurunegala
530950,40021,ELEPHANT HOUSE VANILLA ICE CREAM 1L,4,8/13/23 19:40,301070,915,3660,Gampaha
530951,40020,ELEPHANT HOUSE CREAM SODA 1.5L,2,8/15/23 9:58,301124,455,910,Anuradhapura
530952,40059,SURF EXCEL 1KG,3,8/17/23 9:06,301147,970,2910,Hambantota
530953,40008,MUNCHEE LEMON PUFF 200G,2,8/22/23 17:51,301103,230,460,Kandy
530954,40002,DILMAH EARL GREY TEA 50 BAGS,2,8/22/23 18:12,301009,970,1940,Colombo
530955,40077,PILAWOOS FALOODA MIX 200G,10,8/23/23 8:44,301051,400,4000,Badulla
530956,40074,ARALIYA WHITE RICE 5KG,5,8/24/23 8:59,301161,1655,8275,Jaffna
530957,40085,RANFAT COOKING OIL 1L,3,8/25/23 12:51,301106,1310,3930,Batticaloa
530958,40019,ELEPHANT HOUSE GINGER BEER 1.5L,2,8/25/23 14:12,301007,455,910,Kurunegala
530959,40017,MD MIXED FRUIT JAM 500G,2,8/26/23 10:58,301054,740,1480,Badulla
530960,40028,BAIRAHA CHICKEN 1KG,2,8/26/23 12:39,,1655,3310,Matale
530961,40087,CARGILLS MAGIC SAUSAGES 400G,1,8/29/23 11:52,301131,890,890,Matara
530962,40031,PRIMA KOTTU MEE CUP,5,9/9/23 16:25,301007,170,850,Nuwara Eliya
530963,40061,VELVET BEAUTY SOAP 100G,1,9/9/23 19:11,301160,170,170,Colombo
530964,40050,RANCRISP CASHEWS 50G,1,9/12/23 9:24,301064,400,400,Trincomalee
530965,40009,MUNCHEE TIKIRI MARIE 80G,8,9/13/23 15:10,301196,80,640,Jaffna
530966,40002,DILMAH EARL GREY TEA 50 BAGS,1,9/13/23 16:29,301170,970,970,Ampara
530967,40078,SOFTLOGIC COCONUT MILK 400ML,1,9/14/23 17:27,301165,365,365,Colombo
530968,40002,DILMAH EARL GREY TEA 50 BAGS,4,9/15/23 20:20,301160,970,3880,Badulla
530969,40028,BAIRAHA CHICKEN 1KG,1,9/15/23 20:28,301099,1655,1655,Gampaha
530970,40018,MD MANGO CHUTNEY 400G,2,9/16/23 13:08,301024,740,1480,Hambantota
530971,40046,MARMITE 100G,2,9/17/23 9:11,,855,1710,Kandy
530972,40008,MUNCHEE LEMON PUFF 200G,5,9/17/23 11:21,301009,230,1150,Matale
530973,40061,VELVET BEAUTY SOAP 100G,15,9/17/23 12:40,301002,170,2550,Galle
530974,40034,HARISCHANDRA COFFEE 100G,3,9/18/23 14:37,301009,435,1305,Galle
530975,40002,DILMAH EARL GREY TEA 50 BAGS,1,9/20/23 13:55,301209,970,970,Kandy
530976,40053,WIJAYA CHILLI POWDER 250G,4,9/20/23 19:42,301116,515,2060,Polonnaruwa
530977,40025,KOTMALE FRESH MILK 1L,6,9/21/23 15:35,301002,515,3090,Moneragala
530978,40023,RATHTHI MILK POWDER 400G,5,9/21/23 16:54,,1255,6275,Kandy
530979,40035,CBL SAMAPOSHA 200G,6,9/21/23 18:55,301019,205,1230,Anuradhapura
530980,DELV,COURIER DELIVERY CHARGE,3,9/25/23 13:19,301071,945,2835,Puttalam
530981,40042,MARINA COCONUT OIL 1L,3,9/25/23 14:34,,1085,3255,Kegalle
530982,40052,WIJAYA ROASTED CURRY POWDER 250G,4,9/26/23 10:34,,455,1820,Badulla
530983,40034,HARISCHANDRA COFFEE 100G,2,9/27/23 20:40,301135,435,870,Matara
530984,40043,ASTRA MARGARINE 250G,8,9/28/23 13:52,301023,455,3640,Gampaha
530985,40003,DILMAH GREEN TEA 20 BAGS,3,9/29/23 20:55,301118,630,1890,Mannar
530986,40031,PRIMA KOTTU MEE CUP,2,9/30/23 13:23,301001,170,340,Hambantota
530987,40029,KIST TOMATO KETCHUP 400G,1,10/2/23 14:35,301008,515,515,Kegalle
530988,40001,DILMAH CEYLON TEA 500G,6,10/2/23 19:32,301068,1370,8220,Kurunegala
530989,40043,ASTRA MARGARINE 250G,1,10/2/23 20:37,301021,455,455,Colombo
530990,40026,KITHUL TREACLE 750ML,1,10/5/23 9:02,301103,2055,2055,Colombo
530991,40090,RITZBURY CHOCOLATE BAR 100G,6,10/6/23 18:25,301171,295,1770,Nuwara Eliya
530992,40010,MALIBAN MARIE BISCUITS 400G,2,10/8/23 10:06,301013,400,800,Gampaha
530993,40089,KANDOS CHOCOLATE BAR 100G,2,10/8/23 20:49,301142,285,570,Polonnaruwa
530994,40046,MARMITE 100G,1,10/9/23 10:24,301074,855,855,Gampaha
530995,40025,KOTMALE FRESH MILK 1L,1,10/11/23 9:54,301206,515,515,Kilinochchi
530996,40046,MARMITE 100G,3,10/11/23 14:16,301083,855,2565,Matara
530997,40005,WATAWALA TEA 400G,3,10/14/23 8:21,,890,2670,Kegalle
530998,40066,PONDS TALCUM POWDER 100G,5,10/15/23 19:19,301072,435,2175,Trincomalee
530999,40050,RANCRISP CASHEWS 50G,4,10/16/23 11:42,,400,1600,Vavuniya
531000,40016,LINK SAMAHAN BOX (100 PACKETS),15,10/17/23 20:25,301117,1710,25650,Jaffna
531001,DELV,COURIER DELIVERY CHARGE,3,10/20/23 11:20,301064,945,2835,Kurunegala
531002,40054,PEARS BABY POWDER 100G,5,10/21/23 20:51,301098,285,1425,Kegalle
531003,40038,MOTHA FALUDA MIX 100G,12,10/24/23 12:14,301009,230,2760,Galle
531004,40005,WATAWALA TEA 400G,3,10/24/23 17:49,301067,890,2670,Jaffna
531005,40067,COLGATE TOOTHPASTE 120G,4,10/27/23 10:28,301174,275,1100,Kurunegala
531006,40056,SUNSILK BLACK SHAMPOO 200ML,2,10/28/23 8:20,301137,630,1260,Moneragala
531007,40013,SPA CEYLON SLEEP BODY LOTION,3,10/29/23 8:52,301013,3995,11985,Puttalam
531008,40005,WATAWALA TEA 400G,1,10/30/23 17:01,301048,890,890,Ratnapura
531009,40076,CEYLON COLD STORES YOGHURT 80G,1,10/31/23 10:08,301131,105,105,Kalutara
531010,40022,ANCHOR MILK POWDER 400G,10,10/31/23 15:35,301140,1310,13100,Batticaloa
531011,40013,SPA CEYLON SLEEP BODY LOTION,8,11/2/23 18:44,,3995,31960,Matale
531012,DELV,COURIER DELIVERY CHARGE,10,11/3/23 14:53,,945,9450,Ratnapura
531013,40072,FUN FOODS MAYONNAISE 250G,2,11/3/23 16:00,301161,560,1120,Kalutara
531014,40080,COCA-COLA 1.5L,1,11/3/23 16:57,301001,400,400,Colombo
531015,40028,BAIRAHA CHICKEN 1KG,3,11/4/23 16:45,,1655,4965,Colombo
531016,40009,MUNCHEE TIKIRI MARIE 80G,8,11/5/23 10:30,301060,80,640,Kalutara
531017,40058,DIVA WASHING POWDER 1KG,2,11/5/23 12:49,301094,740,1480,Colombo
531018,40007,MUNCHEE CHOCOLATE BISCUIT 200G,2,11/5/23 14:10,301064,250,500,Batticaloa
531019,40006,MUNCHEE SUPER CREAM CRACKER 500G,15,11/6/23 17:07,301038,515,7725,Mullaitivu
531020,40037,MOTHA STRAWBERRY JELLY 100G,2,11/7/23 10:56,,135,270,Anuradhapura
531021,40025,KOTMALE FRESH MILK 1L,4,11/8/23 12:53,301133,515,2060,Colombo
531022,40039,CLOGARD TOOTHPASTE 120G,3,11/11/23 19:13,301045,250,750,Galle
531023,40001,DILMAH CEYLON TEA 500G,1,11/11/23 20:48,301008,1370,1370,Anuradhapura
531024,40002,DILMAH EARL GREY TEA 50 BAGS,8,11/12/23 12:18,301111,970,7760,Colombo
531025,40026,KITHUL TREACLE 750ML,10,11/12/23 17:14,301148,2055,20550,Mullaitivu
531026,40001,DILMAH CEYLON TEA 500G,1,11/12/23 17:47,,1370,1370,Badulla
531027,40052,WIJAYA ROASTED CURRY POWDER 250G,3,11/13/23 8:59,301078,455,1365,Kandy
531028,40017,MD MIXED FRUIT JAM 500G,3,11/13/23 19:48,,740,2220,Nuwara Eliya
531029,40006,MUNCHEE SUPER CREAM CRACKER 500G,3,11/16/23 12:52,301107,515,1545,Galle
531030,40027,KEELLS CHICKEN SAUSAGES 500G,2,11/17/23 8:19,301078,1085,2170,Moneragala
531031,40001,DILMAH CEYLON TEA 500G,1,11/17/23 8:49,301138,1370,1370,Jaffna
531032,40004,ZESTA TEA 400G,1,11/18/23 14:58,,1200,1200,Kegalle
531033,40004,ZESTA TEA 400G,6,11/18/23 15:31,301010,1200,7200,Polonnaruwa
531034,40069,ANCHOR BUTTER 200G,2,11/21/23 18:22,,890,1780,Colombo
531035,40001,DILMAH CEYLON TEA 500G,15,11/22/23 8:15,301104,1370,20550,Hambantota
531036,40037,MOTHA STRAWBERRY JELLY 100G,2,11/22/23 8:29,301033,135,270,Kalutara
531037,40001,DILMAH CEYLON TEA 500G,2,11/22/23 11:37,301087,1370,2740,Gampaha
531038,40089,KANDOS CHOCOLATE BAR 100G,1,11/24/23 19:23,301214,285,285,Colombo
531039,40048,EDINBOROUGH SOY SAUCE 400ML,12,11/25/23 10:11,,400,4800,Kegalle
531040,40016,LINK SAMAHAN BOX (100 PACKETS),4,11/27/23 9:53,301032,1710,6840,Gampaha
531041,40062,NESTOMALT 400G,15,11/27/23 18:17,301078,710,10650,Nuwara Eliya
531042,40009,MUNCHEE TIKIRI MARIE 80G,3,11/28/23 11:38,301187,80,240,Gampaha
531043,40051,LANKA SOY CHICKEN FLAVOUR 90G,6,11/29/23 11:07,301003,135,810,Puttalam
531044,40031,PRIMA KOTTU MEE CUP,3,11/30/23 18:37,301108,170,510,Ratnapura
531045,40005,WATAWALA TEA 400G,2,11/30/23 19:05,301084,890,1780,Gampaha
531046,40053,WIJAYA CHILLI POWDER 250G,8,12/1/23 10:40,301128,515,4120,Kalutara
531047,40028,BAIRAHA CHICKEN 1KG,1,12/1/23 16:09,301090,1655,1655,Moneragala
531048,40080,COCA-COLA 1.5L,2,12/1/23 20:35,301170,400,800,Jaffna
531049,40089,KANDOS CHOCOLATE BAR 100G,6,12/1/23 20:41,301108,285,1710,Matara
531050,40001,DILMAH CEYLON TEA 500G,1,12/2/23 15:41,301001,1370,1370,Ampara
531051,40003,DILMAH GREEN TEA 20 BAGS,4,12/2/23 17:56,301219,630,2520,Kegalle
531052,40065,FAIR & LOVELY CREAM 50G,12,12/3/23 9:36,301076,365,4380,Ratnapura
531053,40075,RANMUTHU RICE 5KG,4,12/6/23 8:21,301022,1710,6840,Ratnapura
531054,40029,KIST TOMATO KETCHUP 400G,1,12/6/23 19:50,301068,515,515,Gampaha
531055,40001,DILMAH CEYLON TEA 500G,1,12/7/23 11:21,301011,1370,1370,Mannar
531056,40034,HARISCHANDRA COFFEE 100G,4,12/9/23 20:24,301035,435,1740,Gampaha
531057,40030,KIST MIXED FRUIT NECTAR 1L,6,12/10/23 13:14,301051,630,3780,Kalutara
531058,40033,HARISCHANDRA NOODLES 400G,4,12/10/23 19:40,301019,285,1140,Colombo
531059,40021,ELEPHANT HOUSE VANILLA ICE CREAM 1L,4,12/11/23 13:39,301025,915,3660,Hambantota
531060,40092,ARALIYA COCONUT MILK POWDER 300G,15,12/11/23 17:33,301077,800,12000,Jaffna
531061,40036,MAGGI COCONUT MILK POWDER 300G,3,12/11/23 18:13,301074,855,2565,Colombo
531062,40007,MUNCHEE CHOCOLATE BISCUIT 200G,1,12/12/23 12:48,301172,250,250,Gampaha
531063,40011,MALIBAN LEMON PUFF 200G,4,12/13/23 11:03,301054,230,920,Anuradhapura
531064,40073,DELMEGE BASMATI RICE 5KG,1,12/14/23 8:59,,2395,2395,Kandy
531065,40030,KIST MIXED FRUIT NECTAR 1L,8,12/14/23 17:09,301038,630,5040,Moneragala
531066,40072,FUN FOODS MAYONNAISE 250G,4,12/16/23 9:23,301035,560,2240,Hambantota
531067,40048,EDINBOROUGH SOY SAUCE 400ML,2,12/16/23 15:45,301071,400,800,Puttalam
531068,40037,MOTHA STRAWBERRY JELLY 100G,2,12/16/23 16:11,301213,135,270,Gampaha
531069,40001,DILMAH CEYLON TEA 500G,2,12/16/23 20:13,301139,1370,2740,Vavuniya
531070,40020,ELEPHANT HOUSE CREAM SODA 1.5L,10,12/18/23 10:57,301131,455,4550,Badulla
531071,40057,VIM DISHWASH LIQUID 500ML,4,12/18/23 19:18,301163,515,2060,Anuradhapura
531072,40014,SPA CEYLON HAND CREAM,6,12/19/23 15:33,301115,2510,15060,Jaffna
531073,DELV,COURIER DELIVERY CHARGE,6,12/19/23 17:03,301033,945,5670,Colombo
531074,40063,MILO 400G,2,12/19/23 20:27,301171,890,1780,Kurunegala
C531075,40076,CEYLON COLD STORES YOGHURT 80G,-6,12/20/23 9:22,301124,105,-630,Gampaha
531076,40006,MUNCHEE SUPER CREAM CRACKER 500G,8,12/22/23 13:44,301106,515,4120,Kandy
531077,40052,WIJAYA ROASTED CURRY POWDER 250G,3,12/23/23 9:39,301044,455,1365,Ratnapura
531078,40092,ARALIYA COCONUT MILK POWDER 300G,1,12/25/23 12:39,301131,800,800,Galle
531079,40002,DILMAH EARL GREY TEA 50 BAGS,4,12/25/23 15:52,301094,970,3880,Gampaha
531080,40024,HIGHLAND MILK 1L,2,12/26/23 18:17,301037,455,910,Vavuniya
531081,40019,ELEPHANT HOUSE GINGER BEER 1.5L,1,12/26/23 19:00,301167,455,455,Kandy
531082,40035,CBL SAMAPOSHA 200G,5,12/31/23 12:46,301002,205,1025,Kalutara
531083,40083,BOGAWANTALAWA TEA 400G,1,1/2/24 15:12,301221,1075,1075,Matara
531084,40017,MD MIXED FRUIT JAM 500G,6,1/3/24 14:06,,775,4650,Nuwara Eliya
531085,40010,MALIBAN MARIE BISCUITS 400G,5,1/3/24 20:49,301010,415,2075,Jaffna
531086,40065,FAIR & LOVELY CREAM 50G,5,1/4/24 13:40,,380,1900,Matara
531087,40005,WATAWALA TEA 400G,8,1/4/24 18:56,,930,7440,Ratnapura
531088,40012,MALIBAN CREAM CRACKER 500G,8,1/5/24 9:37,301037,500,4000,Polonnaruwa
531089,40014,SPA CEYLON HAND CREAM,4,1/5/24 11:00,301103,2625,10500,Polonnaruwa
531090,40081,SPRITE 1.5L,1,1/5/24 13:57,,415,415,Galle
531091,40069,ANCHOR BUTTER 200G,3,1/6/24 16:20,301083,930,2790,Colombo
531092,40002,DILMAH EARL GREY TEA 50 BAGS,6,1/7/24 8:05,,1015,6090,Puttalam
531093,40015,SIDDHALEPA BALM 50G,6,1/7/24 15:06,301088,300,1800,Gampaha
531094,40035,CBL SAMAPOSHA 200G,5,1/8/24 17:29,301153,215,1075,Gampaha
531095,40031,PRIMA KOTTU MEE CUP,1,1/8/24 17:37,301145,180,180,Trincomalee
531096,40014,SPA CEYLON HAND CREAM,6,1/9/24 14:32,301109,2625,15750,Polonnaruwa
531097,40039,CLOGARD TOOTHPASTE 120G,4,1/9/24 17:32,301020,260,1040,Ratnapura
531098,40038,MOTHA FALUDA MIX 100G,2,1/12/24 17:02,301115,240,480,Kandy
531099,40011,MALIBAN LEMON PUFF 200G,6,1/12/24 17:49,301079,240,1440,Kandy
531100,40086,FITS COOKING OIL 1L,1,1/15/24 12:33,,1310,1310,Kandy
531101,40006,MUNCHEE SUPER CREAM CRACKER 500G,8,1/16/24 11:33,301149,535,4280,Kandy
531102,40089,KANDOS CHOCOLATE BAR 100G,2,1/16/24 19:26,301032,300,600,Hambantota
531103,40024,HIGHLAND MILK 1L,3,1/17/24 19:14,301044,475,1425,Polonnaruwa
531104,40038,MOTHA FALUDA MIX 100G,8,1/18/24 10:28,301087,240,1920,Matara
531105,40001,DILMAH CEYLON TEA 500G,6,1/19/24 15:05,301138,1430,8580,Colombo
531106,40073,DELMEGE BASMATI RICE 5KG,3,1/19/24 15:23,301168,2505,7515,Colombo
531107,40025,KOTMALE FRESH MILK 1L,15,1/19/24 16:40,301158,535,8025,Hambantota
531108,40091,USWATTE SPICES MIXED CURRY POWDER 100G,10,1/20/24 14:36,301042,260,2600,Kandy
531109,40053,WIJAYA CHILLI POWDER 250G,4,1/23/24 13:51,,535,2140,Kegalle
531110,40003,DILMAH GREEN TEA 20 BAGS,2,1/26/24 15:32,301036,655,1310,Colombo
531111,40004,ZESTA TEA 400G,1,1/26/24 20:08,301056,1250,1250,Ampara
531112,40001,DILMAH CEYLON TEA 500G,2,1/28/24 15:45,301094,1430,2860,Gampaha
531113,40032,PRIMA STELLA NOODLES 400G,5,1/30/24 14:02,301193,335,1675,Gampaha
531114,40001,DILMAH CEYLON TEA 500G,2,1/31/24 10:27,301091,1430,2860,Colombo
531115,40014,SPA CEYLON HAND CREAM,4,1/31/24 13:07,301070,2625,10500,Colombo
531116,40065,FAIR & LOVELY CREAM 50G,2,2/1/24 20:41,,380,760,Puttalam
531117,40006,MUNCHEE SUPER CREAM CRACKER 500G,8,2/2/24 9:02,301015,535,4280,Colombo
531118,40032,PRIMA STELLA NOODLES 400G,1,2/7/24 8:09,301078,335,335,Kandy
531119,40039,CLOGARD TOOTHPASTE 120G,2,2/7/24 20:34,301125,260,520,Kurunegala
531120,40006,MUNCHEE SUPER CREAM CRACKER 500G,5,2/9/24 14:45,301199,535,2675,Kurunegala
531121,40088,CARGILLS FRESH EGGS (10),4,2/9/24 17:42,301031,415,1660,Matara
531122,40007,MUNCHEE CHOCOLATE BISCUIT 200G,4,2/10/24 14:47,301001,260,1040,Colombo
531123,40026,KITHUL TREACLE 750ML,8,2/10/24 19:24,301093,2145,17160,Gampaha
531124,40005,WATAWALA TEA 400G,4,2/11/24 17:53,301219,930,3720,Jaffna
531125,40008,MUNCHEE LEMON PUFF 200G,2,2/13/24 14:58,301105,240,480,Kegalle
531126,40005,WATAWALA TEA 400G,5,2/13/24 19:23,301154,930,4650,Vavuniya
531127,40041,BABY CHERAMY SOAP 90G,4,2/16/24 9:15,,165,660,Mullaitivu
531128,40006,MUNCHEE SUPER CREAM CRACKER 500G,4,2/17/24 9:42,301140,535,2140,Galle
531129,40035,CBL SAMAPOSHA 200G,2,2/19/24 13:29,301165,215,430,Kurunegala
531130,40001,DILMAH CEYLON TEA 500G,3,2/20/24 16:55,301127,1430,4290,Kandy
531131,40089,KANDOS CHOCOLATE BAR 100G,4,2/22/24 13:41,301145,300,1200,Jaffna
531132,40069,ANCHOR BUTTER 200G,3,2/22/24 17:37,301041,930,2790,Badulla
531133,40037,MOTHA STRAWBERRY JELLY 100G,2,2/24/24 18:57,301009,145,290,Polonnaruwa
531134,40001,DILMAH CEYLON TEA 500G,3,2/24/24 20:13,301164,1430,4290,Ratnapura
531135,40001,DILMAH CEYLON TEA 500G,3,2/25/24 9:23,301162,1430,4290,Moneragala
531136,40075,RANMUTHU RICE 5KG,3,2/26/24 11:35,,1790,5370,Kurunegala
531137,40051,LANKA SOY CHICKEN FLAVOUR 90G,6,2/26/24 11:37,301083,145,870,Batticaloa
531138,40001,DILMAH CEYLON TEA 500G,2,2/26/24 19:04,301158,1430,2860,Trincomalee
531139,40029,KIST TOMATO KETCHUP 400G,4,2/28/24 20:59,301002,535,2140,Badulla
531140,40054,PEARS BABY POWDER 100G,4,3/2/24 12:29,301007,300,1200,Matale
531141,40002,DILMAH EARL GREY TEA 50 BAGS,1,3/2/24 12:35,301004,1015,1015,Ampara
531142,40008,MUNCHEE LEMON PUFF 200G,10,3/2/24 14:21,301202,240,2400,Gampaha
531143,40071,MA MA NOODLES 5 PACK,3,3/3/24 14:30,301049,475,1425,Gampaha
531144,40069,ANCHOR BUTTER 200G,2,3/5/24 9:36,301168,930,1860,Ratnapura
531145,40004,ZESTA TEA 400G,8,3/7/24 9:11,,1250,10000,Kegalle
531146,40005,WATAWALA TEA 400G,4,3/8/24 12:31,301192,930,3720,Badulla
531147,40039,CLOGARD TOOTHPASTE 120G,6,3/9/24 14:43,301048,260,1560,Colombo
531148,40027,KEELLS CHICKEN SAUSAGES 500G,6,3/15/24 14:00,301090,1135,6810,Puttalam
531149,40074,ARALIYA WHITE RICE 5KG,3,3/15/24 19:19,301017,1730,5190,Gampaha
531150,40015,SIDDHALEPA BALM 50G,6,3/17/24 13:30,301110,300,1800,Puttalam
531151,40007,MUNCHEE CHOCOLATE BISCUIT 200G,6,3/18/24 11:41,301066,260,1560,Matale
531152,40006,MUNCHEE SUPER CREAM CRACKER 500G,3,3/19/24 8:29,301064,535,1605,Batticaloa
531153,40047,PELWATTE BUTTER 200G,4,3/19/24 18:15,301001,895,3580,Kurunegala
531154,40077,PILAWOOS FALOODA MIX 200G,2,3/22/24 10:32,,415,830,Kurunegala
531155,40021,ELEPHANT HOUSE VANILLA ICE CREAM 1L,1,3/22/24 20:44,,955,955,Kalutara
531156,40020,ELEPHANT HOUSE CREAM SODA 1.5L,6,3/23/24 17:59,301058,475,2850,Kurunegala
531157,40017,MD MIXED FRUIT JAM 500G,3,3/24/24 14:59,301125,775,2325,Batticaloa
531158,40029,KIST TOMATO KETCHUP 400G,3,3/25/24 15:06,,535,1605,Colombo
531159,40065,FAIR & LOVELY CREAM 50G,1,3/28/24 8:18,301148,380,380,Gampaha
531160,40049,ROZA PASTA MACARONI 400G,6,4/1/24 11:10,301052,360,2160,Kandy
531161,40037,MOTHA STRAWBERRY JELLY 100G,2,4/1/24 12:29,301086,145,290,Ampara
531162,40047,PELWATTE BUTTER 200G,5,4/1/24 14:39,301001,895,4475,Gampaha
531163,40052,WIJAYA ROASTED CURRY POWDER 250G,1,4/2/24 18:02,301101,475,475,Matale
531164,40070,NESPRAY MILK POWDER 400G,2,4/3/24 20:10,301056,1405,2810,Jaffna
531165,40085,RANFAT COOKING OIL 1L,1,4/4/24 15:05,301006,1370,1370,Gampaha
531166,40008,MUNCHEE LEMON PUFF 200G,4,4/5/24 9:56,301155,240,960,Batticaloa
531167,40055,LIFEBUOY SOAP 100G,4,4/6/24 10:14,,155,620,Colombo
531168,40057,VIM DISHWASH LIQUID 500ML,4,4/6/24 12:57,301063,535,2140,Trincomalee
531169,40052,WIJAYA ROASTED CURRY POWDER 250G,1,4/8/24 16:02,,475,475,Kandy
531170,40029,KIST TOMATO KETCHUP 400G,1,4/8/24 18:53,301176,535,535,Badulla
531171,40055,LIFEBUOY SOAP 100G,3,4/8/24 20:34,301144,155,465,Kalutara
531172,40022,ANCHOR MILK POWDER 400G,10,4/9/24 14:53,301160,1370,13700,Gampaha
531173,40013,SPA CEYLON SLEEP BODY LOTION,8,4/10/24 17:16,301042,4175,33400,Badulla
531174,40003,DILMAH GREEN TEA 20 BAGS,2,4/11/24 14:39,301043,655,1310,Galle
531175,40079,CEYLON TOBACCO (CIGARETTES PACK),3,4/13/24 8:48,301191,1430,4290,Gampaha
531176,40078,SOFTLOGIC COCONUT MILK 400ML,8,4/14/24 10:22,301143,380,3040,Matara
531177,40049,ROZA PASTA MACARONI 400G,6,4/15/24 15:20,301015,360,2160,Kandy
531178,40006,MUNCHEE SUPER CREAM CRACKER 500G,2,4/15/24 19:36,,535,1070,Moneragala
531179,40004,ZESTA TEA 400G,1,4/17/24 8:24,301133,1250,1250,Kegalle
531180,40003,DILMAH GREEN TEA 20 BAGS,5,4/17/24 19:11,,655,3275,Nuwara Eliya
531181,40003,DILMAH GREEN TEA 20 BAGS,3,4/18/24 8:10,,655,1965,Kandy
531182,40008,MUNCHEE LEMON PUFF 200G,8,4/20/24 12:49,301174,240,1920,Kegalle
531183,40012,MALIBAN CREAM CRACKER 500G,2,4/20/24 16:14,301142,500,1000,Ampara
531184,40090,RITZBURY CHOCOLATE BAR 100G,2,4/20/24 16:36,,310,620,Moneragala
531185,40013,SPA CEYLON SLEEP BODY LOTION,1,4/21/24 20:24,301060,4175,4175,Ampara
531186,40010,MALIBAN MARIE BISCUITS 400G,4,4/22/24 17:15,301005,415,1660,Kegalle
531187,40085,RANFAT COOKING OIL 1L,3,4/24/24 11:50,301059,1370,4110,Ampara
531188,40001,DILMAH CEYLON TEA 500G,3,4/25/24 17:12,301142,1430,4290,Ratnapura
531189,40014,SPA CEYLON HAND CREAM,8,4/27/24 11:52,301047,2625,21000,Kalutara
531190,40012,MALIBAN CREAM CRACKER 500G,8,4/27/24 13:52,301077,500,4000,Gampaha
531191,40001,DILMAH CEYLON TEA 500G,1,4/28/24 10:17,301014,1430,1430,Nuwara Eliya
C531192,40051,LANKA SOY CHICKEN FLAVOUR 90G,-1,4/30/24 11:47,301144,145,-145,Ratnapura
531193,40045,PANADOL 100 TABLETS,2,5/5/24 17:32,,535,1070,Polonnaruwa
531194,40022,ANCHOR MILK POWDER 400G,4,5/5/24 18:43,301015,1370,5480,Jaffna
531195,40013,SPA CEYLON SLEEP BODY LOTION,1,5/8/24 13:20,301063,4175,4175,Moneragala
531196,40079,CEYLON TOBACCO (CIGARETTES PACK),4,5/8/24 14:57,,1430,5720,Kurunegala
531197,40057,VIM DISHWASH LIQUID 500ML,5,5/8/24 16:41,,535,2675,Mullaitivu
531198,40033,HARISCHANDRA NOODLES 400G,4,5/8/24 17:47,301165,300,1200,Kegalle
531199,40002,DILMAH EARL GREY TEA 50 BAGS,2,5/9/24 9:21,301220,1015,2030,Kegalle
531200,40088,CARGILLS FRESH EGGS (10),4,5/12/24 17:30,301028,415,1660,Polonnaruwa
531201,40010,MALIBAN MARIE BISCUITS 400G,8,5/14/24 8:00,301196,415,3320,Colombo
531202,40001,DILMAH CEYLON TEA 500G,2,5/16/24 12:05,301078,1430,2860,Kegalle
531203,40067,COLGATE TOOTHPASTE 120G,8,5/16/24 14:04,301148,285,2280,Batticaloa
531204,40005,WATAWALA TEA 400G,5,5/16/24 20:59,,930,4650,Kalutara
531205,40008,MUNCHEE LEMON PUFF 200G,4,5/18/24 20:55,301143,240,960,Kalutara
531206,40067,COLGATE TOOTHPASTE 120G,10,5/19/24 8:22,301212,285,2850,Colombo
531207,40026,KITHUL TREACLE 750ML,5,5/21/24 17:52,301135,2145,10725,Gampaha
531208,40037,MOTHA STRAWBERRY JELLY 100G,4,5/22/24 17:04,301026,145,580,Trincomalee
531209,40010,MALIBAN MARIE BISCUITS 400G,6,5/22/24 18:43,301038,415,2490,Gampaha
531210,40001,DILMAH CEYLON TEA 500G,1,5/23/24 20:57,301033,1430,1430,Polonnaruwa
531211,40010,MALIBAN MARIE BISCUITS 400G,5,5/25/24 13:50,301009,415,2075,Hambantota
531212,40006,MUNCHEE SUPER CREAM CRACKER 500G,2,5/27/24 13:49,,535,1070,Badulla
531213,40033,HARISCHANDRA NOODLES 400G,5,5/27/24 15:54,301218,300,1500,Colombo
531214,40074,ARALIYA WHITE RICE 5KG,4,5/29/24 14:55,301016,1730,6920,Moneragala
531215,40004,ZESTA TEA 400G,5,5/30/24 12:50,301014,1250,6250,Kalutara
531216,40003,DILMAH GREEN TEA 20 BAGS,2,5/30/24 15:39,,655,1310,Anuradhapura
531217,40069,ANCHOR BUTTER 200G,1,6/2/24 10:00,301021,930,930,Matale
531218,40010,MALIBAN MARIE BISCUITS 400G,2,6/2/24 17:11,301220,415,830,Gampaha
531219,40062,NESTOMALT 400G,15,6/3/24 11:32,301052,740,11100,Colombo
531220,40009,MUNCHEE TIKIRI MARIE 80G,8,6/3/24 13:02,301006,85,680,Polonnaruwa
531221,40060,SUNLIGHT SOAP 115G,5,6/6/24 12:44,301045,145,725,Trincomalee
531222,40061,VELVET BEAUTY SOAP 100G,6,6/6/24 15:10,,180,1080,Jaffna
531223,40071,MA MA NOODLES 5 PACK,4,6/8/24 8:35,301050,475,1900,Kalutara
531224,40088,CARGILLS FRESH EGGS (10),1,6/9/24 8:01,301158,415,415,Gampaha
531225,40011,MALIBAN LEMON PUFF 200G,4,6/10/24 8:30,301030,240,960,Ampara
531226,40014,SPA CEYLON HAND CREAM,3,6/10/24 18:42,301021,2625,7875,Nuwara Eliya
531227,40035,CBL SAMAPOSHA 200G,2,6/13/24 20:20,301006,215,430,Matale
531228,40013,SPA CEYLON SLEEP BODY LOTION,3,6/14/24 17:29,,4175,12525,Colombo
531229,40001,DILMAH CEYLON TEA 500G,2,6/14/24 20:56,301074,1430,2860,Kurunegala
531230,40047,PELWATTE BUTTER 200G,2,6/15/24 18:51,301028,895,1790,Jaffna
531231,40078,SOFTLOGIC COCONUT MILK 400ML,6,6/17/24 14:47,301174,380,2280,Colombo
531232,40005,WATAWALA TEA 400G,2,6/18/24 12:02,301040,930,1860,Kalutara
531233,40014,SPA CEYLON HAND CREAM,6,6/18/24 18:29,301190,2625,15750,Kandy
531234,40027,KEELLS CHICKEN SAUSAGES 500G,4,6/21/24 12:51,301131,1135,4540,Kandy
531235,40009,MUNCHEE TIKIRI MARIE 80G,2,6/21/24 15:13,301184,85,170,Kalutara
531236,40066,PONDS TALCUM POWDER 100G,12,6/21/24 16:00,301005,455,5460,Colombo
531237,40015,SIDDHALEPA BALM 50G,10,6/22/24 18:15,301213,300,3000,Batticaloa
531238,40053,WIJAYA CHILLI POWDER 250G,6,6/23/24 14:49,301154,535,3210,Galle
531239,40033,HARISCHANDRA NOODLES 400G,4,6/23/24 17:05,301044,300,1200,Kandy
C531240,40058,DIVA WASHING POWDER 1KG,-15,6/25/24 16:44,301177,775,-11625,Colombo
531241,40013,SPA CEYLON SLEEP BODY LOTION,3,6/26/24 13:54,301052,4175,12525,Puttalam
531242,40004,ZESTA TEA 400G,3,6/28/24 15:43,,1250,3750,Puttalam
531243,40048,EDINBOROUGH SOY SAUCE 400ML,3,6/28/24 19:28,301062,415,1245,Colombo
531244,40035,CBL SAMAPOSHA 200G,12,6/28/24 20:45,301206,215,2580,Gampaha
531245,40006,MUNCHEE SUPER CREAM CRACKER 500G,2,6/29/24 18:10,301148,535,1070,Polonnaruwa
531246,40002,DILMAH EARL GREY TEA 50 BAGS,2,6/30/24 13:39,301188,1015,2030,Kurunegala
531247,40012,MALIBAN CREAM CRACKER 500G,3,7/1/24 14:46,301073,500,1500,Hambantota
531248,40020,ELEPHANT HOUSE CREAM SODA 1.5L,8,7/3/24 13:05,301003,475,3800,Trincomalee
531249,40001,DILMAH CEYLON TEA 500G,10,7/3/24 14:14,,1430,14300,Kandy
531250,40068,CLOSE UP TOOTHPASTE 120G,2,7/3/24 16:40,301218,280,560,Ampara
531251,40001,DILMAH CEYLON TEA 500G,3,7/3/24 20:16,301008,1430,4290,Kegalle
531252,40030,KIST MIXED FRUIT NECTAR 1L,2,7/4/24 14:16,301111,655,1310,Ratnapura
531253,40066,PONDS TALCUM POWDER 100G,2,7/4/24 20:28,301021,455,910,Gampaha
531254,40092,ARALIYA COCONUT MILK POWDER 300G,1,7/7/24 8:35,301003,835,835,Badulla
531255,40004,ZESTA TEA 400G,4,7/8/24 15:34,301159,1250,5000,Gampaha
531256,40008,MUNCHEE LEMON PUFF 200G,2,7/9/24 8:02,301174,240,480,Moneragala
531257,40017,MD MIXED FRUIT JAM 500G,1,7/10/24 20:06,301058,775,775,Puttalam
531258,40021,ELEPHANT HOUSE VANILLA ICE CREAM 1L,4,7/11/24 17:13,301008,955,3820,Kandy
531259,40017,MD MIXED FRUIT JAM 500G,2,7/11/24 19:36,301099,775,1550,Colombo
531260,40044,HAPPY COW CHEESE 120G,1,7/12/24 13:09,301002,1015,1015,Kurunegala
531261,40055,LIFEBUOY SOAP 100G,1,7/14/24 13:26,,155,155,Anuradhapura
531262,40030,KIST MIXED FRUIT NECTAR 1L,10,7/15/24 9:39,301204,655,6550,Kalutara
531263,40031,PRIMA KOTTU MEE CUP,2,7/16/24 18:57,301059,180,360,Kandy
531264,40050,RANCRISP CASHEWS 50G,5,7/19/24 9:02,301149,415,2075,Kegalle
531265,40022,ANCHOR MILK POWDER 400G,1,7/20/24 17:01,301145,1370,1370,Colombo
531266,40022,ANCHOR MILK POWDER 400G,4,7/23/24 15:54,301108,1370,5480,Puttalam
531267,40001,DILMAH CEYLON TEA 500G,4,7/23/24 16:01,301032,1430,5720,Puttalam
531268,40003,DILMAH GREEN TEA 20 BAGS,8,7/24/24 18:12,301051,655,5240,Gampaha
531269,40040,SIGNAL TOOTHPASTE 120G,1,7/26/24 9:12,301052,275,275,Colombo
531270,40004,ZESTA TEA 400G,5,7/26/24 12:33,301115,1250,6250,Kandy
531271,40004,ZESTA TEA 400G,1,7/27/24 14:19,301016,1250,1250,Badulla
531272,40005,WATAWALA TEA 400G,1,7/29/24 12:06,301030,930,930,Ratnapura
531273,40006,MUNCHEE SUPER CREAM CRACKER 500G,6,7/30/24 8:59,301063,535,3210,Ratnapura
531274,40018,MD MANGO CHUTNEY 400G,2,7/30/24 14:28,301118,775,1550,Kurunegala
531275,40037,MOTHA STRAWBERRY JELLY 100G,5,8/2/24 14:40,301034,145,725,Colombo
531276,40002,DILMAH EARL GREY TEA 50 BAGS,1,8/3/24 17:08,301102,1015,1015,Hambantota
531277,40003,DILMAH GREEN TEA 20 BAGS,10,8/3/24 17:25,301007,655,6550,Colombo
531278,40007,MUNCHEE CHOCOLATE BISCUIT 200G,1,8/4/24 16:27,301147,260,260,Galle
531279,40005,WATAWALA TEA 400G,2,8/5/24 8:04,301043,930,1860,Ratnapura
531280,40071,MA MA NOODLES 5 PACK,5,8/6/24 19:51,301197,475,2375,Jaffna
531281,40083,BOGAWANTALAWA TEA 400G,15,8/11/24 10:22,301205,1075,16125,Anuradhapura
531282,40027,KEELLS CHICKEN SAUSAGES 500G,5,8/11/24 14:44,301010,1135,5675,Kalutara
531283,40007,MUNCHEE CHOCOLATE BISCUIT 200G,1,8/14/24 15:32,301193,260,260,Polonnaruwa
531284,40088,CARGILLS FRESH EGGS (10),2,8/15/24 15:46,301025,415,830,Trincomalee
531285,40063,MILO 400G,3,8/16/24 11:03,301125,930,2790,Kegalle
531286,40036,MAGGI COCONUT MILK POWDER 300G,4,8/16/24 16:40,301009,895,3580,Moneragala
531287,40004,ZESTA TEA 400G,2,8/20/24 15:26,,1250,2500,Colombo
531288,40020,ELEPHANT HOUSE CREAM SODA 1.5L,6,8/21/24 10:10,301062,475,2850,Colombo
531289,40007,MUNCHEE CHOCOLATE BISCUIT 200G,15,8/21/24 19:31,301050,260,3900,Matara
531290,40001,DILMAH CEYLON TEA 500G,1,8/23/24 15:03,301176,1430,1430,Galle
531291,40002,DILMAH EARL GREY TEA 50 BAGS,1,8/23/24 16:10,301109,1015,1015,Colombo
531292,40055,LIFEBUOY SOAP 100G,5,8/24/24 18:58,301026,155,775,Matara
531293,40026,KITHUL TREACLE 750ML,10,8/25/24 19:32,301022,2145,21450,Ratnapura
531294,40023,RATHTHI MILK POWDER 400G,15,8/27/24 17:14,301009,1310,19650,Galle
531295,40053,WIJAYA CHILLI POWDER 250G,6,8/28/24 14:25,301105,535,3210,Colombo
531296,40011,MALIBAN LEMON PUFF 200G,2,8/28/24 16:02,301025,240,480,Nuwara Eliya
531297,40023,RATHTHI MILK POWDER 400G,1,8/29/24 11:10,,1310,1310,Kandy
531298,40009,MUNCHEE TIKIRI MARIE 80G,2,8/29/24 13:36,301169,85,170,Hambantota
531299,40089,KANDOS CHOCOLATE BAR 100G,5,8/29/24 14:57,,300,1500,Polonnaruwa
531300,40012,MALIBAN CREAM CRACKER 500G,4,8/29/24 17:43,301190,500,2000,Galle
531301,40028,BAIRAHA CHICKEN 1KG,4,8/30/24 15:16,301083,1730,6920,Moneragala
531302,40009,MUNCHEE TIKIRI MARIE 80G,10,8/31/24 15:47,301174,85,850,Kurunegala
531303,40054,PEARS BABY POWDER 100G,1,8/31/24 17:49,,300,300,Gampaha
531304,40009,MUNCHEE TIKIRI MARIE 80G,1,9/1/24 11:43,301175,85,85,Kegalle
531305,40024,HIGHLAND MILK 1L,4,9/3/24 9:20,301165,475,1900,Kandy
531306,40084,AKBAR TEA 400G,4,9/3/24 11:22,301156,835,3340,Kandy
531307,40061,VELVET BEAUTY SOAP 100G,3,9/4/24 8:23,301151,180,540,Kalutara
531308,40016,LINK SAMAHAN BOX (100 PACKETS),6,9/4/24 11:05,301104,1790,10740,Colombo
531309,40040,SIGNAL TOOTHPASTE 120G,1,9/4/24 20:11,301064,275,275,Anuradhapura
531310,40001,DILMAH CEYLON TEA 500G,8,9/5/24 10:29,301208,1430,11440,Kegalle
531311,40007,MUNCHEE CHOCOLATE BISCUIT 200G,1,9/7/24 17:43,301084,260,260,Kandy
531312,40043,ASTRA MARGARINE 250G,6,9/9/24 18:48,301199,475,2850,Trincomalee
531313,40009,MUNCHEE TIKIRI MARIE 80G,4,9/9/24 20:43,,85,340,Colombo
531314,40071,MA MA NOODLES 5 PACK,4,9/12/24 10:21,301181,475,1900,Jaffna
531315,40014,SPA CEYLON HAND CREAM,6,9/13/24 16:19,301167,2625,15750,Colombo
531316,40001,DILMAH CEYLON TEA 500G,2,9/15/24 10:09,301038,1430,2860,Galle
531317,40092,ARALIYA COCONUT MILK POWDER 300G,6,9/17/24 11:03,,835,5010,Gampaha
531318,40084,AKBAR TEA 400G,5,9/17/24 13:43,301076,835,4175,Kalutara
531319,40008,MUNCHEE LEMON PUFF 200G,4,9/19/24 17:13,,240,960,Batticaloa
531320,40004,ZESTA TEA 400G,1,9/20/24 9:49,301058,1250,1250,Vavuniya
531321,40091,USWATTE SPICES MIXED CURRY POWDER 100G,2,9/20/24 18:33,301092,260,520,Gampaha
531322,40013,SPA CEYLON SLEEP BODY LOTION,2,9/21/24 17:19,301013,4175,8350,Moneragala
531323,40005,WATAWALA TEA 400G,2,9/22/24 12:56,,930,1860,Vavuniya
531324,40037,MOTHA STRAWBERRY JELLY 100G,8,9/22/24 13:04,,145,1160,Galle
531325,40063,MILO 400G,5,9/23/24 10:57,301121,930,4650,Jaffna
531326,40003,DILMAH GREEN TEA 20 BAGS,5,9/28/24 9:14,301045,655,3275,Kalutara
531327,40003,DILMAH GREEN TEA 20 BAGS,8,9/29/24 9:55,,655,5240,Gampaha
531328,40020,ELEPHANT HOUSE CREAM SODA 1.5L,8,9/30/24 12:04,301122,475,3800,Colombo
531329,40001,DILMAH CEYLON TEA 500G,3,10/1/24 14:32,301101,1430,4290,Ratnapura
531330,40068,CLOSE UP TOOTHPASTE 120G,4,10/2/24 13:52,301157,280,1120,Kegalle
531331,40006,MUNCHEE SUPER CREAM CRACKER 500G,10,10/4/24 18:45,,535,5350,Kandy
531332,40005,WATAWALA TEA 400G,3,10/5/24 9:57,301003,930,2790,Matara
531333,40040,SIGNAL TOOTHPASTE 120G,3,10/5/24 11:41,301010,275,825,Trincomalee
531334,40065,FAIR & LOVELY CREAM 50G,8,10/8/24 8:44,301001,380,3040,Colombo
531335,40037,MOTHA STRAWBERRY JELLY 100G,5,10/8/24 9:07,301152,145,725,Ampara
531336,40018,MD MANGO CHUTNEY 400G,1,10/8/24 20:14,301168,775,775,Gampaha
531337,40018,MD MANGO CHUTNEY 400G,1,10/9/24 12:40,301027,775,775,Gampaha
531338,40025,KOTMALE FRESH MILK 1L,5,10/14/24 14:47,301041,535,2675,Matara
531339,40092,ARALIYA COCONUT MILK POWDER 300G,3,10/15/24 8:58,301117,835,2505,Kurunegala
531340,40015,SIDDHALEPA BALM 50G,2,10/15/24 17:33,301085,300,600,Colombo
531341,40012,MALIBAN CREAM CRACKER 500G,6,10/18/24 10:24,301018,500,3000,Anuradhapura
531342,40069,ANCHOR BUTTER 200G,2,10/18/24 20:32,301007,930,1860,Galle
531343,40033,HARISCHANDRA NOODLES 400G,4,10/22/24 12:02,301106,300,1200,Colombo
531344,40001,DILMAH CEYLON TEA 500G,2,10/22/24 15:54,301059,1430,2860,Puttalam
531345,40024,HIGHLAND MILK 1L,5,10/24/24 15:10,301123,475,2375,Puttalam
531346,40032,PRIMA STELLA NOODLES 400G,2,10/25/24 18:12,301045,335,670,Matara
531347,40017,MD MIXED FRUIT JAM 500G,3,10/27/24 16:27,301140,775,2325,Galle
531348,40084,AKBAR TEA 400G,2,10/28/24 10:39,301062,835,1670,Galle
531349,40001,DILMAH CEYLON TEA 500G,1,10/29/24 10:15,301084,1430,1430,Kandy
531350,40023,RATHTHI MILK POWDER 400G,2,10/29/24 18:54,301019,1310,2620,Puttalam
531351,40017,MD MIXED FRUIT JAM 500G,6,10/29/24 20:03,301026,775,4650,Matara
531352,40083,BOGAWANTALAWA TEA 400G,1,11/1/24 8:16,301054,1075,1075,Kalutara
531353,40039,CLOGARD TOOTHPASTE 120G,5,11/2/24 12:24,301028,260,1300,Colombo
531354,40019,ELEPHANT HOUSE GINGER BEER 1.5L,1,11/2/24 14:26,301172,475,475,Kalutara
531355,40083,BOGAWANTALAWA TEA 400G,1,11/3/24 12:06,301038,1075,1075,Kandy
531356,40038,MOTHA FALUDA MIX 100G,4,11/4/24 8:36,301121,240,960,Kurunegala
531357,40069,ANCHOR BUTTER 200G,3,11/4/24 12:02,301002,930,2790,Kegalle
531358,40010,MALIBAN MARIE BISCUITS 400G,8,11/5/24 9:00,301028,415,3320,Gampaha
531359,40041,BABY CHERAMY SOAP 90G,6,11/5/24 18:44,301101,165,990,Moneragala
531360,40005,WATAWALA TEA 400G,2,11/6/24 17:28,301202,930,1860,Galle
531361,40028,BAIRAHA CHICKEN 1KG,3,11/7/24 10:42,301027,1730,5190,Kurunegala
531362,40023,RATHTHI MILK POWDER 400G,1,11/9/24 18:14,301041,1310,1310,Ampara
531363,40004,ZESTA TEA 400G,2,11/11/24 19:25,301117,1250,2500,Jaffna
531364,40010,MALIBAN MARIE BISCUITS 400G,12,11/14/24 20:08,301038,415,4980,Badulla
531365,40012,MALIBAN CREAM CRACKER 500G,2,11/15/24 11:29,301166,500,1000,Galle
531366,40001,DILMAH CEYLON TEA 500G,12,11/15/24 12:21,301218,1430,17160,Colombo
531367,40014,SPA CEYLON HAND CREAM,3,11/15/24 17:20,301025,2625,7875,Nuwara Eliya
531368,40014,SPA CEYLON HAND CREAM,2,11/15/24 18:15,301001,2625,5250,Gampaha
531369,40048,EDINBOROUGH SOY SAUCE 400ML,3,11/15/24 19:27,,415,1245,Kurunegala
531370,40003,DILMAH GREEN TEA 20 BAGS,5,11/16/24 11:39,301036,655,3275,Colombo
531371,40053,WIJAYA CHILLI POWDER 250G,2,11/16/24 18:12,301019,535,1070,Galle
531372,40074,ARALIYA WHITE RICE 5KG,2,11/20/24 17:00,301154,1730,3460,Kalutara
531373,40084,AKBAR TEA 400G,2,11/21/24 11:34,,835,1670,Kandy
531374,40002,DILMAH EARL GREY TEA 50 BAGS,4,11/22/24 19:55,301128,1015,4060,Kandy
531375,40025,KOTMALE FRESH MILK 1L,4,11/23/24 14:30,,535,2140,Kalutara
531376,40003,DILMAH GREEN TEA 20 BAGS,10,11/23/24 19:39,301025,655,6550,Kandy
531377,40083,BOGAWANTALAWA TEA 400G,4,11/24/24 10:25,301059,1075,4300,Jaffna
531378,40002,DILMAH EARL GREY TEA 50 BAGS,6,11/24/24 18:38,301033,1015,6090,Kurunegala
531379,40050,RANCRISP CASHEWS 50G,5,11/24/24 18:45,,415,2075,Kandy
531380,40029,KIST TOMATO KETCHUP 400G,8,11/25/24 11:19,301109,535,4280,Badulla
531381,40030,KIST MIXED FRUIT NECTAR 1L,6,11/26/24 13:24,301060,655,3930,Colombo
531382,40088,CARGILLS FRESH EGGS (10),2,11/27/24 14:06,301037,415,830,Galle
531383,40048,EDINBOROUGH SOY SAUCE 400ML,1,11/27/24 19:10,301014,415,415,Kegalle
531384,40042,MARINA COCONUT OIL 1L,2,11/28/24 11:50,301061,1135,2270,Moneragala
531385,40005,WATAWALA TEA 400G,2,11/29/24 16:48,301061,930,1860,Colombo
531386,40022,ANCHOR MILK POWDER 400G,20,12/2/24 14:59,301101,1370,27400,Kalutara
531387,40062,NESTOMALT 400G,3,12/3/24 9:48,301131,740,2220,Gampaha
531388,40049,ROZA PASTA MACARONI 400G,2,12/4/24 15:39,,360,720,Batticaloa
531389,40039,CLOGARD TOOTHPASTE 120G,15,12/5/24 9:06,301210,260,3900,Puttalam
531390,40027,KEELLS CHICKEN SAUSAGES 500G,4,12/5/24 11:33,301023,1135,4540,Matara
531391,40002,DILMAH EARL GREY TEA 50 BAGS,1,12/6/24 8:17,301120,1015,1015,Ratnapura
531392,40046,MARMITE 100G,3,12/6/24 20:01,301063,895,2685,Colombo
531393,40051,LANKA SOY CHICKEN FLAVOUR 90G,1,12/8/24 16:53,301156,145,145,Badulla
531394,40003,DILMAH GREEN TEA 20 BAGS,2,12/8/24 18:21,301201,655,1310,Kalutara
531395,40082,NECTO 1.5L,3,12/8/24 19:01,301214,415,1245,Mullaitivu
531396,40029,KIST TOMATO KETCHUP 400G,1,12/11/24 18:35,301043,535,535,Jaffna
531397,40060,SUNLIGHT SOAP 115G,2,12/13/24 12:21,301096,145,290,Kurunegala
531398,40080,COCA-COLA 1.5L,3,12/13/24 12:42,301067,415,1245,Kandy
531399,40082,NECTO 1.5L,2,12/13/24 15:46,301151,415,830,Jaffna
531400,40038,MOTHA FALUDA MIX 100G,1,12/13/24 20:53,301012,240,240,Jaffna
531401,40018,MD MANGO CHUTNEY 400G,15,12/14/24 15:28,301191,775,11625,Trincomalee
531402,40021,ELEPHANT HOUSE VANILLA ICE CREAM 1L,2,12/17/24 10:22,301010,955,1910,Colombo
531403,40001,DILMAH CEYLON TEA 500G,3,12/18/24 20:48,,1430,4290,Galle
531404,40080,COCA-COLA 1.5L,1,12/19/24 8:36,301047,415,415,Hambantota
531405,40014,SPA CEYLON HAND CREAM,4,12/19/24 16:04,301053,2625,10500,Kurunegala
531406,40058,DIVA WASHING POWDER 1KG,6,12/19/24 20:40,301025,775,4650,Kegalle
531407,40049,ROZA PASTA MACARONI 400G,4,12/21/24 20:49,301051,360,1440,Kegalle
531408,40019,ELEPHANT HOUSE GINGER BEER 1.5L,15,12/23/24 11:44,301004,475,7125,Batticaloa
531409,40028,BAIRAHA CHICKEN 1KG,3,12/23/24 15:12,301008,1730,5190,Kegalle
531410,40032,PRIMA STELLA NOODLES 400G,2,12/24/24 8:01,301099,335,670,Mannar
531411,40055,LIFEBUOY SOAP 100G,4,12/24/24 16:39,301041,155,620,Kalutara
531412,40058,DIVA WASHING POWDER 1KG,6,12/25/24 8:04,301107,775,4650,Kandy
531413,40003,DILMAH GREEN TEA 20 BAGS,1,12/25/24 15:40,301076,655,655,Gampaha
531414,40001,DILMAH CEYLON TEA 500G,4,12/26/24 20:25,,1430,5720,Colombo
531415,40014,SPA CEYLON HAND CREAM,6,12/27/24 8:40,301054,2625,15750,Vavuniya
531416,40004,ZESTA TEA 400G,3,12/27/24 13:31,301007,1250,3750,Gampaha
531417,40007,MUNCHEE CHOCOLATE BISCUIT 200G,3,12/27/24 15:24,301120,260,780,Puttalam
531418,40064,HORLICKS 500G,1,12/28/24 9:15,301015,1135,1135,Kandy
531419,40013,SPA CEYLON SLEEP BODY LOTION,15,12/28/24 18:55,301007,4175,62625,Kurunegala
531420,40001,DILMAH CEYLON TEA 500G,1,12/29/24 12:23,301006,1430,1430,Batticaloa
531421,40012,MALIBAN CREAM CRACKER 500G,15,12/29/24 13:34,,500,7500,Kegalle
531422,40083,BOGAWANTALAWA TEA 400G,5,12/31/24 8:24,301143,1075,5375,Colombo
531423,40006,MUNCHEE SUPER CREAM CRACKER 500G,1,12/31/24 8:44,301043,535,535,Ratnapura
531424,40053,WIJAYA CHILLI POWDER 250G,6,12/31/24 14:53,301011,535,3210,Gampaha
531425,40069,ANCHOR BUTTER 200G,2,12/31/24 19:32,301180,930,1860,Colombo
531426,40091,USWATTE SPICES MIXED CURRY POWDER 100G,12,1/1/25 15:07,301013,275,3300,Galle
531427,40004,ZESTA TEA 400G,6,1/2/25 18:44,301040,1310,7860,Ratnapura
531428,40004,ZESTA TEA 400G,1,1/3/25 18:32,301153,1310,1310,Galle
531429,40075,RANMUTHU RICE 5KG,2,1/3/25 19:28,301199,1870,3740,Batticaloa
531430,40017,MD MIXED FRUIT JAM 500G,2,1/4/25 15:20,301092,810,1620,Gampaha
531431,40002,DILMAH EARL GREY TEA 50 BAGS,1,1/5/25 13:48,301005,1060,1060,Jaffna
531432,40001,DILMAH CEYLON TEA 500G,2,1/6/25 11:42,,1495,2990,Colombo
531433,40005,WATAWALA TEA 400G,4,1/7/25 8:13,301038,970,3880,Kalutara
531434,40052,WIJAYA ROASTED CURRY POWDER 250G,8,1/8/25 19:33,,500,4000,Vavuniya
531435,40002,DILMAH EARL GREY TEA 50 BAGS,4,1/9/25 15:59,,1060,4240,Trincomalee
531436,40039,CLOGARD TOOTHPASTE 120G,10,1/9/25 18:02,301152,275,2750,Hambantota
531437,40003,DILMAH GREEN TEA 20 BAGS,3,1/10/25 17:23,301122,685,2055,Kurunegala
531438,40034,HARISCHANDRA COFFEE 100G,2,1/11/25 17:20,,475,950,Colombo
531439,40001,DILMAH CEYLON TEA 500G,6,1/12/25 8:42,301012,1495,8970,Galle
531440,40010,MALIBAN MARIE BISCUITS 400G,3,1/13/25 16:36,,435,1305,Kegalle
531441,40006,MUNCHEE SUPER CREAM CRACKER 500G,1,1/14/25 20:08,,560,560,Batticaloa
531442,40023,RATHTHI MILK POWDER 400G,4,1/15/25 10:06,301127,1370,5480,Kalutara
531443,40001,DILMAH CEYLON TEA 500G,5,1/15/25 16:48,,1495,7475,Jaffna
531444,40002,DILMAH EARL GREY TEA 50 BAGS,8,1/16/25 14:35,301073,1060,8480,Batticaloa
531445,40016,LINK SAMAHAN BOX (100 PACKETS),2,1/17/25 18:40,301144,1870,3740,Polonnaruwa
531446,40045,PANADOL 100 TABLETS,2,1/18/25 8:40,301169,560,1120,Moneragala
531447,40020,ELEPHANT HOUSE CREAM SODA 1.5L,1,1/18/25 20:30,301107,500,500,Gampaha
531448,40033,HARISCHANDRA NOODLES 400G,1,1/20/25 13:27,,310,310,Badulla
531449,40018,MD MANGO CHUTNEY 400G,4,1/20/25 13:50,301141,810,3240,Colombo
531450,40080,COCA-COLA 1.5L,1,1/21/25 10:18,301118,435,435,Ratnapura
531451,40086,FITS COOKING OIL 1L,4,1/23/25 13:09,301120,1370,5480,Gampaha
531452,40087,CARGILLS MAGIC SAUSAGES 400G,1,1/25/25 9:49,301161,970,970,Ampara
531453,40007,MUNCHEE CHOCOLATE BISCUIT 200G,5,1/26/25 8:45,,275,1375,Colombo
531454,40061,VELVET BEAUTY SOAP 100G,1,1/26/25 11:30,301007,185,185,Kegalle
531455,40008,MUNCHEE LEMON PUFF 200G,4,1/26/25 14:42,301155,250,1000,Gampaha
531456,40013,SPA CEYLON SLEEP BODY LOTION,4,1/28/25 11:20,301065,4360,17440,Colombo
531457,40019,ELEPHANT HOUSE GINGER BEER 1.5L,20,1/28/25 19:17,,500,10000,Kurunegala
531458,40065,FAIR & LOVELY CREAM 50G,6,1/29/25 13:44,301169,400,2400,Jaffna
531459,40010,MALIBAN MARIE BISCUITS 400G,2,1/29/25 16:43,301028,435,870,Puttalam
531460,40029,KIST TOMATO KETCHUP 400G,10,1/30/25 12:36,301093,560,5600,Colombo
531461,40012,MALIBAN CREAM CRACKER 500G,2,1/31/25 20:08,301093,525,1050,Puttalam
531462,40049,ROZA PASTA MACARONI 400G,2,2/1/25 19:27,301144,375,750,Gampaha
531463,40015,SIDDHALEPA BALM 50G,5,2/3/25 12:35,301099,310,1550,Badulla
531464,40007,MUNCHEE CHOCOLATE BISCUIT 200G,4,2/3/25 20:53,301032,275,1100,Gampaha
531465,40007,MUNCHEE CHOCOLATE BISCUIT 200G,1,2/4/25 20:59,301024,275,275,Kurunegala
531466,40013,SPA CEYLON SLEEP BODY LOTION,2,2/6/25 12:28,301148,4360,8720,Anuradhapura
531467,40012,MALIBAN CREAM CRACKER 500G,8,2/6/25 15:36,301004,525,4200,Kurunegala
531468,40012,MALIBAN CREAM CRACKER 500G,6,2/7/25 17:17,301053,525,3150,Gampaha
531469,40037,MOTHA STRAWBERRY JELLY 100G,4,2/7/25 20:21,301067,150,600,Kalutara
531470,40028,BAIRAHA CHICKEN 1KG,2,2/8/25 19:39,,1805,3610,Jaffna
C531471,40053,WIJAYA CHILLI POWDER 250G,-6,2/8/25 20:36,301014,560,-3360,Matara
531472,40041,BABY CHERAMY SOAP 90G,2,2/10/25 9:12,301009,175,350,Trincomalee
531473,40075,RANMUTHU RICE 5KG,4,2/10/25 18:25,301208,1870,7480,Colombo
531474,40001,DILMAH CEYLON TEA 500G,4,2/11/25 14:04,301109,1495,5980,Gampaha
531475,40001,DILMAH CEYLON TEA 500G,2,2/11/25 17:01,301142,1495,2990,Kalutara
531476,40014,SPA CEYLON HAND CREAM,1,2/11/25 19:40,301009,2740,2740,Gampaha
531477,40003,DILMAH GREEN TEA 20 BAGS,2,2/12/25 17:50,,685,1370,Gampaha
531478,40021,ELEPHANT HOUSE VANILLA ICE CREAM 1L,2,2/13/25 10:43,301031,995,1990,Ratnapura
531479,40063,MILO 400G,3,2/14/25 11:43,301077,970,2910,Hambantota
531480,40012,MALIBAN CREAM CRACKER 500G,6,2/16/25 13:57,301100,525,3150,Ratnapura
531481,40003,DILMAH GREEN TEA 20 BAGS,2,2/16/25 15:17,301137,685,1370,Kandy
531482,40029,KIST TOMATO KETCHUP 400G,4,2/16/25 18:54,301133,560,2240,Kurunegala
531483,40009,MUNCHEE TIKIRI MARIE 80G,4,2/16/25 19:31,301146,85,340,Matale
531484,40070,NESPRAY MILK POWDER 400G,3,2/19/25 11:03,301066,1470,4410,Colombo
531485,40037,MOTHA STRAWBERRY JELLY 100G,1,2/20/25 13:50,301181,150,150,Kalutara
531486,40004,ZESTA TEA 400G,1,2/24/25 9:59,301065,1310,1310,Kandy
531487,40002,DILMAH EARL GREY TEA 50 BAGS,4,2/25/25 14:38,,1060,4240,Kandy
531488,40053,WIJAYA CHILLI POWDER 250G,8,2/25/25 16:01,301091,560,4480,Jaffna
531489,40089,KANDOS CHOCOLATE BAR 100G,10,2/26/25 9:07,301001,310,3100,Badulla
531490,40001,DILMAH CEYLON TEA 500G,4,2/27/25 9:47,301018,1495,5980,Anuradhapura
531491,40026,KITHUL TREACLE 750ML,3,3/2/25 10:56,,2245,6735,Kurunegala
531492,40007,MUNCHEE CHOCOLATE BISCUIT 200G,2,3/3/25 9:52,301207,275,550,Colombo
531493,40009,MUNCHEE TIKIRI MARIE 80G,1,3/3/25 15:40,301039,85,85,Hambantota
531494,40001,DILMAH CEYLON TEA 500G,3,3/4/25 9:58,301042,1495,4485,Kegalle
531495,40005,WATAWALA TEA 400G,4,3/5/25 12:39,301211,970,3880,Jaffna
531496,40005,WATAWALA TEA 400G,5,3/6/25 12:43,301080,970,4850,Matale
C531497,40001,DILMAH CEYLON TEA 500G,-1,3/7/25 8:14,301192,1495,-1495,Colombo
531498,40087,CARGILLS MAGIC SAUSAGES 400G,8,3/7/25 15:22,301201,970,7760,Badulla
531499,40031,PRIMA KOTTU MEE CUP,3,3/7/25 15:47,301005,185,555,Ratnapura
531500,40008,MUNCHEE LEMON PUFF 200G,10,3/7/25 17:44,301044,250,2500,Badulla
531501,40072,FUN FOODS MAYONNAISE 250G,3,3/9/25 10:57,301078,610,1830,Badulla
531502,40002,DILMAH EARL GREY TEA 50 BAGS,5,3/9/25 12:12,301038,1060,5300,Polonnaruwa
531503,40014,SPA CEYLON HAND CREAM,3,3/10/25 17:26,301118,2740,8220,Matara
531504,40015,SIDDHALEPA BALM 50G,3,3/11/25 10:59,301137,310,930,Galle
531505,40051,LANKA SOY CHICKEN FLAVOUR 90G,8,3/11/25 20:57,,150,1200,Polonnaruwa
531506,40027,KEELLS CHICKEN SAUSAGES 500G,3,3/12/25 20:41,301172,1185,3555,Kalutara
531507,40017,MD MIXED FRUIT JAM 500G,2,3/14/25 14:44,301174,810,1620,Galle
531508,40061,VELVET BEAUTY SOAP 100G,8,3/14/25 18:35,301029,185,1480,Anuradhapura
531509,40002,DILMAH EARL GREY TEA 50 BAGS,6,3/15/25 8:03,,1060,6360,Colombo
531510,40009,MUNCHEE TIKIRI MARIE 80G,1,3/15/25 19:34,301154,85,85,Jaffna
531511,40076,CEYLON COLD STORES YOGHURT 80G,10,3/15/25 19:44,301130,110,1100,Batticaloa
531512,40004,ZESTA TEA 400G,2,3/17/25 12:05,301105,1310,2620,Kurunegala
531513,40077,PILAWOOS FALOODA MIX 200G,2,3/17/25 15:09,301012,435,870,Batticaloa
531514,40013,SPA CEYLON SLEEP BODY LOTION,10,3/18/25 16:32,301061,4360,43600,Kurunegala
531515,40054,PEARS BABY POWDER 100G,4,3/19/25 19:32,301059,310,1240,Mannar
531516,40041,BABY CHERAMY SOAP 90G,4,3/20/25 8:09,301127,175,700,Ratnapura
531517,40002,DILMAH EARL GREY TEA 50 BAGS,5,3/20/25 15:18,301105,1060,5300,Matara
531518,40001,DILMAH CEYLON TEA 500G,5,3/20/25 16:54,,1495,7475,Gampaha
531519,40001,DILMAH CEYLON TEA 500G,2,3/21/25 20:05,301029,1495,2990,Batticaloa
531520,40001,DILMAH CEYLON TEA 500G,1,3/22/25 8:33,301209,1495,1495,Trincomalee
531521,40008,MUNCHEE LEMON PUFF 200G,6,3/23/25 16:03,301174,250,1500,Anuradhapura
531522,40001,DILMAH CEYLON TEA 500G,2,3/24/25 12:44,301011,1495,2990,Matara
531523,40002,DILMAH EARL GREY TEA 50 BAGS,3,3/24/25 20:42,301061,1060,3180,Gampaha
531524,40033,HARISCHANDRA NOODLES 400G,8,3/26/25 13:38,301126,310,2480,Colombo
C531525,40032,PRIMA STELLA NOODLES 400G,-4,3/27/25 11:28,301088,350,-1400,Matara
531526,40048,EDINBOROUGH SOY SAUCE 400ML,5,3/29/25 14:19,301091,435,2175,Galle
531527,40003,DILMAH GREEN TEA 20 BAGS,1,3/30/25 16:29,301055,685,685,Matale
531528,40001,DILMAH CEYLON TEA 500G,5,3/31/25 18:48,301197,1495,7475,Kalutara
531529,40058,DIVA WASHING POWDER 1KG,5,4/1/25 9:48,301090,810,4050,Badulla
531530,40003,DILMAH GREEN TEA 20 BAGS,2,4/3/25 18:44,301023,685,1370,Gampaha
531531,40082,NECTO 1.5L,8,4/4/25 13:16,301013,435,3480,Kandy
531532,40074,ARALIYA WHITE RICE 5KG,6,4/6/25 10:43,301031,1805,10830,Kegalle
531533,40009,MUNCHEE TIKIRI MARIE 80G,3,4/8/25 17:45,301013,85,255,Kalutara
531534,40011,MALIBAN LEMON PUFF 200G,3,4/9/25 16:10,301128,250,750,Matara
531535,40003,DILMAH GREEN TEA 20 BAGS,4,4/10/25 19:29,301036,685,2740,Gampaha
531536,40041,BABY CHERAMY SOAP 90G,2,4/11/25 16:16,,175,350,Gampaha
531537,40058,DIVA WASHING POWDER 1KG,2,4/12/25 9:14,301015,810,1620,Galle
531538,40013,SPA CEYLON SLEEP BODY LOTION,3,4/12/25 17:25,301013,4360,13080,Galle
531539,40083,BOGAWANTALAWA TEA 400G,1,4/12/25 18:10,301035,1120,1120,Vavuniya
531540,40007,MUNCHEE CHOCOLATE BISCUIT 200G,3,4/14/25 18:19,301195,275,825,Trincomalee
531541,40035,CBL SAMAPOSHA 200G,4,4/16/25 9:37,301199,225,900,Gampaha
531542,40012,MALIBAN CREAM CRACKER 500G,2,4/16/25 10:54,301048,525,1050,Vavuniya
531543,40036,MAGGI COCONUT MILK POWDER 300G,2,4/16/25 15:18,301049,935,1870,Gampaha
531544,40040,SIGNAL TOOTHPASTE 120G,4,4/17/25 10:55,301057,285,1140,Moneragala
531545,40027,KEELLS CHICKEN SAUSAGES 500G,1,4/17/25 18:07,301164,1185,1185,Colombo
531546,40074,ARALIYA WHITE RICE 5KG,2,4/18/25 13:57,301013,1805,3610,Ampara
531547,40047,PELWATTE BUTTER 200G,3,4/19/25 8:24,,935,2805,Gampaha
531548,40067,COLGATE TOOTHPASTE 120G,12,4/20/25 9:18,301038,300,3600,Gampaha
531549,40037,MOTHA STRAWBERRY JELLY 100G,3,4/21/25 17:29,301071,150,450,Matara
531550,40031,PRIMA KOTTU MEE CUP,1,4/22/25 12:53,301221,185,185,Puttalam
531551,40013,SPA CEYLON SLEEP BODY LOTION,2,4/25/25 10:14,301021,4360,8720,Polonnaruwa
531552,40001,DILMAH CEYLON TEA 500G,12,4/27/25 18:14,301135,1495,17940,Colombo
531553,40072,FUN FOODS MAYONNAISE 250G,5,4/28/25 8:10,301030,610,3050,Trincomalee
531554,40008,MUNCHEE LEMON PUFF 200G,8,4/28/25 8:55,301004,250,2000,Colombo
531555,40002,DILMAH EARL GREY TEA 50 BAGS,8,4/29/25 11:10,301106,1060,8480,Moneragala
531556,40053,WIJAYA CHILLI POWDER 250G,3,4/29/25 11:41,301199,560,1680,Gampaha
531557,40080,COCA-COLA 1.5L,2,4/29/25 13:10,301022,435,870,Kilinochchi
531558,40031,PRIMA KOTTU MEE CUP,3,4/30/25 19:25,,185,555,Ampara
531559,40034,HARISCHANDRA COFFEE 100G,4,5/1/25 10:11,301034,475,1900,Jaffna
531560,40053,WIJAYA CHILLI POWDER 250G,10,5/1/25 13:38,301126,560,5600,Nuwara Eliya
531561,40026,KITHUL TREACLE 750ML,3,5/3/25 10:01,301062,2245,6735,Kalutara
531562,40007,MUNCHEE CHOCOLATE BISCUIT 200G,5,5/4/25 10:39,301006,275,1375,Jaffna
531563,40064,HORLICKS 500G,4,5/4/25 19:28,,1185,4740,Kalutara
531564,40013,SPA CEYLON SLEEP BODY LOTION,10,5/4/25 19:28,301094,4360,43600,Gampaha
531565,40005,WATAWALA TEA 400G,2,5/4/25 19:33,301043,970,1940,Jaffna
531566,40019,ELEPHANT HOUSE GINGER BEER 1.5L,4,5/5/25 9:45,,500,2000,Colombo
531567,40001,DILMAH CEYLON TEA 500G,5,5/5/25 13:47,301051,1495,7475,Ampara
531568,40039,CLOGARD TOOTHPASTE 120G,1,5/5/25 15:28,301047,275,275,Mannar
531569,40012,MALIBAN CREAM CRACKER 500G,1,5/7/25 18:08,301181,525,525,Vavuniya
531570,40015,SIDDHALEPA BALM 50G,5,5/10/25 8:55,301060,310,1550,Polonnaruwa
531571,40005,WATAWALA TEA 400G,10,5/10/25 15:56,301192,970,9700,Gampaha
531572,40003,DILMAH GREEN TEA 20 BAGS,5,5/12/25 12:24,301082,685,3425,Colombo
531573,40036,MAGGI COCONUT MILK POWDER 300G,5,5/12/25 17:31,301026,935,4675,Colombo
531574,40004,ZESTA TEA 400G,4,5/13/25 8:12,301144,1310,5240,Kandy
531575,40042,MARINA COCONUT OIL 1L,3,5/13/25 11:44,301056,1185,3555,Jaffna
531576,40038,MOTHA FALUDA MIX 100G,2,5/15/25 8:19,301163,250,500,Mullaitivu
531577,40047,PELWATTE BUTTER 200G,4,5/17/25 18:00,301026,935,3740,Gampaha
531578,40010,MALIBAN MARIE BISCUITS 400G,1,5/18/25 10:19,301051,435,435,Anuradhapura
531579,40015,SIDDHALEPA BALM 50G,1,5/20/25 8:21,301106,310,310,Jaffna
531580,40069,ANCHOR BUTTER 200G,4,5/21/25 17:23,301147,970,3880,Colombo
531581,40024,HIGHLAND MILK 1L,1,5/24/25 12:58,301092,500,500,Hambantota
531582,40092,ARALIYA COCONUT MILK POWDER 300G,2,5/25/25 15:01,301038,870,1740,Hambantota
531583,40029,KIST TOMATO KETCHUP 400G,1,5/29/25 18:28,301137,560,560,Polonnaruwa
531584,40062,NESTOMALT 400G,6,5/31/25 12:21,301134,775,4650,Kalutara
531585,40049,ROZA PASTA MACARONI 400G,2,6/2/25 8:05,301029,375,750,Gampaha
531586,40038,MOTHA FALUDA MIX 100G,3,6/3/25 14:09,301054,250,750,Ampara
531587,40021,ELEPHANT HOUSE VANILLA ICE CREAM 1L,5,6/3/25 18:30,301009,995,4975,Kurunegala
531588,40022,ANCHOR MILK POWDER 400G,5,6/4/25 17:27,301160,1435,7175,Vavuniya
531589,40012,MALIBAN CREAM CRACKER 500G,1,6/5/25 20:33,301126,525,525,Kandy
531590,40035,CBL SAMAPOSHA 200G,3,6/6/25 11:04,301109,225,675,Galle
531591,40006,MUNCHEE SUPER CREAM CRACKER 500G,5,6/6/25 18:17,301013,560,2800,Gampaha
531592,40010,MALIBAN MARIE BISCUITS 400G,20,6/6/25 20:57,301028,435,8700,Ratnapura
531593,40018,MD MANGO CHUTNEY 400G,5,6/7/25 20:09,301067,810,4050,Jaffna
531594,40038,MOTHA FALUDA MIX 100G,4,6/8/25 17:57,301016,250,1000,Colombo
531595,40004,ZESTA TEA 400G,3,6/8/25 18:18,301092,1310,3930,Gampaha
531596,40007,MUNCHEE CHOCOLATE BISCUIT 200G,2,6/9/25 9:48,301039,275,550,Kegalle
531597,40047,PELWATTE BUTTER 200G,1,6/12/25 18:21,301027,935,935,Kalutara
531598,40021,ELEPHANT HOUSE VANILLA ICE CREAM 1L,3,6/13/25 13:56,,995,2985,Ampara
531599,40017,MD MIXED FRUIT JAM 500G,2,6/13/25 19:24,,810,1620,Gampaha
531600,40028,BAIRAHA CHICKEN 1KG,10,6/14/25 17:17,301097,1805,18050,Jaffna
531601,40003,DILMAH GREEN TEA 20 BAGS,1,6/15/25 13:26,301102,685,685,Gampaha
531602,40049,ROZA PASTA MACARONI 400G,3,6/16/25 18:06,301070,375,1125,Jaffna
531603,40020,ELEPHANT HOUSE CREAM SODA 1.5L,2,6/17/25 12:58,301104,500,1000,Kurunegala
531604,40018,MD MANGO CHUTNEY 400G,4,6/18/25 9:07,301122,810,3240,Colombo
531605,DELV,COURIER DELIVERY CHARGE,1,6/19/25 17:07,301122,891,891,Ratnapura
531606,40038,MOTHA FALUDA MIX 100G,3,6/21/25 18:47,301103,250,750,Kalutara
531607,40077,PILAWOOS FALOODA MIX 200G,2,6/21/25 19:44,,435,870,Ratnapura
531608,40019,ELEPHANT HOUSE GINGER BEER 1.5L,2,6/22/25 12:46,301082,500,1000,Polonnaruwa
531609,40038,MOTHA FALUDA MIX 100G,1,6/22/25 14:53,301005,250,250,Kalutara
531610,40002,DILMAH EARL GREY TEA 50 BAGS,1,6/24/25 19:15,301011,1060,1060,Batticaloa
531611,40001,DILMAH CEYLON TEA 500G,8,6/26/25 12:44,301004,1495,11960,Moneragala
531612,40056,SUNSILK BLACK SHAMPOO 200ML,3,6/26/25 20:50,301011,685,2055,Jaffna
531613,40028,BAIRAHA CHICKEN 1KG,2,6/27/25 13:58,301005,1805,3610,Ampara
531614,40005,WATAWALA TEA 400G,1,6/27/25 20:16,301023,970,970,Jaffna
531615,40077,PILAWOOS FALOODA MIX 200G,4,6/28/25 15:54,301038,435,1740,Kandy
531616,40054,PEARS BABY POWDER 100G,2,6/30/25 11:57,301001,310,620,Jaffna
531617,40052,WIJAYA ROASTED CURRY POWDER 250G,12,6/30/25 16:34,301002,500,6000,Colombo
531618,40066,PONDS TALCUM POWDER 100G,1,7/3/25 17:20,301173,475,475,Jaffna
531619,40002,DILMAH EARL GREY TEA 50 BAGS,10,7/8/25 18:46,301152,1060,10600,Ratnapura
531620,40024,HIGHLAND MILK 1L,2,7/9/25 13:26,301020,500,1000,Nuwara Eliya
531621,40069,ANCHOR BUTTER 200G,5,7/9/25 15:31,301114,970,4850,Puttalam
531622,40010,MALIBAN MARIE BISCUITS 400G,5,7/9/25 18:15,301031,435,2175,Colombo
531623,40016,LINK SAMAHAN BOX (100 PACKETS),2,7/11/25 18:31,,1870,3740,Polonnaruwa
531624,40016,LINK SAMAHAN BOX (100 PACKETS),5,7/12/25 8:21,301115,1870,9350,Kurunegala
531625,40037,MOTHA STRAWBERRY JELLY 100G,1,7/12/25 12:13,301049,150,150,Kurunegala
531626,40004,ZESTA TEA 400G,1,7/13/25 15:23,301133,1310,1310,Colombo
531627,40058,DIVA WASHING POWDER 1KG,6,7/14/25 9:47,301216,810,4860,Batticaloa
531628,40010,MALIBAN MARIE BISCUITS 400G,1,7/16/25 10:55,301045,435,435,Kegalle
531629,40038,MOTHA FALUDA MIX 100G,10,7/16/25 10:56,301074,250,2500,Puttalam
531630,40012,MALIBAN CREAM CRACKER 500G,8,7/17/25 17:17,301173,525,4200,Gampaha
531631,40084,AKBAR TEA 400G,3,7/19/25 10:39,301106,870,2610,Kegalle
531632,40002,DILMAH EARL GREY TEA 50 BAGS,2,7/20/25 9:46,301064,1060,2120,Ratnapura
531633,40066,PONDS TALCUM POWDER 100G,2,7/20/25 13:11,,475,950,Kalutara
531634,40046,MARMITE 100G,1,7/20/25 19:05,,935,935,Batticaloa
531635,40059,SURF EXCEL 1KG,4,7/21/25 17:44,301063,1060,4240,Matara
531636,40003,DILMAH GREEN TEA 20 BAGS,3,7/21/25 19:55,301070,685,2055,Kandy
531637,40092,ARALIYA COCONUT MILK POWDER 300G,2,7/23/25 17:37,301160,870,1740,Ampara
531638,40057,VIM DISHWASH LIQUID 500ML,3,7/25/25 8:17,301181,560,1680,Ratnapura
531639,40017,MD MIXED FRUIT JAM 500G,1,7/25/25 13:51,301083,810,810,Mullaitivu
531640,40086,FITS COOKING OIL 1L,3,7/26/25 9:31,301056,1370,4110,Ampara
531641,40026,KITHUL TREACLE 750ML,3,7/26/25 20:22,301083,2245,6735,Gampaha
531642,40003,DILMAH GREEN TEA 20 BAGS,1,7/27/25 11:40,301098,685,685,Batticaloa
531643,40020,ELEPHANT HOUSE CREAM SODA 1.5L,4,7/27/25 13:59,301092,500,2000,Kandy
531644,40032,PRIMA STELLA NOODLES 400G,1,7/30/25 10:45,,350,350,Badulla
531645,40048,EDINBOROUGH SOY SAUCE 400ML,3,7/30/25 11:26,,435,1305,Kandy
531646,40058,DIVA WASHING POWDER 1KG,2,7/30/25 11:34,301217,810,1620,Kandy
531647,40007,MUNCHEE CHOCOLATE BISCUIT 200G,1,7/31/25 10:15,301016,275,275,Jaffna
531648,40048,EDINBOROUGH SOY SAUCE 400ML,1,7/31/25 18:39,301001,435,435,Kandy
531649,40003,DILMAH GREEN TEA 20 BAGS,4,8/1/25 15:58,301034,685,2740,Galle
531650,40009,MUNCHEE TIKIRI MARIE 80G,4,8/3/25 15:03,,85,340,Matale
531651,40045,PANADOL 100 TABLETS,1,8/5/25 8:20,301110,560,560,Gampaha
531652,40091,USWATTE SPICES MIXED CURRY POWDER 100G,3,8/5/25 17:48,301214,275,825,Gampaha
531653,40002,DILMAH EARL GREY TEA 50 BAGS,2,8/5/25 19:39,301106,1060,2120,Kandy
531654,40005,WATAWALA TEA 400G,10,8/6/25 13:12,301187,970,9700,Kilinochchi
531655,40092,ARALIYA COCONUT MILK POWDER 300G,8,8/9/25 11:20,301153,870,6960,Kandy
531656,40073,DELMEGE BASMATI RICE 5KG,3,8/9/25 18:38,301203,2615,7845,Jaffna
531657,40033,HARISCHANDRA NOODLES 400G,2,8/10/25 19:51,301166,310,620,Moneragala
531658,40034,HARISCHANDRA COFFEE 100G,4,8/11/25 15:40,,475,1900,Matara
531659,40088,CARGILLS FRESH EGGS (10),3,8/11/25 20:25,301066,435,1305,Colombo
531660,40021,ELEPHANT HOUSE VANILLA ICE CREAM 1L,6,8/14/25 20:21,301219,995,5970,Jaffna
531661,40003,DILMAH GREEN TEA 20 BAGS,2,8/15/25 18:56,301006,685,1370,Hambantota
531662,40013,SPA CEYLON SLEEP BODY LOTION,6,8/20/25 10:00,301005,4360,26160,Colombo
531663,40021,ELEPHANT HOUSE VANILLA ICE CREAM 1L,2,8/21/25 19:26,,995,1990,Kegalle
531664,40001,DILMAH CEYLON TEA 500G,1,8/23/25 8:39,301113,1495,1495,Ampara
531665,40030,KIST MIXED FRUIT NECTAR 1L,1,8/23/25 19:32,301125,685,685,Kalutara
531666,40049,ROZA PASTA MACARONI 400G,6,8/25/25 11:44,301123,375,2250,Kalutara
531667,40001,DILMAH CEYLON TEA 500G,8,8/25/25 11:44,301114,1495,11960,Jaffna
531668,40001,DILMAH CEYLON TEA 500G,1,8/26/25 18:43,301040,1495,1495,Gampaha
531669,40083,BOGAWANTALAWA TEA 400G,1,8/28/25 14:28,301095,1120,1120,Colombo
531670,40001,DILMAH CEYLON TEA 500G,3,8/28/25 16:49,301032,1495,4485,Vavuniya
531671,40058,DIVA WASHING POWDER 1KG,1,8/28/25 19:59,301060,810,810,Nuwara Eliya
531672,40045,PANADOL 100 TABLETS,5,8/30/25 9:53,301078,560,2800,Gampaha
531673,40078,SOFTLOGIC COCONUT MILK 400ML,6,8/30/25 16:13,301208,400,2400,Ratnapura
531674,40002,DILMAH EARL GREY TEA 50 BAGS,5,9/2/25 10:19,301206,1060,5300,Ampara
531675,40068,CLOSE UP TOOTHPASTE 120G,5,9/2/25 11:22,301088,295,1475,Gampaha
531676,40059,SURF EXCEL 1KG,2,9/2/25 20:39,301046,1060,2120,Kegalle
531677,40001,DILMAH CEYLON TEA 500G,2,9/4/25 14:26,301072,1495,2990,Gampaha
531678,40043,ASTRA MARGARINE 250G,1,9/6/25 14:14,301202,500,500,Kalutara
531679,40021,ELEPHANT HOUSE VANILLA ICE CREAM 1L,1,9/7/25 8:41,301072,995,995,Colombo
531680,40002,DILMAH EARL GREY TEA 50 BAGS,2,9/8/25 8:49,,1060,2120,Badulla
531681,40060,SUNLIGHT SOAP 115G,8,9/9/25 9:08,301077,150,1200,Kegalle
531682,40007,MUNCHEE CHOCOLATE BISCUIT 200G,2,9/9/25 14:03,301207,275,550,Kalutara
531683,40004,ZESTA TEA 400G,2,9/9/25 17:11,301137,1310,2620,Colombo
531684,40018,MD MANGO CHUTNEY 400G,1,9/10/25 8:22,301013,810,810,Kalutara
531685,40070,NESPRAY MILK POWDER 400G,5,9/11/25 9:43,301045,1470,7350,Gampaha
531686,40039,CLOGARD TOOTHPASTE 120G,1,9/13/25 20:16,301131,275,275,Moneragala
531687,40032,PRIMA STELLA NOODLES 400G,1,9/14/25 12:37,,350,350,Kandy
531688,40043,ASTRA MARGARINE 250G,8,9/15/25 14:00,301206,500,4000,Kandy
531689,40008,MUNCHEE LEMON PUFF 200G,6,9/16/25 10:51,301176,250,1500,Ratnapura
531690,40001,DILMAH CEYLON TEA 500G,3,9/18/25 11:14,301166,1495,4485,Kegalle
531691,40056,SUNSILK BLACK SHAMPOO 200ML,1,9/18/25 13:31,301169,685,685,Kandy
531692,40038,MOTHA FALUDA MIX 100G,2,9/18/25 19:47,,250,500,Anuradhapura
531693,40034,HARISCHANDRA COFFEE 100G,2,9/21/25 17:48,301026,475,950,Colombo
531694,40038,MOTHA FALUDA MIX 100G,5,9/21/25 20:21,301112,250,1250,Jaffna
531695,40031,PRIMA KOTTU MEE CUP,3,9/22/25 18:41,301005,185,555,Kandy
531696,40084,AKBAR TEA 400G,10,9/23/25 10:08,301186,870,8700,Gampaha
531697,40015,SIDDHALEPA BALM 50G,1,9/24/25 13:53,301082,310,310,Ratnapura
531698,40001,DILMAH CEYLON TEA 500G,1,9/25/25 9:02,301097,1495,1495,Galle
531699,40001,DILMAH CEYLON TEA 500G,4,9/25/25 15:28,301073,1495,5980,Kurunegala
531700,DELV,COURIER DELIVERY CHARGE,15,9/26/25 18:31,301168,891,13365,Kurunegala
531701,40013,SPA CEYLON SLEEP BODY LOTION,1,9/27/25 14:41,301198,4360,4360,Kandy
531702,40036,MAGGI COCONUT MILK POWDER 300G,2,9/27/25 17:49,301007,935,1870,Anuradhapura
531703,40024,HIGHLAND MILK 1L,2,9/28/25 20:11,301118,500,1000,Matara
531704,40071,MA MA NOODLES 5 PACK,1,9/29/25 8:58,301063,500,500,Colombo
531705,40012,MALIBAN CREAM CRACKER 500G,2,9/29/25 16:37,301003,525,1050,Galle
531706,40003,DILMAH GREEN TEA 20 BAGS,6,9/30/25 10:13,301001,685,4110,Colombo
531707,40062,NESTOMALT 400G,5,9/30/25 19:43,,775,3875,Hambantota
531708,40034,HARISCHANDRA COFFEE 100G,2,10/2/25 10:06,301070,475,950,Ampara
531709,40014,SPA CEYLON HAND CREAM,6,10/3/25 9:32,301144,2740,16440,Colombo
531710,DELV,COURIER DELIVERY CHARGE,6,10/3/25 17:43,301102,891,5346,Colombo
531711,40023,RATHTHI MILK POWDER 400G,2,10/3/25 18:34,,1370,2740,Kandy
531712,40044,HAPPY COW CHEESE 120G,2,10/4/25 16:19,301030,1060,2120,Galle
531713,40014,SPA CEYLON HAND CREAM,5,10/4/25 19:23,301143,2740,13700,Hambantota
531714,40015,SIDDHALEPA BALM 50G,5,10/4/25 19:37,301165,310,1550,Colombo
531715,40007,MUNCHEE CHOCOLATE BISCUIT 200G,8,10/5/25 12:21,,275,2200,Polonnaruwa
531716,40059,SURF EXCEL 1KG,5,10/7/25 16:18,,1060,5300,Polonnaruwa
531717,40016,LINK SAMAHAN BOX (100 PACKETS),3,10/8/25 10:46,301142,1870,5610,Kurunegala
531718,40002,DILMAH EARL GREY TEA 50 BAGS,15,10/8/25 13:27,301018,1060,15900,Kurunegala
531719,40013,SPA CEYLON SLEEP BODY LOTION,6,10/9/25 9:03,,4360,26160,Matale
531720,40064,HORLICKS 500G,2,10/9/25 15:14,301074,1185,2370,Gampaha
531721,40005,WATAWALA TEA 400G,1,10/10/25 16:22,301001,970,970,Polonnaruwa
531722,40057,VIM DISHWASH LIQUID 500ML,5,10/11/25 12:24,301021,560,2800,Ratnapura
531723,40080,COCA-COLA 1.5L,3,10/13/25 14:11,301017,435,1305,Gampaha
531724,40062,NESTOMALT 400G,3,10/15/25 16:13,301109,775,2325,Colombo
531725,40081,SPRITE 1.5L,2,10/16/25 14:42,301162,435,870,Jaffna
531726,40005,WATAWALA TEA 400G,2,10/17/25 14:40,301010,970,1940,Gampaha
531727,40046,MARMITE 100G,2,10/17/25 20:09,301090,935,1870,Colombo
531728,40005,WATAWALA TEA 400G,3,10/19/25 19:12,301181,970,2910,Gampaha
531729,40044,HAPPY COW CHEESE 120G,3,10/20/25 16:10,301100,1060,3180,Kurunegala
531730,40070,NESPRAY MILK POWDER 400G,8,10/22/25 12:41,301003,1470,11760,Matale
531731,40005,WATAWALA TEA 400G,2,10/22/25 16:00,301162,970,1940,Jaffna
531732,40039,CLOGARD TOOTHPASTE 120G,8,10/23/25 19:36,,275,2200,Ratnapura
531733,40018,MD MANGO CHUTNEY 400G,8,10/26/25 8:31,301056,810,6480,Kurunegala
531734,40006,MUNCHEE SUPER CREAM CRACKER 500G,1,10/26/25 14:26,301012,560,560,Jaffna
531735,40037,MOTHA STRAWBERRY JELLY 100G,2,10/27/25 10:12,,150,300,Kalutara
531736,40002,DILMAH EARL GREY TEA 50 BAGS,3,10/27/25 13:55,,1060,3180,Puttalam
531737,40052,WIJAYA ROASTED CURRY POWDER 250G,1,10/27/25 15:55,301040,500,500,Colombo
531738,40001,DILMAH CEYLON TEA 500G,3,10/28/25 12:04,301099,1495,4485,Kalutara
531739,40018,MD MANGO CHUTNEY 400G,3,10/29/25 15:25,301007,810,2430,Kandy
531740,40007,MUNCHEE CHOCOLATE BISCUIT 200G,4,10/29/25 19:18,301177,275,1100,Ratnapura
531741,40001,DILMAH CEYLON TEA 500G,10,10/30/25 8:59,301209,1495,14950,Colombo
531742,40090,RITZBURY CHOCOLATE BAR 100G,20,10/30/25 10:01,301180,325,6500,Kegalle
531743,40090,RITZBURY CHOCOLATE BAR 100G,4,11/1/25 19:12,301194,325,1300,Kegalle
531744,40006,MUNCHEE SUPER CREAM CRACKER 500G,2,11/2/25 9:13,,560,1120,Gampaha
531745,40011,MALIBAN LEMON PUFF 200G,6,11/2/25 9:54,301011,250,1500,Galle
531746,40037,MOTHA STRAWBERRY JELLY 100G,4,11/2/25 14:50,301041,150,600,Colombo
531747,DELV,COURIER DELIVERY CHARGE,1,11/3/25 12:19,301076,891,891,Jaffna
531748,40017,MD MIXED FRUIT JAM 500G,4,11/4/25 16:48,301061,810,3240,Puttalam
531749,40044,HAPPY COW CHEESE 120G,1,11/5/25 18:48,301007,1060,1060,Jaffna
531750,40014,SPA CEYLON HAND CREAM,3,11/6/25 17:10,301043,2740,8220,Kegalle
531751,40015,SIDDHALEPA BALM 50G,20,11/6/25 20:02,301121,310,6200,Ampara
531752,40034,HARISCHANDRA COFFEE 100G,2,11/7/25 18:17,301001,475,950,Galle
531753,40075,RANMUTHU RICE 5KG,2,11/8/25 9:33,301053,1870,3740,Kandy
531754,40005,WATAWALA TEA 400G,5,11/8/25 20:16,301071,970,4850,Jaffna
531755,40011,MALIBAN LEMON PUFF 200G,5,11/9/25 15:26,301182,250,1250,Kandy
531756,40019,ELEPHANT HOUSE GINGER BEER 1.5L,5,11/9/25 17:33,301097,500,2500,Matara
531757,40056,SUNSILK BLACK SHAMPOO 200ML,2,11/10/25 12:58,,685,1370,Jaffna
531758,40029,KIST TOMATO KETCHUP 400G,12,11/10/25 20:34,301039,560,6720,Gampaha
531759,40013,SPA CEYLON SLEEP BODY LOTION,10,11/12/25 8:14,301003,4360,43600,Anuradhapura
531760,40026,KITHUL TREACLE 750ML,3,11/12/25 15:30,,2245,6735,Colombo
531761,40092,ARALIYA COCONUT MILK POWDER 300G,3,11/13/25 11:47,301004,870,2610,Hambantota
531762,40024,HIGHLAND MILK 1L,1,11/13/25 20:59,301035,500,500,Polonnaruwa
531763,40016,LINK SAMAHAN BOX (100 PACKETS),3,11/14/25 14:16,301215,1870,5610,Anuradhapura
531764,40044,HAPPY COW CHEESE 120G,3,11/14/25 18:50,,1060,3180,Galle
C531765,40010,MALIBAN MARIE BISCUITS 400G,-8,11/16/25 16:56,301016,435,-3480,Moneragala
531766,40055,LIFEBUOY SOAP 100G,3,11/17/25 18:32,301125,160,480,Colombo
531767,40013,SPA CEYLON SLEEP BODY LOTION,5,11/19/25 12:26,301019,4360,21800,Jaffna
531768,40002,DILMAH EARL GREY TEA 50 BAGS,3,11/21/25 20:44,301001,1060,3180,Colombo
531769,40066,PONDS TALCUM POWDER 100G,3,11/22/25 11:04,,475,1425,Kandy
531770,40053,WIJAYA CHILLI POWDER 250G,3,11/22/25 11:13,301059,560,1680,Kurunegala
531771,40005,WATAWALA TEA 400G,4,11/23/25 13:32,,970,3880,Hambantota
531772,40006,MUNCHEE SUPER CREAM CRACKER 500G,5,11/24/25 10:03,301076,560,2800,Matale
531773,40083,BOGAWANTALAWA TEA 400G,1,11/26/25 18:13,301087,1120,1120,Vavuniya
531774,40051,LANKA SOY CHICKEN FLAVOUR 90G,8,11/28/25 8:20,301200,150,1200,Colombo
531775,40001,DILMAH CEYLON TEA 500G,2,11/30/25 11:09,,1495,2990,Ratnapura
531776,40008,MUNCHEE LEMON PUFF 200G,4,12/1/25 8:33,301034,250,1000,Ratnapura
531777,40089,KANDOS CHOCOLATE BAR 100G,3,12/1/25 17:43,301140,310,930,Anuradhapura
531778,DELV,COURIER DELIVERY CHARGE,3,12/2/25 8:50,301125,891,2673,Kurunegala
531779,40091,USWATTE SPICES MIXED CURRY POWDER 100G,1,12/3/25 19:41,301022,275,275,Matara
531780,40001,DILMAH CEYLON TEA 500G,10,12/4/25 14:05,301176,1495,14950,Matara
531781,40091,USWATTE SPICES MIXED CURRY POWDER 100G,8,12/5/25 8:53,,275,2200,Colombo
531782,40063,MILO 400G,1,12/5/25 14:30,301159,970,970,Jaffna
531783,40014,SPA CEYLON HAND CREAM,2,12/5/25 19:39,301001,2740,5480,Matara
531784,40011,MALIBAN LEMON PUFF 200G,8,12/7/25 9:46,301178,250,2000,Kegalle
531785,40086,FITS COOKING OIL 1L,2,12/8/25 15:33,301091,1370,2740,Kandy
531786,40006,MUNCHEE SUPER CREAM CRACKER 500G,2,12/8/25 19:22,301025,560,1120,Colombo
531787,40001,DILMAH CEYLON TEA 500G,4,12/9/25 8:41,,1495,5980,Puttalam
531788,40004,ZESTA TEA 400G,8,12/9/25 15:43,301017,1310,10480,Badulla
531789,40030,KIST MIXED FRUIT NECTAR 1L,1,12/9/25 16:32,,685,685,Matale
531790,40074,ARALIYA WHITE RICE 5KG,3,12/12/25 12:07,301118,1805,5415,Colombo
531791,40037,MOTHA STRAWBERRY JELLY 100G,3,12/13/25 20:36,301084,150,450,Kalutara
531792,40064,HORLICKS 500G,3,12/15/25 18:10,301151,1185,3555,Trincomalee
531793,40054,PEARS BABY POWDER 100G,3,12/16/25 9:50,301008,310,930,Gampaha
531794,40049,ROZA PASTA MACARONI 400G,3,12/16/25 10:08,301052,375,1125,Gampaha
531795,40041,BABY CHERAMY SOAP 90G,10,12/17/25 12:50,301123,175,1750,Gampaha
531796,40023,RATHTHI MILK POWDER 400G,3,12/17/25 18:00,301167,1370,4110,Anuradhapura
531797,40002,DILMAH EARL GREY TEA 50 BAGS,2,12/17/25 18:42,301023,1060,2120,Kalutara
531798,40005,WATAWALA TEA 400G,4,12/18/25 13:45,301019,970,3880,Colombo
531799,40016,LINK SAMAHAN BOX (100 PACKETS),6,12/19/25 11:29,301179,1870,11220,Matara
531800,40038,MOTHA FALUDA MIX 100G,1,12/19/25 18:32,301066,250,250,Gampaha
531801,40053,WIJAYA CHILLI POWDER 250G,1,12/19/25 20:38,,560,560,Colombo
531802,40079,CEYLON TOBACCO (CIGARETTES PACK),5,12/21/25 12:26,301043,1495,7475,Gampaha
531803,40017,MD MIXED FRUIT JAM 500G,3,12/24/25 13:21,301113,810,2430,Kalutara
531804,40040,SIGNAL TOOTHPASTE 120G,4,12/24/25 14:18,,285,1140,Moneragala
531805,40001,DILMAH CEYLON TEA 500G,2,12/24/25 14:25,301191,1495,2990,Jaffna
531806,40041,BABY CHERAMY SOAP 90G,2,12/25/25 12:13,,175,350,Kurunegala
531807,40043,ASTRA MARGARINE 250G,4,12/25/25 19:33,301060,500,2000,Vavuniya
531808,40080,COCA-COLA 1.5L,2,12/27/25 18:55,301030,435,870,Kalutara
531809,40001,DILMAH CEYLON TEA 500G,8,12/28/25 20:49,301033,1495,11960,Colombo
531810,40082,NECTO 1.5L,5,12/29/25 12:53,301132,435,2175,Ratnapura
531811,40002,DILMAH EARL GREY TEA 50 BAGS,3,12/29/25 17:20,301164,1060,3180,Kurunegala
531812,40016,LINK SAMAHAN BOX (100 PACKETS),8,12/29/25 18:32,,1870,14960,Gampaha
531813,40026,KITHUL TREACLE 750ML,4,1/1/26 12:20,301196,2345,9380,Matara
531814,40007,MUNCHEE CHOCOLATE BISCUIT 200G,1,1/1/26 20:26,301089,285,285,Ampara
531815,40025,KOTMALE FRESH MILK 1L,1,1/3/26 10:02,301213,585,585,Mullaitivu
531816,40064,HORLICKS 500G,2,1/3/26 20:40,301053,1235,2470,Moneragala
531817,40042,MARINA COCONUT OIL 1L,4,1/5/26 10:35,301136,1235,4940,Trincomalee
531818,40021,ELEPHANT HOUSE VANILLA ICE CREAM 1L,2,1/5/26 15:39,,1040,2080,Mannar
531819,40043,ASTRA MARGARINE 250G,2,1/6/26 18:15,301042,520,1040,Badulla
531820,40037,MOTHA STRAWBERRY JELLY 100G,2,1/9/26 13:26,,155,310,Gampaha
531821,40066,PONDS TALCUM POWDER 100G,3,1/9/26 15:27,301070,495,1485,Kegalle
531822,40088,CARGILLS FRESH EGGS (10),2,1/9/26 17:16,301009,455,910,Batticaloa
531823,40012,MALIBAN CREAM CRACKER 500G,1,1/13/26 12:11,301130,545,545,Galle
531824,40003,DILMAH GREEN TEA 20 BAGS,2,1/18/26 16:31,301007,715,1430,Gampaha
531825,40041,BABY CHERAMY SOAP 90G,6,1/18/26 20:16,301074,180,1080,Galle
531826,40002,DILMAH EARL GREY TEA 50 BAGS,10,1/20/26 11:49,301205,1105,11050,Matale
531827,40026,KITHUL TREACLE 750ML,2,1/20/26 13:15,,2345,4690,Galle
531828,40007,MUNCHEE CHOCOLATE BISCUIT 200G,10,1/20/26 16:12,301008,285,2850,Gampaha
531829,40027,KEELLS CHICKEN SAUSAGES 500G,1,1/20/26 19:05,301014,1235,1235,Kegalle
531830,40004,ZESTA TEA 400G,1,1/21/26 14:05,,1365,1365,Kalutara
531831,40044,HAPPY COW CHEESE 120G,1,1/21/26 14:07,301010,1105,1105,Kandy
531832,40029,KIST TOMATO KETCHUP 400G,3,1/22/26 10:04,301025,585,1755,Galle
531833,40022,ANCHOR MILK POWDER 400G,5,1/22/26 16:39,,1500,7500,Badulla
531834,40006,MUNCHEE SUPER CREAM CRACKER 500G,5,1/22/26 18:21,301014,585,2925,Jaffna
531835,40001,DILMAH CEYLON TEA 500G,1,1/23/26 14:29,301019,1565,1565,Colombo
531836,40085,RANFAT COOKING OIL 1L,4,1/23/26 18:59,301015,1500,6000,Polonnaruwa
531837,40024,HIGHLAND MILK 1L,5,1/23/26 20:48,301136,520,2600,Mullaitivu
531838,40071,MA MA NOODLES 5 PACK,3,1/24/26 14:51,301075,520,1560,Kalutara
531839,40008,MUNCHEE LEMON PUFF 200G,1,1/26/26 11:04,,260,260,Batticaloa
531840,40020,ELEPHANT HOUSE CREAM SODA 1.5L,3,1/27/26 12:21,301168,520,1560,Badulla
531841,40033,HARISCHANDRA NOODLES 400G,5,1/27/26 14:55,,325,1625,Gampaha
531842,40029,KIST TOMATO KETCHUP 400G,3,1/28/26 10:03,301003,585,1755,Kandy
531843,40011,MALIBAN LEMON PUFF 200G,1,1/31/26 14:24,301142,260,260,Gampaha
531844,40002,DILMAH EARL GREY TEA 50 BAGS,2,2/1/26 14:52,301080,1105,2210,Jaffna
531845,40089,KANDOS CHOCOLATE BAR 100G,1,2/2/26 12:24,301031,325,325,Gampaha
531846,40001,DILMAH CEYLON TEA 500G,1,2/2/26 15:46,301039,1565,1565,Kandy
531847,40001,DILMAH CEYLON TEA 500G,3,2/2/26 15:47,,1565,4695,Kegalle
531848,40080,COCA-COLA 1.5L,3,2/3/26 18:10,301200,455,1365,Kalutara
531849,40092,ARALIYA COCONUT MILK POWDER 300G,15,2/4/26 13:45,301156,910,13650,Kurunegala
531850,40039,CLOGARD TOOTHPASTE 120G,5,2/5/26 11:48,301091,285,1425,Batticaloa
531851,40002,DILMAH EARL GREY TEA 50 BAGS,12,2/5/26 13:59,301148,1105,13260,Kegalle
531852,40005,WATAWALA TEA 400G,3,2/7/26 17:13,301019,1015,3045,Ratnapura
531853,40004,ZESTA TEA 400G,1,2/7/26 18:59,301170,1365,1365,Jaffna
531854,40004,ZESTA TEA 400G,4,2/8/26 17:30,301117,1365,5460,Polonnaruwa
531855,40069,ANCHOR BUTTER 200G,2,2/9/26 14:52,301180,1015,2030,Kandy
531856,40019,ELEPHANT HOUSE GINGER BEER 1.5L,2,2/10/26 11:54,301201,520,1040,Kandy
531857,40015,SIDDHALEPA BALM 50G,12,2/11/26 8:06,301197,325,3900,Gampaha
531858,40030,KIST MIXED FRUIT NECTAR 1L,5,2/11/26 9:14,301072,715,3575,Matara
531859,40034,HARISCHANDRA COFFEE 100G,15,2/11/26 20:29,301221,495,7425,Badulla
531860,40051,LANKA SOY CHICKEN FLAVOUR 90G,5,2/12/26 8:35,301120,155,775,Trincomalee
531861,40010,MALIBAN MARIE BISCUITS 400G,1,2/12/26 20:07,301127,455,455,Ampara
531862,40041,BABY CHERAMY SOAP 90G,4,2/12/26 20:32,,180,720,Gampaha
531863,40037,MOTHA STRAWBERRY JELLY 100G,2,2/14/26 10:39,301070,155,310,Hambantota
531864,40036,MAGGI COCONUT MILK POWDER 300G,3,2/16/26 15:07,301132,975,2925,Ratnapura
531865,40006,MUNCHEE SUPER CREAM CRACKER 500G,2,2/16/26 18:12,301071,585,1170,Gampaha
531866,40009,MUNCHEE TIKIRI MARIE 80G,3,2/17/26 13:00,301118,90,270,Colombo
531867,40010,MALIBAN MARIE BISCUITS 400G,2,2/18/26 9:49,301082,455,910,Anuradhapura
531868,40091,USWATTE SPICES MIXED CURRY POWDER 100G,3,2/20/26 12:21,301106,285,855,Anuradhapura
531869,40031,PRIMA KOTTU MEE CUP,6,2/20/26 19:23,,195,1170,Galle
531870,40053,WIJAYA CHILLI POWDER 250G,1,2/21/26 14:11,301162,585,585,Batticaloa
531871,40060,SUNLIGHT SOAP 115G,2,2/21/26 18:06,301003,155,310,Nuwara Eliya
531872,40003,DILMAH GREEN TEA 20 BAGS,4,2/25/26 13:05,301111,715,2860,Colombo
531873,40023,RATHTHI MILK POWDER 400G,3,2/27/26 8:28,301209,1430,4290,Matale
531874,40038,MOTHA FALUDA MIX 100G,2,2/27/26 11:32,301013,260,520,Colombo
INV7001,40007,MUNCHEE CHOCOLATE BISCUIT 200G,4,3/1/26 9:00,3001,220,880,Hambantota
INV7002,40011,MALIBAN LEMON PUFF 200G,6,3/1/26 12:15,3002,200,1200,Monaragala
INV7003,40042,MARINA COCONUT OIL 1L,2,3/2/26 10:30,3003,950,1900,Nuwara Eliya
INV7004,40025,KOTMALE FRESH MILK 1L,3,3/2/26 13:45,3004,450,1350,Mannar
INV7005,40044,HAPPY COW CHEESE 120G,2,3/3/26 15:20,3005,850,1700,Vavuniya
INV7006,40043,ASTRA MARGARINE 250G,1,3/3/26 16:10,3006,400,400,Mullaitivu
531875,40011,MALIBAN LEMON PUFF 200G,1,3/3/26 18:17,301078,260,260,Nuwara Eliya
531876,40001,DILMAH CEYLON TEA 500G,3,3/4/26 10:08,301123,1565,4695,Moneragala
INV7007,40046,MARMITE 100G,2,3/4/26 11:05,3001,750,1500,Hambantota
INV7008,40045,PANADOL 100 TABLETS,1,3/4/26 14:40,3007,450,450,Kilinochchi
531877,40047,PELWATTE BUTTER 200G,5,3/5/26 9:02,301022,975,4875,Hambantota
INV7009,40040,SIGNAL TOOTHPASTE 120G,3,3/5/26 9:50,3008,230,690,Monaragala
INV7010,40007,MUNCHEE CHOCOLATE BISCUIT 200G,5,3/5/26 12:25,3009,220,1100,Nuwara Eliya
531878,40001,DILMAH CEYLON TEA 500G,8,3/5/26 13:08,301206,1565,12520,Anuradhapura
531879,40035,CBL SAMAPOSHA 200G,1,3/7/26 14:55,,235,235,Anuradhapura
531880,40006,MUNCHEE SUPER CREAM CRACKER 500G,3,3/8/26 9:14,301196,585,1755,Polonnaruwa
531881,40020,ELEPHANT HOUSE CREAM SODA 1.5L,3,3/8/26 14:30,301088,520,1560,Kegalle
531882,40060,SUNLIGHT SOAP 115G,3,3/9/26 10:08,301039,155,465,Ampara
531883,40007,MUNCHEE CHOCOLATE BISCUIT 200G,4,3/10/26 14:15,301201,285,1140,Badulla
531884,40042,MARINA COCONUT OIL 1L,2,3/13/26 11:42,301085,1235,2470,Kurunegala
531885,40017,MD MIXED FRUIT JAM 500G,8,3/15/26 20:19,,845,6760,Gampaha
531886,40025,KOTMALE FRESH MILK 1L,12,3/19/26 15:33,,585,7020,Matale
531887,40015,SIDDHALEPA BALM 50G,8,3/19/26 17:39,,325,2600,Jaffna
531888,40062,NESTOMALT 400G,6,3/20/26 13:49,301138,805,4830,Vavuniya
531889,40050,RANCRISP CASHEWS 50G,6,3/20/26 16:33,301003,455,2730,Ampara
531890,40002,DILMAH EARL GREY TEA 50 BAGS,2,3/21/26 14:11,301170,1105,2210,Badulla
531891,40079,CEYLON TOBACCO (CIGARETTES PACK),1,3/21/26 19:38,301012,1565,1565,Colombo
531892,40037,MOTHA STRAWBERRY JELLY 100G,5,3/22/26 9:32,301128,155,775,Anuradhapura
531893,40055,LIFEBUOY SOAP 100G,2,3/23/26 20:35,301092,170,340,Batticaloa
531894,40010,MALIBAN MARIE BISCUITS 400G,10,3/25/26 12:46,301131,455,4550,Matara
531895,40035,CBL SAMAPOSHA 200G,3,3/25/26 14:04,,235,705,Kandy
531896,40043,ASTRA MARGARINE 250G,2,3/26/26 11:59,301011,520,1040,Kandy
531897,40013,SPA CEYLON SLEEP BODY LOTION,3,3/26/26 18:25,301179,4560,13680,Kurunegala
531898,40082,NECTO 1.5L,3,3/27/26 10:58,301124,455,1365,Colombo
531899,40050,RANCRISP CASHEWS 50G,1,3/29/26 12:40,301076,455,455,Matara
531900,40010,MALIBAN MARIE BISCUITS 400G,5,3/29/26 17:34,301144,455,2275,Galle
531901,40001,DILMAH CEYLON TEA 500G,1,3/30/26 8:09,301155,1565,1565,Colombo
531902,40001,DILMAH CEYLON TEA 500G,8,3/30/26 13:07,301059,1565,12520,Gampaha
531903,40021,ELEPHANT HOUSE VANILLA ICE CREAM 1L,2,3/31/26 20:06,301146,1040,2080,Gampaha
531904,40030,KIST MIXED FRUIT NECTAR 1L,2,4/2/26 9:01,301029,715,1430,Kandy
531905,40041,BABY CHERAMY SOAP 90G,8,4/3/26 15:14,301035,180,1440,Matale
531906,40038,MOTHA FALUDA MIX 100G,3,4/4/26 14:13,,260,780,Puttalam
531907,40020,ELEPHANT HOUSE CREAM SODA 1.5L,15,4/4/26 16:38,301123,520,7800,Matara
531908,40089,KANDOS CHOCOLATE BAR 100G,5,4/6/26 20:33,,325,1625,Nuwara Eliya
531909,40031,PRIMA KOTTU MEE CUP,3,4/7/26 10:19,301077,195,585,Jaffna
531910,40070,NESPRAY MILK POWDER 400G,1,4/8/26 18:41,301162,1535,1535,Ampara
531911,40025,KOTMALE FRESH MILK 1L,4,4/9/26 19:13,301038,585,2340,Kalutara
531912,40018,MD MANGO CHUTNEY 400G,4,4/10/26 20:01,301094,845,3380,Anuradhapura
531913,40053,WIJAYA CHILLI POWDER 250G,1,4/11/26 11:10,301112,585,585,Kandy
531914,40023,RATHTHI MILK POWDER 400G,2,4/11/26 15:58,301172,1430,2860,Kalutara
531915,40021,ELEPHANT HOUSE VANILLA ICE CREAM 1L,5,4/11/26 16:20,,1040,5200,Kandy
531916,40003,DILMAH GREEN TEA 20 BAGS,4,4/12/26 8:52,301044,715,2860,Kalutara
531917,40002,DILMAH EARL GREY TEA 50 BAGS,2,4/12/26 11:35,301020,1105,2210,Nuwara Eliya
531918,40001,DILMAH CEYLON TEA 500G,1,4/13/26 13:14,,1565,1565,Ratnapura
531919,40059,SURF EXCEL 1KG,2,4/16/26 11:34,301121,1105,2210,Colombo
531920,40002,DILMAH EARL GREY TEA 50 BAGS,8,4/17/26 8:46,301047,1105,8840,Kandy
531921,40003,DILMAH GREEN TEA 20 BAGS,5,4/17/26 18:39,301130,715,3575,Jaffna
531922,40015,SIDDHALEPA BALM 50G,4,4/18/26 11:00,301113,325,1300,Matara
531923,40039,CLOGARD TOOTHPASTE 120G,2,4/18/26 20:07,301066,285,570,Kandy
531924,40004,ZESTA TEA 400G,4,4/19/26 15:40,301010,1365,5460,Nuwara Eliya
C531925,40049,ROZA PASTA MACARONI 400G,-2,4/21/26 20:15,301046,390,-780,Hambantota
531926,40007,MUNCHEE CHOCOLATE BISCUIT 200G,4,4/22/26 9:53,301013,285,1140,Kandy
531927,40010,MALIBAN MARIE BISCUITS 400G,1,4/22/26 11:18,301221,455,455,Mullaitivu
531928,40020,ELEPHANT HOUSE CREAM SODA 1.5L,5,4/22/26 15:40,301089,520,2600,Colombo
531929,40019,ELEPHANT HOUSE GINGER BEER 1.5L,8,4/22/26 18:59,301212,520,4160,Gampaha
531930,40024,HIGHLAND MILK 1L,3,4/23/26 14:49,301050,520,1560,Colombo
531931,40011,MALIBAN LEMON PUFF 200G,10,4/27/26 12:00,301075,260,2600,Colombo
531932,40051,LANKA SOY CHICKEN FLAVOUR 90G,2,4/27/26 14:20,301128,155,310,Kalutara
531933,40012,MALIBAN CREAM CRACKER 500G,4,4/27/26 17:29,301090,545,2180,Gampaha
531934,40032,PRIMA STELLA NOODLES 400G,4,4/28/26 16:03,301017,365,1460,Jaffna
531935,40001,DILMAH CEYLON TEA 500G,1,4/29/26 10:53,301048,1565,1565,Trincomalee
531936,40028,BAIRAHA CHICKEN 1KG,6,4/29/26 18:08,301085,1890,11340,Gampaha
531937,40042,MARINA COCONUT OIL 1L,1,5/1/26 8:54,301054,1235,1235,Ampara
531938,40005,WATAWALA TEA 400G,4,5/5/26 12:19,301076,1015,4060,Gampaha
531939,40086,FITS COOKING OIL 1L,3,5/6/26 16:50,301127,1430,4290,Kandy
531940,40059,SURF EXCEL 1KG,1,5/8/26 12:35,301129,1105,1105,Mullaitivu
531941,40046,MARMITE 100G,12,5/10/26 9:26,301029,975,11700,Galle
531942,40024,HIGHLAND MILK 1L,10,5/10/26 14:00,301008,520,5200,Ratnapura
531943,40010,MALIBAN MARIE BISCUITS 400G,1,5/11/26 17:08,301204,455,455,Kegalle
531944,40003,DILMAH GREEN TEA 20 BAGS,3,5/14/26 18:32,,715,2145,Trincomalee
531945,40054,PEARS BABY POWDER 100G,6,5/16/26 12:54,301125,325,1950,Polonnaruwa
531946,40027,KEELLS CHICKEN SAUSAGES 500G,5,5/17/26 9:04,301023,1235,6175,Polonnaruwa
531947,40018,MD MANGO CHUTNEY 400G,4,5/18/26 17:03,301120,845,3380,Kandy
531948,40012,MALIBAN CREAM CRACKER 500G,2,5/18/26 18:01,301085,545,1090,Matale
531949,40005,WATAWALA TEA 400G,3,5/20/26 15:17,301137,1015,3045,Ratnapura
531950,40073,DELMEGE BASMATI RICE 5KG,1,5/24/26 17:42,301132,2735,2735,Mannar
531951,40011,MALIBAN LEMON PUFF 200G,6,5/25/26 13:55,301012,260,1560,Colombo
531952,40055,LIFEBUOY SOAP 100G,12,5/26/26 12:42,301166,170,2040,Hambantota
C531953,40003,DILMAH GREEN TEA 20 BAGS,-3,5/27/26 18:52,301144,715,-2145,Colombo
531954,40086,FITS COOKING OIL 1L,3,5/28/26 16:54,,1430,4290,Kandy
531955,40026,KITHUL TREACLE 750ML,2,5/29/26 10:57,,2345,4690,Kurunegala
531956,40015,SIDDHALEPA BALM 50G,3,5/29/26 14:22,301090,325,975,Kalutara
531957,40023,RATHTHI MILK POWDER 400G,1,5/31/26 14:57,301120,1430,1430,Gampaha
531958,40012,MALIBAN CREAM CRACKER 500G,4,6/2/26 11:46,301180,545,2180,Kurunegala
531959,40040,SIGNAL TOOTHPASTE 120G,4,6/2/26 14:24,301162,300,1200,Colombo
531960,40047,PELWATTE BUTTER 200G,3,6/2/26 15:34,301006,975,2925,Jaffna
531961,40013,SPA CEYLON SLEEP BODY LOTION,8,6/2/26 15:57,,4560,36480,Galle
531962,40017,MD MIXED FRUIT JAM 500G,12,6/3/26 17:08,301213,845,10140,Puttalam
531963,40039,CLOGARD TOOTHPASTE 120G,3,6/4/26 16:13,301139,285,855,Ratnapura
531964,40001,DILMAH CEYLON TEA 500G,2,6/5/26 9:35,,1565,3130,Puttalam
531965,40038,MOTHA FALUDA MIX 100G,2,6/5/26 18:29,301019,260,520,Batticaloa
531966,40005,WATAWALA TEA 400G,6,6/5/26 20:37,301212,1015,6090,Kalutara
531967,40036,MAGGI COCONUT MILK POWDER 300G,2,6/6/26 9:37,301001,975,1950,Hambantota
531968,40005,WATAWALA TEA 400G,1,6/7/26 8:46,301034,1015,1015,Kilinochchi
531969,40077,PILAWOOS FALOODA MIX 200G,12,6/7/26 15:07,,455,5460,Badulla
531970,40006,MUNCHEE SUPER CREAM CRACKER 500G,12,6/8/26 12:40,301054,585,7020,Gampaha
531971,40013,SPA CEYLON SLEEP BODY LOTION,10,6/10/26 10:30,301173,4560,45600,Puttalam
531972,40054,PEARS BABY POWDER 100G,2,6/10/26 11:29,301080,325,650,Polonnaruwa
531973,40014,SPA CEYLON HAND CREAM,1,6/11/26 9:50,301103,2865,2865,Jaffna
531974,40036,MAGGI COCONUT MILK POWDER 300G,2,6/14/26 18:10,301043,975,1950,Trincomalee
531975,40004,ZESTA TEA 400G,3,6/14/26 20:21,301091,1365,4095,Ratnapura
531976,40081,SPRITE 1.5L,2,6/15/26 9:35,301190,455,910,Colombo
531977,40030,KIST MIXED FRUIT NECTAR 1L,15,6/18/26 12:00,301150,715,10725,Colombo
531978,40061,VELVET BEAUTY SOAP 100G,6,6/18/26 20:17,301192,195,1170,Nuwara Eliya
531979,40049,ROZA PASTA MACARONI 400G,1,6/19/26 8:57,301181,390,390,Anuradhapura
531980,DELV,COURIER DELIVERY CHARGE,2,6/19/26 14:35,301056,895.5,1791,Ratnapura
531981,40002,DILMAH EARL GREY TEA 50 BAGS,15,6/19/26 19:25,301184,1105,16575,Colombo
531982,40089,KANDOS CHOCOLATE BAR 100G,10,6/21/26 12:06,301126,325,3250,Kalutara
531983,40042,MARINA COCONUT OIL 1L,1,6/22/26 11:50,301001,1235,1235,Colombo
531984,40007,MUNCHEE CHOCOLATE BISCUIT 200G,8,6/22/26 18:36,301169,285,2280,Batticaloa
531985,40023,RATHTHI MILK POWDER 400G,3,6/24/26 9:06,301003,1430,4290,Kandy
531986,40002,DILMAH EARL GREY TEA 50 BAGS,1,6/24/26 10:41,301083,1105,1105,Batticaloa
531987,40022,ANCHOR MILK POWDER 400G,3,6/25/26 18:07,,1500,4500,Kalutara
531988,40049,ROZA PASTA MACARONI 400G,6,6/27/26 19:39,301157,390,2340,Hambantota
531989,40058,DIVA WASHING POWDER 1KG,4,6/29/26 16:57,301126,845,3380,Badulla
531990,40012,MALIBAN CREAM CRACKER 500G,3,6/30/26 10:18,,545,1635,Jaffna