InvoiceNo,StockCode,Description,Quantity,InvoiceDate,UnitPrice,CustomerID,UnitPrice_LKR,Total_Price_LKR,District
500362,40013,SPA CEYLON SLEEP BODY LOTION,3,2020-01-25 16:02:44,24.6,,4460.41,13381.23,Ampara
500362,40102,DIAMOND COOKING OIL 1L,8,2020-01-25 16:02:44,4.26,,772.47,6179.76,Ampara
500194,40014,SPA CEYLON HAND CREAM,12,2020-02-01 16:29:44,13.19,14616,2393.83,28725.96,Kandy
500194,40074,ARALIYA WHITE RICE 5KG,19,2020-02-01 16:29:44,8.52,14616,1546.17,29377.23,Kandy
500194,40021,ELEPHANT HOUSE VANILLA ICE CREAM 1L,11,2020-02-01 16:29:44,5.22,14616,946.14,10407.54,Kandy
500194,40101,CBL EDGE COOKING OIL 1L,2,2020-02-01 16:29:44,4.59,14616,832.61,1665.22,Kandy
500194,40098,BAIRAHA CHICKEN SAUSAGES 500G,4,2020-02-01 16:29:44,3.46,14616,628.39,2513.56,Kandy
500129,40062,NESTOMALT 400G,10,2020-02-19 13:46:08,3.82,,694.86,6948.6,Gampaha
500129,40069,ANCHOR BUTTER 200G,9,2020-02-19 13:46:08,5.08,,923.0,8307.0,Gampaha
500129,40049,ROZA PASTA MACARONI 400G,9,2020-02-19 13:46:08,1.86,,338.76,3048.84,Gampaha
500129,40109,CARGILLS SQUARE DEAL WHITE SUGAR 1KG,5,2020-02-19 13:46:08,1.76,,320.56,1602.8,Gampaha
500129,40047,PELWATTE BUTTER 200G,4,2020-02-19 13:46:08,4.32,,785.14,3140.56,Gampaha
500129,40024,HIGHLAND MILK 1L,6,2020-02-19 13:46:08,2.69,,488.6,2931.6,Gampaha
500129,40059,SURF EXCEL 1KG,8,2020-02-19 13:46:08,5.45,,990.85,7926.8,Gampaha
500129,40003,DILMAH GREEN TEA 20 BAGS,11,2020-02-19 13:46:08,3.6,,653.86,7192.46,Gampaha
500129,40055,LIFEBUOY SOAP 100G,1,2020-02-19 13:46:08,0.87,,158.25,158.25,Gampaha
500124,40100,HARISCHANDRA MILK TEA POWDER 200G,12,2020-03-02 13:48:05,2.71,14086,493.39,5920.68,Colombo
500124,40092,ARALIYA COCONUT MILK POWDER 300G,54,2020-03-02 13:48:05,4.24,14086,770.98,41632.92,Colombo
500124,40018,MD MANGO CHUTNEY 400G,8,2020-03-02 13:48:05,4.11,14086,747.09,5976.72,Colombo
500124,40076,CEYLON COLD STORES YOGHURT 80G,10,2020-03-02 13:48:05,0.57,14086,103.02,1030.2,Colombo
500124,40045,PANADOL 100 TABLETS,9,2020-03-02 13:48:05,3.16,14086,574.97,5174.73,Colombo
500124,40063,MILO 400G,5,2020-03-02 13:48:05,5.16,14086,937.48,4687.4,Colombo
500124,40028,BAIRAHA CHICKEN 1KG,8,2020-03-02 13:48:05,9.37,14086,1703.12,13624.96,Colombo
500323,40091,USWATTE SPICES MIXED CURRY POWDER 100G,3,2020-03-15 18:05:40,1.54,14085,280.82,842.46,Matale
500323,40024,HIGHLAND MILK 1L,7,2020-03-15 18:05:40,2.27,14085,413.42,2893.94,Matale
500323,40048,EDINBOROUGH SOY SAUCE 400ML,2,2020-03-15 18:05:40,2.36,14085,430.19,860.38,Matale
500323,40012,MALIBAN CREAM CRACKER 500G,7,2020-03-15 18:05:40,2.76,14085,501.93,3513.51,Matale
500323,40109,CARGILLS SQUARE DEAL WHITE SUGAR 1KG,7,2020-03-15 18:05:40,1.82,14085,332.09,2324.63,Matale
500323,40100,HARISCHANDRA MILK TEA POWDER 200G,10,2020-03-15 18:05:40,2.93,14085,533.76,5337.6,Matale
500323,40009,MUNCHEE TIKIRI MARIE 80G,4,2020-03-15 18:05:40,0.45,14085,81.7,326.8,Matale
500323,40004,ZESTA TEA 400G,2,2020-03-15 18:05:40,6.97,14085,1269.24,2538.48,Matale
500323,40024,HIGHLAND MILK 1L,5,2020-03-15 18:05:40,2.84,14085,516.9,2584.5,Matale
500118,40102,DIAMOND COOKING OIL 1L,8,2020-04-22 12:00:10,4.97,14409,906.65,7253.2,Colombo
500118,40107,AMBEWELA FRESH MILK 1L,5,2020-04-22 12:00:10,1.89,14409,344.08,1720.4,Colombo
500118,40026,KITHUL TREACLE 750ML,9,2020-04-22 12:00:10,10.81,14409,1973.61,17762.49,Colombo
500118,40111,ASTRA MAYONNAISE 250G,9,2020-04-22 12:00:10,2.72,14409,497.14,4474.26,Colombo
500118,40071,MA MA NOODLES 5 PACK,2,2020-04-22 12:00:10,2.42,14409,441.48,882.96,Colombo
500118,40033,HARISCHANDRA NOODLES 400G,5,2020-04-22 12:00:10,1.74,14409,318.52,1592.6,Colombo
500118,40030,KIST MIXED FRUIT NECTAR 1L,17,2020-04-22 12:00:10,3.39,14409,618.84,10520.28,Colombo
500209,40035,CBL SAMAPOSHA 200G,9,2020-05-05 14:45:45,1.21,,220.92,1988.28,Matara
500209,40065,FAIR & LOVELY CREAM 50G,28,2020-05-05 14:45:45,2.27,,414.85,11615.8,Matara
500209,40021,ELEPHANT HOUSE VANILLA ICE CREAM 1L,11,2020-05-05 14:45:45,5.19,,947.68,10424.48,Matara
500209,40100,HARISCHANDRA MILK TEA POWDER 200G,7,2020-05-05 14:45:45,2.46,,448.7,3140.9,Matara
500209,40079,CEYLON TOBACCO (CIGARETTES PACK),1,2020-05-05 14:45:45,7.62,,1392.47,1392.47,Matara
500209,40032,PRIMA STELLA NOODLES 400G,11,2020-05-05 14:45:45,1.75,,319.43,3513.73,Matara
500209,40043,ASTRA MARGARINE 250G,10,2020-05-05 14:45:45,2.81,,513.95,5139.5,Matara
500209,40107,AMBEWELA FRESH MILK 1L,39,2020-05-05 14:45:45,2.13,,388.68,15158.52,Matara
500209,40068,CLOSE UP TOOTHPASTE 120G,11,2020-05-05 14:45:45,1.45,,265.42,2919.62,Matara
500209,40017,MD MIXED FRUIT JAM 500G,9,2020-05-05 14:45:45,4.09,,748.1,6732.9,Matara
500209,40079,CEYLON TOBACCO (CIGARETTES PACK),8,2020-05-05 14:45:45,7.94,,1451.27,11610.16,Matara
500209,40108,RICHLIFE MILK POWDER 400G,1,2020-05-05 14:45:45,6.53,,1193.28,1193.28,Matara
C500095,40073,DELMEGE BASMATI RICE 5KG,-11,2020-06-17 14:13:44,13.62,14002,2497.48,-27472.28,Badulla
500393,40003,DILMAH GREEN TEA 20 BAGS,11,2020-06-27 14:02:31,3.46,,633.93,6973.23,Gampaha
500393,40009,MUNCHEE TIKIRI MARIE 80G,49,2020-06-27 14:02:31,0.46,,83.53,4092.97,Gampaha
500393,40092,ARALIYA COCONUT MILK POWDER 300G,9,2020-06-27 14:02:31,4.18,,767.07,6903.63,Gampaha
500393,40030,KIST MIXED FRUIT NECTAR 1L,12,2020-06-27 14:02:31,3.6,,661.06,7932.72,Gampaha
500393,DELV,COURIER DELIVERY CHARGE,11,2020-06-27 14:02:31,1.64,,300.0,3300.0,Gampaha
500393,40096,MALIBAN CHOCOLATE WAFER 100G,3,2020-06-27 14:02:31,1.47,,269.26,807.78,Gampaha
500393,40046,MARMITE 100G,10,2020-06-27 14:02:31,5.09,,932.87,9328.7,Gampaha
500393,40113,GILLETTE SHAVING FOAM 200ML,1,2020-06-27 14:02:31,4.27,,782.8,782.8,Gampaha
500393,40081,SPRITE 1.5L,1,2020-06-27 14:02:31,2.08,,382.04,382.04,Gampaha
500393,40009,MUNCHEE TIKIRI MARIE 80G,2,2020-06-27 14:02:31,0.49,,89.05,178.1,Gampaha
500393,40059,SURF EXCEL 1KG,12,2020-06-27 14:02:31,5.78,,1060.42,12725.04,Gampaha
500393,40015,SIDDHALEPA BALM 50G,8,2020-06-27 14:02:31,1.59,,291.93,2335.44,Gampaha
500393,40049,ROZA PASTA MACARONI 400G,7,2020-06-27 14:02:31,1.72,,315.71,2209.97,Gampaha
500393,40104,CEYLON CINNAMON POWDER 100G,9,2020-06-27 14:02:31,2.18,,399.64,3596.76,Gampaha
500393,40071,MA MA NOODLES 5 PACK,12,2020-06-27 14:02:31,2.69,,493.7,5924.4,Gampaha
500393,40040,SIGNAL TOOTHPASTE 120G,8,2020-06-27 14:02:31,1.34,,246.52,1972.16,Gampaha
500393,40003,DILMAH GREEN TEA 20 BAGS,36,2020-06-27 14:02:31,3.23,,592.95,21346.2,Gampaha
500393,40002,DILMAH EARL GREY TEA 50 BAGS,7,2020-06-27 14:02:31,5.97,,1095.72,7670.04,Gampaha
500393,40004,ZESTA TEA 400G,9,2020-06-27 14:02:31,6.01,,1102.94,9926.46,Gampaha
500393,40013,SPA CEYLON SLEEP BODY LOTION,3,2020-06-27 14:02:31,21.09,,3868.06,11604.18,Gampaha
500222,40040,SIGNAL TOOTHPASTE 120G,12,2020-07-05 18:10:17,1.29,14068,236.48,2837.76,Anuradhapura
500222,40114,DETTOL ANTISEPTIC LIQUID 250ML,12,2020-07-05 18:10:17,3.39,14068,621.84,7462.08,Anuradhapura
500222,40052,WIJAYA ROASTED CURRY POWDER 250G,8,2020-07-05 18:10:17,2.27,14068,416.46,3331.68,Anuradhapura
500222,40091,USWATTE SPICES MIXED CURRY POWDER 100G,1,2020-07-05 18:10:17,1.44,14068,264.61,264.61,Anuradhapura
500222,DELV,COURIER DELIVERY CHARGE,3,2020-07-05 18:10:17,1.63,14068,300.0,900.0,Anuradhapura
500222,40031,PRIMA KOTTU MEE CUP,8,2020-07-05 18:10:17,0.95,14068,174.46,1395.68,Anuradhapura
500222,40092,ARALIYA COCONUT MILK POWDER 300G,1,2020-07-05 18:10:17,4.45,14068,816.9,816.9,Anuradhapura
500222,40011,MALIBAN LEMON PUFF 200G,11,2020-07-05 18:10:17,1.34,14068,245.28,2698.08,Anuradhapura
500222,40060,SUNLIGHT SOAP 115G,54,2020-07-05 18:10:17,0.65,14068,120.21,6491.34,Anuradhapura
500222,40012,MALIBAN CREAM CRACKER 500G,8,2020-07-05 18:10:17,2.76,14068,506.44,4051.52,Anuradhapura
500222,40060,SUNLIGHT SOAP 115G,18,2020-07-05 18:10:17,0.68,14068,124.66,2243.88,Anuradhapura
500222,40013,SPA CEYLON SLEEP BODY LOTION,3,2020-07-05 18:10:17,22.77,14068,4179.36,12538.08,Anuradhapura
500222,40092,ARALIYA COCONUT MILK POWDER 300G,3,2020-07-05 18:10:17,4.66,14068,855.65,2566.95,Anuradhapura
500222,40092,ARALIYA COCONUT MILK POWDER 300G,3,2020-07-05 18:10:17,4.11,14068,754.01,2262.03,Anuradhapura
500222,40085,RANFAT COOKING OIL 1L,60,2020-07-05 18:10:17,7.61,14068,1397.7,83862.0,Anuradhapura
500276,40025,KOTMALE FRESH MILK 1L,10,2020-07-31 12:07:14,2.88,14589,529.32,5293.2,Colombo
500276,40024,HIGHLAND MILK 1L,7,2020-07-31 12:07:14,2.33,14589,428.89,3002.23,Colombo
500282,40065,FAIR & LOVELY CREAM 50G,53,2020-08-15 17:08:25,2.09,14530,385.35,20423.55,Jaffna
500043,40115,PEPSI 1.5L,9,2020-09-25 17:29:02,1.91,,352.98,3176.82,Gampaha
500292,40041,BABY CHERAMY SOAP 90G,4,2020-10-27 14:47:39,0.86,14490,159.86,639.44,Badulla
500292,40020,ELEPHANT HOUSE CREAM SODA 1.5L,11,2020-10-27 14:47:39,2.67,14490,494.12,5435.32,Badulla
500292,40046,MARMITE 100G,24,2020-10-27 14:47:39,4.94,14490,913.63,21927.12,Badulla
500292,40042,MARINA COCONUT OIL 1L,11,2020-10-27 14:47:39,5.37,14490,994.12,10935.32,Badulla
500292,40006,MUNCHEE SUPER CREAM CRACKER 500G,42,2020-10-27 14:47:39,3.15,14490,582.21,24452.82,Badulla
500290,40016,LINK SAMAHAN BOX (100 PACKETS),1,2020-11-01 11:46:58,10.16,14194,1881.97,1881.97,Batticaloa
500290,40087,CARGILLS MAGIC SAUSAGES 400G,10,2020-11-01 11:46:58,4.54,14194,840.91,8409.1,Batticaloa
500290,40048,EDINBOROUGH SOY SAUCE 400ML,39,2020-11-01 11:46:58,2.01,14194,371.66,14494.74,Batticaloa
500290,DELV,COURIER DELIVERY CHARGE,5,2020-11-01 11:46:58,1.62,14194,300.0,1500.0,Batticaloa
500290,40090,RITZBURY CHOCOLATE BAR 100G,10,2020-11-01 11:46:58,1.7,14194,315.21,3152.1,Batticaloa
500290,40034,HARISCHANDRA COFFEE 100G,3,2020-11-01 11:46:58,2.06,14194,381.42,1144.26,Batticaloa
500290,40059,SURF EXCEL 1KG,5,2020-11-01 11:46:58,5.26,14194,974.09,4870.45,Batticaloa
500290,40101,CBL EDGE COOKING OIL 1L,1,2020-11-01 11:46:58,4.27,14194,790.42,790.42,Batticaloa
500290,40086,FITS COOKING OIL 1L,4,2020-11-01 11:46:58,7.54,14194,1395.62,5582.48,Batticaloa
500290,40027,KEELLS CHICKEN SAUSAGES 500G,48,2020-11-01 11:46:58,5.77,14194,1067.94,51261.12,Batticaloa
500241,40017,MD MIXED FRUIT JAM 500G,10,2020-11-21 12:05:10,3.62,,671.57,6715.7,Galle
500241,40005,WATAWALA TEA 400G,9,2020-11-21 12:05:10,4.6,,852.6,7673.4,Galle
500241,40016,LINK SAMAHAN BOX (100 PACKETS),9,2020-11-21 12:05:10,10.45,,1938.11,17442.99,Galle
500241,40003,DILMAH GREEN TEA 20 BAGS,9,2020-11-21 12:05:10,3.11,,576.62,5189.58,Galle
500241,40032,PRIMA STELLA NOODLES 400G,11,2020-11-21 12:05:10,1.76,,326.16,3587.76,Galle
500241,40056,SUNSILK BLACK SHAMPOO 200ML,1,2020-11-21 12:05:10,3.59,,665.46,665.46,Galle
500241,40061,VELVET BEAUTY SOAP 100G,40,2020-11-21 12:05:10,0.88,,163.03,6521.2,Galle
500241,40114,DETTOL ANTISEPTIC LIQUID 250ML,12,2020-11-21 12:05:10,3.29,,609.21,7310.52,Galle
500112,40016,LINK SAMAHAN BOX (100 PACKETS),3,2020-11-23 16:13:09,8.2,14121,1520.74,4562.22,Colombo
500112,40070,NESPRAY MILK POWDER 400G,3,2020-11-23 16:13:09,7.41,14121,1374.33,4122.99,Colombo
500112,40019,ELEPHANT HOUSE GINGER BEER 1.5L,12,2020-11-23 16:13:09,2.79,14121,517.58,6210.96,Colombo
500112,40007,MUNCHEE CHOCOLATE BISCUIT 200G,11,2020-11-23 16:13:09,1.36,14121,251.56,2767.16,Colombo
500112,40113,GILLETTE SHAVING FOAM 200ML,14,2020-11-23 16:13:09,4.51,14121,836.93,11717.02,Colombo
500112,40070,NESPRAY MILK POWDER 400G,48,2020-11-23 16:13:09,7.28,14121,1349.71,64786.08,Colombo
500112,40084,AKBAR TEA 400G,10,2020-11-23 16:13:09,4.31,14121,799.76,7997.6,Colombo
500154,40080,COCA-COLA 1.5L,2,2020-11-28 18:05:15,2.07,14079,383.51,767.02,Kandy
500154,40020,ELEPHANT HOUSE CREAM SODA 1.5L,10,2020-11-28 18:05:15,2.5,14079,464.51,4645.1,Kandy
500154,40024,HIGHLAND MILK 1L,5,2020-11-28 18:05:15,2.77,14079,514.81,2574.05,Kandy
500154,40016,LINK SAMAHAN BOX (100 PACKETS),12,2020-11-28 18:05:15,9.28,14079,1722.2,20666.4,Kandy
500154,40084,AKBAR TEA 400G,30,2020-11-28 18:05:15,4.34,14079,805.82,24174.6,Kandy
500154,40089,KANDOS CHOCOLATE BAR 100G,50,2020-11-28 18:05:15,1.51,14079,280.92,14046.0,Kandy
500154,40086,FITS COOKING OIL 1L,5,2020-11-28 18:05:15,6.57,14079,1218.57,6092.85,Kandy
500154,40079,CEYLON TOBACCO (CIGARETTES PACK),41,2020-11-28 18:05:15,6.65,14079,1233.2,50561.2,Kandy
500154,DELV,COURIER DELIVERY CHARGE,10,2020-11-28 18:05:15,1.62,14079,300.0,3000.0,Kandy
500269,40070,NESPRAY MILK POWDER 400G,7,2020-11-30 13:47:46,7.23,14646,1341.48,9390.36,Colombo
500269,40088,CARGILLS FRESH EGGS (10),5,2020-11-30 13:47:46,2.23,14646,414.4,2072.0,Colombo
500269,40106,KOTMALE ICE CREAM VANILLA 1L,4,2020-11-30 13:47:46,5.95,14646,1104.58,4418.32,Colombo
500018,40093,LIPTON YELLOW LABEL TEA 400G,7,2020-12-08 09:34:03,5.9,14070,1095.82,7670.74,Kegalle
500018,40113,GILLETTE SHAVING FOAM 200ML,10,2020-12-08 09:34:03,4.4,14070,817.15,8171.5,Kegalle
500018,40111,ASTRA MAYONNAISE 250G,3,2020-12-08 09:34:03,2.21,14070,409.77,1229.31,Kegalle
500018,40112,DENIYA BABY SHAMPOO 200ML,5,2020-12-08 09:34:03,3.19,14070,592.12,2960.6,Kegalle
500018,40025,KOTMALE FRESH MILK 1L,4,2020-12-08 09:34:03,2.44,14070,453.41,1813.64,Kegalle
500018,40086,FITS COOKING OIL 1L,10,2020-12-08 09:34:03,6.63,14070,1230.44,12304.4,Kegalle
500018,40043,ASTRA MARGARINE 250G,2,2020-12-08 09:34:03,2.25,14070,417.42,834.84,Kegalle
500018,40049,ROZA PASTA MACARONI 400G,1,2020-12-08 09:34:03,1.79,14070,333.11,333.11,Kegalle
500018,40093,LIPTON YELLOW LABEL TEA 400G,10,2020-12-08 09:34:03,6.3,14070,1169.37,11693.7,Kegalle
500018,40037,MOTHA STRAWBERRY JELLY 100G,11,2020-12-08 09:34:03,0.75,14070,138.39,1522.29,Kegalle
500018,40086,FITS COOKING OIL 1L,53,2020-12-08 09:34:03,7.52,14070,1395.55,73964.15,Kegalle
500018,40069,ANCHOR BUTTER 200G,7,2020-12-08 09:34:03,5.06,14070,940.29,6582.03,Kegalle
500108,40086,FITS COOKING OIL 1L,57,2020-12-09 10:49:34,6.11,14215,1133.72,64622.04,Nuwara Eliya
500108,40087,CARGILLS MAGIC SAUSAGES 400G,9,2020-12-09 10:49:34,4.78,14215,887.83,7990.47,Nuwara Eliya
500108,40041,BABY CHERAMY SOAP 90G,55,2020-12-09 10:49:34,0.84,14215,155.86,8572.3,Nuwara Eliya
500108,40018,MD MANGO CHUTNEY 400G,15,2020-12-09 10:49:34,4.15,14215,770.28,11554.2,Nuwara Eliya
500108,40020,ELEPHANT HOUSE CREAM SODA 1.5L,6,2020-12-09 10:49:34,2.36,14215,437.94,2627.64,Nuwara Eliya
500108,40103,SOYA MEAT CHUNKS 400G,5,2020-12-09 10:49:34,1.96,14215,364.73,1823.65,Nuwara Eliya
500108,40027,KEELLS CHICKEN SAUSAGES 500G,7,2020-12-09 10:49:34,5.82,14215,1080.5,7563.5,Nuwara Eliya
500108,40078,SOFTLOGIC COCONUT MILK 400ML,4,2020-12-09 10:49:34,1.84,14215,341.87,1367.48,Nuwara Eliya
500108,40113,GILLETTE SHAVING FOAM 200ML,11,2020-12-09 10:49:34,3.82,14215,708.63,7794.93,Nuwara Eliya
500108,40110,SERENDIB SALT IODIZED 400G,1,2020-12-09 10:49:34,0.45,14215,82.99,82.99,Nuwara Eliya
500108,40078,SOFTLOGIC COCONUT MILK 400ML,2,2020-12-09 10:49:34,2.15,14215,399.59,799.18,Nuwara Eliya
500108,40055,LIFEBUOY SOAP 100G,60,2020-12-09 10:49:34,0.74,14215,137.61,8256.6,Nuwara Eliya
500108,40066,PONDS TALCUM POWDER 100G,12,2020-12-09 10:49:34,2.08,14215,385.48,4625.76,Nuwara Eliya
500108,40051,LANKA SOY CHICKEN FLAVOUR 90G,11,2020-12-09 10:49:34,0.66,14215,123.22,1355.42,Nuwara Eliya
500108,40040,SIGNAL TOOTHPASTE 120G,5,2020-12-09 10:49:34,1.54,14215,286.19,1430.95,Nuwara Eliya
500108,40107,AMBEWELA FRESH MILK 1L,10,2020-12-09 10:49:34,2.38,14215,441.32,4413.2,Nuwara Eliya
500108,40048,EDINBOROUGH SOY SAUCE 400ML,58,2020-12-09 10:49:34,2.45,14215,454.99,26389.42,Nuwara Eliya
500108,40025,KOTMALE FRESH MILK 1L,2,2020-12-09 10:49:34,2.72,14215,504.44,1008.88,Nuwara Eliya
500246,40106,KOTMALE ICE CREAM VANILLA 1L,18,2020-12-09 14:39:09,4.92,14287,914.15,16454.7,Batticaloa
500246,40007,MUNCHEE CHOCOLATE BISCUIT 200G,12,2020-12-09 14:39:09,1.26,14287,234.07,2808.84,Batticaloa
500246,40032,PRIMA STELLA NOODLES 400G,7,2020-12-09 14:39:09,1.75,14287,324.61,2272.27,Batticaloa
500246,40063,MILO 400G,6,2020-12-09 14:39:09,5.13,14287,951.73,5710.38,Batticaloa
500246,40044,HAPPY COW CHEESE 120G,4,2020-12-09 14:39:09,5.95,14287,1104.06,4416.24,Batticaloa
500246,40062,NESTOMALT 400G,1,2020-12-09 14:39:09,3.94,14287,731.49,731.49,Batticaloa
500246,40020,ELEPHANT HOUSE CREAM SODA 1.5L,54,2020-12-09 14:39:09,2.49,14287,462.65,24983.1,Batticaloa
500246,40069,ANCHOR BUTTER 200G,12,2020-12-09 14:39:09,4.38,14287,813.34,9760.08,Batticaloa
500246,40086,FITS COOKING OIL 1L,8,2020-12-09 14:39:09,6.33,14287,1175.07,9400.56,Batticaloa
500246,40095,MUNCHEE NICE BISCUIT 200G,6,2020-12-09 14:39:09,1.08,14287,199.68,1198.08,Batticaloa
500246,40108,RICHLIFE MILK POWDER 400G,4,2020-12-09 14:39:09,6.11,14287,1134.66,4538.64,Batticaloa
500246,40014,SPA CEYLON HAND CREAM,39,2020-12-09 14:39:09,13.28,14287,2466.92,96209.88,Batticaloa
500246,40109,CARGILLS SQUARE DEAL WHITE SUGAR 1KG,1,2020-12-09 14:39:09,1.82,14287,338.32,338.32,Batticaloa
500246,40017,MD MIXED FRUIT JAM 500G,7,2020-12-09 14:39:09,4.39,14287,815.88,5711.16,Batticaloa
500246,40051,LANKA SOY CHICKEN FLAVOUR 90G,6,2020-12-09 14:39:09,0.72,14287,134.38,806.28,Batticaloa
500246,40111,ASTRA MAYONNAISE 250G,5,2020-12-09 14:39:09,2.3,14287,427.28,2136.4,Batticaloa
500246,40060,SUNLIGHT SOAP 115G,3,2020-12-09 14:39:09,0.72,14287,133.04,399.12,Batticaloa
500246,40106,KOTMALE ICE CREAM VANILLA 1L,5,2020-12-09 14:39:09,4.89,14287,908.97,4544.85,Batticaloa
500246,40070,NESPRAY MILK POWDER 400G,11,2020-12-09 14:39:09,7.54,14287,1399.93,15399.23,Batticaloa
500246,40056,SUNSILK BLACK SHAMPOO 200ML,10,2020-12-09 14:39:09,3.75,14287,695.86,6958.6,Batticaloa
500218,40107,AMBEWELA FRESH MILK 1L,6,2020-12-09 17:32:34,2.13,14233,396.24,2377.44,Hambantota
500218,40046,MARMITE 100G,5,2020-12-09 17:32:34,4.37,14233,812.2,4061.0,Hambantota
500307,40112,DENIYA BABY SHAMPOO 200ML,5,2020-12-12 14:53:30,2.64,14238,490.8,2454.0,Nuwara Eliya
500307,40115,PEPSI 1.5L,12,2020-12-12 14:53:30,1.86,14238,346.08,4152.96,Nuwara Eliya
500307,40101,CBL EDGE COOKING OIL 1L,12,2020-12-12 14:53:30,5.12,14238,950.59,11407.08,Nuwara Eliya
500307,40039,CLOGARD TOOTHPASTE 120G,8,2020-12-12 14:53:30,1.5,14238,277.89,2223.12,Nuwara Eliya
500307,40099,PRIMA CHICKEN NOODLES CUP,8,2020-12-12 14:53:30,0.72,14238,132.82,1062.56,Nuwara Eliya
500307,40052,WIJAYA ROASTED CURRY POWDER 250G,1,2020-12-12 14:53:30,2.16,14238,401.06,401.06,Nuwara Eliya
500307,40018,MD MANGO CHUTNEY 400G,11,2020-12-12 14:53:30,4.5,14238,836.42,9200.62,Nuwara Eliya
500307,40077,PILAWOOS FALOODA MIX 200G,10,2020-12-12 14:53:30,1.97,14238,364.98,3649.8,Nuwara Eliya
500079,40040,SIGNAL TOOTHPASTE 120G,6,2020-12-21 13:26:12,1.51,14255,280.73,1684.38,Hambantota
500079,40049,ROZA PASTA MACARONI 400G,5,2020-12-21 13:26:12,1.8,14255,334.09,1670.45,Hambantota
500079,40073,DELMEGE BASMATI RICE 5KG,10,2020-12-21 13:26:12,11.31,14255,2102.66,21026.6,Hambantota
500079,40040,SIGNAL TOOTHPASTE 120G,12,2020-12-21 13:26:12,1.54,14255,286.29,3435.48,Hambantota
500079,40045,PANADOL 100 TABLETS,1,2020-12-21 13:26:12,2.91,14255,541.16,541.16,Hambantota
500079,40005,WATAWALA TEA 400G,8,2020-12-21 13:26:12,4.91,14255,913.37,7306.96,Hambantota
500079,40062,NESTOMALT 400G,3,2020-12-21 13:26:12,3.8,14255,706.73,2120.19,Hambantota
500079,40075,RANMUTHU RICE 5KG,1,2020-12-21 13:26:12,9.4,14255,1746.94,1746.94,Hambantota
500079,40016,LINK SAMAHAN BOX (100 PACKETS),7,2020-12-21 13:26:12,9.34,14255,1735.13,12145.91,Hambantota
500079,40109,CARGILLS SQUARE DEAL WHITE SUGAR 1KG,4,2020-12-21 13:26:12,1.58,14255,294.27,1177.08,Hambantota
500079,40009,MUNCHEE TIKIRI MARIE 80G,1,2020-12-21 13:26:12,0.43,14255,80.69,80.69,Hambantota
500079,40073,DELMEGE BASMATI RICE 5KG,1,2020-12-21 13:26:12,13.44,14255,2497.33,2497.33,Hambantota
500079,40012,MALIBAN CREAM CRACKER 500G,3,2020-12-21 13:26:12,2.36,14255,439.3,1317.9,Hambantota
500079,40084,AKBAR TEA 400G,6,2020-12-21 13:26:12,4.06,14255,754.18,4525.08,Hambantota
500079,40059,SURF EXCEL 1KG,3,2020-12-21 13:26:12,5.41,14255,1005.31,3015.93,Hambantota
500079,40097,KEELLS FROZEN SAUSAGE ROLL 400G,4,2020-12-21 13:26:12,2.65,14255,492.22,1968.88,Hambantota
500079,40014,SPA CEYLON HAND CREAM,4,2020-12-21 13:26:12,14.73,14255,2738.45,10953.8,Hambantota
500079,40021,ELEPHANT HOUSE VANILLA ICE CREAM 1L,12,2020-12-21 13:26:12,5.24,14255,973.46,11681.52,Hambantota
C500338,40047,PELWATTE BUTTER 200G,-6,2020-12-28 14:30:16,4.43,14016,824.6,-4947.6,Nuwara Eliya
C500338,40057,VIM DISHWASH LIQUID 500ML,-7,2020-12-28 14:30:16,2.9,14016,538.89,-3772.23,Nuwara Eliya
500142,40052,WIJAYA ROASTED CURRY POWDER 250G,8,2021-01-03 13:23:57,2.51,,467.8,3742.4,Kalutara
500142,40069,ANCHOR BUTTER 200G,9,2021-01-03 13:23:57,4.72,,878.97,7910.73,Kalutara
500142,40057,VIM DISHWASH LIQUID 500ML,1,2021-01-03 13:23:57,2.68,,499.77,499.77,Kalutara
500142,40112,DENIYA BABY SHAMPOO 200ML,58,2021-01-03 13:23:57,3.11,,578.47,33551.26,Kalutara
500142,40067,COLGATE TOOTHPASTE 120G,10,2021-01-03 13:23:57,1.44,,267.53,2675.3,Kalutara
500142,40097,KEELLS FROZEN SAUSAGE ROLL 400G,10,2021-01-03 13:23:57,3.27,,609.79,6097.9,Kalutara
500142,40040,SIGNAL TOOTHPASTE 120G,11,2021-01-03 13:23:57,1.43,,267.13,2938.43,Kalutara
500142,40020,ELEPHANT HOUSE CREAM SODA 1.5L,6,2021-01-03 13:23:57,2.49,,463.37,2780.22,Kalutara
500142,40088,CARGILLS FRESH EGGS (10),12,2021-01-03 13:23:57,2.36,,439.05,5268.6,Kalutara
500173,40027,KEELLS CHICKEN SAUSAGES 500G,8,2021-01-06 17:34:20,5.62,14308,1048.4,8387.2,Puttalam
500173,40054,PEARS BABY POWDER 100G,5,2021-01-06 17:34:20,1.59,14308,296.99,1484.95,Puttalam
500173,40114,DETTOL ANTISEPTIC LIQUID 250ML,3,2021-01-06 17:34:20,3.38,14308,630.62,1891.86,Puttalam
500173,40068,CLOSE UP TOOTHPASTE 120G,3,2021-01-06 17:34:20,1.36,14308,253.82,761.46,Puttalam
500173,40096,MALIBAN CHOCOLATE WAFER 100G,4,2021-01-06 17:34:20,1.34,14308,250.54,1002.16,Puttalam
500173,40063,MILO 400G,8,2021-01-06 17:34:20,4.88,14308,910.4,7283.2,Puttalam
500173,40074,ARALIYA WHITE RICE 5KG,6,2021-01-06 17:34:20,9.58,14308,1784.83,10708.98,Puttalam
500173,40049,ROZA PASTA MACARONI 400G,9,2021-01-06 17:34:20,1.78,14308,332.4,2991.6,Puttalam
500173,40050,RANCRISP CASHEWS 50G,12,2021-01-06 17:34:20,2.01,14308,375.23,4502.76,Puttalam
500173,40039,CLOGARD TOOTHPASTE 120G,12,2021-01-06 17:34:20,1.33,14308,248.69,2984.28,Puttalam
500173,40096,MALIBAN CHOCOLATE WAFER 100G,7,2021-01-06 17:34:20,1.22,14308,228.28,1597.96,Puttalam
500173,40027,KEELLS CHICKEN SAUSAGES 500G,2,2021-01-06 17:34:20,5.63,14308,1049.54,2099.08,Puttalam
500173,40077,PILAWOOS FALOODA MIX 200G,12,2021-01-06 17:34:20,2.32,14308,432.33,5187.96,Puttalam
500173,40056,SUNSILK BLACK SHAMPOO 200ML,9,2021-01-06 17:34:20,3.34,14308,623.32,5609.88,Puttalam
500173,40094,BASILUR CEYLON TEA GIFT TIN,3,2021-01-06 17:34:20,8.19,14308,1527.44,4582.32,Puttalam
500031,40035,CBL SAMAPOSHA 200G,10,2021-01-11 17:51:08,1.03,14575,192.17,1921.7,Galle
500031,40060,SUNLIGHT SOAP 115G,10,2021-01-11 17:51:08,0.8,14575,149.31,1493.1,Galle
500031,40094,BASILUR CEYLON TEA GIFT TIN,7,2021-01-11 17:51:08,7.98,14575,1490.38,10432.66,Galle
500031,40039,CLOGARD TOOTHPASTE 120G,3,2021-01-11 17:51:08,1.24,14575,232.19,696.57,Galle
500031,40095,MUNCHEE NICE BISCUIT 200G,5,2021-01-11 17:51:08,1.27,14575,236.92,1184.6,Galle
500031,40086,FITS COOKING OIL 1L,1,2021-01-11 17:51:08,7.14,14575,1334.0,1334.0,Galle
500031,40112,DENIYA BABY SHAMPOO 200ML,8,2021-01-11 17:51:08,2.75,14575,514.05,4112.4,Galle
500031,40058,DIVA WASHING POWDER 1KG,9,2021-01-11 17:51:08,4.05,14575,755.6,6800.4,Galle
500031,40069,ANCHOR BUTTER 200G,5,2021-01-11 17:51:08,4.86,14575,907.19,4535.95,Galle
500031,40037,MOTHA STRAWBERRY JELLY 100G,10,2021-01-11 17:51:08,0.77,14575,144.39,1443.9,Galle
500031,40031,PRIMA KOTTU MEE CUP,10,2021-01-11 17:51:08,0.99,14575,184.42,1844.2,Galle
500031,40021,ELEPHANT HOUSE VANILLA ICE CREAM 1L,9,2021-01-11 17:51:08,5.45,14575,1018.22,9163.98,Galle
500162,40039,CLOGARD TOOTHPASTE 120G,1,2021-01-13 15:53:37,1.37,14116,256.85,256.85,Colombo
500162,40054,PEARS BABY POWDER 100G,12,2021-01-13 15:53:37,1.62,14116,302.58,3630.96,Colombo
500162,40049,ROZA PASTA MACARONI 400G,11,2021-01-13 15:53:37,1.93,14116,361.15,3972.65,Colombo
500162,40110,SERENDIB SALT IODIZED 400G,12,2021-01-13 15:53:37,0.43,14116,80.01,960.12,Colombo
500162,40067,COLGATE TOOTHPASTE 120G,1,2021-01-13 15:53:37,1.43,14116,267.39,267.39,Colombo
500162,40047,PELWATTE BUTTER 200G,3,2021-01-13 15:53:37,4.62,14116,863.2,2589.6,Colombo
500162,40108,RICHLIFE MILK POWDER 400G,6,2021-01-13 15:53:37,5.87,14116,1097.1,6582.6,Colombo
500162,40068,CLOSE UP TOOTHPASTE 120G,2,2021-01-13 15:53:37,1.58,14116,295.31,590.62,Colombo
500162,40008,MUNCHEE LEMON PUFF 200G,6,2021-01-13 15:53:37,1.37,14116,256.89,1541.34,Colombo
500162,40005,WATAWALA TEA 400G,5,2021-01-13 15:53:37,4.96,14116,927.25,4636.25,Colombo
500162,40004,ZESTA TEA 400G,12,2021-01-13 15:53:37,7.24,14116,1352.52,16230.24,Colombo
500162,40025,KOTMALE FRESH MILK 1L,4,2021-01-13 15:53:37,2.78,14116,519.55,2078.2,Colombo
500162,40038,MOTHA FALUDA MIX 100G,53,2021-01-13 15:53:37,1.22,14116,227.6,12062.8,Colombo
500162,40086,FITS COOKING OIL 1L,23,2021-01-13 15:53:37,7.1,14116,1326.37,30506.51,Colombo
500162,40042,MARINA COCONUT OIL 1L,7,2021-01-13 15:53:37,5.91,14116,1105.13,7735.91,Colombo
500162,40018,MD MANGO CHUTNEY 400G,4,2021-01-13 15:53:37,4.49,14116,838.75,3355.0,Colombo
500162,40079,CEYLON TOBACCO (CIGARETTES PACK),2,2021-01-13 15:53:37,6.8,14116,1269.95,2539.9,Colombo
500162,40067,COLGATE TOOTHPASTE 120G,3,2021-01-13 15:53:37,1.53,14116,286.13,858.39,Colombo
500176,40096,MALIBAN CHOCOLATE WAFER 100G,2,2021-01-16 12:32:54,1.16,14603,216.52,433.04,Vavuniya
500176,40059,SURF EXCEL 1KG,10,2021-01-16 12:32:54,5.05,14603,945.21,9452.1,Vavuniya
500176,40085,RANFAT COOKING OIL 1L,2,2021-01-16 12:32:54,7.31,14603,1366.57,2733.14,Vavuniya
500176,40019,ELEPHANT HOUSE GINGER BEER 1.5L,8,2021-01-16 12:32:54,2.4,14603,448.52,3588.16,Vavuniya
500176,40098,BAIRAHA CHICKEN SAUSAGES 500G,11,2021-01-16 12:32:54,2.82,14603,527.56,5803.16,Vavuniya
500176,40089,KANDOS CHOCOLATE BAR 100G,7,2021-01-16 12:32:54,1.4,14603,262.71,1838.97,Vavuniya
500176,40082,NECTO 1.5L,42,2021-01-16 12:32:54,2.27,14603,423.7,17795.4,Vavuniya
500176,40084,AKBAR TEA 400G,1,2021-01-16 12:32:54,4.43,14603,829.01,829.01,Vavuniya
500176,40063,MILO 400G,7,2021-01-16 12:32:54,4.75,14603,888.03,6216.21,Vavuniya
500176,40007,MUNCHEE CHOCOLATE BISCUIT 200G,9,2021-01-16 12:32:54,1.22,14603,227.83,2050.47,Vavuniya
500176,40014,SPA CEYLON HAND CREAM,43,2021-01-16 12:32:54,12.24,14603,2290.17,98477.31,Vavuniya
500176,40021,ELEPHANT HOUSE VANILLA ICE CREAM 1L,8,2021-01-16 12:32:54,5.44,14603,1018.05,8144.4,Vavuniya
500351,40021,ELEPHANT HOUSE VANILLA ICE CREAM 1L,10,2021-01-16 18:51:01,4.39,14259,821.05,8210.5,Batticaloa
500351,40068,CLOSE UP TOOTHPASTE 120G,9,2021-01-16 18:51:01,1.63,14259,304.32,2738.88,Batticaloa
500351,40063,MILO 400G,6,2021-01-16 18:51:01,4.42,14259,827.38,4964.28,Batticaloa
500351,40107,AMBEWELA FRESH MILK 1L,6,2021-01-16 18:51:01,1.89,14259,352.62,2115.72,Batticaloa
500351,40047,PELWATTE BUTTER 200G,6,2021-01-16 18:51:01,4.89,14259,913.85,5483.1,Batticaloa
500351,40093,LIPTON YELLOW LABEL TEA 400G,7,2021-01-16 18:51:01,5.34,14259,999.31,6995.17,Batticaloa
500351,40106,KOTMALE ICE CREAM VANILLA 1L,8,2021-01-16 18:51:01,5.36,14259,1002.76,8022.08,Batticaloa
500351,40084,AKBAR TEA 400G,3,2021-01-16 18:51:01,4.35,14259,813.6,2440.8,Batticaloa
500351,40002,DILMAH EARL GREY TEA 50 BAGS,12,2021-01-16 18:51:01,5.64,14259,1055.05,12660.6,Batticaloa
500351,40005,WATAWALA TEA 400G,8,2021-01-16 18:51:01,5.09,14259,952.98,7623.84,Batticaloa
500351,40010,MALIBAN MARIE BISCUITS 400G,10,2021-01-16 18:51:01,1.88,14259,351.22,3512.2,Batticaloa
500351,40070,NESPRAY MILK POWDER 400G,4,2021-01-16 18:51:01,7.14,14259,1336.01,5344.04,Batticaloa
500116,40075,RANMUTHU RICE 5KG,10,2021-02-03 14:37:16,8.55,14578,1608.88,16088.8,Gampaha
500116,40080,COCA-COLA 1.5L,9,2021-02-03 14:37:16,2.13,14578,400.92,3608.28,Gampaha
500116,40103,SOYA MEAT CHUNKS 400G,12,2021-02-03 14:37:16,1.87,14578,352.47,4229.64,Gampaha
500116,40042,MARINA COCONUT OIL 1L,2,2021-02-03 14:37:16,5.59,14578,1051.73,2103.46,Gampaha
500116,40062,NESTOMALT 400G,9,2021-02-03 14:37:16,3.77,14578,710.46,6394.14,Gampaha
500188,40115,PEPSI 1.5L,3,2021-02-27 10:08:31,2.26,14369,429.82,1289.46,Puttalam
500188,40103,SOYA MEAT CHUNKS 400G,11,2021-02-27 10:08:31,1.77,14369,335.34,3688.74,Puttalam
500188,40008,MUNCHEE LEMON PUFF 200G,21,2021-02-27 10:08:31,1.17,14369,221.34,4648.14,Puttalam
500188,DELV,COURIER DELIVERY CHARGE,5,2021-02-27 10:08:31,1.58,14369,300.0,1500.0,Puttalam
500188,40041,BABY CHERAMY SOAP 90G,3,2021-02-27 10:08:31,0.82,14369,156.46,469.38,Puttalam
500076,40080,COCA-COLA 1.5L,7,2021-03-02 18:21:51,2.14,14269,407.21,2850.47,Kandy
500076,40047,PELWATTE BUTTER 200G,11,2021-03-02 18:21:51,3.99,14269,757.68,8334.48,Kandy
500076,40081,SPRITE 1.5L,1,2021-03-02 18:21:51,2.35,14269,446.92,446.92,Kandy
500076,40055,LIFEBUOY SOAP 100G,9,2021-03-02 18:21:51,0.72,14269,137.27,1235.43,Kandy
500076,40083,BOGAWANTALAWA TEA 400G,5,2021-03-02 18:21:51,5.24,14269,995.68,4978.4,Kandy
500076,40109,CARGILLS SQUARE DEAL WHITE SUGAR 1KG,4,2021-03-02 18:21:51,1.66,14269,315.51,1262.04,Kandy
500076,40056,SUNSILK BLACK SHAMPOO 200ML,1,2021-03-02 18:21:51,3.17,14269,602.45,602.45,Kandy
500076,40095,MUNCHEE NICE BISCUIT 200G,2,2021-03-02 18:21:51,1.36,14269,259.21,518.42,Kandy
500076,40005,WATAWALA TEA 400G,5,2021-03-02 18:21:51,4.65,14269,883.37,4416.85,Kandy
500076,40073,DELMEGE BASMATI RICE 5KG,12,2021-03-02 18:21:51,13.69,14269,2602.4,31228.8,Kandy
500203,40048,EDINBOROUGH SOY SAUCE 400ML,6,2021-03-04 18:07:07,2.11,14535,401.25,2407.5,Kalutara
500203,40035,CBL SAMAPOSHA 200G,6,2021-03-04 18:07:07,0.97,14535,184.06,1104.36,Kalutara
500203,40030,KIST MIXED FRUIT NECTAR 1L,3,2021-03-04 18:07:07,3.12,14535,592.64,1777.92,Kalutara
500203,40108,RICHLIFE MILK POWDER 400G,5,2021-03-04 18:07:07,5.22,14535,993.57,4967.85,Kalutara
500203,40019,ELEPHANT HOUSE GINGER BEER 1.5L,42,2021-03-04 18:07:07,2.69,14535,511.73,21492.66,Kalutara
500203,40103,SOYA MEAT CHUNKS 400G,12,2021-03-04 18:07:07,2.04,14535,387.37,4648.44,Kalutara
C500105,40011,MALIBAN LEMON PUFF 200G,-32,2021-03-05 09:17:35,1.28,14261,243.48,-7791.36,Gampaha
C500105,40094,BASILUR CEYLON TEA GIFT TIN,-11,2021-03-05 09:17:35,8.2,14261,1559.4,-17153.4,Gampaha
500021,40053,WIJAYA CHILLI POWDER 250G,1,2021-03-06 15:48:44,2.78,14495,529.42,529.42,Colombo
500021,40051,LANKA SOY CHICKEN FLAVOUR 90G,5,2021-03-06 15:48:44,0.67,14495,127.51,637.55,Colombo
500021,40108,RICHLIFE MILK POWDER 400G,1,2021-03-06 15:48:44,6.51,14495,1239.21,1239.21,Colombo
500021,40100,HARISCHANDRA MILK TEA POWDER 200G,8,2021-03-06 15:48:44,2.73,14495,518.99,4151.92,Colombo
500021,40087,CARGILLS MAGIC SAUSAGES 400G,1,2021-03-06 15:48:44,4.31,14495,820.31,820.31,Colombo
500021,40086,FITS COOKING OIL 1L,3,2021-03-06 15:48:44,6.55,14495,1246.55,3739.65,Colombo
500021,40023,RATHTHI MILK POWDER 400G,30,2021-03-06 15:48:44,5.82,14495,1108.17,33245.1,Colombo
500021,40073,DELMEGE BASMATI RICE 5KG,43,2021-03-06 15:48:44,14.35,14495,2731.5,117454.5,Colombo
500021,40052,WIJAYA ROASTED CURRY POWDER 250G,8,2021-03-06 15:48:44,2.41,14495,458.46,3667.68,Colombo
500021,40034,HARISCHANDRA COFFEE 100G,12,2021-03-06 15:48:44,2.29,14495,435.66,5227.92,Colombo
500078,40031,PRIMA KOTTU MEE CUP,1,2021-03-08 13:49:13,0.82,14122,156.27,156.27,Kandy
500078,40059,SURF EXCEL 1KG,55,2021-03-08 13:49:13,5.58,14122,1063.48,58491.4,Kandy
500078,40028,BAIRAHA CHICKEN 1KG,1,2021-03-08 13:49:13,7.79,14122,1482.83,1482.83,Kandy
500078,40033,HARISCHANDRA NOODLES 400G,2,2021-03-08 13:49:13,1.56,14122,296.53,593.06,Kandy
500078,40023,RATHTHI MILK POWDER 400G,6,2021-03-08 13:49:13,6.89,14122,1312.75,7876.5,Kandy
500078,40110,SERENDIB SALT IODIZED 400G,3,2021-03-08 13:49:13,0.39,14122,75.0,225.0,Kandy
500078,40104,CEYLON CINNAMON POWDER 100G,12,2021-03-08 13:49:13,2.53,14122,481.16,5773.92,Kandy
500078,40033,HARISCHANDRA NOODLES 400G,2,2021-03-08 13:49:13,1.69,14122,322.56,645.12,Kandy
500078,40062,NESTOMALT 400G,2,2021-03-08 13:49:13,3.93,14122,748.19,1496.38,Kandy
500078,40042,MARINA COCONUT OIL 1L,3,2021-03-08 13:49:13,5.66,14122,1077.85,3233.55,Kandy
500078,40109,CARGILLS SQUARE DEAL WHITE SUGAR 1KG,9,2021-03-08 13:49:13,1.46,14122,278.34,2505.06,Kandy
500078,40080,COCA-COLA 1.5L,6,2021-03-08 13:49:13,2.27,14122,432.05,2592.3,Kandy
500078,40085,RANFAT COOKING OIL 1L,4,2021-03-08 13:49:13,6.99,14122,1330.95,5323.8,Kandy
500078,40006,MUNCHEE SUPER CREAM CRACKER 500G,53,2021-03-08 13:49:13,2.62,14122,498.73,26432.69,Kandy
500078,40026,KITHUL TREACLE 750ML,4,2021-03-08 13:49:13,10.96,14122,2087.9,8351.6,Kandy
500078,40024,HIGHLAND MILK 1L,31,2021-03-08 13:49:13,2.3,14122,437.35,13557.85,Kandy
500078,40009,MUNCHEE TIKIRI MARIE 80G,8,2021-03-08 13:49:13,0.38,14122,72.62,580.96,Kandy
500078,40097,KEELLS FROZEN SAUSAGE ROLL 400G,9,2021-03-08 13:49:13,3.01,14122,573.69,5163.21,Kandy
500170,40052,WIJAYA ROASTED CURRY POWDER 250G,8,2021-03-10 09:59:31,2.23,14327,425.37,3402.96,Ampara
500170,40022,ANCHOR MILK POWDER 400G,4,2021-03-10 09:59:31,7.54,14327,1436.71,5746.84,Ampara
500170,40040,SIGNAL TOOTHPASTE 120G,8,2021-03-10 09:59:31,1.47,14327,280.91,2247.28,Ampara
500170,40086,FITS COOKING OIL 1L,9,2021-03-10 09:59:31,6.35,14327,1209.35,10884.15,Ampara
500170,40043,ASTRA MARGARINE 250G,11,2021-03-10 09:59:31,2.39,14327,456.21,5018.31,Ampara
500170,40052,WIJAYA ROASTED CURRY POWDER 250G,5,2021-03-10 09:59:31,2.69,14327,512.49,2562.45,Ampara
500170,40026,KITHUL TREACLE 750ML,5,2021-03-10 09:59:31,10.34,14327,1971.33,9856.65,Ampara
500170,40071,MA MA NOODLES 5 PACK,2,2021-03-10 09:59:31,2.31,14327,440.26,880.52,Ampara
500170,40060,SUNLIGHT SOAP 115G,10,2021-03-10 09:59:31,0.72,14327,136.92,1369.2,Ampara
500170,40035,CBL SAMAPOSHA 200G,9,2021-03-10 09:59:31,1.01,14327,192.46,1732.14,Ampara
500170,40085,RANFAT COOKING OIL 1L,8,2021-03-10 09:59:31,6.49,14327,1237.06,9896.48,Ampara
500170,40053,WIJAYA CHILLI POWDER 250G,40,2021-03-10 09:59:31,2.98,14327,568.3,22732.0,Ampara
500170,40112,DENIYA BABY SHAMPOO 200ML,7,2021-03-10 09:59:31,3.0,14327,571.3,3999.1,Ampara
500170,40065,FAIR & LOVELY CREAM 50G,51,2021-03-10 09:59:31,2.02,14327,385.47,19658.97,Ampara
500170,40108,RICHLIFE MILK POWDER 400G,58,2021-03-10 09:59:31,6.09,14327,1160.82,67327.56,Ampara
500374,40048,EDINBOROUGH SOY SAUCE 400ML,4,2021-03-11 16:12:58,1.92,,365.08,1460.32,Batticaloa
500374,40075,RANMUTHU RICE 5KG,7,2021-03-11 16:12:58,8.79,,1674.92,11724.44,Batticaloa
500373,40095,MUNCHEE NICE BISCUIT 200G,8,2021-03-27 17:15:04,1.01,,194.44,1555.52,Colombo
500373,40028,BAIRAHA CHICKEN 1KG,10,2021-03-27 17:15:04,9.84,,1886.2,18862.0,Colombo
500373,40030,KIST MIXED FRUIT NECTAR 1L,11,2021-03-27 17:15:04,3.18,,608.88,6697.68,Colombo
500373,40097,KEELLS FROZEN SAUSAGE ROLL 400G,12,2021-03-27 17:15:04,2.95,,566.03,6792.36,Colombo
500098,40012,MALIBAN CREAM CRACKER 500G,9,2021-03-31 18:07:56,2.57,,493.05,4437.45,Kandy
500098,40054,PEARS BABY POWDER 100G,54,2021-03-31 18:07:56,1.39,,266.95,14415.3,Kandy
500098,40024,HIGHLAND MILK 1L,11,2021-03-31 18:07:56,2.52,,483.83,5322.13,Kandy
500098,40101,CBL EDGE COOKING OIL 1L,12,2021-03-31 18:07:56,5.21,,999.61,11995.32,Kandy
500098,40073,DELMEGE BASMATI RICE 5KG,11,2021-03-31 18:07:56,13.93,,2673.18,29404.98,Kandy
500098,40104,CEYLON CINNAMON POWDER 100G,12,2021-03-31 18:07:56,2.04,,391.43,4697.16,Kandy
500146,40110,SERENDIB SALT IODIZED 400G,2,2021-04-03 16:29:24,0.34,14004,64.98,129.96,Vavuniya
500359,40083,BOGAWANTALAWA TEA 400G,9,2021-04-07 17:18:40,5.28,14084,1015.09,9135.81,Kandy
500359,40074,ARALIYA WHITE RICE 5KG,31,2021-04-07 17:18:40,8.59,14084,1652.98,51242.38,Kandy
500359,40064,HORLICKS 500G,12,2021-04-07 17:18:40,5.27,14084,1013.81,12165.72,Kandy
500359,40090,RITZBURY CHOCOLATE BAR 100G,10,2021-04-07 17:18:40,1.68,14084,323.35,3233.5,Kandy
500359,40100,HARISCHANDRA MILK TEA POWDER 200G,5,2021-04-07 17:18:40,2.72,14084,523.1,2615.5,Kandy
500359,40025,KOTMALE FRESH MILK 1L,2,2021-04-07 17:18:40,2.51,14084,482.14,964.28,Kandy
500359,40054,PEARS BABY POWDER 100G,9,2021-04-07 17:18:40,1.56,14084,299.84,2698.56,Kandy
500359,40008,MUNCHEE LEMON PUFF 200G,7,2021-04-07 17:18:40,1.08,14084,208.47,1459.29,Kandy
500342,40096,MALIBAN CHOCOLATE WAFER 100G,7,2021-04-20 16:47:06,1.11,14629,215.04,1505.28,Mullaitivu
500342,40049,ROZA PASTA MACARONI 400G,5,2021-04-20 16:47:06,2.0,14629,386.67,1933.35,Mullaitivu
500342,40023,RATHTHI MILK POWDER 400G,9,2021-04-20 16:47:06,6.27,14629,1212.7,10914.3,Mullaitivu
500342,40046,MARMITE 100G,12,2021-04-20 16:47:06,4.42,14629,853.9,10246.8,Mullaitivu
500270,40096,MALIBAN CHOCOLATE WAFER 100G,4,2021-04-23 09:37:55,1.39,14610,269.72,1078.88,Colombo
500270,40064,HORLICKS 500G,1,2021-04-23 09:37:55,5.38,14610,1041.59,1041.59,Colombo
500270,40022,ANCHOR MILK POWDER 400G,2,2021-04-23 09:37:55,7.52,14610,1455.5,2911.0,Colombo
500343,40007,MUNCHEE CHOCOLATE BISCUIT 200G,4,2021-04-26 17:54:02,1.38,14647,266.52,1066.08,Batticaloa
500343,40014,SPA CEYLON HAND CREAM,10,2021-04-26 17:54:02,12.51,14647,2422.39,24223.9,Batticaloa
500343,40007,MUNCHEE CHOCOLATE BISCUIT 200G,27,2021-04-26 17:54:02,1.37,14647,265.77,7175.79,Batticaloa
500343,40112,DENIYA BABY SHAMPOO 200ML,10,2021-04-26 17:54:02,3.0,14647,580.76,5807.6,Batticaloa
500187,40083,BOGAWANTALAWA TEA 400G,8,2021-04-28 12:16:15,5.87,14378,1138.59,9108.72,Matara
500187,40105,GOLDIE CORIANDER POWDER 100G,1,2021-04-28 12:16:15,1.42,14378,274.78,274.78,Matara
500187,40041,BABY CHERAMY SOAP 90G,3,2021-04-28 12:16:15,0.84,14378,162.63,487.89,Matara
500187,40078,SOFTLOGIC COCONUT MILK 400ML,10,2021-04-28 12:16:15,2.09,14378,404.95,4049.5,Matara
500187,40100,HARISCHANDRA MILK TEA POWDER 200G,10,2021-04-28 12:16:15,2.71,14378,525.2,5252.0,Matara
500187,40053,WIJAYA CHILLI POWDER 250G,7,2021-04-28 12:16:15,3.02,14378,584.55,4091.85,Matara
500187,40010,MALIBAN MARIE BISCUITS 400G,10,2021-04-28 12:16:15,1.89,14378,365.84,3658.4,Matara
500187,40094,BASILUR CEYLON TEA GIFT TIN,5,2021-04-28 12:16:15,6.84,14378,1325.98,6629.9,Matara
500187,40084,AKBAR TEA 400G,2,2021-04-28 12:16:15,4.23,14378,819.98,1639.96,Matara
500187,40114,DETTOL ANTISEPTIC LIQUID 250ML,7,2021-04-28 12:16:15,3.24,14378,627.42,4391.94,Matara
500187,40002,DILMAH EARL GREY TEA 50 BAGS,27,2021-04-28 12:16:15,4.92,14378,953.27,25738.29,Matara
500187,40107,AMBEWELA FRESH MILK 1L,3,2021-04-28 12:16:15,1.98,14378,383.57,1150.71,Matara
500280,40040,SIGNAL TOOTHPASTE 120G,14,2021-05-01 16:33:18,1.46,14310,284.06,3976.84,Matara
500280,40006,MUNCHEE SUPER CREAM CRACKER 500G,2,2021-05-01 16:33:18,2.97,14310,575.48,1150.96,Matara
500213,40055,LIFEBUOY SOAP 100G,6,2021-05-02 13:21:18,0.76,,147.6,885.6,Kalutara
500213,40009,MUNCHEE TIKIRI MARIE 80G,12,2021-05-02 13:21:18,0.38,,72.88,874.56,Kalutara
500213,40024,HIGHLAND MILK 1L,1,2021-05-02 13:21:18,2.51,,486.38,486.38,Kalutara
500213,40061,VELVET BEAUTY SOAP 100G,6,2021-05-02 13:21:18,0.83,,161.35,968.1,Kalutara
500213,40052,WIJAYA ROASTED CURRY POWDER 250G,11,2021-05-02 13:21:18,2.41,,468.63,5154.93,Kalutara
500213,40024,HIGHLAND MILK 1L,3,2021-05-02 13:21:18,2.47,,479.06,1437.18,Kalutara
500213,40030,KIST MIXED FRUIT NECTAR 1L,10,2021-05-02 13:21:18,3.65,,709.36,7093.6,Kalutara
500213,40082,NECTO 1.5L,6,2021-05-02 13:21:18,1.84,,357.72,2146.32,Kalutara
500213,40017,MD MIXED FRUIT JAM 500G,7,2021-05-02 13:21:18,3.54,,687.1,4809.7,Kalutara
500213,40087,CARGILLS MAGIC SAUSAGES 400G,11,2021-05-02 13:21:18,4.73,,918.72,10105.92,Kalutara
500213,40086,FITS COOKING OIL 1L,6,2021-05-02 13:21:18,6.66,,1293.02,7758.12,Kalutara
500213,40022,ANCHOR MILK POWDER 400G,6,2021-05-02 13:21:18,6.47,,1256.48,7538.88,Kalutara
500025,40088,CARGILLS FRESH EGGS (10),8,2021-05-08 15:22:21,1.99,14466,387.12,3096.96,Galle
500025,40090,RITZBURY CHOCOLATE BAR 100G,12,2021-05-08 15:22:21,1.53,14466,297.43,3569.16,Galle
500025,40114,DETTOL ANTISEPTIC LIQUID 250ML,11,2021-05-08 15:22:21,3.47,14466,675.29,7428.19,Galle
500025,40034,HARISCHANDRA COFFEE 100G,3,2021-05-08 15:22:21,2.36,14466,459.38,1378.14,Galle
500025,40079,CEYLON TOBACCO (CIGARETTES PACK),7,2021-05-08 15:22:21,7.52,14466,1463.24,10242.68,Galle
500025,40016,LINK SAMAHAN BOX (100 PACKETS),10,2021-05-08 15:22:21,9.87,14466,1919.49,19194.9,Galle
500025,40077,PILAWOOS FALOODA MIX 200G,12,2021-05-08 15:22:21,2.17,14466,421.28,5055.36,Galle
500025,40006,MUNCHEE SUPER CREAM CRACKER 500G,16,2021-05-08 15:22:21,2.54,14466,493.1,7889.6,Galle
500025,40077,PILAWOOS FALOODA MIX 200G,11,2021-05-08 15:22:21,1.88,14466,364.89,4013.79,Galle
500025,40105,GOLDIE CORIANDER POWDER 100G,5,2021-05-08 15:22:21,1.45,14466,282.84,1414.2,Galle
500025,40031,PRIMA KOTTU MEE CUP,8,2021-05-08 15:22:21,0.91,14466,176.86,1414.88,Galle
500025,40089,KANDOS CHOCOLATE BAR 100G,6,2021-05-08 15:22:21,1.59,14466,309.3,1855.8,Galle
500025,40006,MUNCHEE SUPER CREAM CRACKER 500G,6,2021-05-08 15:22:21,2.75,14466,534.57,3207.42,Galle
500025,40019,ELEPHANT HOUSE GINGER BEER 1.5L,8,2021-05-08 15:22:21,2.2,14466,428.43,3427.44,Galle
500025,40095,MUNCHEE NICE BISCUIT 200G,11,2021-05-08 15:22:21,0.98,14466,191.4,2105.4,Galle
500025,40105,GOLDIE CORIANDER POWDER 100G,32,2021-05-08 15:22:21,1.15,14466,223.34,7146.88,Galle
500025,40032,PRIMA STELLA NOODLES 400G,7,2021-05-08 15:22:21,1.68,14466,326.35,2284.45,Galle
500025,40036,MAGGI COCONUT MILK POWDER 300G,28,2021-05-08 15:22:21,4.89,14466,950.89,26624.92,Galle
500025,40027,KEELLS CHICKEN SAUSAGES 500G,7,2021-05-08 15:22:21,5.46,14466,1062.83,7439.81,Galle
500025,40087,CARGILLS MAGIC SAUSAGES 400G,1,2021-05-08 15:22:21,4.4,14466,855.29,855.29,Galle
500248,40064,HORLICKS 500G,3,2021-06-01 11:26:35,5.17,14573,1013.92,3041.76,Vavuniya
500248,40004,ZESTA TEA 400G,12,2021-06-01 11:26:35,5.74,14573,1126.15,13513.8,Vavuniya
500248,40059,SURF EXCEL 1KG,9,2021-06-01 11:26:35,4.41,14573,864.48,7780.32,Vavuniya
500248,40022,ANCHOR MILK POWDER 400G,1,2021-06-01 11:26:35,6.1,14573,1195.16,1195.16,Vavuniya
500248,40081,SPRITE 1.5L,9,2021-06-01 11:26:35,1.88,14573,369.37,3324.33,Vavuniya
500248,40069,ANCHOR BUTTER 200G,1,2021-06-01 11:26:35,4.07,14573,797.26,797.26,Vavuniya
500353,40086,FITS COOKING OIL 1L,9,2021-06-09 19:01:31,6.97,14224,1369.4,12324.6,Gampaha
500353,40085,RANFAT COOKING OIL 1L,7,2021-06-09 19:01:31,6.87,14224,1351.42,9459.94,Gampaha
500353,40020,ELEPHANT HOUSE CREAM SODA 1.5L,51,2021-06-09 19:01:31,2.4,14224,471.9,24066.9,Gampaha
500353,40081,SPRITE 1.5L,5,2021-06-09 19:01:31,1.86,14224,365.45,1827.25,Gampaha
500261,40002,DILMAH EARL GREY TEA 50 BAGS,57,2021-07-01 10:13:38,4.64,14192,919.01,52383.57,Colombo
500261,40036,MAGGI COCONUT MILK POWDER 300G,11,2021-07-01 10:13:38,4.52,14192,894.56,9840.16,Colombo
500261,40020,ELEPHANT HOUSE CREAM SODA 1.5L,8,2021-07-01 10:13:38,2.03,14192,401.5,3212.0,Colombo
500261,40048,EDINBOROUGH SOY SAUCE 400ML,34,2021-07-01 10:13:38,1.94,14192,383.9,13052.6,Colombo
500261,40017,MD MIXED FRUIT JAM 500G,3,2021-07-01 10:13:38,3.31,14192,655.38,1966.14,Colombo
500261,40033,HARISCHANDRA NOODLES 400G,9,2021-07-01 10:13:38,1.38,14192,274.12,2467.08,Colombo
500261,40046,MARMITE 100G,3,2021-07-01 10:13:38,4.8,14192,949.87,2849.61,Colombo
500261,40074,ARALIYA WHITE RICE 5KG,12,2021-07-01 10:13:38,7.37,14192,1459.62,17515.44,Colombo
500261,40022,ANCHOR MILK POWDER 400G,5,2021-07-01 10:13:38,6.67,14192,1320.21,6601.05,Colombo
500261,40051,LANKA SOY CHICKEN FLAVOUR 90G,12,2021-07-01 10:13:38,0.7,14192,138.29,1659.48,Colombo
500261,40053,WIJAYA CHILLI POWDER 250G,2,2021-07-01 10:13:38,2.82,14192,558.05,1116.1,Colombo
500261,40044,HAPPY COW CHEESE 120G,11,2021-07-01 10:13:38,4.68,14192,927.52,10202.72,Colombo
500382,40039,CLOGARD TOOTHPASTE 120G,10,2021-07-01 11:01:07,1.39,14488,276.11,2761.1,Colombo
500382,40098,BAIRAHA CHICKEN SAUSAGES 500G,6,2021-07-01 11:01:07,3.27,14488,647.4,3884.4,Colombo
500382,40011,MALIBAN LEMON PUFF 200G,12,2021-07-01 11:01:07,1.08,14488,214.36,2572.32,Colombo
500382,40059,SURF EXCEL 1KG,2,2021-07-01 11:01:07,5.08,14488,1006.26,2012.52,Colombo
500382,40085,RANFAT COOKING OIL 1L,1,2021-07-01 11:01:07,7.18,14488,1421.59,1421.59,Colombo
500382,40091,USWATTE SPICES MIXED CURRY POWDER 100G,2,2021-07-01 11:01:07,1.44,14488,284.21,568.42,Colombo
500003,40089,KANDOS CHOCOLATE BAR 100G,3,2021-07-03 13:59:40,1.44,14332,285.97,857.91,Kilinochchi
500003,40028,BAIRAHA CHICKEN 1KG,12,2021-07-03 13:59:40,9.41,14332,1863.71,22364.52,Kilinochchi
500003,40091,USWATTE SPICES MIXED CURRY POWDER 100G,3,2021-07-03 13:59:40,1.4,14332,276.77,830.31,Kilinochchi
500003,40020,ELEPHANT HOUSE CREAM SODA 1.5L,8,2021-07-03 13:59:40,2.03,14332,402.57,3220.56,Kilinochchi
500003,40003,DILMAH GREEN TEA 20 BAGS,9,2021-07-03 13:59:40,3.04,14332,602.29,5420.61,Kilinochchi
500003,40029,KIST TOMATO KETCHUP 400G,2,2021-07-03 13:59:40,2.72,14332,538.3,1076.6,Kilinochchi
500003,40051,LANKA SOY CHICKEN FLAVOUR 90G,9,2021-07-03 13:59:40,0.65,14332,129.4,1164.6,Kilinochchi
500003,40007,MUNCHEE CHOCOLATE BISCUIT 200G,11,2021-07-03 13:59:40,1.25,14332,246.98,2716.78,Kilinochchi
500003,40074,ARALIYA WHITE RICE 5KG,8,2021-07-03 13:59:40,8.6,14332,1702.1,13616.8,Kilinochchi
500003,40079,CEYLON TOBACCO (CIGARETTES PACK),10,2021-07-03 13:59:40,7.6,14332,1504.75,15047.5,Kilinochchi
500003,40047,PELWATTE BUTTER 200G,6,2021-07-03 13:59:40,3.97,14332,785.25,4711.5,Kilinochchi
500003,40030,KIST MIXED FRUIT NECTAR 1L,3,2021-07-03 13:59:40,2.79,14332,553.07,1659.21,Kilinochchi
500003,40005,WATAWALA TEA 400G,1,2021-07-03 13:59:40,4.19,14332,829.46,829.46,Kilinochchi
500003,40109,CARGILLS SQUARE DEAL WHITE SUGAR 1KG,3,2021-07-03 13:59:40,1.53,14332,302.36,907.08,Kilinochchi
500003,40001,DILMAH CEYLON TEA 500G,10,2021-07-03 13:59:40,7.61,14332,1506.82,15068.2,Kilinochchi
500003,40055,LIFEBUOY SOAP 100G,5,2021-07-03 13:59:40,0.71,14332,140.74,703.7,Kilinochchi
500003,40021,ELEPHANT HOUSE VANILLA ICE CREAM 1L,15,2021-07-03 13:59:40,4.48,14332,886.81,13302.15,Kilinochchi
500003,40074,ARALIYA WHITE RICE 5KG,9,2021-07-03 13:59:40,7.94,14332,1572.16,14149.44,Kilinochchi
500302,40061,VELVET BEAUTY SOAP 100G,9,2021-07-16 18:16:38,0.91,14285,180.61,1625.49,Ampara
500302,40076,CEYLON COLD STORES YOGHURT 80G,8,2021-07-16 18:16:38,0.56,14285,111.65,893.2,Ampara
500302,40064,HORLICKS 500G,10,2021-07-16 18:16:38,5.17,14285,1024.15,10241.5,Ampara
500302,40115,PEPSI 1.5L,25,2021-07-16 18:16:38,2.26,14285,447.95,11198.75,Ampara
500141,40031,PRIMA KOTTU MEE CUP,6,2021-07-20 13:55:42,0.9,14148,178.0,1068.0,Puttalam
500141,40025,KOTMALE FRESH MILK 1L,11,2021-07-20 13:55:42,2.43,14148,481.05,5291.55,Puttalam
500141,40012,MALIBAN CREAM CRACKER 500G,1,2021-07-20 13:55:42,2.51,14148,497.33,497.33,Puttalam
500141,40100,HARISCHANDRA MILK TEA POWDER 200G,5,2021-07-20 13:55:42,2.65,14148,525.75,2628.75,Puttalam
500141,40078,SOFTLOGIC COCONUT MILK 400ML,9,2021-07-20 13:55:42,1.84,14148,365.37,3288.33,Puttalam
500141,40026,KITHUL TREACLE 750ML,11,2021-07-20 13:55:42,9.17,14148,1817.24,19989.64,Puttalam
500141,40076,CEYLON COLD STORES YOGHURT 80G,9,2021-07-20 13:55:42,0.54,14148,106.18,955.62,Puttalam
500141,40034,HARISCHANDRA COFFEE 100G,3,2021-07-20 13:55:42,2.3,14148,454.94,1364.82,Puttalam
500141,DELV,COURIER DELIVERY CHARGE,2,2021-07-20 13:55:42,1.51,14148,300.0,600.0,Puttalam
500141,40091,USWATTE SPICES MIXED CURRY POWDER 100G,1,2021-07-20 13:55:42,1.29,14148,255.72,255.72,Puttalam
500141,40069,ANCHOR BUTTER 200G,8,2021-07-20 13:55:42,4.77,14148,946.0,7568.0,Puttalam
500141,40068,CLOSE UP TOOTHPASTE 120G,10,2021-07-20 13:55:42,1.41,14148,278.56,2785.6,Puttalam
500141,40001,DILMAH CEYLON TEA 500G,4,2021-07-20 13:55:42,6.72,14148,1331.89,5327.56,Puttalam
500141,40093,LIPTON YELLOW LABEL TEA 400G,12,2021-07-20 13:55:42,5.29,14148,1048.3,12579.6,Puttalam
500141,40018,MD MANGO CHUTNEY 400G,8,2021-07-20 13:55:42,3.55,14148,703.42,5627.36,Puttalam
500357,40029,KIST TOMATO KETCHUP 400G,2,2021-08-03 14:54:56,2.44,14455,484.14,968.28,Trincomalee
500080,40027,KEELLS CHICKEN SAUSAGES 500G,11,2021-08-04 17:55:20,5.69,,1128.95,12418.45,Colombo
500080,40100,HARISCHANDRA MILK TEA POWDER 200G,6,2021-08-04 17:55:20,2.18,,432.97,2597.82,Colombo
500080,40015,SIDDHALEPA BALM 50G,5,2021-08-04 17:55:20,1.57,,310.69,1553.45,Colombo
500143,40072,FUN FOODS MAYONNAISE 250G,5,2021-08-10 15:45:18,3.06,,607.22,3036.1,Kegalle
500143,40061,VELVET BEAUTY SOAP 100G,7,2021-08-10 15:45:18,0.79,,156.78,1097.46,Kegalle
500143,40102,DIAMOND COOKING OIL 1L,12,2021-08-10 15:45:18,4.51,,894.65,10735.8,Kegalle
500143,40026,KITHUL TREACLE 750ML,45,2021-08-10 15:45:18,10.17,,2018.46,90830.7,Kegalle
500143,40014,SPA CEYLON HAND CREAM,1,2021-08-10 15:45:18,14.37,,2851.09,2851.09,Kegalle
500143,40101,CBL EDGE COOKING OIL 1L,6,2021-08-10 15:45:18,5.06,,1004.87,6029.22,Kegalle
500143,40090,RITZBURY CHOCOLATE BAR 100G,8,2021-08-10 15:45:18,1.56,,309.97,2479.76,Kegalle
500143,40106,KOTMALE ICE CREAM VANILLA 1L,1,2021-08-10 15:45:18,4.71,,934.22,934.22,Kegalle
500143,40078,SOFTLOGIC COCONUT MILK 400ML,8,2021-08-10 15:45:18,1.87,,371.61,2972.88,Kegalle
500143,40008,MUNCHEE LEMON PUFF 200G,9,2021-08-10 15:45:18,1.07,,212.3,1910.7,Kegalle
500143,40040,SIGNAL TOOTHPASTE 120G,7,2021-08-10 15:45:18,1.43,,284.42,1990.94,Kegalle
500143,40053,WIJAYA CHILLI POWDER 250G,11,2021-08-10 15:45:18,2.44,,484.98,5334.78,Kegalle
500189,40053,WIJAYA CHILLI POWDER 250G,12,2021-08-17 14:10:45,2.68,,531.82,6381.84,Kandy
500189,40063,MILO 400G,10,2021-08-17 14:10:45,4.8,,953.34,9533.4,Kandy
500189,40038,MOTHA FALUDA MIX 100G,3,2021-08-17 14:10:45,1.28,,254.17,762.51,Kandy
500189,40091,USWATTE SPICES MIXED CURRY POWDER 100G,4,2021-08-17 14:10:45,1.39,,276.6,1106.4,Kandy
500189,40110,SERENDIB SALT IODIZED 400G,2,2021-08-17 14:10:45,0.41,,81.39,162.78,Kandy
500189,40074,ARALIYA WHITE RICE 5KG,48,2021-08-17 14:10:45,8.7,,1726.58,82875.84,Kandy
500189,40048,EDINBOROUGH SOY SAUCE 400ML,6,2021-08-17 14:10:45,2.04,,405.49,2432.94,Kandy
500189,40089,KANDOS CHOCOLATE BAR 100G,10,2021-08-17 14:10:45,1.42,,282.8,2828.0,Kandy
500266,40009,MUNCHEE TIKIRI MARIE 80G,12,2021-08-20 10:57:57,0.42,14304,84.19,1010.28,Kandy
500266,40104,CEYLON CINNAMON POWDER 100G,10,2021-08-20 10:57:57,2.18,14304,432.99,4329.9,Kandy
500266,40090,RITZBURY CHOCOLATE BAR 100G,10,2021-08-20 10:57:57,1.66,14304,328.79,3287.9,Kandy
500266,40102,DIAMOND COOKING OIL 1L,12,2021-08-20 10:57:57,4.02,14304,799.02,9588.24,Kandy
500266,40056,SUNSILK BLACK SHAMPOO 200ML,6,2021-08-20 10:57:57,3.55,14304,704.92,4229.52,Kandy
500266,40044,HAPPY COW CHEESE 120G,50,2021-08-20 10:57:57,5.46,14304,1083.72,54186.0,Kandy
500243,40021,ELEPHANT HOUSE VANILLA ICE CREAM 1L,54,2021-08-24 13:06:27,4.5,,893.37,48241.98,Matale
500243,40087,CARGILLS MAGIC SAUSAGES 400G,6,2021-08-24 13:06:27,4.09,,811.81,4870.86,Matale
500243,40100,HARISCHANDRA MILK TEA POWDER 200G,3,2021-08-24 13:06:27,2.63,,522.68,1568.04,Matale
500245,40080,COCA-COLA 1.5L,10,2021-09-01 09:25:26,1.85,14164,366.85,3668.5,Batticaloa
500245,40015,SIDDHALEPA BALM 50G,3,2021-09-01 09:25:26,1.51,14164,299.5,898.5,Batticaloa
500245,40069,ANCHOR BUTTER 200G,11,2021-09-01 09:25:26,3.94,14164,783.63,8619.93,Batticaloa
500245,40031,PRIMA KOTTU MEE CUP,7,2021-09-01 09:25:26,0.94,14164,187.27,1310.89,Batticaloa
500245,40002,DILMAH EARL GREY TEA 50 BAGS,1,2021-09-01 09:25:26,5.45,14164,1082.98,1082.98,Batticaloa
500245,40014,SPA CEYLON HAND CREAM,1,2021-09-01 09:25:26,13.33,14164,2648.35,2648.35,Batticaloa
500245,40022,ANCHOR MILK POWDER 400G,5,2021-09-01 09:25:26,6.41,14164,1272.74,6363.7,Batticaloa
500245,40076,CEYLON COLD STORES YOGHURT 80G,7,2021-09-01 09:25:26,0.48,14164,95.7,669.9,Batticaloa
500008,40048,EDINBOROUGH SOY SAUCE 400ML,9,2021-09-02 12:03:37,1.96,,389.48,3505.32,Batticaloa
500352,40014,SPA CEYLON HAND CREAM,3,2021-09-02 13:32:44,14.11,14573,2803.17,8409.51,Hambantota
500352,40065,FAIR & LOVELY CREAM 50G,6,2021-09-02 13:32:44,1.84,14573,365.05,2190.3,Hambantota
500352,40067,COLGATE TOOTHPASTE 120G,12,2021-09-02 13:32:44,1.49,14573,296.14,3553.68,Hambantota
500352,40105,GOLDIE CORIANDER POWDER 100G,5,2021-09-02 13:32:44,1.41,14573,280.22,1401.1,Hambantota
500352,40050,RANCRISP CASHEWS 50G,11,2021-09-02 13:32:44,1.78,14573,353.22,3885.42,Hambantota
500352,40076,CEYLON COLD STORES YOGHURT 80G,1,2021-09-02 13:32:44,0.46,14573,90.52,90.52,Hambantota
500352,40019,ELEPHANT HOUSE GINGER BEER 1.5L,12,2021-09-02 13:32:44,2.44,14573,485.11,5821.32,Hambantota
500378,40073,DELMEGE BASMATI RICE 5KG,2,2021-09-02 15:31:27,11.34,14499,2253.56,4507.12,Kandy
500289,40076,CEYLON COLD STORES YOGHURT 80G,10,2021-09-08 15:40:42,0.5,,98.86,988.6,Colombo
500091,40080,COCA-COLA 1.5L,3,2021-09-13 11:43:24,1.95,14154,387.82,1163.46,Nuwara Eliya
500091,40098,BAIRAHA CHICKEN SAUSAGES 500G,8,2021-09-13 11:43:24,2.96,14154,588.1,4704.8,Nuwara Eliya
500091,40067,COLGATE TOOTHPASTE 120G,1,2021-09-13 11:43:24,1.38,14154,275.33,275.33,Nuwara Eliya
500091,40104,CEYLON CINNAMON POWDER 100G,11,2021-09-13 11:43:24,2.44,14154,485.53,5340.83,Nuwara Eliya
500211,40030,KIST MIXED FRUIT NECTAR 1L,6,2021-09-18 13:04:40,3.18,,632.27,3793.62,Matara
500148,40051,LANKA SOY CHICKEN FLAVOUR 90G,8,2021-09-21 17:51:34,0.75,14476,149.44,1195.52,Colombo
500148,40093,LIPTON YELLOW LABEL TEA 400G,11,2021-09-21 17:51:34,5.64,14476,1121.43,12335.73,Colombo
500265,40097,KEELLS FROZEN SAUSAGE ROLL 400G,3,2021-09-25 13:20:21,2.77,14487,551.61,1654.83,Kegalle
500265,40060,SUNLIGHT SOAP 115G,11,2021-09-25 13:20:21,0.77,14487,152.69,1679.59,Kegalle
500265,40010,MALIBAN MARIE BISCUITS 400G,4,2021-09-25 13:20:21,2.17,14487,430.77,1723.08,Kegalle
500265,40074,ARALIYA WHITE RICE 5KG,10,2021-09-25 13:20:21,8.99,14487,1788.76,17887.6,Kegalle
500265,40007,MUNCHEE CHOCOLATE BISCUIT 200G,35,2021-09-25 13:20:21,1.15,14487,228.87,8010.45,Kegalle
500265,40046,MARMITE 100G,37,2021-09-25 13:20:21,4.23,14487,842.02,31154.74,Kegalle
500265,40108,RICHLIFE MILK POWDER 400G,11,2021-09-25 13:20:21,4.9,14487,975.65,10732.15,Kegalle
500265,40028,BAIRAHA CHICKEN 1KG,8,2021-09-25 13:20:21,7.3,14487,1451.73,11613.84,Kegalle
500346,40070,NESPRAY MILK POWDER 400G,6,2021-10-01 10:25:18,7.27,14431,1446.98,8681.88,Kalutara
500346,40024,HIGHLAND MILK 1L,7,2021-10-01 10:25:18,2.16,14431,429.97,3009.79,Kalutara
500346,40084,AKBAR TEA 400G,4,2021-10-01 10:25:18,3.73,14431,743.17,2972.68,Kalutara
500346,40093,LIPTON YELLOW LABEL TEA 400G,10,2021-10-01 10:25:18,5.38,14431,1070.87,10708.7,Kalutara
500346,40075,RANMUTHU RICE 5KG,38,2021-10-01 10:25:18,9.72,14431,1935.36,73543.68,Kalutara
500346,40110,SERENDIB SALT IODIZED 400G,5,2021-10-01 10:25:18,0.33,14431,65.3,326.5,Kalutara
500346,40098,BAIRAHA CHICKEN SAUSAGES 500G,3,2021-10-01 10:25:18,2.65,14431,528.34,1585.02,Kalutara
500346,40066,PONDS TALCUM POWDER 100G,5,2021-10-01 10:25:18,2.28,14431,454.31,2271.55,Kalutara
500333,40052,WIJAYA ROASTED CURRY POWDER 250G,12,2021-10-01 16:16:18,2.52,,502.16,6025.92,Kurunegala
500333,40087,CARGILLS MAGIC SAUSAGES 400G,6,2021-10-01 16:16:18,4.47,,890.33,5341.98,Kurunegala
500333,40020,ELEPHANT HOUSE CREAM SODA 1.5L,1,2021-10-01 16:16:18,2.03,,404.62,404.62,Kurunegala
500333,40044,HAPPY COW CHEESE 120G,10,2021-10-01 16:16:18,5.31,,1056.4,10564.0,Kurunegala
500333,40112,DENIYA BABY SHAMPOO 200ML,15,2021-10-01 16:16:18,2.74,,545.86,8187.9,Kurunegala
500333,40074,ARALIYA WHITE RICE 5KG,5,2021-10-01 16:16:18,8.06,,1604.36,8021.8,Kurunegala
500333,40025,KOTMALE FRESH MILK 1L,10,2021-10-01 16:16:18,2.36,,468.87,4688.7,Kurunegala
500381,40053,WIJAYA CHILLI POWDER 250G,10,2021-10-05 13:01:41,2.9,14377,576.39,5763.9,Hambantota
500381,40102,DIAMOND COOKING OIL 1L,10,2021-10-05 13:01:41,4.56,14377,907.59,9075.9,Hambantota
500381,40071,MA MA NOODLES 5 PACK,5,2021-10-05 13:01:41,2.49,14377,496.6,2483.0,Hambantota
500175,40037,MOTHA STRAWBERRY JELLY 100G,1,2021-10-08 18:11:42,0.63,,125.32,125.32,Kalutara
500175,40100,HARISCHANDRA MILK TEA POWDER 200G,12,2021-10-08 18:11:42,2.71,,538.65,6463.8,Kalutara
500175,40038,MOTHA FALUDA MIX 100G,1,2021-10-08 18:11:42,1.04,,208.0,208.0,Kalutara
500175,40019,ELEPHANT HOUSE GINGER BEER 1.5L,2,2021-10-08 18:11:42,2.19,,436.33,872.66,Kalutara
500175,40081,SPRITE 1.5L,5,2021-10-08 18:11:42,2.06,,410.24,2051.2,Kalutara
500151,40025,KOTMALE FRESH MILK 1L,7,2021-10-09 18:19:36,2.5,14445,497.48,3482.36,Trincomalee
500151,40024,HIGHLAND MILK 1L,7,2021-10-09 18:19:36,2.46,14445,490.16,3431.12,Trincomalee
500151,40063,MILO 400G,1,2021-10-09 18:19:36,4.47,14445,889.15,889.15,Trincomalee
500151,40103,SOYA MEAT CHUNKS 400G,1,2021-10-09 18:19:36,1.71,14445,339.72,339.72,Trincomalee
500151,40053,WIJAYA CHILLI POWDER 250G,6,2021-10-09 18:19:36,2.54,14445,505.92,3035.52,Trincomalee
500151,40072,FUN FOODS MAYONNAISE 250G,5,2021-10-09 18:19:36,2.85,14445,567.06,2835.3,Trincomalee
500005,40035,CBL SAMAPOSHA 200G,11,2021-10-23 15:46:44,1.09,14382,216.59,2382.49,Colombo
500005,40078,SOFTLOGIC COCONUT MILK 400ML,8,2021-10-23 15:46:44,1.8,14382,357.68,2861.44,Colombo
500005,40033,HARISCHANDRA NOODLES 400G,12,2021-10-23 15:46:44,1.38,14382,275.18,3302.16,Colombo
500005,40031,PRIMA KOTTU MEE CUP,1,2021-10-23 15:46:44,0.96,14382,190.8,190.8,Colombo
500005,40051,LANKA SOY CHICKEN FLAVOUR 90G,12,2021-10-23 15:46:44,0.69,14382,137.56,1650.72,Colombo
500005,40013,SPA CEYLON SLEEP BODY LOTION,39,2021-10-23 15:46:44,18.64,14382,3713.46,144824.94,Colombo
500005,40039,CLOGARD TOOTHPASTE 120G,7,2021-10-23 15:46:44,1.31,14382,260.78,1825.46,Colombo
500005,40003,DILMAH GREEN TEA 20 BAGS,6,2021-10-23 15:46:44,2.77,14382,552.53,3315.18,Colombo
500005,40081,SPRITE 1.5L,4,2021-10-23 15:46:44,1.89,14382,377.13,1508.52,Colombo
500136,40016,LINK SAMAHAN BOX (100 PACKETS),2,2021-10-23 15:48:16,8.89,14144,1770.81,3541.62,Galle
500136,DELV,COURIER DELIVERY CHARGE,2,2021-10-23 15:48:16,1.51,14144,300.0,600.0,Galle
500136,40076,CEYLON COLD STORES YOGHURT 80G,11,2021-10-23 15:48:16,0.52,14144,104.37,1148.07,Galle
500136,40013,SPA CEYLON SLEEP BODY LOTION,1,2021-10-23 15:48:16,21.28,14144,4240.33,4240.33,Galle
500136,40109,CARGILLS SQUARE DEAL WHITE SUGAR 1KG,11,2021-10-23 15:48:16,1.6,14144,318.28,3501.08,Galle
500136,40059,SURF EXCEL 1KG,32,2021-10-23 15:48:16,4.33,14144,862.32,27594.24,Galle
500136,40064,HORLICKS 500G,8,2021-10-23 15:48:16,5.85,14144,1164.86,9318.88,Galle
500136,40097,KEELLS FROZEN SAUSAGE ROLL 400G,9,2021-10-23 15:48:16,2.46,14144,489.68,4407.12,Galle
500136,40002,DILMAH EARL GREY TEA 50 BAGS,10,2021-10-23 15:48:16,4.41,14144,878.14,8781.4,Galle
500136,40013,SPA CEYLON SLEEP BODY LOTION,6,2021-10-23 15:48:16,22.66,14144,4514.6,27087.6,Galle
500136,40088,CARGILLS FRESH EGGS (10),1,2021-10-23 15:48:16,2.27,14144,451.91,451.91,Galle
500136,40023,RATHTHI MILK POWDER 400G,1,2021-10-23 15:48:16,6.39,14144,1273.39,1273.39,Galle
500133,40058,DIVA WASHING POWDER 1KG,8,2021-10-30 13:49:52,3.41,14566,680.42,5443.36,Ratnapura
500133,40114,DETTOL ANTISEPTIC LIQUID 250ML,2,2021-10-30 13:49:52,2.79,14566,555.83,1111.66,Ratnapura
500133,40005,WATAWALA TEA 400G,12,2021-10-30 13:49:52,4.55,14566,907.0,10884.0,Ratnapura
500133,40111,ASTRA MAYONNAISE 250G,1,2021-10-30 13:49:52,2.4,14566,479.15,479.15,Ratnapura
500133,40099,PRIMA CHICKEN NOODLES CUP,7,2021-10-30 13:49:52,0.78,14566,154.55,1081.85,Ratnapura
500133,40092,ARALIYA COCONUT MILK POWDER 300G,10,2021-10-30 13:49:52,4.56,14566,908.81,9088.1,Ratnapura
500133,40064,HORLICKS 500G,12,2021-10-30 13:49:52,5.5,14566,1095.69,13148.28,Ratnapura
500133,40112,DENIYA BABY SHAMPOO 200ML,4,2021-10-30 13:49:52,3.04,14566,605.94,2423.76,Ratnapura
500133,40083,BOGAWANTALAWA TEA 400G,4,2021-10-30 13:49:52,5.81,14566,1158.45,4633.8,Ratnapura
500133,40043,ASTRA MARGARINE 250G,12,2021-10-30 13:49:52,2.05,14566,409.28,4911.36,Ratnapura
500128,40082,NECTO 1.5L,11,2021-11-05 14:50:51,2.27,14032,451.9,4970.9,Matale
500128,40098,BAIRAHA CHICKEN SAUSAGES 500G,12,2021-11-05 14:50:51,3.29,14032,656.51,7878.12,Matale
500128,40002,DILMAH EARL GREY TEA 50 BAGS,12,2021-11-05 14:50:51,5.51,14032,1097.88,13174.56,Matale
500128,40015,SIDDHALEPA BALM 50G,56,2021-11-05 14:50:51,1.34,14032,266.8,14940.8,Matale
500128,40047,PELWATTE BUTTER 200G,8,2021-11-05 14:50:51,3.84,14032,766.29,6130.32,Matale
500128,40098,BAIRAHA CHICKEN SAUSAGES 500G,29,2021-11-05 14:50:51,3.17,14032,632.57,18344.53,Matale
500128,40001,DILMAH CEYLON TEA 500G,5,2021-11-05 14:50:51,6.05,14032,1205.55,6027.75,Matale
500128,40043,ASTRA MARGARINE 250G,4,2021-11-05 14:50:51,2.17,14032,432.28,1729.12,Matale
500128,40011,MALIBAN LEMON PUFF 200G,4,2021-11-05 14:50:51,1.3,14032,258.32,1033.28,Matale
500128,40109,CARGILLS SQUARE DEAL WHITE SUGAR 1KG,12,2021-11-05 14:50:51,1.38,14032,275.72,3308.64,Matale
500128,40115,PEPSI 1.5L,11,2021-11-05 14:50:51,1.73,14032,345.26,3797.86,Matale
500128,40099,PRIMA CHICKEN NOODLES CUP,8,2021-11-05 14:50:51,0.83,14032,165.53,1324.24,Matale
500128,40005,WATAWALA TEA 400G,5,2021-11-05 14:50:51,5.03,14032,1003.7,5018.5,Matale
500128,40073,DELMEGE BASMATI RICE 5KG,3,2021-11-05 14:50:51,11.38,14032,2269.68,6809.04,Matale
500128,40024,HIGHLAND MILK 1L,7,2021-11-05 14:50:51,2.2,14032,439.09,3073.63,Matale
500128,40098,BAIRAHA CHICKEN SAUSAGES 500G,9,2021-11-05 14:50:51,2.64,14032,526.63,4739.67,Matale
500128,40085,RANFAT COOKING OIL 1L,6,2021-11-05 14:50:51,6.56,14032,1308.81,7852.86,Matale
500128,40029,KIST TOMATO KETCHUP 400G,3,2021-11-05 14:50:51,2.45,14032,488.09,1464.27,Matale
500128,40099,PRIMA CHICKEN NOODLES CUP,11,2021-11-05 14:50:51,0.73,14032,144.88,1593.68,Matale
500128,40003,DILMAH GREEN TEA 20 BAGS,9,2021-11-05 14:50:51,3.1,14032,617.71,5559.39,Matale
500165,40050,RANCRISP CASHEWS 50G,5,2021-11-13 14:31:03,2.28,,454.3,2271.5,Anuradhapura
500165,40053,WIJAYA CHILLI POWDER 250G,11,2021-11-13 14:31:03,2.76,,550.61,6056.71,Anuradhapura
500165,40098,BAIRAHA CHICKEN SAUSAGES 500G,5,2021-11-13 14:31:03,2.82,,562.97,2814.85,Anuradhapura
500165,40069,ANCHOR BUTTER 200G,3,2021-11-13 14:31:03,4.41,,879.16,2637.48,Anuradhapura
500165,40031,PRIMA KOTTU MEE CUP,10,2021-11-13 14:31:03,0.89,,176.6,1766.0,Anuradhapura
500165,40025,KOTMALE FRESH MILK 1L,2,2021-11-13 14:31:03,2.52,,501.7,1003.4,Anuradhapura
500165,40105,GOLDIE CORIANDER POWDER 100G,12,2021-11-13 14:31:03,1.16,,230.59,2767.08,Anuradhapura
500165,40061,VELVET BEAUTY SOAP 100G,2,2021-11-13 14:31:03,0.92,,184.24,368.48,Anuradhapura
500337,40104,CEYLON CINNAMON POWDER 100G,9,2021-11-18 16:20:34,2.43,14588,485.8,4372.2,Kandy
500337,40055,LIFEBUOY SOAP 100G,7,2021-11-18 16:20:34,0.77,14588,154.11,1078.77,Kandy
500337,40111,ASTRA MAYONNAISE 250G,12,2021-11-18 16:20:34,2.57,14588,512.26,6147.12,Kandy
500337,40061,VELVET BEAUTY SOAP 100G,6,2021-11-18 16:20:34,0.89,14588,178.57,1071.42,Kandy
500337,40077,PILAWOOS FALOODA MIX 200G,9,2021-11-18 16:20:34,1.86,14588,370.32,3332.88,Kandy
500337,40016,LINK SAMAHAN BOX (100 PACKETS),6,2021-11-18 16:20:34,8.66,14588,1727.98,10367.88,Kandy
500337,40013,SPA CEYLON SLEEP BODY LOTION,8,2021-11-18 16:20:34,22.79,14588,4547.96,36383.68,Kandy
500337,40114,DETTOL ANTISEPTIC LIQUID 250ML,5,2021-11-18 16:20:34,3.16,14588,630.99,3154.95,Kandy
500337,40058,DIVA WASHING POWDER 1KG,4,2021-11-18 16:20:34,4.01,14588,800.45,3201.8,Kandy
500337,40051,LANKA SOY CHICKEN FLAVOUR 90G,2,2021-11-18 16:20:34,0.75,14588,149.73,299.46,Kandy
500337,40078,SOFTLOGIC COCONUT MILK 400ML,40,2021-11-18 16:20:34,2.0,14588,398.43,15937.2,Kandy
500337,40063,MILO 400G,4,2021-11-18 16:20:34,4.69,14588,935.91,3743.64,Kandy
500337,40064,HORLICKS 500G,32,2021-11-18 16:20:34,5.07,14588,1011.49,32367.68,Kandy
500337,40019,ELEPHANT HOUSE GINGER BEER 1.5L,3,2021-11-18 16:20:34,2.38,14588,474.5,1423.5,Kandy
500337,40013,SPA CEYLON SLEEP BODY LOTION,1,2021-11-18 16:20:34,17.72,14588,3535.67,3535.67,Kandy
500210,40044,HAPPY COW CHEESE 120G,2,2021-11-22 12:26:34,5.23,,1044.03,2088.06,Kandy
500210,40066,PONDS TALCUM POWDER 100G,12,2021-11-22 12:26:34,2.1,,418.55,5022.6,Kandy
500297,40102,DIAMOND COOKING OIL 1L,2,2021-11-30 19:16:16,4.4,14361,878.46,1756.92,Colombo
500131,40081,SPRITE 1.5L,7,2021-12-04 13:12:33,2.14,14183,426.64,2986.48,Jaffna
500131,40078,SOFTLOGIC COCONUT MILK 400ML,12,2021-12-04 13:12:33,1.81,14183,362.03,4344.36,Jaffna
500131,40011,MALIBAN LEMON PUFF 200G,12,2021-12-04 13:12:33,1.22,14183,243.4,2920.8,Jaffna
500131,40037,MOTHA STRAWBERRY JELLY 100G,3,2021-12-04 13:12:33,0.68,14183,135.94,407.82,Jaffna
500131,40063,MILO 400G,9,2021-12-04 13:12:33,4.59,14183,915.76,8241.84,Jaffna
500131,40015,SIDDHALEPA BALM 50G,8,2021-12-04 13:12:33,1.43,14183,285.51,2284.08,Jaffna
500131,40037,MOTHA STRAWBERRY JELLY 100G,9,2021-12-04 13:12:33,0.71,14183,142.66,1283.94,Jaffna
500131,40075,RANMUTHU RICE 5KG,6,2021-12-04 13:12:33,8.58,14183,1714.13,10284.78,Jaffna
500131,40109,CARGILLS SQUARE DEAL WHITE SUGAR 1KG,11,2021-12-04 13:12:33,1.44,14183,287.39,3161.29,Jaffna
500391,40115,PEPSI 1.5L,8,2021-12-05 18:03:18,2.0,14467,400.08,3200.64,Kalutara
500391,40026,KITHUL TREACLE 750ML,44,2021-12-05 18:03:18,10.05,14467,2007.04,88309.76,Kalutara
500391,40079,CEYLON TOBACCO (CIGARETTES PACK),11,2021-12-05 18:03:18,7.52,14467,1501.12,16512.32,Kalutara
500391,DELV,COURIER DELIVERY CHARGE,8,2021-12-05 18:03:18,1.5,14467,300.0,2400.0,Kalutara
500391,40016,LINK SAMAHAN BOX (100 PACKETS),6,2021-12-05 18:03:18,9.31,14467,1860.07,11160.42,Kalutara
500391,40073,DELMEGE BASMATI RICE 5KG,3,2021-12-05 18:03:18,13.28,14467,2652.09,7956.27,Kalutara
500391,40094,BASILUR CEYLON TEA GIFT TIN,7,2021-12-05 18:03:18,6.92,14467,1381.43,9670.01,Kalutara
500391,40082,NECTO 1.5L,6,2021-12-05 18:03:18,1.79,14467,356.73,2140.38,Kalutara
500391,40029,KIST TOMATO KETCHUP 400G,5,2021-12-05 18:03:18,2.91,14467,581.75,2908.75,Kalutara
500026,40011,MALIBAN LEMON PUFF 200G,6,2021-12-17 18:09:14,1.12,14261,223.32,1339.92,Kandy
500026,40040,SIGNAL TOOTHPASTE 120G,7,2021-12-17 18:09:14,1.38,14261,276.17,1933.19,Kandy
500026,40020,ELEPHANT HOUSE CREAM SODA 1.5L,35,2021-12-17 18:09:14,2.41,14261,482.62,16891.7,Kandy
500026,DELV,COURIER DELIVERY CHARGE,6,2021-12-17 18:09:14,1.5,14261,300.0,1800.0,Kandy
500026,40008,MUNCHEE LEMON PUFF 200G,5,2021-12-17 18:09:14,1.02,14261,204.32,1021.6,Kandy
500026,40050,RANCRISP CASHEWS 50G,5,2021-12-17 18:09:14,2.17,14261,433.72,2168.6,Kandy
500026,40023,RATHTHI MILK POWDER 400G,6,2021-12-17 18:09:14,6.6,14261,1319.2,7915.2,Kandy
500026,40035,CBL SAMAPOSHA 200G,30,2021-12-17 18:09:14,1.15,14261,230.82,6924.6,Kandy
500026,40063,MILO 400G,4,2021-12-17 18:09:14,4.8,14261,959.87,3839.48,Kandy
500026,40006,MUNCHEE SUPER CREAM CRACKER 500G,8,2021-12-17 18:09:14,2.43,14261,485.41,3883.28,Kandy
500026,40113,GILLETTE SHAVING FOAM 200ML,5,2021-12-17 18:09:14,4.29,14261,856.61,4283.05,Kandy
500026,40018,MD MANGO CHUTNEY 400G,11,2021-12-17 18:09:14,4.09,14261,817.25,8989.75,Kandy
500026,40017,MD MIXED FRUIT JAM 500G,3,2021-12-17 18:09:14,3.59,14261,717.82,2153.46,Kandy
500026,40083,BOGAWANTALAWA TEA 400G,10,2021-12-17 18:09:14,5.3,14261,1059.16,10591.6,Kandy
500026,40038,MOTHA FALUDA MIX 100G,2,2021-12-17 18:09:14,1.17,14261,234.24,468.48,Kandy
500026,40018,MD MANGO CHUTNEY 400G,5,2021-12-17 18:09:14,4.23,14261,844.89,4224.45,Kandy
500026,40091,USWATTE SPICES MIXED CURRY POWDER 100G,11,2021-12-17 18:09:14,1.12,14261,224.28,2467.08,Kandy
500026,40092,ARALIYA COCONUT MILK POWDER 300G,8,2021-12-17 18:09:14,4.33,14261,866.31,6930.48,Kandy
500301,40012,MALIBAN CREAM CRACKER 500G,3,2021-12-18 13:21:57,2.33,14623,465.51,1396.53,Kurunegala
500301,40105,GOLDIE CORIANDER POWDER 100G,10,2021-12-18 13:21:57,1.17,14623,234.34,2343.4,Kurunegala
500301,40021,ELEPHANT HOUSE VANILLA ICE CREAM 1L,59,2021-12-18 13:21:57,4.21,14623,840.59,49594.81,Kurunegala
500301,40010,MALIBAN MARIE BISCUITS 400G,8,2021-12-18 13:21:57,1.94,14623,388.41,3107.28,Kurunegala
500301,40001,DILMAH CEYLON TEA 500G,12,2021-12-18 13:21:57,7.23,14623,1445.89,17350.68,Kurunegala
500301,40064,HORLICKS 500G,10,2021-12-18 13:21:57,5.12,14623,1023.97,10239.7,Kurunegala
500301,40064,HORLICKS 500G,2,2021-12-18 13:21:57,5.61,14623,1120.74,2241.48,Kurunegala
500301,40092,ARALIYA COCONUT MILK POWDER 300G,7,2021-12-18 13:21:57,3.81,14623,761.99,5333.93,Kurunegala
500301,40015,SIDDHALEPA BALM 50G,2,2021-12-18 13:21:57,1.61,14623,321.05,642.1,Kurunegala
500301,40097,KEELLS FROZEN SAUSAGE ROLL 400G,49,2021-12-18 13:21:57,3.04,14623,608.37,29810.13,Kurunegala
500301,40031,PRIMA KOTTU MEE CUP,7,2021-12-18 13:21:57,0.91,14623,181.08,1267.56,Kurunegala
500301,40036,MAGGI COCONUT MILK POWDER 300G,1,2021-12-18 13:21:57,4.78,14623,954.87,954.87,Kurunegala
500301,40027,KEELLS CHICKEN SAUSAGES 500G,10,2021-12-18 13:21:57,5.37,14623,1072.27,10722.7,Kurunegala
500301,40029,KIST TOMATO KETCHUP 400G,5,2021-12-18 13:21:57,2.5,14623,498.84,2494.2,Kurunegala
500301,40045,PANADOL 100 TABLETS,3,2021-12-18 13:21:57,2.83,14623,566.59,1699.77,Kurunegala
500195,40007,MUNCHEE CHOCOLATE BISCUIT 200G,10,2021-12-18 17:54:50,1.24,,247.82,2478.2,Galle
500195,40106,KOTMALE ICE CREAM VANILLA 1L,8,2021-12-18 17:54:50,5.08,,1014.81,8118.48,Galle
500195,40082,NECTO 1.5L,3,2021-12-18 17:54:50,2.12,,423.78,1271.34,Galle
500226,40051,LANKA SOY CHICKEN FLAVOUR 90G,4,2021-12-19 15:58:58,0.66,14227,131.25,525.0,Jaffna
500226,40112,DENIYA BABY SHAMPOO 200ML,4,2021-12-19 15:58:58,2.68,14227,534.72,2138.88,Jaffna
500226,40102,DIAMOND COOKING OIL 1L,21,2021-12-19 15:58:58,4.52,14227,902.49,18952.29,Jaffna
500226,40044,HAPPY COW CHEESE 120G,4,2021-12-19 15:58:58,5.02,14227,1002.36,4009.44,Jaffna
500226,40087,CARGILLS MAGIC SAUSAGES 400G,58,2021-12-19 15:58:58,4.13,14227,825.36,47870.88,Jaffna
500226,40101,CBL EDGE COOKING OIL 1L,3,2021-12-19 15:58:58,4.7,14227,938.94,2816.82,Jaffna
500226,40112,DENIYA BABY SHAMPOO 200ML,2,2021-12-19 15:58:58,2.61,14227,521.25,1042.5,Jaffna
500396,40065,FAIR & LOVELY CREAM 50G,7,2021-12-20 14:13:12,1.79,14219,358.24,2507.68,Jaffna
500396,40050,RANCRISP CASHEWS 50G,2,2021-12-20 14:13:12,1.99,14219,396.85,793.7,Jaffna
500396,40085,RANFAT COOKING OIL 1L,2,2021-12-20 14:13:12,5.95,14219,1189.13,2378.26,Jaffna
500396,40102,DIAMOND COOKING OIL 1L,7,2021-12-20 14:13:12,4.48,14219,895.97,6271.79,Jaffna
500396,40023,RATHTHI MILK POWDER 400G,3,2021-12-20 14:13:12,6.71,14219,1341.12,4023.36,Jaffna
500396,40001,DILMAH CEYLON TEA 500G,4,2021-12-20 14:13:12,6.32,14219,1263.7,5054.8,Jaffna
500396,40032,PRIMA STELLA NOODLES 400G,7,2021-12-20 14:13:12,1.66,14219,331.21,2318.47,Jaffna
500058,40096,MALIBAN CHOCOLATE WAFER 100G,7,2021-12-22 10:28:14,1.05,14057,210.41,1472.87,Galle
500058,40110,SERENDIB SALT IODIZED 400G,11,2021-12-22 10:28:14,0.32,14057,63.26,695.86,Galle
500058,40005,WATAWALA TEA 400G,11,2021-12-22 10:28:14,4.48,14057,894.86,9843.46,Galle
500058,40014,SPA CEYLON HAND CREAM,49,2021-12-22 10:28:14,13.2,14057,2639.08,129314.92,Galle
500058,40043,ASTRA MARGARINE 250G,3,2021-12-22 10:28:14,2.37,14057,474.73,1424.19,Galle
500237,40108,RICHLIFE MILK POWDER 400G,2,2021-12-22 11:25:31,5.51,14176,1101.78,2203.56,Gampaha
500237,40052,WIJAYA ROASTED CURRY POWDER 250G,10,2021-12-22 11:25:31,2.48,14176,496.19,4961.9,Gampaha
500237,40112,DENIYA BABY SHAMPOO 200ML,11,2021-12-22 11:25:31,2.59,14176,517.93,5697.23,Gampaha
500237,40058,DIVA WASHING POWDER 1KG,2,2021-12-22 11:25:31,3.86,14176,771.77,1543.54,Gampaha
500237,40007,MUNCHEE CHOCOLATE BISCUIT 200G,8,2021-12-22 11:25:31,1.1,14176,220.05,1760.4,Gampaha
500237,40104,CEYLON CINNAMON POWDER 100G,9,2021-12-22 11:25:31,2.06,14176,411.16,3700.44,Gampaha
500237,40042,MARINA COCONUT OIL 1L,8,2021-12-22 11:25:31,5.59,14176,1118.32,8946.56,Gampaha
500212,40098,BAIRAHA CHICKEN SAUSAGES 500G,10,2021-12-25 14:21:53,2.85,14242,569.05,5690.5,Colombo
500212,40099,PRIMA CHICKEN NOODLES CUP,31,2021-12-25 14:21:53,0.77,14242,154.51,4789.81,Colombo
500212,40006,MUNCHEE SUPER CREAM CRACKER 500G,11,2021-12-25 14:21:53,2.87,14242,573.78,6311.58,Colombo
500212,40113,GILLETTE SHAVING FOAM 200ML,10,2021-12-25 14:21:53,3.67,14242,733.68,7336.8,Colombo
500212,40027,KEELLS CHICKEN SAUSAGES 500G,9,2021-12-25 14:21:53,5.3,14242,1058.7,9528.3,Colombo
500212,40076,CEYLON COLD STORES YOGHURT 80G,1,2021-12-25 14:21:53,0.5,14242,100.95,100.95,Colombo
500212,40112,DENIYA BABY SHAMPOO 200ML,3,2021-12-25 14:21:53,2.79,14242,558.78,1676.34,Colombo
500212,40111,ASTRA MAYONNAISE 250G,24,2021-12-25 14:21:53,2.31,14242,461.67,11080.08,Colombo
500212,40053,WIJAYA CHILLI POWDER 250G,9,2021-12-25 14:21:53,2.31,14242,461.99,4157.91,Colombo
500212,40092,ARALIYA COCONUT MILK POWDER 300G,2,2021-12-25 14:21:53,3.77,14242,753.09,1506.18,Colombo
500212,40114,DETTOL ANTISEPTIC LIQUID 250ML,12,2021-12-25 14:21:53,3.37,14242,673.34,8080.08,Colombo
500212,40111,ASTRA MAYONNAISE 250G,11,2021-12-25 14:21:53,2.18,14242,436.31,4799.41,Colombo
500212,40069,ANCHOR BUTTER 200G,5,2021-12-25 14:21:53,4.82,14242,963.55,4817.75,Colombo
500212,40056,SUNSILK BLACK SHAMPOO 200ML,5,2021-12-25 14:21:53,3.53,14242,705.86,3529.3,Colombo
500212,40114,DETTOL ANTISEPTIC LIQUID 250ML,6,2021-12-25 14:21:53,3.17,14242,634.78,3808.68,Colombo
500212,40037,MOTHA STRAWBERRY JELLY 100G,10,2021-12-25 14:21:53,0.67,14242,133.15,1331.5,Colombo
500212,40050,RANCRISP CASHEWS 50G,8,2021-12-25 14:21:53,1.77,14242,354.38,2835.04,Colombo
500212,40016,LINK SAMAHAN BOX (100 PACKETS),1,2021-12-25 14:21:53,9.22,14242,1842.66,1842.66,Colombo
500022,40115,PEPSI 1.5L,5,2021-12-26 15:26:38,2.23,14535,446.68,2233.4,Galle
500022,40031,PRIMA KOTTU MEE CUP,10,2021-12-26 15:26:38,0.86,14535,172.24,1722.4,Galle
500022,40061,VELVET BEAUTY SOAP 100G,8,2021-12-26 15:26:38,0.89,14535,177.33,1418.64,Galle
500022,40027,KEELLS CHICKEN SAUSAGES 500G,12,2021-12-26 15:26:38,5.28,14535,1056.63,12679.56,Galle
500022,40106,KOTMALE ICE CREAM VANILLA 1L,3,2021-12-26 15:26:38,4.84,14535,966.82,2900.46,Galle
500022,40114,DETTOL ANTISEPTIC LIQUID 250ML,11,2021-12-26 15:26:38,3.28,14535,655.95,7215.45,Galle
500022,40044,HAPPY COW CHEESE 120G,30,2021-12-26 15:26:38,4.59,14535,917.84,27535.2,Galle
500022,40052,WIJAYA ROASTED CURRY POWDER 250G,3,2021-12-26 15:26:38,2.37,14535,474.23,1422.69,Galle
500126,40100,HARISCHANDRA MILK TEA POWDER 200G,11,2021-12-28 16:41:24,2.74,14081,547.1,6018.1,Kurunegala
500126,40004,ZESTA TEA 400G,11,2021-12-28 16:41:24,6.59,14081,1318.29,14501.19,Kurunegala
500126,40002,DILMAH EARL GREY TEA 50 BAGS,2,2021-12-28 16:41:24,4.99,14081,997.95,1995.9,Kurunegala
500126,40105,GOLDIE CORIANDER POWDER 100G,9,2021-12-28 16:41:24,1.12,14081,224.43,2019.87,Kurunegala
500363,40050,RANCRISP CASHEWS 50G,8,2022-01-10 16:59:44,1.85,14291,371.33,2970.64,Kalutara
500363,40046,MARMITE 100G,4,2022-01-10 16:59:44,4.72,14291,948.43,3793.72,Kalutara
500363,40044,HAPPY COW CHEESE 120G,4,2022-01-10 16:59:44,4.52,14291,907.19,3628.76,Kalutara
500363,40067,COLGATE TOOTHPASTE 120G,2,2022-01-10 16:59:44,1.42,14291,284.5,569.0,Kalutara
500363,40037,MOTHA STRAWBERRY JELLY 100G,1,2022-01-10 16:59:44,0.67,14291,133.76,133.76,Kalutara
500215,40088,CARGILLS FRESH EGGS (10),7,2022-01-23 11:54:35,1.95,14180,393.54,2754.78,Gampaha
500215,40093,LIPTON YELLOW LABEL TEA 400G,6,2022-01-23 11:54:35,5.75,14180,1162.01,6972.06,Gampaha
500087,40033,HARISCHANDRA NOODLES 400G,4,2022-01-28 16:36:38,1.47,14412,298.22,1192.88,Kandy
500087,40003,DILMAH GREEN TEA 20 BAGS,8,2022-01-28 16:36:38,3.36,14412,680.62,5444.96,Kandy
500087,40013,SPA CEYLON SLEEP BODY LOTION,4,2022-01-28 16:36:38,17.86,14412,3614.28,14457.12,Kandy
500087,40010,MALIBAN MARIE BISCUITS 400G,12,2022-01-28 16:36:38,2.02,14412,409.17,4910.04,Kandy
500087,40002,DILMAH EARL GREY TEA 50 BAGS,3,2022-01-28 16:36:38,5.38,14412,1088.44,3265.32,Kandy
500087,40051,LANKA SOY CHICKEN FLAVOUR 90G,6,2022-01-28 16:36:38,0.7,14412,141.03,846.18,Kandy
500087,40008,MUNCHEE LEMON PUFF 200G,31,2022-01-28 16:36:38,1.12,14412,226.17,7011.27,Kandy
500087,40041,BABY CHERAMY SOAP 90G,5,2022-01-28 16:36:38,0.89,14412,179.82,899.1,Kandy
500087,40009,MUNCHEE TIKIRI MARIE 80G,12,2022-01-28 16:36:38,0.36,14412,73.52,882.24,Kandy
500087,40084,AKBAR TEA 400G,7,2022-01-28 16:36:38,3.5,14412,708.79,4961.53,Kandy
500350,40106,KOTMALE ICE CREAM VANILLA 1L,10,2022-02-01 19:52:45,4.99,14579,1011.33,10113.3,Matale
500350,40078,SOFTLOGIC COCONUT MILK 400ML,11,2022-02-01 19:52:45,1.64,14579,332.85,3661.35,Matale
500350,40067,COLGATE TOOTHPASTE 120G,8,2022-02-01 19:52:45,1.49,14579,301.4,2411.2,Matale
500350,40014,SPA CEYLON HAND CREAM,12,2022-02-01 19:52:45,10.89,14579,2206.32,26475.84,Matale
500350,40084,AKBAR TEA 400G,1,2022-02-01 19:52:45,3.61,14579,731.38,731.38,Matale
500350,40086,FITS COOKING OIL 1L,4,2022-02-01 19:52:45,5.75,14579,1166.08,4664.32,Matale
500350,40004,ZESTA TEA 400G,2,2022-02-01 19:52:45,6.02,14579,1220.62,2441.24,Matale
500350,40111,ASTRA MAYONNAISE 250G,11,2022-02-01 19:52:45,2.54,14579,515.72,5672.92,Matale
500350,40103,SOYA MEAT CHUNKS 400G,9,2022-02-01 19:52:45,1.63,14579,329.4,2964.6,Matale
500244,40054,PEARS BABY POWDER 100G,12,2022-02-10 19:42:53,1.36,,276.51,3318.12,Kandy
500092,40091,USWATTE SPICES MIXED CURRY POWDER 100G,14,2022-02-19 17:10:36,1.2,14090,245.19,3432.66,Ampara
500092,40072,FUN FOODS MAYONNAISE 250G,32,2022-02-19 17:10:36,2.67,14090,545.19,17446.08,Ampara
500092,40093,LIPTON YELLOW LABEL TEA 400G,5,2022-02-19 17:10:36,4.53,14090,925.21,4626.05,Ampara
500092,40070,NESPRAY MILK POWDER 400G,4,2022-02-19 17:10:36,7.07,14090,1442.62,5770.48,Ampara
500092,40048,EDINBOROUGH SOY SAUCE 400ML,1,2022-02-19 17:10:36,2.01,14090,409.96,409.96,Ampara
500092,40015,SIDDHALEPA BALM 50G,12,2022-02-19 17:10:36,1.23,14090,251.16,3013.92,Ampara
500092,40077,PILAWOOS FALOODA MIX 200G,10,2022-02-19 17:10:36,1.92,14090,392.24,3922.4,Ampara
500334,40040,SIGNAL TOOTHPASTE 120G,11,2022-02-25 13:59:18,1.41,,289.37,3183.07,Colombo
500334,40037,MOTHA STRAWBERRY JELLY 100G,12,2022-02-25 13:59:18,0.62,,127.55,1530.6,Colombo
500334,40061,VELVET BEAUTY SOAP 100G,5,2022-02-25 13:59:18,0.83,,170.44,852.2,Colombo
500334,40017,MD MIXED FRUIT JAM 500G,2,2022-02-25 13:59:18,3.96,,810.68,1621.36,Colombo
500334,40025,KOTMALE FRESH MILK 1L,8,2022-02-25 13:59:18,2.33,,476.98,3815.84,Colombo
500334,40097,KEELLS FROZEN SAUSAGE ROLL 400G,5,2022-02-25 13:59:18,2.59,,530.34,2651.7,Colombo
500110,40092,ARALIYA COCONUT MILK POWDER 300G,11,2022-02-26 13:43:46,4.32,14456,885.34,9738.74,Gampaha
500110,40092,ARALIYA COCONUT MILK POWDER 300G,9,2022-02-26 13:43:46,4.05,14456,829.07,7461.63,Gampaha
500110,40071,MA MA NOODLES 5 PACK,13,2022-02-26 13:43:46,2.39,14456,489.75,6366.75,Gampaha
500110,40046,MARMITE 100G,10,2022-02-26 13:43:46,4.62,14456,945.29,9452.9,Gampaha
500110,40090,RITZBURY CHOCOLATE BAR 100G,5,2022-02-26 13:43:46,1.32,14456,271.22,1356.1,Gampaha
500155,40074,ARALIYA WHITE RICE 5KG,6,2022-03-01 11:17:17,7.78,,1594.47,9566.82,Puttalam
500155,40115,PEPSI 1.5L,9,2022-03-01 11:17:17,1.69,,345.51,3109.59,Puttalam
500155,40033,HARISCHANDRA NOODLES 400G,12,2022-03-01 11:17:17,1.45,,296.99,3563.88,Puttalam
500071,40093,LIPTON YELLOW LABEL TEA 400G,4,2022-03-02 18:23:29,4.78,14002,989.74,3958.96,Ratnapura
500071,40002,DILMAH EARL GREY TEA 50 BAGS,2,2022-03-02 18:23:29,4.34,14002,898.51,1797.02,Ratnapura
500071,40081,SPRITE 1.5L,1,2022-03-02 18:23:29,2.19,14002,453.4,453.4,Ratnapura
500071,40055,LIFEBUOY SOAP 100G,6,2022-03-02 18:23:29,0.65,14002,135.58,813.48,Ratnapura
500071,40022,ANCHOR MILK POWDER 400G,8,2022-03-02 18:23:29,6.46,14002,1338.61,10708.88,Ratnapura
500071,40087,CARGILLS MAGIC SAUSAGES 400G,3,2022-03-02 18:23:29,4.14,14002,858.0,2574.0,Ratnapura
500071,40100,HARISCHANDRA MILK TEA POWDER 200G,39,2022-03-02 18:23:29,2.08,14002,431.26,16819.14,Ratnapura
500071,40016,LINK SAMAHAN BOX (100 PACKETS),3,2022-03-02 18:23:29,8.09,14002,1674.59,5023.77,Ratnapura
500071,40054,PEARS BABY POWDER 100G,2,2022-03-02 18:23:29,1.42,14002,293.2,586.4,Ratnapura
500071,40064,HORLICKS 500G,5,2022-03-02 18:23:29,5.08,14002,1051.77,5258.85,Ratnapura
500071,40041,BABY CHERAMY SOAP 90G,3,2022-03-02 18:23:29,0.77,14002,158.82,476.46,Ratnapura
500071,40068,CLOSE UP TOOTHPASTE 120G,1,2022-03-02 18:23:29,1.44,14002,298.15,298.15,Ratnapura
500071,40109,CARGILLS SQUARE DEAL WHITE SUGAR 1KG,11,2022-03-02 18:23:29,1.52,14002,314.49,3459.39,Ratnapura
500071,40049,ROZA PASTA MACARONI 400G,5,2022-03-02 18:23:29,1.58,14002,327.62,1638.1,Ratnapura
500071,40035,CBL SAMAPOSHA 200G,7,2022-03-02 18:23:29,0.94,14002,193.67,1355.69,Ratnapura
500071,40032,PRIMA STELLA NOODLES 400G,25,2022-03-02 18:23:29,1.55,14002,321.62,8040.5,Ratnapura
500071,40018,MD MANGO CHUTNEY 400G,3,2022-03-02 18:23:29,3.55,14002,735.04,2205.12,Ratnapura
500071,40074,ARALIYA WHITE RICE 5KG,4,2022-03-02 18:23:29,7.93,14002,1641.56,6566.24,Ratnapura
500071,40008,MUNCHEE LEMON PUFF 200G,12,2022-03-02 18:23:29,1.05,14002,218.3,2619.6,Ratnapura
500071,40002,DILMAH EARL GREY TEA 50 BAGS,10,2022-03-02 18:23:29,4.27,14002,883.6,8836.0,Ratnapura
500275,40080,COCA-COLA 1.5L,54,2022-03-07 17:30:14,1.75,14084,379.53,20494.62,Colombo
500275,40060,SUNLIGHT SOAP 115G,5,2022-03-07 17:30:14,0.66,14084,142.83,714.15,Colombo
500275,40038,MOTHA FALUDA MIX 100G,6,2022-03-07 17:30:14,1.18,14084,255.95,1535.7,Colombo
500275,40095,MUNCHEE NICE BISCUIT 200G,4,2022-03-07 17:30:14,1.09,14084,235.94,943.76,Colombo
500275,40043,ASTRA MARGARINE 250G,29,2022-03-07 17:30:14,2.23,14084,485.18,14070.22,Colombo
500275,40013,SPA CEYLON SLEEP BODY LOTION,2,2022-03-07 17:30:14,16.79,14084,3649.76,7299.52,Colombo
500275,40085,RANFAT COOKING OIL 1L,7,2022-03-07 17:30:14,6.79,14084,1475.66,10329.62,Colombo
500275,40098,BAIRAHA CHICKEN SAUSAGES 500G,10,2022-03-07 17:30:14,2.64,14084,574.68,5746.8,Colombo
500275,40077,PILAWOOS FALOODA MIX 200G,8,2022-03-07 17:30:14,1.79,14084,388.8,3110.4,Colombo
500275,40056,SUNSILK BLACK SHAMPOO 200ML,10,2022-03-07 17:30:14,3.13,14084,681.3,6813.0,Colombo
500275,40076,CEYLON COLD STORES YOGHURT 80G,2,2022-03-07 17:30:14,0.49,14084,106.6,213.2,Colombo
500275,40032,PRIMA STELLA NOODLES 400G,7,2022-03-07 17:30:14,1.59,14084,346.05,2422.35,Colombo
500275,40052,WIJAYA ROASTED CURRY POWDER 250G,11,2022-03-07 17:30:14,1.84,14084,401.02,4411.22,Colombo
500275,40036,MAGGI COCONUT MILK POWDER 300G,11,2022-03-07 17:30:14,3.52,14084,765.22,8417.42,Colombo
500275,40043,ASTRA MARGARINE 250G,6,2022-03-07 17:30:14,2.37,14084,514.17,3085.02,Colombo
500275,40004,ZESTA TEA 400G,36,2022-03-07 17:30:14,6.02,14084,1309.37,47137.32,Colombo
500275,40067,COLGATE TOOTHPASTE 120G,39,2022-03-07 17:30:14,1.2,14084,261.94,10215.66,Colombo
500275,40069,ANCHOR BUTTER 200G,8,2022-03-07 17:30:14,3.83,14084,831.63,6653.04,Colombo
500275,40104,CEYLON CINNAMON POWDER 100G,5,2022-03-07 17:30:14,1.99,14084,432.69,2163.45,Colombo
500275,40034,HARISCHANDRA COFFEE 100G,2,2022-03-07 17:30:14,1.85,14084,403.06,806.12,Colombo
500253,40006,MUNCHEE SUPER CREAM CRACKER 500G,11,2022-03-11 13:56:11,2.12,14192,478.26,5260.86,Kurunegala
500253,40092,ARALIYA COCONUT MILK POWDER 300G,9,2022-03-11 13:56:11,4.01,14192,905.17,8146.53,Kurunegala
500061,40084,AKBAR TEA 400G,11,2022-03-13 14:41:22,3.4,14509,782.45,8606.95,Gampaha
500061,40015,SIDDHALEPA BALM 50G,9,2022-03-13 14:41:22,1.22,14509,280.45,2524.05,Gampaha
500061,40068,CLOSE UP TOOTHPASTE 120G,8,2022-03-13 14:41:22,1.26,14509,288.67,2309.36,Gampaha
500061,40020,ELEPHANT HOUSE CREAM SODA 1.5L,47,2022-03-13 14:41:22,1.83,14509,420.39,19758.33,Gampaha
500061,40021,ELEPHANT HOUSE VANILLA ICE CREAM 1L,8,2022-03-13 14:41:22,3.69,14509,848.77,6790.16,Gampaha
500061,40036,MAGGI COCONUT MILK POWDER 300G,11,2022-03-13 14:41:22,3.44,14509,790.53,8695.83,Gampaha
500061,40113,GILLETTE SHAVING FOAM 200ML,7,2022-03-13 14:41:22,3.74,14509,860.21,6021.47,Gampaha
500061,40060,SUNLIGHT SOAP 115G,58,2022-03-13 14:41:22,0.54,14509,124.36,7212.88,Gampaha
500061,40068,CLOSE UP TOOTHPASTE 120G,20,2022-03-13 14:41:22,1.1,14509,253.22,5064.4,Gampaha
500061,40048,EDINBOROUGH SOY SAUCE 400ML,12,2022-03-13 14:41:22,1.93,14509,442.39,5308.68,Gampaha
500061,40107,AMBEWELA FRESH MILK 1L,3,2022-03-13 14:41:22,1.87,14509,429.57,1288.71,Gampaha
500061,40061,VELVET BEAUTY SOAP 100G,9,2022-03-13 14:41:22,0.75,14509,172.37,1551.33,Gampaha
500061,40095,MUNCHEE NICE BISCUIT 200G,4,2022-03-13 14:41:22,0.83,14509,190.99,763.96,Gampaha
500061,40041,BABY CHERAMY SOAP 90G,6,2022-03-13 14:41:22,0.74,14509,170.24,1021.44,Gampaha
500061,40039,CLOGARD TOOTHPASTE 120G,1,2022-03-13 14:41:22,1.17,14509,267.92,267.92,Gampaha
500061,40058,DIVA WASHING POWDER 1KG,3,2022-03-13 14:41:22,3.08,14509,707.08,2121.24,Gampaha
500061,40018,MD MANGO CHUTNEY 400G,11,2022-03-13 14:41:22,3.02,14509,693.06,7623.66,Gampaha
500061,40058,DIVA WASHING POWDER 1KG,12,2022-03-13 14:41:22,3.48,14509,798.87,9586.44,Gampaha
500113,40042,MARINA COCONUT OIL 1L,10,2022-03-14 10:28:38,5.02,14174,1163.37,11633.7,Kegalle
500113,40063,MILO 400G,9,2022-03-14 10:28:38,4.18,14174,968.45,8716.05,Kegalle
500113,40040,SIGNAL TOOTHPASTE 120G,2,2022-03-14 10:28:38,1.15,14174,267.41,534.82,Kegalle
500113,40075,RANMUTHU RICE 5KG,2,2022-03-14 10:28:38,6.78,14174,1572.32,3144.64,Kegalle
500113,40052,WIJAYA ROASTED CURRY POWDER 250G,6,2022-03-14 10:28:38,2.13,14174,493.31,2959.86,Kegalle
500113,40021,ELEPHANT HOUSE VANILLA ICE CREAM 1L,9,2022-03-14 10:28:38,4.19,14174,971.68,8745.12,Kegalle
500113,40065,FAIR & LOVELY CREAM 50G,10,2022-03-14 10:28:38,1.62,14174,376.3,3763.0,Kegalle
500400,40009,MUNCHEE TIKIRI MARIE 80G,3,2022-03-16 12:14:39,0.34,14565,79.31,237.93,Matara
500400,40003,DILMAH GREEN TEA 20 BAGS,7,2022-03-16 12:14:39,2.47,14565,583.27,4082.89,Matara
500400,40079,CEYLON TOBACCO (CIGARETTES PACK),4,2022-03-16 12:14:39,5.23,14565,1233.41,4933.64,Matara
500400,40013,SPA CEYLON SLEEP BODY LOTION,5,2022-03-16 12:14:39,15.06,14565,3553.33,17766.65,Matara
500366,40029,KIST TOMATO KETCHUP 400G,12,2022-03-24 11:35:20,1.9,14419,480.21,5762.52,Colombo
500093,40019,ELEPHANT HOUSE GINGER BEER 1.5L,44,2022-03-31 16:38:33,1.87,14137,500.03,22001.32,Gampaha
500093,40071,MA MA NOODLES 5 PACK,11,2022-03-31 16:38:33,1.82,14137,484.75,5332.25,Gampaha
500093,40020,ELEPHANT HOUSE CREAM SODA 1.5L,18,2022-03-31 16:38:33,1.66,14137,444.24,7996.32,Gampaha
500093,40017,MD MIXED FRUIT JAM 500G,2,2022-03-31 16:38:33,2.74,14137,732.79,1465.58,Gampaha
500093,40068,CLOSE UP TOOTHPASTE 120G,3,2022-03-31 16:38:33,1.11,14137,297.09,891.27,Gampaha
500093,40029,KIST TOMATO KETCHUP 400G,11,2022-03-31 16:38:33,2.15,14137,574.72,6321.92,Gampaha
500093,40106,KOTMALE ICE CREAM VANILLA 1L,1,2022-03-31 16:38:33,3.51,14137,937.35,937.35,Gampaha
500093,40064,HORLICKS 500G,56,2022-03-31 16:38:33,3.84,14137,1025.43,57424.08,Gampaha
500107,40034,HARISCHANDRA COFFEE 100G,6,2022-04-09 19:39:33,1.51,14009,431.33,2587.98,Kandy
500107,40009,MUNCHEE TIKIRI MARIE 80G,8,2022-04-09 19:39:33,0.3,14009,85.16,681.28,Kandy
500107,40087,CARGILLS MAGIC SAUSAGES 400G,2,2022-04-09 19:39:33,3.19,14009,911.21,1822.42,Kandy
500107,40026,KITHUL TREACLE 750ML,1,2022-04-09 19:39:33,7.82,14009,2234.48,2234.48,Kandy
500107,40017,MD MIXED FRUIT JAM 500G,4,2022-04-09 19:39:33,2.76,14009,787.85,3151.4,Kandy
500107,DELV,COURIER DELIVERY CHARGE,5,2022-04-09 19:39:33,1.05,14009,300.0,1500.0,Kandy
500196,40094,BASILUR CEYLON TEA GIFT TIN,5,2022-04-12 17:25:03,5.2,,1516.16,7580.8,Gampaha
500196,40093,LIPTON YELLOW LABEL TEA 400G,7,2022-04-12 17:25:03,3.38,,986.68,6906.76,Gampaha
500196,40084,AKBAR TEA 400G,5,2022-04-12 17:25:03,2.52,,734.84,3674.2,Gampaha
500196,40056,SUNSILK BLACK SHAMPOO 200ML,11,2022-04-12 17:25:03,2.27,,663.1,7294.1,Gampaha
500196,40089,KANDOS CHOCOLATE BAR 100G,8,2022-04-12 17:25:03,0.94,,273.95,2191.6,Gampaha
500196,40076,CEYLON COLD STORES YOGHURT 80G,9,2022-04-12 17:25:03,0.39,,113.64,1022.76,Gampaha
500196,40026,KITHUL TREACLE 750ML,4,2022-04-12 17:25:03,7.41,,2162.63,8650.52,Gampaha
500027,40071,MA MA NOODLES 5 PACK,10,2022-04-13 18:51:07,1.46,,427.7,4277.0,Kandy
500027,40028,BAIRAHA CHICKEN 1KG,9,2022-04-13 18:51:07,6.39,,1878.64,16907.76,Kandy
500027,40008,MUNCHEE LEMON PUFF 200G,6,2022-04-13 18:51:07,0.75,,219.66,1317.96,Kandy
500027,40014,SPA CEYLON HAND CREAM,1,2022-04-13 18:51:07,7.84,,2303.73,2303.73,Kandy
500045,40069,ANCHOR BUTTER 200G,53,2022-04-14 14:45:27,2.87,14457,848.4,44965.2,Colombo
500045,40095,MUNCHEE NICE BISCUIT 200G,7,2022-04-14 14:45:27,0.8,14457,235.84,1650.88,Colombo
500045,40020,ELEPHANT HOUSE CREAM SODA 1.5L,2,2022-04-14 14:45:27,1.59,14457,469.42,938.84,Colombo
500045,40061,VELVET BEAUTY SOAP 100G,8,2022-04-14 14:45:27,0.54,14457,158.92,1271.36,Colombo
500045,40110,SERENDIB SALT IODIZED 400G,5,2022-04-14 14:45:27,0.22,14457,63.72,318.6,Colombo
500045,40104,CEYLON CINNAMON POWDER 100G,10,2022-04-14 14:45:27,1.36,14457,402.07,4020.7,Colombo
500045,40104,CEYLON CINNAMON POWDER 100G,8,2022-04-14 14:45:27,1.42,14457,419.98,3359.84,Colombo
500045,40018,MD MANGO CHUTNEY 400G,3,2022-04-14 14:45:27,2.46,14457,728.27,2184.81,Colombo
500045,40078,SOFTLOGIC COCONUT MILK 400ML,9,2022-04-14 14:45:27,1.09,14457,323.69,2913.21,Colombo
500045,40035,CBL SAMAPOSHA 200G,8,2022-04-14 14:45:27,0.67,14457,199.35,1594.8,Colombo
500045,40049,ROZA PASTA MACARONI 400G,6,2022-04-14 14:45:27,1.21,14457,359.17,2155.02,Colombo
500045,40044,HAPPY COW CHEESE 120G,11,2022-04-14 14:45:27,3.16,14457,935.25,10287.75,Colombo
500045,40099,PRIMA CHICKEN NOODLES CUP,8,2022-04-14 14:45:27,0.54,14457,159.53,1276.24,Colombo
500045,40105,GOLDIE CORIANDER POWDER 100G,2,2022-04-14 14:45:27,0.87,14457,256.7,513.4,Colombo
500045,40010,MALIBAN MARIE BISCUITS 400G,2,2022-04-14 14:45:27,1.21,14457,357.66,715.32,Colombo
500045,40006,MUNCHEE SUPER CREAM CRACKER 500G,4,2022-04-14 14:45:27,1.74,14457,516.14,2064.56,Colombo
500045,40099,PRIMA CHICKEN NOODLES CUP,3,2022-04-14 14:45:27,0.44,14457,130.8,392.4,Colombo
500045,40031,PRIMA KOTTU MEE CUP,6,2022-04-14 14:45:27,0.63,14457,186.26,1117.56,Colombo
500045,40032,PRIMA STELLA NOODLES 400G,4,2022-04-14 14:45:27,1.21,14457,357.26,1429.04,Colombo
500045,40078,SOFTLOGIC COCONUT MILK 400ML,9,2022-04-14 14:45:27,1.37,14457,406.73,3660.57,Colombo
500180,40005,WATAWALA TEA 400G,11,2022-04-22 15:51:14,2.65,14592,827.12,9098.32,Matara
500180,40113,GILLETTE SHAVING FOAM 200ML,7,2022-04-22 15:51:14,2.36,14592,738.8,5171.6,Matara
500180,40041,BABY CHERAMY SOAP 90G,5,2022-04-22 15:51:14,0.5,14592,155.6,778.0,Matara
500180,40002,DILMAH EARL GREY TEA 50 BAGS,11,2022-04-22 15:51:14,3.2,14592,998.9,10987.9,Matara
500180,40056,SUNSILK BLACK SHAMPOO 200ML,6,2022-04-22 15:51:14,2.2,14592,686.97,4121.82,Matara
500180,40078,SOFTLOGIC COCONUT MILK 400ML,1,2022-04-22 15:51:14,1.09,14592,339.13,339.13,Matara
500013,40103,SOYA MEAT CHUNKS 400G,2,2022-05-08 15:00:19,1.0,14593,347.05,694.1,Gampaha
500013,40074,ARALIYA WHITE RICE 5KG,11,2022-05-08 15:00:19,4.99,14593,1722.56,18948.16,Gampaha
500013,40033,HARISCHANDRA NOODLES 400G,12,2022-05-08 15:00:19,0.89,14593,307.38,3688.56,Gampaha
500013,40086,FITS COOKING OIL 1L,8,2022-05-08 15:00:19,4.05,14593,1398.4,11187.2,Gampaha
500013,40081,SPRITE 1.5L,3,2022-05-08 15:00:19,1.21,14593,417.09,1251.27,Gampaha
500013,40015,SIDDHALEPA BALM 50G,44,2022-05-08 15:00:19,0.79,14593,272.49,11989.56,Gampaha
500172,40010,MALIBAN MARIE BISCUITS 400G,11,2022-05-19 15:29:14,1.14,,410.91,4520.01,Colombo
500172,40066,PONDS TALCUM POWDER 100G,11,2022-05-19 15:29:14,1.08,,389.56,4285.16,Colombo
500172,40095,MUNCHEE NICE BISCUIT 200G,1,2022-05-19 15:29:14,0.53,,190.09,190.09,Colombo
500172,40001,DILMAH CEYLON TEA 500G,11,2022-05-19 15:29:14,3.53,,1270.95,13980.45,Colombo
500172,40102,DIAMOND COOKING OIL 1L,1,2022-05-19 15:29:14,2.18,,785.01,785.01,Colombo
500172,40066,PONDS TALCUM POWDER 100G,2,2022-05-19 15:29:14,1.13,,408.5,817.0,Colombo
500172,40110,SERENDIB SALT IODIZED 400G,8,2022-05-19 15:29:14,0.18,,64.3,514.4,Colombo
500172,40072,FUN FOODS MAYONNAISE 250G,5,2022-05-19 15:29:14,1.48,,532.03,2660.15,Colombo
500172,40042,MARINA COCONUT OIL 1L,12,2022-05-19 15:29:14,3.02,,1087.1,13045.2,Colombo
500172,40032,PRIMA STELLA NOODLES 400G,2,2022-05-19 15:29:14,0.88,,318.07,636.14,Colombo
500172,40028,BAIRAHA CHICKEN 1KG,1,2022-05-19 15:29:14,4.47,,1610.18,1610.18,Colombo
500172,40061,VELVET BEAUTY SOAP 100G,6,2022-05-19 15:29:14,0.43,,154.93,929.58,Colombo
500179,40076,CEYLON COLD STORES YOGHURT 80G,7,2022-05-23 13:01:34,0.31,14432,110.8,775.6,Gampaha
500179,40025,KOTMALE FRESH MILK 1L,5,2022-05-23 13:01:34,1.55,14432,559.22,2796.1,Gampaha
500179,40066,PONDS TALCUM POWDER 100G,2,2022-05-23 13:01:34,1.25,14432,448.75,897.5,Gampaha
500179,40111,ASTRA MAYONNAISE 250G,8,2022-05-23 13:01:34,1.27,14432,456.87,3654.96,Gampaha
500179,40064,HORLICKS 500G,2,2022-05-23 13:01:34,3.16,14432,1136.92,2273.84,Gampaha
500179,40032,PRIMA STELLA NOODLES 400G,6,2022-05-23 13:01:34,0.84,14432,302.91,1817.46,Gampaha
500179,40016,LINK SAMAHAN BOX (100 PACKETS),6,2022-05-23 13:01:34,4.37,14432,1573.42,9440.52,Gampaha
500216,40104,CEYLON CINNAMON POWDER 100G,8,2022-05-24 12:51:23,1.19,14638,427.19,3417.52,Jaffna
500216,40050,RANCRISP CASHEWS 50G,9,2022-05-24 12:51:23,0.98,14638,353.77,3183.93,Jaffna
500216,40030,KIST MIXED FRUIT NECTAR 1L,11,2022-05-24 12:51:23,1.55,14638,556.54,6121.94,Jaffna
500216,40039,CLOGARD TOOTHPASTE 120G,3,2022-05-24 12:51:23,0.72,14638,257.65,772.95,Jaffna
500216,40041,BABY CHERAMY SOAP 90G,5,2022-05-24 12:51:23,0.44,14638,159.46,797.3,Jaffna
500216,40041,BABY CHERAMY SOAP 90G,42,2022-05-24 12:51:23,0.47,14638,169.38,7113.96,Jaffna
500216,40078,SOFTLOGIC COCONUT MILK 400ML,4,2022-05-24 12:51:23,1.0,14638,359.46,1437.84,Jaffna
500216,40098,BAIRAHA CHICKEN SAUSAGES 500G,3,2022-05-24 12:51:23,1.82,14638,653.95,1961.85,Jaffna
500216,40086,FITS COOKING OIL 1L,11,2022-05-24 12:51:23,3.12,14638,1125.16,12376.76,Jaffna
500216,40049,ROZA PASTA MACARONI 400G,8,2022-05-24 12:51:23,1.01,14638,365.49,2923.92,Jaffna
500216,40012,MALIBAN CREAM CRACKER 500G,1,2022-05-24 12:51:23,1.42,14638,511.78,511.78,Jaffna
500216,40079,CEYLON TOBACCO (CIGARETTES PACK),9,2022-05-24 12:51:23,3.7,14638,1331.19,11980.71,Jaffna
500216,40030,KIST MIXED FRUIT NECTAR 1L,6,2022-05-24 12:51:23,1.83,14638,659.35,3956.1,Jaffna
500216,40077,PILAWOOS FALOODA MIX 200G,8,2022-05-24 12:51:23,0.99,14638,357.65,2861.2,Jaffna
500216,40025,KOTMALE FRESH MILK 1L,1,2022-05-24 12:51:23,1.25,14638,450.67,450.67,Jaffna
500331,40109,CARGILLS SQUARE DEAL WHITE SUGAR 1KG,3,2022-05-25 17:30:06,0.87,14215,311.58,934.74,Jaffna
500331,40022,ANCHOR MILK POWDER 400G,8,2022-05-25 17:30:06,4.01,14215,1442.87,11542.96,Jaffna
500331,40096,MALIBAN CHOCOLATE WAFER 100G,3,2022-05-25 17:30:06,0.64,14215,231.24,693.72,Jaffna
500281,40115,PEPSI 1.5L,10,2022-05-27 14:42:53,1.02,14358,368.74,3687.4,Colombo
500281,40091,USWATTE SPICES MIXED CURRY POWDER 100G,10,2022-05-27 14:42:53,0.63,14358,226.92,2269.2,Colombo
500281,40012,MALIBAN CREAM CRACKER 500G,12,2022-05-27 14:42:53,1.25,14358,449.84,5398.08,Colombo
500281,40088,CARGILLS FRESH EGGS (10),7,2022-05-27 14:42:53,1.02,14358,366.07,2562.49,Colombo
500281,40027,KEELLS CHICKEN SAUSAGES 500G,7,2022-05-27 14:42:53,2.94,14358,1059.91,7419.37,Colombo
500281,40088,CARGILLS FRESH EGGS (10),12,2022-05-27 14:42:53,1.13,14358,406.81,4881.72,Colombo
500281,40109,CARGILLS SQUARE DEAL WHITE SUGAR 1KG,11,2022-05-27 14:42:53,0.79,14358,285.94,3145.34,Colombo
500281,40108,RICHLIFE MILK POWDER 400G,1,2022-05-27 14:42:53,2.84,14358,1021.33,1021.33,Colombo
500281,40080,COCA-COLA 1.5L,11,2022-05-27 14:42:53,1.12,14358,404.79,4452.69,Colombo
500281,40105,GOLDIE CORIANDER POWDER 100G,6,2022-05-27 14:42:53,0.62,14358,222.94,1337.64,Colombo
500281,40036,MAGGI COCONUT MILK POWDER 300G,8,2022-05-27 14:42:53,2.24,14358,807.65,6461.2,Colombo
500281,40069,ANCHOR BUTTER 200G,3,2022-05-27 14:42:53,2.79,14358,1003.11,3009.33,Colombo
500281,40075,RANMUTHU RICE 5KG,2,2022-05-27 14:42:53,4.52,14358,1628.99,3257.98,Colombo
500281,40043,ASTRA MARGARINE 250G,5,2022-05-27 14:42:53,1.3,14358,466.64,2333.2,Colombo
500281,40052,WIJAYA ROASTED CURRY POWDER 250G,38,2022-05-27 14:42:53,1.44,14358,518.56,19705.28,Colombo
500281,40102,DIAMOND COOKING OIL 1L,3,2022-05-27 14:42:53,2.66,14358,958.93,2876.79,Colombo
500281,40006,MUNCHEE SUPER CREAM CRACKER 500G,5,2022-05-27 14:42:53,1.52,14358,548.09,2740.45,Colombo
500281,40023,RATHTHI MILK POWDER 400G,6,2022-05-27 14:42:53,3.54,14358,1276.48,7658.88,Colombo
500229,40097,KEELLS FROZEN SAUSAGE ROLL 400G,17,2022-06-04 19:04:26,1.43,14127,515.95,8771.15,Anuradhapura
500229,40055,LIFEBUOY SOAP 100G,4,2022-06-04 19:04:26,0.37,14127,132.85,531.4,Anuradhapura
500229,40043,ASTRA MARGARINE 250G,11,2022-06-04 19:04:26,1.15,14127,412.69,4539.59,Anuradhapura
500229,40073,DELMEGE BASMATI RICE 5KG,11,2022-06-04 19:04:26,5.92,14127,2134.08,23474.88,Anuradhapura
500229,40035,CBL SAMAPOSHA 200G,10,2022-06-04 19:04:26,0.62,14127,223.54,2235.4,Anuradhapura
500229,40006,MUNCHEE SUPER CREAM CRACKER 500G,35,2022-06-04 19:04:26,1.51,14127,544.69,19064.15,Anuradhapura
500229,40093,LIPTON YELLOW LABEL TEA 400G,7,2022-06-04 19:04:26,2.66,14127,959.06,6713.42,Anuradhapura
500229,40041,BABY CHERAMY SOAP 90G,5,2022-06-04 19:04:26,0.47,14127,171.03,855.15,Anuradhapura
500229,40068,CLOSE UP TOOTHPASTE 120G,12,2022-06-04 19:04:26,0.69,14127,250.22,3002.64,Anuradhapura
500229,40016,LINK SAMAHAN BOX (100 PACKETS),11,2022-06-04 19:04:26,4.38,14127,1577.93,17357.23,Anuradhapura
500231,40087,CARGILLS MAGIC SAUSAGES 400G,2,2022-06-05 19:52:31,2.52,,906.16,1812.32,Colombo
500231,40053,WIJAYA CHILLI POWDER 250G,2,2022-06-05 19:52:31,1.62,,584.75,1169.5,Colombo
500231,40076,CEYLON COLD STORES YOGHURT 80G,5,2022-06-05 19:52:31,0.28,,100.6,503.0,Colombo
500231,40054,PEARS BABY POWDER 100G,2,2022-06-05 19:52:31,0.81,,291.21,582.42,Colombo
500231,40023,RATHTHI MILK POWDER 400G,4,2022-06-05 19:52:31,3.15,,1136.17,4544.68,Colombo
500231,40005,WATAWALA TEA 400G,4,2022-06-05 19:52:31,2.54,,913.91,3655.64,Colombo
500231,40035,CBL SAMAPOSHA 200G,7,2022-06-05 19:52:31,0.52,,186.64,1306.48,Colombo
500231,40101,CBL EDGE COOKING OIL 1L,8,2022-06-05 19:52:31,2.61,,939.33,7514.64,Colombo
500231,40023,RATHTHI MILK POWDER 400G,3,2022-06-05 19:52:31,3.25,,1171.82,3515.46,Colombo
500358,40022,ANCHOR MILK POWDER 400G,9,2022-06-22 12:22:43,3.43,14102,1235.25,11117.25,Colombo
500358,40047,PELWATTE BUTTER 200G,8,2022-06-22 12:22:43,2.56,14102,924.36,7394.88,Colombo
500358,40099,PRIMA CHICKEN NOODLES CUP,9,2022-06-22 12:22:43,0.42,14102,153.08,1377.72,Colombo
500358,40043,ASTRA MARGARINE 250G,6,2022-06-22 12:22:43,1.38,14102,498.3,2989.8,Colombo
500358,40079,CEYLON TOBACCO (CIGARETTES PACK),4,2022-06-22 12:22:43,4.16,14102,1499.8,5999.2,Colombo
500358,40106,KOTMALE ICE CREAM VANILLA 1L,12,2022-06-22 12:22:43,2.55,14102,920.45,11045.4,Colombo
500358,40092,ARALIYA COCONUT MILK POWDER 300G,8,2022-06-22 12:22:43,2.19,14102,790.71,6325.68,Colombo
500358,40106,KOTMALE ICE CREAM VANILLA 1L,11,2022-06-22 12:22:43,2.57,14102,927.46,10202.06,Colombo
500358,40065,FAIR & LOVELY CREAM 50G,9,2022-06-22 12:22:43,0.98,14102,352.19,3169.71,Colombo
500358,40051,LANKA SOY CHICKEN FLAVOUR 90G,6,2022-06-22 12:22:43,0.4,14102,143.19,859.14,Colombo
500318,40042,MARINA COCONUT OIL 1L,38,2022-07-23 18:25:49,2.77,14434,999.79,37992.02,Gampaha
500318,40086,FITS COOKING OIL 1L,7,2022-07-23 18:25:49,3.33,14434,1200.19,8401.33,Gampaha
500318,40101,CBL EDGE COOKING OIL 1L,1,2022-07-23 18:25:49,2.22,14434,800.16,800.16,Gampaha
500318,40084,AKBAR TEA 400G,4,2022-07-23 18:25:49,2.22,14434,802.49,3209.96,Gampaha
500318,40079,CEYLON TOBACCO (CIGARETTES PACK),11,2022-07-23 18:25:49,3.92,14434,1416.03,15576.33,Gampaha
500318,40004,ZESTA TEA 400G,4,2022-07-23 18:25:49,3.07,14434,1107.58,4430.32,Gampaha
500318,40112,DENIYA BABY SHAMPOO 200ML,2,2022-07-23 18:25:49,1.46,14434,527.62,1055.24,Gampaha
500318,40111,ASTRA MAYONNAISE 250G,2,2022-07-23 18:25:49,1.43,14434,516.42,1032.84,Gampaha
500318,40097,KEELLS FROZEN SAUSAGE ROLL 400G,9,2022-07-23 18:25:49,1.66,14434,597.99,5381.91,Gampaha
500236,40020,ELEPHANT HOUSE CREAM SODA 1.5L,7,2022-07-31 14:44:07,1.12,14587,403.22,2822.54,Gampaha
500236,40002,DILMAH EARL GREY TEA 50 BAGS,1,2022-07-31 14:44:07,2.91,14587,1051.1,1051.1,Gampaha
500236,40051,LANKA SOY CHICKEN FLAVOUR 90G,1,2022-07-31 14:44:07,0.34,14587,124.44,124.44,Gampaha
500236,40045,PANADOL 100 TABLETS,8,2022-07-31 14:44:07,1.44,14587,519.04,4152.32,Gampaha
500236,40102,DIAMOND COOKING OIL 1L,11,2022-07-31 14:44:07,2.18,14587,788.44,8672.84,Gampaha
500236,40048,EDINBOROUGH SOY SAUCE 400ML,58,2022-07-31 14:44:07,1.2,14587,433.75,25157.5,Gampaha
500236,40074,ARALIYA WHITE RICE 5KG,2,2022-07-31 14:44:07,4.77,14587,1723.41,3446.82,Gampaha
500236,40102,DIAMOND COOKING OIL 1L,3,2022-07-31 14:44:07,2.21,14587,796.86,2390.58,Gampaha
500236,40001,DILMAH CEYLON TEA 500G,4,2022-07-31 14:44:07,4.26,14587,1537.59,6150.36,Gampaha
500236,40001,DILMAH CEYLON TEA 500G,3,2022-07-31 14:44:07,4.02,14587,1450.4,4351.2,Gampaha
500236,40031,PRIMA KOTTU MEE CUP,8,2022-07-31 14:44:07,0.51,14587,183.34,1466.72,Gampaha
500236,40057,VIM DISHWASH LIQUID 500ML,6,2022-07-31 14:44:07,1.27,14587,459.03,2754.18,Gampaha
500236,40011,MALIBAN LEMON PUFF 200G,11,2022-07-31 14:44:07,0.58,14587,210.14,2311.54,Gampaha
500236,40080,COCA-COLA 1.5L,11,2022-07-31 14:44:07,1.18,14587,426.65,4693.15,Gampaha
500236,40101,CBL EDGE COOKING OIL 1L,3,2022-07-31 14:44:07,2.19,14587,789.05,2367.15,Gampaha
500236,40039,CLOGARD TOOTHPASTE 120G,5,2022-07-31 14:44:07,0.7,14587,254.16,1270.8,Gampaha
500236,40049,ROZA PASTA MACARONI 400G,8,2022-07-31 14:44:07,0.91,14587,329.7,2637.6,Gampaha
500236,40030,KIST MIXED FRUIT NECTAR 1L,12,2022-07-31 14:44:07,1.56,14587,561.39,6736.68,Gampaha
500236,40034,HARISCHANDRA COFFEE 100G,1,2022-07-31 14:44:07,1.24,14587,449.4,449.4,Gampaha
500236,40051,LANKA SOY CHICKEN FLAVOUR 90G,11,2022-07-31 14:44:07,0.34,14587,121.88,1340.68,Gampaha
500121,40028,BAIRAHA CHICKEN 1KG,8,2022-08-25 15:16:11,5.06,14482,1831.32,14650.56,Galle
500121,40079,CEYLON TOBACCO (CIGARETTES PACK),7,2022-08-25 15:16:11,3.36,14482,1218.37,8528.59,Galle
500121,40067,COLGATE TOOTHPASTE 120G,12,2022-08-25 15:16:11,0.77,14482,280.11,3361.32,Galle
500121,40081,SPRITE 1.5L,10,2022-08-25 15:16:11,1.11,14482,402.02,4020.2,Galle
500121,40088,CARGILLS FRESH EGGS (10),6,2022-08-25 15:16:11,1.16,14482,418.35,2510.1,Galle
500121,40106,KOTMALE ICE CREAM VANILLA 1L,12,2022-08-25 15:16:11,3.24,14482,1171.98,14063.76,Galle
500191,40009,MUNCHEE TIKIRI MARIE 80G,8,2022-09-06 10:39:28,0.23,14582,81.66,653.28,Gampaha
500191,40064,HORLICKS 500G,44,2022-09-06 10:39:28,3.16,14582,1147.64,50496.16,Gampaha
500191,40050,RANCRISP CASHEWS 50G,4,2022-09-06 10:39:28,1.11,14582,401.72,1606.88,Gampaha
500191,40041,BABY CHERAMY SOAP 90G,7,2022-09-06 10:39:28,0.47,14582,172.02,1204.14,Gampaha
500191,40062,NESTOMALT 400G,2,2022-09-06 10:39:28,1.96,14582,711.8,1423.6,Gampaha
500191,40031,PRIMA KOTTU MEE CUP,5,2022-09-06 10:39:28,0.46,14582,165.37,826.85,Gampaha
500191,40002,DILMAH EARL GREY TEA 50 BAGS,8,2022-09-06 10:39:28,2.83,14582,1026.89,8215.12,Gampaha
500191,40023,RATHTHI MILK POWDER 400G,11,2022-09-06 10:39:28,3.31,14582,1199.98,13199.78,Gampaha
500191,40078,SOFTLOGIC COCONUT MILK 400ML,2,2022-09-06 10:39:28,0.9,14582,325.01,650.02,Gampaha
500191,40039,CLOGARD TOOTHPASTE 120G,7,2022-09-06 10:39:28,0.69,14582,250.3,1752.1,Gampaha
500191,40014,SPA CEYLON HAND CREAM,8,2022-09-06 10:39:28,7.51,14582,2724.35,21794.8,Gampaha
500191,40105,GOLDIE CORIANDER POWDER 100G,9,2022-09-06 10:39:28,0.74,14582,267.61,2408.49,Gampaha
500191,40019,ELEPHANT HOUSE GINGER BEER 1.5L,8,2022-09-06 10:39:28,1.16,14582,419.77,3358.16,Gampaha
500191,40090,RITZBURY CHOCOLATE BAR 100G,11,2022-09-06 10:39:28,0.8,14582,290.87,3199.57,Gampaha
500191,40010,MALIBAN MARIE BISCUITS 400G,7,2022-09-06 10:39:28,1.15,14582,417.18,2920.26,Gampaha
500191,40087,CARGILLS MAGIC SAUSAGES 400G,5,2022-09-06 10:39:28,2.54,14582,920.64,4603.2,Gampaha
500191,40045,PANADOL 100 TABLETS,7,2022-09-06 10:39:28,1.43,14582,519.25,3634.75,Gampaha
500191,40075,RANMUTHU RICE 5KG,18,2022-09-06 10:39:28,5.07,14582,1840.35,33126.3,Gampaha
500191,40101,CBL EDGE COOKING OIL 1L,9,2022-09-06 10:39:28,2.54,14582,922.46,8302.14,Gampaha
500191,40065,FAIR & LOVELY CREAM 50G,11,2022-09-06 10:39:28,1.07,14582,387.42,4261.62,Gampaha
500055,40048,EDINBOROUGH SOY SAUCE 400ML,11,2022-09-10 16:41:16,1.15,,416.41,4580.51,Mullaitivu
500055,40043,ASTRA MARGARINE 250G,6,2022-09-10 16:41:16,1.12,,408.16,2448.96,Mullaitivu
500055,40013,SPA CEYLON SLEEP BODY LOTION,9,2022-09-10 16:41:16,11.93,,4330.14,38971.26,Mullaitivu
500055,40033,HARISCHANDRA NOODLES 400G,36,2022-09-10 16:41:16,0.85,,310.17,11166.12,Mullaitivu
500055,40003,DILMAH GREEN TEA 20 BAGS,2,2022-09-10 16:41:16,1.86,,673.87,1347.74,Mullaitivu
500156,40096,MALIBAN CHOCOLATE WAFER 100G,7,2022-10-08 10:09:38,0.74,14507,269.32,1885.24,Moneragala
500156,40006,MUNCHEE SUPER CREAM CRACKER 500G,1,2022-10-08 10:09:38,1.32,14507,482.41,482.41,Moneragala
500156,40011,MALIBAN LEMON PUFF 200G,11,2022-10-08 10:09:38,0.66,14507,239.38,2633.18,Moneragala
500156,40044,HAPPY COW CHEESE 120G,10,2022-10-08 10:09:38,2.78,14507,1010.75,10107.5,Moneragala
500156,40096,MALIBAN CHOCOLATE WAFER 100G,9,2022-10-08 10:09:38,0.75,14507,271.43,2442.87,Moneragala
500156,40005,WATAWALA TEA 400G,5,2022-10-08 10:09:38,2.51,14507,915.13,4575.65,Moneragala
500156,40103,SOYA MEAT CHUNKS 400G,7,2022-10-08 10:09:38,1.08,14507,393.33,2753.31,Moneragala
500324,40014,SPA CEYLON HAND CREAM,11,2022-10-29 12:57:38,7.65,14645,2791.54,30706.94,Gampaha
500324,40055,LIFEBUOY SOAP 100G,10,2022-10-29 12:57:38,0.36,14645,131.51,1315.1,Gampaha
500324,40001,DILMAH CEYLON TEA 500G,11,2022-10-29 12:57:38,3.95,14645,1442.22,15864.42,Gampaha
500324,40071,MA MA NOODLES 5 PACK,6,2022-10-29 12:57:38,1.23,14645,447.38,2684.28,Gampaha
500324,40022,ANCHOR MILK POWDER 400G,6,2022-10-29 12:57:38,3.75,14645,1369.36,8216.16,Gampaha
500324,40098,BAIRAHA CHICKEN SAUSAGES 500G,8,2022-10-29 12:57:38,1.76,14645,643.83,5150.64,Gampaha
500324,40089,KANDOS CHOCOLATE BAR 100G,11,2022-10-29 12:57:38,0.77,14645,282.27,3104.97,Gampaha
500324,40060,SUNLIGHT SOAP 115G,1,2022-10-29 12:57:38,0.37,14645,133.27,133.27,Gampaha
500324,40090,RITZBURY CHOCOLATE BAR 100G,4,2022-10-29 12:57:38,0.92,14645,335.85,1343.4,Gampaha
500324,40114,DETTOL ANTISEPTIC LIQUID 250ML,3,2022-10-29 12:57:38,1.52,14645,556.54,1669.62,Gampaha
500324,40055,LIFEBUOY SOAP 100G,7,2022-10-29 12:57:38,0.41,14645,150.16,1051.12,Gampaha
500324,40010,MALIBAN MARIE BISCUITS 400G,2,2022-10-29 12:57:38,1.19,14645,433.14,866.28,Gampaha
500137,40093,LIPTON YELLOW LABEL TEA 400G,10,2022-10-29 15:15:32,2.97,,1085.72,10857.2,Gampaha
500137,40023,RATHTHI MILK POWDER 400G,11,2022-10-29 15:15:32,3.83,,1398.36,15381.96,Gampaha
500137,40059,SURF EXCEL 1KG,10,2022-10-29 15:15:32,2.63,,958.78,9587.8,Gampaha
500137,40063,MILO 400G,36,2022-10-29 15:15:32,2.33,,851.62,30658.32,Gampaha
500137,40079,CEYLON TOBACCO (CIGARETTES PACK),7,2022-10-29 15:15:32,3.59,,1309.67,9167.69,Gampaha
500137,40036,MAGGI COCONUT MILK POWDER 300G,11,2022-10-29 15:15:32,2.43,,885.86,9744.46,Gampaha
500137,40107,AMBEWELA FRESH MILK 1L,4,2022-10-29 15:15:32,1.22,,444.61,1778.44,Gampaha
500256,40043,ASTRA MARGARINE 250G,5,2022-11-01 12:58:56,1.38,14115,505.38,2526.9,Jaffna
500256,40088,CARGILLS FRESH EGGS (10),2,2022-11-01 12:58:56,1.09,14115,399.92,799.84,Jaffna
500064,40020,ELEPHANT HOUSE CREAM SODA 1.5L,12,2022-11-07 18:27:11,1.21,14087,441.08,5292.96,Jaffna
500064,40109,CARGILLS SQUARE DEAL WHITE SUGAR 1KG,7,2022-11-07 18:27:11,0.78,14087,283.96,1987.72,Jaffna
500064,40024,HIGHLAND MILK 1L,2,2022-11-07 18:27:11,1.14,14087,417.5,835.0,Jaffna
500064,40065,FAIR & LOVELY CREAM 50G,6,2022-11-07 18:27:11,1.04,14087,378.63,2271.78,Jaffna
500064,40082,NECTO 1.5L,2,2022-11-07 18:27:11,0.98,14087,358.73,717.46,Jaffna
500304,40026,KITHUL TREACLE 750ML,7,2022-11-10 14:06:14,5.51,14294,2014.66,14102.62,Colombo
500304,40081,SPRITE 1.5L,5,2022-11-10 14:06:14,1.11,14294,406.93,2034.65,Colombo
500304,40092,ARALIYA COCONUT MILK POWDER 300G,1,2022-11-10 14:06:14,2.01,14294,735.86,735.86,Colombo
500304,40058,DIVA WASHING POWDER 1KG,6,2022-11-10 14:06:14,2.01,14294,735.41,4412.46,Colombo
500304,40094,BASILUR CEYLON TEA GIFT TIN,10,2022-11-10 14:06:14,4.42,14294,1617.21,16172.1,Colombo
500304,40084,AKBAR TEA 400G,8,2022-11-10 14:06:14,1.98,14294,725.28,5802.24,Colombo
500304,40031,PRIMA KOTTU MEE CUP,8,2022-11-10 14:06:14,0.52,14294,190.58,1524.64,Colombo
500304,40025,KOTMALE FRESH MILK 1L,5,2022-11-10 14:06:14,1.38,14294,505.01,2525.05,Colombo
500294,40087,CARGILLS MAGIC SAUSAGES 400G,5,2022-11-10 18:14:28,2.35,14564,860.73,4303.65,Vavuniya
500294,40052,WIJAYA ROASTED CURRY POWDER 250G,10,2022-11-10 18:14:28,1.17,14564,429.01,4290.1,Vavuniya
500294,40015,SIDDHALEPA BALM 50G,7,2022-11-10 18:14:28,0.73,14564,266.22,1863.54,Vavuniya
500294,40110,SERENDIB SALT IODIZED 400G,11,2022-11-10 18:14:28,0.21,14564,75.68,832.48,Vavuniya
500294,40109,CARGILLS SQUARE DEAL WHITE SUGAR 1KG,29,2022-11-10 18:14:28,0.79,14564,290.05,8411.45,Vavuniya
500294,40034,HARISCHANDRA COFFEE 100G,1,2022-11-10 18:14:28,1.32,14564,483.1,483.1,Vavuniya
500294,40086,FITS COOKING OIL 1L,6,2022-11-10 18:14:28,3.36,14564,1228.59,7371.54,Vavuniya
500294,40113,GILLETTE SHAVING FOAM 200ML,20,2022-11-10 18:14:28,2.05,14564,749.86,14997.2,Vavuniya
500294,40007,MUNCHEE CHOCOLATE BISCUIT 200G,1,2022-11-10 18:14:28,0.63,14564,229.81,229.81,Vavuniya
500294,DELV,COURIER DELIVERY CHARGE,7,2022-11-10 18:14:28,0.82,14564,300.0,2100.0,Vavuniya
500294,40080,COCA-COLA 1.5L,2,2022-11-10 18:14:28,1.03,14564,376.72,753.44,Vavuniya
500294,40091,USWATTE SPICES MIXED CURRY POWDER 100G,7,2022-11-10 18:14:28,0.66,14564,242.85,1699.95,Vavuniya
500208,40086,FITS COOKING OIL 1L,5,2022-11-12 11:49:51,3.74,,1369.23,6846.15,Mannar
500208,40056,SUNSILK BLACK SHAMPOO 200ML,29,2022-11-12 11:49:51,1.92,,701.43,20341.47,Mannar
500208,40049,ROZA PASTA MACARONI 400G,8,2022-11-12 11:49:51,1.06,,386.45,3091.6,Mannar
500208,40042,MARINA COCONUT OIL 1L,4,2022-11-12 11:49:51,2.84,,1037.94,4151.76,Mannar
500214,40082,NECTO 1.5L,3,2022-11-12 15:09:18,1.05,14368,383.44,1150.32,Kandy
500368,40089,KANDOS CHOCOLATE BAR 100G,38,2022-11-17 11:40:46,0.87,14263,316.95,12044.1,Colombo
500368,40037,MOTHA STRAWBERRY JELLY 100G,11,2022-11-17 11:40:46,0.4,14263,147.68,1624.48,Colombo
500368,40007,MUNCHEE CHOCOLATE BISCUIT 200G,7,2022-11-17 11:40:46,0.71,14263,259.43,1816.01,Colombo
500368,40024,HIGHLAND MILK 1L,4,2022-11-17 11:40:46,1.37,14263,502.81,2011.24,Colombo
500368,40062,NESTOMALT 400G,8,2022-11-17 11:40:46,2.18,14263,799.13,6393.04,Colombo
500368,40054,PEARS BABY POWDER 100G,6,2022-11-17 11:40:46,0.76,14263,279.55,1677.3,Colombo
500046,40063,MILO 400G,10,2022-12-04 17:35:08,2.13,,782.13,7821.3,Matara
500046,40026,KITHUL TREACLE 750ML,9,2022-12-04 17:35:08,6.18,,2265.15,20386.35,Matara
500046,40104,CEYLON CINNAMON POWDER 100G,9,2022-12-04 17:35:08,1.07,,392.45,3532.05,Matara
500046,40006,MUNCHEE SUPER CREAM CRACKER 500G,6,2022-12-04 17:35:08,1.32,,483.19,2899.14,Matara
500046,40045,PANADOL 100 TABLETS,5,2022-12-04 17:35:08,1.44,,526.31,2631.55,Matara
500046,40090,RITZBURY CHOCOLATE BAR 100G,10,2022-12-04 17:35:08,0.85,,312.57,3125.7,Matara
500046,40087,CARGILLS MAGIC SAUSAGES 400G,9,2022-12-04 17:35:08,2.43,,890.49,8014.41,Matara
500046,40075,RANMUTHU RICE 5KG,12,2022-12-04 17:35:08,4.93,,1807.69,21692.28,Matara
500046,40021,ELEPHANT HOUSE VANILLA ICE CREAM 1L,5,2022-12-04 17:35:08,2.83,,1036.28,5181.4,Matara
500046,40036,MAGGI COCONUT MILK POWDER 300G,5,2022-12-04 17:35:08,2.5,,915.28,4576.4,Matara
500046,40076,CEYLON COLD STORES YOGHURT 80G,3,2022-12-04 17:35:08,0.3,,108.83,326.49,Matara
500046,40089,KANDOS CHOCOLATE BAR 100G,11,2022-12-04 17:35:08,0.83,,303.3,3336.3,Matara
500046,40044,HAPPY COW CHEESE 120G,10,2022-12-04 17:35:08,2.51,,919.03,9190.3,Matara
500046,40070,NESPRAY MILK POWDER 400G,1,2022-12-04 17:35:08,3.89,,1425.6,1425.6,Matara
500046,40083,BOGAWANTALAWA TEA 400G,1,2022-12-04 17:35:08,2.64,,968.4,968.4,Matara
500367,40039,CLOGARD TOOTHPASTE 120G,5,2022-12-06 11:06:43,0.67,14576,247.04,1235.2,Gampaha
500367,40097,KEELLS FROZEN SAUSAGE ROLL 400G,12,2022-12-06 11:06:43,1.52,14576,557.14,6685.68,Gampaha
500367,40052,WIJAYA ROASTED CURRY POWDER 250G,46,2022-12-06 11:06:43,1.2,14576,439.74,20228.04,Gampaha
500367,40092,ARALIYA COCONUT MILK POWDER 300G,8,2022-12-06 11:06:43,2.12,14576,777.94,6223.52,Gampaha
500367,40053,WIJAYA CHILLI POWDER 250G,5,2022-12-06 11:06:43,1.34,14576,489.94,2449.7,Gampaha
500367,40091,USWATTE SPICES MIXED CURRY POWDER 100G,8,2022-12-06 11:06:43,0.65,14576,239.85,1918.8,Gampaha
500367,40034,HARISCHANDRA COFFEE 100G,8,2022-12-06 11:06:43,1.26,14576,461.57,3692.56,Gampaha
500040,40035,CBL SAMAPOSHA 200G,7,2022-12-07 18:45:54,0.59,,217.75,1524.25,Nuwara Eliya
500040,DELV,COURIER DELIVERY CHARGE,7,2022-12-07 18:45:54,0.82,,300.0,2100.0,Nuwara Eliya
500040,40083,BOGAWANTALAWA TEA 400G,8,2022-12-07 18:45:54,3.14,,1153.21,9225.68,Nuwara Eliya
500395,40082,NECTO 1.5L,7,2022-12-10 12:04:50,1.18,14118,434.91,3044.37,Jaffna
500395,40060,SUNLIGHT SOAP 115G,3,2022-12-10 12:04:50,0.33,14118,122.09,366.27,Jaffna
500395,40068,CLOSE UP TOOTHPASTE 120G,10,2022-12-10 12:04:50,0.77,14118,284.28,2842.8,Jaffna
500395,40010,MALIBAN MARIE BISCUITS 400G,12,2022-12-10 12:04:50,1.09,14118,401.8,4821.6,Jaffna
500315,40111,ASTRA MAYONNAISE 250G,12,2022-12-11 10:46:15,1.33,14195,486.45,5837.4,Gampaha
500315,40030,KIST MIXED FRUIT NECTAR 1L,49,2022-12-11 10:46:15,1.51,14195,552.97,27095.53,Gampaha
500315,40093,LIPTON YELLOW LABEL TEA 400G,8,2022-12-11 10:46:15,3.12,14195,1145.06,9160.48,Gampaha
500315,40115,PEPSI 1.5L,19,2022-12-11 10:46:15,1.19,14195,437.69,8316.11,Gampaha
500315,40085,RANFAT COOKING OIL 1L,34,2022-12-11 10:46:15,3.25,14195,1191.67,40516.78,Gampaha
500315,40009,MUNCHEE TIKIRI MARIE 80G,4,2022-12-11 10:46:15,0.21,14195,77.54,310.16,Gampaha
500315,40050,RANCRISP CASHEWS 50G,11,2022-12-11 10:46:15,1.04,14195,382.67,4209.37,Gampaha
500315,40114,DETTOL ANTISEPTIC LIQUID 250ML,9,2022-12-11 10:46:15,1.64,14195,602.0,5418.0,Gampaha
500315,40091,USWATTE SPICES MIXED CURRY POWDER 100G,2,2022-12-11 10:46:15,0.63,14195,229.9,459.8,Gampaha
500315,40016,LINK SAMAHAN BOX (100 PACKETS),11,2022-12-11 10:46:15,4.84,14195,1776.22,19538.42,Gampaha
500315,40088,CARGILLS FRESH EGGS (10),6,2022-12-11 10:46:15,1.08,14195,398.18,2389.08,Gampaha
500315,40107,AMBEWELA FRESH MILK 1L,11,2022-12-11 10:46:15,1.21,14195,444.3,4887.3,Gampaha
500315,40107,AMBEWELA FRESH MILK 1L,4,2022-12-11 10:46:15,1.07,14195,393.07,1572.28,Gampaha
500315,40040,SIGNAL TOOTHPASTE 120G,4,2022-12-11 10:46:15,0.63,14195,230.49,921.96,Gampaha
500315,40085,RANFAT COOKING OIL 1L,4,2022-12-11 10:46:15,4.03,14195,1477.8,5911.2,Gampaha
500288,40094,BASILUR CEYLON TEA GIFT TIN,9,2022-12-11 15:01:59,3.68,,1350.44,12153.96,Colombo
500288,40039,CLOGARD TOOTHPASTE 120G,4,2022-12-11 15:01:59,0.63,,232.2,928.8,Colombo
500288,40029,KIST TOMATO KETCHUP 400G,5,2022-12-11 15:01:59,1.56,,573.93,2869.65,Colombo
500272,40015,SIDDHALEPA BALM 50G,6,2022-12-11 15:04:28,0.78,,288.1,1728.6,Colombo
500272,40054,PEARS BABY POWDER 100G,7,2022-12-11 15:04:28,0.84,,309.89,2169.23,Colombo
500272,40085,RANFAT COOKING OIL 1L,6,2022-12-11 15:04:28,3.3,,1210.75,7264.5,Colombo
500272,40033,HARISCHANDRA NOODLES 400G,4,2022-12-11 15:04:28,0.8,,294.22,1176.88,Colombo
500272,40059,SURF EXCEL 1KG,10,2022-12-11 15:04:28,3.0,,1100.45,11004.5,Colombo
500272,40051,LANKA SOY CHICKEN FLAVOUR 90G,33,2022-12-11 15:04:28,0.38,,138.82,4581.06,Colombo
500272,40011,MALIBAN LEMON PUFF 200G,11,2022-12-11 15:04:28,0.61,,222.09,2442.99,Colombo
500272,40060,SUNLIGHT SOAP 115G,6,2022-12-11 15:04:28,0.4,,147.05,882.3,Colombo
500272,40077,PILAWOOS FALOODA MIX 200G,1,2022-12-11 15:04:28,0.96,,352.19,352.19,Colombo
500272,40047,PELWATTE BUTTER 200G,4,2022-12-11 15:04:28,2.38,,873.35,3493.4,Colombo
500217,40106,KOTMALE ICE CREAM VANILLA 1L,2,2022-12-15 11:53:23,2.76,,1014.12,2028.24,Gampaha
500217,40006,MUNCHEE SUPER CREAM CRACKER 500G,8,2022-12-15 11:53:23,1.26,,461.38,3691.04,Gampaha
500217,40092,ARALIYA COCONUT MILK POWDER 300G,44,2022-12-15 11:53:23,2.45,,901.0,39644.0,Gampaha
500217,40102,DIAMOND COOKING OIL 1L,3,2022-12-15 11:53:23,2.44,,897.07,2691.21,Gampaha
500217,40072,FUN FOODS MAYONNAISE 250G,8,2022-12-15 11:53:23,1.5,,549.16,4393.28,Gampaha
500083,40042,MARINA COCONUT OIL 1L,13,2022-12-17 15:06:53,3.34,14230,1227.76,15960.88,Kandy
500083,40085,RANFAT COOKING OIL 1L,2,2022-12-17 15:06:53,3.47,14230,1276.08,2552.16,Kandy
500100,40104,CEYLON CINNAMON POWDER 100G,9,2022-12-17 17:05:29,1.33,14090,488.34,4395.06,Kandy
500100,40091,USWATTE SPICES MIXED CURRY POWDER 100G,10,2022-12-17 17:05:29,0.66,14090,241.07,2410.7,Kandy
500100,40108,RICHLIFE MILK POWDER 400G,8,2022-12-17 17:05:29,3.24,14090,1191.71,9533.68,Kandy
500100,40041,BABY CHERAMY SOAP 90G,6,2022-12-17 17:05:29,0.44,14090,162.35,974.1,Kandy
500100,40050,RANCRISP CASHEWS 50G,9,2022-12-17 17:05:29,0.97,14090,355.07,3195.63,Kandy
500100,40005,WATAWALA TEA 400G,1,2022-12-17 17:05:29,2.46,14090,905.11,905.11,Kandy
500100,40085,RANFAT COOKING OIL 1L,8,2022-12-17 17:05:29,3.98,14090,1462.8,11702.4,Kandy
500100,40051,LANKA SOY CHICKEN FLAVOUR 90G,8,2022-12-17 17:05:29,0.34,14090,126.02,1008.16,Kandy
500377,40088,CARGILLS FRESH EGGS (10),3,2022-12-20 18:09:25,1.18,14176,434.78,1304.34,Kalutara
500377,40026,KITHUL TREACLE 750ML,8,2022-12-20 18:09:25,4.99,14176,1833.6,14668.8,Kalutara
500377,40058,DIVA WASHING POWDER 1KG,9,2022-12-20 18:09:25,1.99,14176,730.82,6577.38,Kalutara
500220,40031,PRIMA KOTTU MEE CUP,5,2023-01-03 13:25:04,0.48,14111,175.82,879.1,Galle
500220,40035,CBL SAMAPOSHA 200G,7,2023-01-03 13:25:04,0.59,14111,217.48,1522.36,Galle
500220,40035,CBL SAMAPOSHA 200G,3,2023-01-03 13:25:04,0.63,14111,229.92,689.76,Galle
500220,40023,RATHTHI MILK POWDER 400G,45,2023-01-03 13:25:04,3.53,14111,1293.8,58221.0,Galle
500220,40049,ROZA PASTA MACARONI 400G,2,2023-01-03 13:25:04,1.06,14111,387.43,774.86,Galle
500220,40100,HARISCHANDRA MILK TEA POWDER 200G,24,2023-01-03 13:25:04,1.42,14111,521.02,12504.48,Galle
500220,40026,KITHUL TREACLE 750ML,9,2023-01-03 13:25:04,5.45,14111,1996.26,17966.34,Galle
500220,40049,ROZA PASTA MACARONI 400G,12,2023-01-03 13:25:04,0.99,14111,362.42,4349.04,Galle
C500054,40112,DENIYA BABY SHAMPOO 200ML,-11,2023-01-17 14:59:47,1.46,14038,520.85,-5729.35,Ratnapura
C500054,40035,CBL SAMAPOSHA 200G,-3,2023-01-17 14:59:47,0.64,14038,229.02,-687.06,Ratnapura
C500054,40060,SUNLIGHT SOAP 115G,-4,2023-01-17 14:59:47,0.38,14038,136.62,-546.48,Ratnapura
500085,40080,COCA-COLA 1.5L,10,2023-01-18 14:42:16,1.15,14189,408.45,4084.5,Colombo
500085,40109,CARGILLS SQUARE DEAL WHITE SUGAR 1KG,12,2023-01-18 14:42:16,0.94,14189,334.24,4010.88,Colombo
500085,40027,KEELLS CHICKEN SAUSAGES 500G,34,2023-01-18 14:42:16,3.07,14189,1091.74,37119.16,Colombo
500085,40066,PONDS TALCUM POWDER 100G,9,2023-01-18 14:42:16,1.25,14189,444.75,4002.75,Colombo
500085,40063,MILO 400G,5,2023-01-18 14:42:16,2.43,14189,865.02,4325.1,Colombo
500085,40062,NESTOMALT 400G,10,2023-01-18 14:42:16,1.91,14189,679.13,6791.3,Colombo
500085,40069,ANCHOR BUTTER 200G,36,2023-01-18 14:42:16,2.71,14189,966.42,34791.12,Colombo
500135,40078,SOFTLOGIC COCONUT MILK 400ML,4,2023-01-21 14:44:08,1.03,14202,364.89,1459.56,Ampara
500135,40040,SIGNAL TOOTHPASTE 120G,1,2023-01-21 14:44:08,0.67,14202,237.87,237.87,Ampara
500135,40021,ELEPHANT HOUSE VANILLA ICE CREAM 1L,5,2023-01-21 14:44:08,2.89,14202,1022.19,5110.95,Ampara
500135,40034,HARISCHANDRA COFFEE 100G,25,2023-01-21 14:44:08,1.28,14202,451.61,11290.25,Ampara
500135,40092,ARALIYA COCONUT MILK POWDER 300G,10,2023-01-21 14:44:08,2.32,14202,820.23,8202.3,Ampara
500135,40025,KOTMALE FRESH MILK 1L,7,2023-01-21 14:44:08,1.43,14202,505.11,3535.77,Ampara
500135,40063,MILO 400G,31,2023-01-21 14:44:08,2.31,14202,817.56,25344.36,Ampara
500135,40058,DIVA WASHING POWDER 1KG,6,2023-01-21 14:44:08,2.34,14202,827.25,4963.5,Ampara
500135,40083,BOGAWANTALAWA TEA 400G,12,2023-01-21 14:44:08,2.58,14202,911.87,10942.44,Ampara
500135,40095,MUNCHEE NICE BISCUIT 200G,1,2023-01-21 14:44:08,0.59,14202,209.52,209.52,Ampara
500135,40014,SPA CEYLON HAND CREAM,8,2023-01-21 14:44:08,7.22,14202,2556.23,20449.84,Ampara
500135,40094,BASILUR CEYLON TEA GIFT TIN,3,2023-01-21 14:44:08,4.22,14202,1494.7,4484.1,Ampara
500317,40010,MALIBAN MARIE BISCUITS 400G,12,2023-01-26 09:32:10,1.25,14536,439.05,5268.6,Badulla
500317,40012,MALIBAN CREAM CRACKER 500G,7,2023-01-26 09:32:10,1.34,14536,471.47,3300.29,Badulla
500317,40056,SUNSILK BLACK SHAMPOO 200ML,27,2023-01-26 09:32:10,1.74,14536,608.79,16437.33,Badulla
500317,40064,HORLICKS 500G,2,2023-01-26 09:32:10,3.05,14536,1069.41,2138.82,Badulla
500317,40028,BAIRAHA CHICKEN 1KG,12,2023-01-26 09:32:10,5.04,14536,1765.61,21187.32,Badulla
500317,40102,DIAMOND COOKING OIL 1L,2,2023-01-26 09:32:10,2.4,14536,840.97,1681.94,Badulla
500317,40038,MOTHA FALUDA MIX 100G,1,2023-01-26 09:32:10,0.71,14536,248.66,248.66,Badulla
500317,40102,DIAMOND COOKING OIL 1L,3,2023-01-26 09:32:10,2.7,14536,945.82,2837.46,Badulla
500317,40102,DIAMOND COOKING OIL 1L,6,2023-01-26 09:32:10,2.22,14536,777.85,4667.1,Badulla
500317,40062,NESTOMALT 400G,6,2023-01-26 09:32:10,2.01,14536,703.19,4219.14,Badulla
500347,40049,ROZA PASTA MACARONI 400G,5,2023-01-27 16:37:43,0.86,14282,301.06,1505.3,Colombo
500202,40057,VIM DISHWASH LIQUID 500ML,6,2023-03-04 11:32:08,1.59,14525,521.85,3131.1,Kandy
500202,40042,MARINA COCONUT OIL 1L,1,2023-03-04 11:32:08,3.51,14525,1148.96,1148.96,Kandy
500279,40110,SERENDIB SALT IODIZED 400G,6,2023-03-05 19:19:12,0.21,14351,67.64,405.84,Colombo
500279,40030,KIST MIXED FRUIT NECTAR 1L,8,2023-03-05 19:19:12,1.99,14351,649.35,5194.8,Colombo
500295,40030,KIST MIXED FRUIT NECTAR 1L,27,2023-04-04 10:19:02,1.9,14026,609.37,16452.99,Galle
500295,40102,DIAMOND COOKING OIL 1L,5,2023-04-04 10:19:02,3.05,14026,975.51,4877.55,Galle
500295,40112,DENIYA BABY SHAMPOO 200ML,6,2023-04-04 10:19:02,1.91,14026,612.88,3677.28,Galle
500295,40005,WATAWALA TEA 400G,1,2023-04-04 10:19:02,3.08,14026,985.77,985.77,Galle
500295,40091,USWATTE SPICES MIXED CURRY POWDER 100G,7,2023-04-04 10:19:02,0.71,14026,226.27,1583.89,Galle
500295,40028,BAIRAHA CHICKEN 1KG,2,2023-04-04 10:19:02,5.36,14026,1715.21,3430.42,Galle
500295,40100,HARISCHANDRA MILK TEA POWDER 200G,11,2023-04-04 10:19:02,1.65,14026,527.68,5804.48,Galle
500295,40018,MD MANGO CHUTNEY 400G,6,2023-04-04 10:19:02,2.54,14026,812.71,4876.26,Galle
500295,40004,ZESTA TEA 400G,9,2023-04-04 10:19:02,3.98,14026,1274.21,11467.89,Galle
500295,40111,ASTRA MAYONNAISE 250G,6,2023-04-04 10:19:02,1.61,14026,516.25,3097.5,Galle
500295,40066,PONDS TALCUM POWDER 100G,11,2023-04-04 10:19:02,1.24,14026,395.76,4353.36,Galle
500295,40009,MUNCHEE TIKIRI MARIE 80G,2,2023-04-04 10:19:02,0.23,14026,73.53,147.06,Galle
500295,40078,SOFTLOGIC COCONUT MILK 400ML,4,2023-04-04 10:19:02,1.21,14026,388.68,1554.72,Galle
500295,40028,BAIRAHA CHICKEN 1KG,4,2023-04-04 10:19:02,5.55,14026,1776.64,7106.56,Galle
500295,40091,USWATTE SPICES MIXED CURRY POWDER 100G,9,2023-04-04 10:19:02,0.71,14026,227.66,2048.94,Galle
500295,40082,NECTO 1.5L,55,2023-04-04 10:19:02,1.23,14026,392.4,21582.0,Galle
500295,40099,PRIMA CHICKEN NOODLES CUP,10,2023-04-04 10:19:02,0.52,14026,167.87,1678.7,Galle
500295,40081,SPRITE 1.5L,10,2023-04-04 10:19:02,1.36,14026,436.08,4360.8,Galle
500296,40025,KOTMALE FRESH MILK 1L,9,2023-04-20 12:50:17,1.78,14232,563.29,5069.61,Gampaha
500296,40051,LANKA SOY CHICKEN FLAVOUR 90G,19,2023-04-20 12:50:17,0.42,14232,132.0,2508.0,Gampaha
500296,40027,KEELLS CHICKEN SAUSAGES 500G,1,2023-04-20 12:50:17,3.52,14232,1114.95,1114.95,Gampaha
500298,40002,DILMAH EARL GREY TEA 50 BAGS,4,2023-04-28 14:15:13,2.98,14425,935.89,3743.56,Gampaha
500298,40037,MOTHA STRAWBERRY JELLY 100G,1,2023-04-28 14:15:13,0.48,14425,150.28,150.28,Gampaha
500298,40034,HARISCHANDRA COFFEE 100G,10,2023-04-28 14:15:13,1.47,14425,461.9,4619.0,Gampaha
500298,40076,CEYLON COLD STORES YOGHURT 80G,5,2023-04-28 14:15:13,0.3,14425,93.59,467.95,Gampaha
500298,40096,MALIBAN CHOCOLATE WAFER 100G,6,2023-04-28 14:15:13,0.83,14425,261.5,1569.0,Gampaha
500298,40033,HARISCHANDRA NOODLES 400G,7,2023-04-28 14:15:13,0.89,14425,281.02,1967.14,Gampaha
500298,40105,GOLDIE CORIANDER POWDER 100G,9,2023-04-28 14:15:13,0.91,14425,284.91,2564.19,Gampaha
500117,40092,ARALIYA COCONUT MILK POWDER 300G,50,2023-05-03 16:10:06,2.49,14346,781.97,39098.5,Gampaha
500117,40050,RANCRISP CASHEWS 50G,7,2023-05-03 16:10:06,1.19,14346,372.37,2606.59,Gampaha
500117,40100,HARISCHANDRA MILK TEA POWDER 200G,10,2023-05-03 16:10:06,1.62,14346,508.65,5086.5,Gampaha
500117,40015,SIDDHALEPA BALM 50G,8,2023-05-03 16:10:06,1.02,14346,319.34,2554.72,Gampaha
500117,40049,ROZA PASTA MACARONI 400G,4,2023-05-03 16:10:06,0.98,14346,306.01,1224.04,Gampaha
500117,40070,NESPRAY MILK POWDER 400G,23,2023-05-03 16:10:06,4.12,14346,1290.56,29682.88,Gampaha
500117,40039,CLOGARD TOOTHPASTE 120G,9,2023-05-03 16:10:06,0.82,14346,257.3,2315.7,Gampaha
500117,40098,BAIRAHA CHICKEN SAUSAGES 500G,12,2023-05-03 16:10:06,1.78,14346,557.69,6692.28,Gampaha
500117,40079,CEYLON TOBACCO (CIGARETTES PACK),2,2023-05-03 16:10:06,4.33,14346,1357.88,2715.76,Gampaha
500117,40086,FITS COOKING OIL 1L,10,2023-05-03 16:10:06,3.73,14346,1170.6,11706.0,Gampaha
500065,40035,CBL SAMAPOSHA 200G,58,2023-05-08 15:26:06,0.7,14095,220.08,12764.64,Colombo
500065,40057,VIM DISHWASH LIQUID 500ML,6,2023-05-08 15:26:06,1.78,14095,556.0,3336.0,Colombo
500065,40001,DILMAH CEYLON TEA 500G,10,2023-05-08 15:26:06,4.64,14095,1448.03,14480.3,Colombo
500065,40112,DENIYA BABY SHAMPOO 200ML,8,2023-05-08 15:26:06,1.95,14095,607.95,4863.6,Colombo
500065,40070,NESPRAY MILK POWDER 400G,8,2023-05-08 15:26:06,4.21,14095,1313.84,10510.72,Colombo
500065,40098,BAIRAHA CHICKEN SAUSAGES 500G,8,2023-05-08 15:26:06,1.78,14095,555.55,4444.4,Colombo
500065,40030,KIST MIXED FRUIT NECTAR 1L,4,2023-05-08 15:26:06,2.21,14095,690.2,2760.8,Colombo
500065,DELV,COURIER DELIVERY CHARGE,6,2023-05-08 15:26:06,0.96,14095,300.0,1800.0,Colombo
500065,40045,PANADOL 100 TABLETS,2,2023-05-08 15:26:06,1.54,14095,482.23,964.46,Colombo
500065,40002,DILMAH EARL GREY TEA 50 BAGS,7,2023-05-08 15:26:06,2.82,14095,881.86,6173.02,Colombo
500065,40033,HARISCHANDRA NOODLES 400G,39,2023-05-08 15:26:06,0.87,14095,271.2,10576.8,Colombo
500065,40071,MA MA NOODLES 5 PACK,11,2023-05-08 15:26:06,1.29,14095,404.02,4444.22,Colombo
500065,40057,VIM DISHWASH LIQUID 500ML,11,2023-05-08 15:26:06,1.86,14095,580.93,6390.23,Colombo
500065,40018,MD MANGO CHUTNEY 400G,1,2023-05-08 15:26:06,2.66,14095,831.4,831.4,Colombo
500065,40070,NESPRAY MILK POWDER 400G,12,2023-05-08 15:26:06,4.35,14095,1358.57,16302.84,Colombo
500065,40064,HORLICKS 500G,4,2023-05-08 15:26:06,3.36,14095,1049.62,4198.48,Colombo
500065,40068,CLOSE UP TOOTHPASTE 120G,5,2023-05-08 15:26:06,0.91,14095,283.85,1419.25,Colombo
500065,40107,AMBEWELA FRESH MILK 1L,6,2023-05-08 15:26:06,1.4,14095,436.31,2617.86,Colombo
500127,40089,KANDOS CHOCOLATE BAR 100G,8,2023-05-15 16:31:12,0.92,14547,284.98,2279.84,Gampaha
500127,40087,CARGILLS MAGIC SAUSAGES 400G,3,2023-05-15 16:31:12,2.94,14547,914.44,2743.32,Gampaha
500263,40086,FITS COOKING OIL 1L,2,2023-05-19 11:18:10,4.31,14361,1334.97,2669.94,Colombo
500263,40019,ELEPHANT HOUSE GINGER BEER 1.5L,8,2023-05-19 11:18:10,1.59,14361,492.58,3940.64,Colombo
500263,40023,RATHTHI MILK POWDER 400G,8,2023-05-19 11:18:10,4.2,14361,1299.6,10396.8,Colombo
500399,40112,DENIYA BABY SHAMPOO 200ML,1,2023-05-19 19:37:52,1.8,14203,556.36,556.36,Gampaha
500399,40105,GOLDIE CORIANDER POWDER 100G,2,2023-05-19 19:37:52,0.85,14203,262.54,525.08,Gampaha
500399,40085,RANFAT COOKING OIL 1L,1,2023-05-19 19:37:52,4.73,14203,1466.36,1466.36,Gampaha
500399,40059,SURF EXCEL 1KG,10,2023-05-19 19:37:52,3.0,14203,928.86,9288.6,Gampaha
500399,40093,LIPTON YELLOW LABEL TEA 400G,4,2023-05-19 19:37:52,3.23,14203,1000.73,4002.92,Gampaha
500399,40068,CLOSE UP TOOTHPASTE 120G,18,2023-05-19 19:37:52,0.9,14203,279.14,5024.52,Gampaha
500399,40062,NESTOMALT 400G,3,2023-05-19 19:37:52,2.53,14203,784.34,2353.02,Gampaha
500330,40057,VIM DISHWASH LIQUID 500ML,8,2023-05-22 09:38:17,1.49,,460.62,3684.96,Galle
500330,40067,COLGATE TOOTHPASTE 120G,4,2023-05-22 09:38:17,0.85,,261.28,1045.12,Galle
500330,40017,MD MIXED FRUIT JAM 500G,2,2023-05-22 09:38:17,2.43,,750.87,1501.74,Galle
500330,40030,KIST MIXED FRUIT NECTAR 1L,9,2023-05-22 09:38:17,1.84,,570.1,5130.9,Galle
500330,40094,BASILUR CEYLON TEA GIFT TIN,2,2023-05-22 09:38:17,5.19,,1602.95,3205.9,Galle
500330,40076,CEYLON COLD STORES YOGHURT 80G,5,2023-05-22 09:38:17,0.31,,95.46,477.3,Galle
500330,40042,MARINA COCONUT OIL 1L,11,2023-05-22 09:38:17,3.5,,1080.46,11885.06,Galle
500330,40031,PRIMA KOTTU MEE CUP,10,2023-05-22 09:38:17,0.6,,185.56,1855.6,Galle
500330,40076,CEYLON COLD STORES YOGHURT 80G,11,2023-05-22 09:38:17,0.33,,101.17,1112.87,Galle
500330,40079,CEYLON TOBACCO (CIGARETTES PACK),4,2023-05-22 09:38:17,4.48,,1383.73,5534.92,Galle
500330,40108,RICHLIFE MILK POWDER 400G,6,2023-05-22 09:38:17,3.99,,1233.41,7400.46,Galle
500330,DELV,COURIER DELIVERY CHARGE,8,2023-05-22 09:38:17,0.97,,300.0,2400.0,Galle
500330,40088,CARGILLS FRESH EGGS (10),4,2023-05-22 09:38:17,1.33,,411.98,1647.92,Galle
500330,40050,RANCRISP CASHEWS 50G,8,2023-05-22 09:38:17,1.34,,412.55,3300.4,Galle
500330,40056,SUNSILK BLACK SHAMPOO 200ML,5,2023-05-22 09:38:17,1.95,,603.71,3018.55,Galle
500330,40062,NESTOMALT 400G,3,2023-05-22 09:38:17,2.33,,719.5,2158.5,Galle
500330,40055,LIFEBUOY SOAP 100G,2,2023-05-22 09:38:17,0.47,,144.03,288.06,Galle
500330,40063,MILO 400G,5,2023-05-22 09:38:17,2.89,,893.68,4468.4,Galle
500330,40082,NECTO 1.5L,1,2023-05-22 09:38:17,1.23,,380.89,380.89,Galle
500330,40036,MAGGI COCONUT MILK POWDER 300G,4,2023-05-22 09:38:17,3.11,,960.66,3842.64,Galle
500161,40016,LINK SAMAHAN BOX (100 PACKETS),5,2023-05-26 16:55:34,6.29,14073,1938.95,9694.75,Colombo
500161,40058,DIVA WASHING POWDER 1KG,10,2023-05-26 16:55:34,2.49,14073,767.56,7675.6,Colombo
500161,40029,KIST TOMATO KETCHUP 400G,3,2023-05-26 16:55:34,1.56,14073,481.09,1443.27,Colombo
500319,40100,HARISCHANDRA MILK TEA POWDER 200G,39,2023-06-10 10:43:46,1.62,14012,492.36,19202.04,Colombo
500319,40051,LANKA SOY CHICKEN FLAVOUR 90G,7,2023-06-10 10:43:46,0.47,14012,144.61,1012.27,Colombo
500319,40110,SERENDIB SALT IODIZED 400G,1,2023-06-10 10:43:46,0.22,14012,67.04,67.04,Colombo
500149,40092,ARALIYA COCONUT MILK POWDER 300G,8,2023-06-10 12:14:09,2.97,14372,905.3,7242.4,Puttalam
500149,40051,LANKA SOY CHICKEN FLAVOUR 90G,8,2023-06-10 12:14:09,0.45,14372,137.33,1098.64,Puttalam
500149,40020,ELEPHANT HOUSE CREAM SODA 1.5L,8,2023-06-10 12:14:09,1.55,14372,471.31,3770.48,Puttalam
500149,40056,SUNSILK BLACK SHAMPOO 200ML,12,2023-06-10 12:14:09,2.05,14372,625.64,7507.68,Puttalam
500149,40046,MARMITE 100G,3,2023-06-10 12:14:09,2.68,14372,817.88,2453.64,Puttalam
500149,40008,MUNCHEE LEMON PUFF 200G,5,2023-06-10 12:14:09,0.82,14372,248.65,1243.25,Puttalam
500149,40070,NESPRAY MILK POWDER 400G,10,2023-06-10 12:14:09,4.39,14372,1338.25,13382.5,Puttalam
500149,40110,SERENDIB SALT IODIZED 400G,12,2023-06-10 12:14:09,0.23,14372,69.36,832.32,Puttalam
500149,40031,PRIMA KOTTU MEE CUP,6,2023-06-10 12:14:09,0.63,14372,193.18,1159.08,Puttalam
500149,40087,CARGILLS MAGIC SAUSAGES 400G,12,2023-06-10 12:14:09,2.7,14372,821.06,9852.72,Puttalam
500149,40110,SERENDIB SALT IODIZED 400G,7,2023-06-10 12:14:09,0.2,14372,62.24,435.68,Puttalam
500149,40011,MALIBAN LEMON PUFF 200G,2,2023-06-10 12:14:09,0.71,14372,215.62,431.24,Puttalam
500149,40011,MALIBAN LEMON PUFF 200G,11,2023-06-10 12:14:09,0.75,14372,229.52,2524.72,Puttalam
500149,40055,LIFEBUOY SOAP 100G,3,2023-06-10 12:14:09,0.52,14372,158.64,475.92,Puttalam
500149,40101,CBL EDGE COOKING OIL 1L,10,2023-06-10 12:14:09,2.88,14372,878.17,8781.7,Puttalam
500090,40049,ROZA PASTA MACARONI 400G,6,2023-06-23 17:46:51,1.19,14343,360.0,2160.0,Galle
500090,40094,BASILUR CEYLON TEA GIFT TIN,2,2023-06-23 17:46:51,5.23,14343,1576.26,3152.52,Galle
500090,40012,MALIBAN CREAM CRACKER 500G,8,2023-06-23 17:46:51,1.42,14343,426.84,3414.72,Galle
500090,40008,MUNCHEE LEMON PUFF 200G,11,2023-06-23 17:46:51,0.74,14343,222.28,2445.08,Galle
500094,40097,KEELLS FROZEN SAUSAGE ROLL 400G,2,2023-07-01 11:44:43,1.86,14103,559.73,1119.46,Hambantota
500094,40014,SPA CEYLON HAND CREAM,9,2023-07-01 11:44:43,8.79,14103,2637.45,23737.05,Hambantota
500094,40065,FAIR & LOVELY CREAM 50G,4,2023-07-01 11:44:43,1.18,14103,355.14,1420.56,Hambantota
500094,40112,DENIYA BABY SHAMPOO 200ML,5,2023-07-01 11:44:43,1.92,14103,576.27,2881.35,Hambantota
500094,40105,GOLDIE CORIANDER POWDER 100G,7,2023-07-01 11:44:43,0.87,14103,260.29,1822.03,Hambantota
500204,40056,SUNSILK BLACK SHAMPOO 200ML,8,2023-07-03 16:38:08,2.16,14471,649.6,5196.8,Ampara
500204,40106,KOTMALE ICE CREAM VANILLA 1L,25,2023-07-03 16:38:08,3.9,14471,1171.37,29284.25,Ampara
500204,40044,HAPPY COW CHEESE 120G,12,2023-07-03 16:38:08,3.59,14471,1079.28,12951.36,Ampara
500204,40055,LIFEBUOY SOAP 100G,10,2023-07-03 16:38:08,0.49,14471,148.53,1485.3,Ampara
500204,40115,PEPSI 1.5L,11,2023-07-03 16:38:08,1.2,14471,360.98,3970.78,Ampara
500204,40074,ARALIYA WHITE RICE 5KG,10,2023-07-03 16:38:08,5.55,14471,1668.57,16685.7,Ampara
500204,40011,MALIBAN LEMON PUFF 200G,10,2023-07-03 16:38:08,0.72,14471,215.59,2155.9,Ampara
500204,40079,CEYLON TOBACCO (CIGARETTES PACK),9,2023-07-03 16:38:08,4.2,14471,1260.43,11343.87,Ampara
500204,40071,MA MA NOODLES 5 PACK,3,2023-07-03 16:38:08,1.64,14471,491.15,1473.45,Ampara
500204,40019,ELEPHANT HOUSE GINGER BEER 1.5L,10,2023-07-03 16:38:08,1.36,14471,409.17,4091.7,Ampara
500204,40014,SPA CEYLON HAND CREAM,6,2023-07-03 16:38:08,9.31,14471,2796.78,16780.68,Ampara
500204,40114,DETTOL ANTISEPTIC LIQUID 250ML,9,2023-07-03 16:38:08,1.74,14471,522.64,4703.76,Ampara
500086,40017,MD MIXED FRUIT JAM 500G,7,2023-07-06 10:57:54,2.67,14529,801.6,5611.2,Mullaitivu
500086,40059,SURF EXCEL 1KG,56,2023-07-06 10:57:54,3.5,14529,1051.51,58884.56,Mullaitivu
500086,40075,RANMUTHU RICE 5KG,2,2023-07-06 10:57:54,6.11,14529,1838.1,3676.2,Mullaitivu
500086,40106,KOTMALE ICE CREAM VANILLA 1L,11,2023-07-06 10:57:54,3.71,14529,1116.53,12281.83,Mullaitivu
500086,40009,MUNCHEE TIKIRI MARIE 80G,2,2023-07-06 10:57:54,0.25,14529,74.02,148.04,Mullaitivu
500086,40017,MD MIXED FRUIT JAM 500G,9,2023-07-06 10:57:54,2.65,14529,797.33,7175.97,Mullaitivu
500086,40090,RITZBURY CHOCOLATE BAR 100G,6,2023-07-06 10:57:54,1.09,14529,327.04,1962.24,Mullaitivu
500086,40019,ELEPHANT HOUSE GINGER BEER 1.5L,6,2023-07-06 10:57:54,1.45,14529,435.55,2613.3,Mullaitivu
500086,40052,WIJAYA ROASTED CURRY POWDER 250G,11,2023-07-06 10:57:54,1.64,14529,494.34,5437.74,Mullaitivu
500086,40032,PRIMA STELLA NOODLES 400G,10,2023-07-06 10:57:54,0.99,14529,296.6,2966.0,Mullaitivu
500086,40034,HARISCHANDRA COFFEE 100G,2,2023-07-06 10:57:54,1.55,14529,465.02,930.04,Mullaitivu
500086,40086,FITS COOKING OIL 1L,8,2023-07-06 10:57:54,4.33,14529,1302.33,10418.64,Mullaitivu
500287,40088,CARGILLS FRESH EGGS (10),2,2023-07-06 17:49:51,1.17,14107,351.66,703.32,Badulla
500287,40114,DETTOL ANTISEPTIC LIQUID 250ML,7,2023-07-06 17:49:51,1.92,14107,576.63,4036.41,Badulla
500287,40048,EDINBOROUGH SOY SAUCE 400ML,28,2023-07-06 17:49:51,1.31,14107,393.88,11028.64,Badulla
500341,40033,HARISCHANDRA NOODLES 400G,3,2023-07-06 18:16:08,1.04,14628,312.66,937.98,Gampaha
500341,40011,MALIBAN LEMON PUFF 200G,10,2023-07-06 18:16:08,0.8,14628,242.08,2420.8,Gampaha
500390,40108,RICHLIFE MILK POWDER 400G,1,2023-07-14 16:09:13,3.87,14030,1166.74,1166.74,Colombo
500390,40077,PILAWOOS FALOODA MIX 200G,4,2023-07-14 16:09:13,1.31,14030,395.71,1582.84,Colombo
500390,40109,CARGILLS SQUARE DEAL WHITE SUGAR 1KG,16,2023-07-14 16:09:13,1.01,14030,304.62,4873.92,Colombo
500390,40025,KOTMALE FRESH MILK 1L,48,2023-07-14 16:09:13,1.77,14030,534.72,25666.56,Colombo
500390,40055,LIFEBUOY SOAP 100G,12,2023-07-14 16:09:13,0.49,14030,146.96,1763.52,Colombo
500390,40057,VIM DISHWASH LIQUID 500ML,5,2023-07-14 16:09:13,1.63,14030,492.62,2463.1,Colombo
500390,40044,HAPPY COW CHEESE 120G,12,2023-07-14 16:09:13,3.2,14030,966.23,11594.76,Colombo
500160,40050,RANCRISP CASHEWS 50G,11,2023-07-19 15:59:22,1.19,14056,361.05,3971.55,Gampaha
500160,40043,ASTRA MARGARINE 250G,8,2023-07-19 15:59:22,1.62,14056,488.72,3909.76,Gampaha
500160,40082,NECTO 1.5L,1,2023-07-19 15:59:22,1.4,14056,422.59,422.59,Gampaha
500160,40071,MA MA NOODLES 5 PACK,4,2023-07-19 15:59:22,1.49,14056,450.52,1802.08,Gampaha
500160,40072,FUN FOODS MAYONNAISE 250G,2,2023-07-19 15:59:22,1.63,14056,493.53,987.06,Gampaha
500160,40056,SUNSILK BLACK SHAMPOO 200ML,33,2023-07-19 15:59:22,2.26,14056,682.02,22506.66,Gampaha
500160,40090,RITZBURY CHOCOLATE BAR 100G,4,2023-07-19 15:59:22,1.06,14056,321.82,1287.28,Gampaha
500160,40075,RANMUTHU RICE 5KG,2,2023-07-19 15:59:22,5.48,14056,1656.04,3312.08,Gampaha
500160,40013,SPA CEYLON SLEEP BODY LOTION,5,2023-07-19 15:59:22,14.58,14056,4409.61,22048.05,Gampaha
500160,40036,MAGGI COCONUT MILK POWDER 300G,7,2023-07-19 15:59:22,2.75,14056,831.87,5823.09,Gampaha
500160,40040,SIGNAL TOOTHPASTE 120G,9,2023-07-19 15:59:22,0.97,14056,291.9,2627.1,Gampaha
500160,40031,PRIMA KOTTU MEE CUP,12,2023-07-19 15:59:22,0.58,14056,174.44,2093.28,Gampaha
500174,40073,DELMEGE BASMATI RICE 5KG,54,2023-07-24 14:12:06,7.1,14607,2152.54,116237.16,Colombo
500174,40022,ANCHOR MILK POWDER 400G,19,2023-07-24 14:12:06,4.19,14607,1268.17,24095.23,Colombo
500182,40114,DETTOL ANTISEPTIC LIQUID 250ML,12,2023-07-28 09:55:57,1.88,14065,570.96,6851.52,Colombo
500182,40027,KEELLS CHICKEN SAUSAGES 500G,10,2023-07-28 09:55:57,3.99,14065,1210.35,12103.5,Colombo
500182,40060,SUNLIGHT SOAP 115G,7,2023-07-28 09:55:57,0.51,14065,154.17,1079.19,Colombo
500182,40070,NESPRAY MILK POWDER 400G,9,2023-07-28 09:55:57,4.75,14065,1442.99,12986.91,Colombo
500182,40103,SOYA MEAT CHUNKS 400G,4,2023-07-28 09:55:57,1.16,14065,352.83,1411.32,Colombo
500182,40071,MA MA NOODLES 5 PACK,9,2023-07-28 09:55:57,1.42,14065,430.15,3871.35,Colombo
500182,40077,PILAWOOS FALOODA MIX 200G,6,2023-07-28 09:55:57,1.26,14065,383.06,2298.36,Colombo
500271,40029,KIST TOMATO KETCHUP 400G,2,2023-07-30 15:13:43,1.64,14648,497.77,995.54,Kandy
500271,40007,MUNCHEE CHOCOLATE BISCUIT 200G,3,2023-07-30 15:13:43,0.86,14648,262.66,787.98,Kandy
500271,40098,BAIRAHA CHICKEN SAUSAGES 500G,8,2023-07-30 15:13:43,2.21,14648,670.0,5360.0,Kandy
500271,40103,SOYA MEAT CHUNKS 400G,10,2023-07-30 15:13:43,1.05,14648,319.31,3193.1,Kandy
500271,40080,COCA-COLA 1.5L,10,2023-07-30 15:13:43,1.27,14648,384.48,3844.8,Kandy
500271,40073,DELMEGE BASMATI RICE 5KG,4,2023-07-30 15:13:43,8.62,14648,2617.51,10470.04,Kandy
500271,40087,CARGILLS MAGIC SAUSAGES 400G,10,2023-07-30 15:13:43,2.82,14648,857.85,8578.5,Kandy
500271,40079,CEYLON TOBACCO (CIGARETTES PACK),4,2023-07-30 15:13:43,4.88,14648,1482.66,5930.64,Kandy
500271,40090,RITZBURY CHOCOLATE BAR 100G,5,2023-07-30 15:13:43,1.05,14648,318.06,1590.3,Kandy
500271,40075,RANMUTHU RICE 5KG,2,2023-07-30 15:13:43,5.18,14648,1573.23,3146.46,Kandy
500271,40064,HORLICKS 500G,5,2023-07-30 15:13:43,3.84,14648,1165.31,5826.55,Kandy
500271,40008,MUNCHEE LEMON PUFF 200G,4,2023-07-30 15:13:43,0.74,14648,226.2,904.8,Kandy
500271,40110,SERENDIB SALT IODIZED 400G,7,2023-07-30 15:13:43,0.21,14648,63.46,444.22,Kandy
500271,40036,MAGGI COCONUT MILK POWDER 300G,2,2023-07-30 15:13:43,2.55,14648,775.0,1550.0,Kandy
500271,40017,MD MIXED FRUIT JAM 500G,3,2023-07-30 15:13:43,2.61,14648,791.94,2375.82,Kandy
500271,40074,ARALIYA WHITE RICE 5KG,12,2023-07-30 15:13:43,5.39,14648,1638.6,19663.2,Kandy
500271,DELV,COURIER DELIVERY CHARGE,4,2023-07-30 15:13:43,0.99,14648,300.0,1200.0,Kandy
500271,40078,SOFTLOGIC COCONUT MILK 400ML,13,2023-07-30 15:13:43,1.06,14648,322.62,4194.06,Kandy
500264,40080,COCA-COLA 1.5L,11,2023-08-03 13:18:25,1.39,14132,421.92,4641.12,Kandy
500264,40086,FITS COOKING OIL 1L,5,2023-08-03 13:18:25,4.67,14132,1421.15,7105.75,Kandy
500264,40072,FUN FOODS MAYONNAISE 250G,2,2023-08-03 13:18:25,1.64,14132,500.33,1000.66,Kandy
500264,40095,MUNCHEE NICE BISCUIT 200G,11,2023-08-03 13:18:25,0.8,14132,244.63,2690.93,Kandy
500264,40037,MOTHA STRAWBERRY JELLY 100G,9,2023-08-03 13:18:25,0.42,14132,127.14,1144.26,Kandy
500264,40025,KOTMALE FRESH MILK 1L,2,2023-08-03 13:18:25,1.73,14132,527.33,1054.66,Kandy
500264,40043,ASTRA MARGARINE 250G,11,2023-08-03 13:18:25,1.68,14132,509.67,5606.37,Kandy
500264,40083,BOGAWANTALAWA TEA 400G,1,2023-08-03 13:18:25,3.72,14132,1131.8,1131.8,Kandy
500264,40099,PRIMA CHICKEN NOODLES CUP,7,2023-08-03 13:18:25,0.48,14132,145.23,1016.61,Kandy
500336,40109,CARGILLS SQUARE DEAL WHITE SUGAR 1KG,9,2023-08-12 15:40:04,1.0,14571,304.77,2742.93,Batticaloa
500336,40104,CEYLON CINNAMON POWDER 100G,3,2023-08-12 15:40:04,1.43,14571,435.41,1306.23,Batticaloa
500336,40007,MUNCHEE CHOCOLATE BISCUIT 200G,3,2023-08-12 15:40:04,0.88,14571,269.98,809.94,Batticaloa
500336,40036,MAGGI COCONUT MILK POWDER 300G,5,2023-08-12 15:40:04,3.12,14571,953.41,4767.05,Batticaloa
500336,40072,FUN FOODS MAYONNAISE 250G,7,2023-08-12 15:40:04,1.61,14571,490.88,3436.16,Batticaloa
500336,40001,DILMAH CEYLON TEA 500G,12,2023-08-12 15:40:04,4.17,14571,1274.62,15295.44,Batticaloa
500336,40106,KOTMALE ICE CREAM VANILLA 1L,5,2023-08-12 15:40:04,3.27,14571,999.29,4996.45,Batticaloa
500336,40107,AMBEWELA FRESH MILK 1L,2,2023-08-12 15:40:04,1.43,14571,436.87,873.74,Batticaloa
500336,40015,SIDDHALEPA BALM 50G,1,2023-08-12 15:40:04,0.84,14571,257.35,257.35,Batticaloa
500198,40111,ASTRA MAYONNAISE 250G,2,2023-08-15 12:35:03,1.67,14267,509.7,1019.4,Kegalle
500198,40001,DILMAH CEYLON TEA 500G,1,2023-08-15 12:35:03,5.05,14267,1544.86,1544.86,Kegalle
500198,40053,WIJAYA CHILLI POWDER 250G,4,2023-08-15 12:35:03,1.67,14267,509.4,2037.6,Kegalle
500130,40083,BOGAWANTALAWA TEA 400G,1,2023-08-24 15:39:18,3.44,14113,1054.46,1054.46,Gampaha
500130,40054,PEARS BABY POWDER 100G,2,2023-08-24 15:39:18,1.0,14113,306.02,612.04,Gampaha
500130,40091,USWATTE SPICES MIXED CURRY POWDER 100G,2,2023-08-24 15:39:18,0.86,14113,264.55,529.1,Gampaha
500130,40007,MUNCHEE CHOCOLATE BISCUIT 200G,53,2023-08-24 15:39:18,0.91,14113,279.41,14808.73,Gampaha
500130,40073,DELMEGE BASMATI RICE 5KG,9,2023-08-24 15:39:18,8.42,14113,2583.67,23253.03,Gampaha
500130,40016,LINK SAMAHAN BOX (100 PACKETS),2,2023-08-24 15:39:18,5.73,14113,1759.42,3518.84,Gampaha
500130,40041,BABY CHERAMY SOAP 90G,7,2023-08-24 15:39:18,0.55,14113,170.17,1191.19,Gampaha
500130,40094,BASILUR CEYLON TEA GIFT TIN,1,2023-08-24 15:39:18,5.11,14113,1568.83,1568.83,Gampaha
500130,40063,MILO 400G,2,2023-08-24 15:39:18,2.67,14113,819.71,1639.42,Gampaha
500130,40051,LANKA SOY CHICKEN FLAVOUR 90G,1,2023-08-24 15:39:18,0.45,14113,139.56,139.56,Gampaha
500130,40034,HARISCHANDRA COFFEE 100G,6,2023-08-24 15:39:18,1.56,14113,479.12,2874.72,Gampaha
500130,40025,KOTMALE FRESH MILK 1L,11,2023-08-24 15:39:18,1.9,14113,583.64,6420.04,Gampaha
500033,40079,CEYLON TOBACCO (CIGARETTES PACK),12,2023-08-31 17:51:22,4.75,14043,1461.64,17539.68,Colombo
500033,40103,SOYA MEAT CHUNKS 400G,18,2023-08-31 17:51:22,1.13,14043,346.96,6245.28,Colombo
500033,40066,PONDS TALCUM POWDER 100G,9,2023-08-31 17:51:22,1.51,14043,463.66,4172.94,Colombo
500033,40055,LIFEBUOY SOAP 100G,2,2023-08-31 17:51:22,0.48,14043,148.18,296.36,Colombo
500033,40030,KIST MIXED FRUIT NECTAR 1L,3,2023-08-31 17:51:22,1.85,14043,569.53,1708.59,Colombo
500033,40056,SUNSILK BLACK SHAMPOO 200ML,3,2023-08-31 17:51:22,2.14,14043,657.27,1971.81,Colombo
500033,40068,CLOSE UP TOOTHPASTE 120G,9,2023-08-31 17:51:22,0.87,14043,267.9,2411.1,Colombo
500033,40066,PONDS TALCUM POWDER 100G,12,2023-08-31 17:51:22,1.45,14043,446.47,5357.64,Colombo
500041,40034,HARISCHANDRA COFFEE 100G,2,2023-09-03 12:05:23,1.53,14101,472.0,944.0,Gampaha
500041,40068,CLOSE UP TOOTHPASTE 120G,7,2023-09-03 12:05:23,0.97,14101,298.35,2088.45,Gampaha
500041,40085,RANFAT COOKING OIL 1L,38,2023-09-03 12:05:23,3.74,14101,1151.71,43764.98,Gampaha
500041,40023,RATHTHI MILK POWDER 400G,10,2023-09-03 12:05:23,4.18,14101,1286.81,12868.1,Gampaha
500041,40027,KEELLS CHICKEN SAUSAGES 500G,9,2023-09-03 12:05:23,3.81,14101,1173.85,10564.65,Gampaha
500041,40072,FUN FOODS MAYONNAISE 250G,2,2023-09-03 12:05:23,1.68,14101,516.9,1033.8,Gampaha
500041,40059,SURF EXCEL 1KG,10,2023-09-03 12:05:23,3.37,14101,1038.31,10383.1,Gampaha
500041,40020,ELEPHANT HOUSE CREAM SODA 1.5L,10,2023-09-03 12:05:23,1.51,14101,464.78,4647.8,Gampaha
500041,40019,ELEPHANT HOUSE GINGER BEER 1.5L,4,2023-09-03 12:05:23,1.39,14101,429.11,1716.44,Gampaha
500041,40066,PONDS TALCUM POWDER 100G,9,2023-09-03 12:05:23,1.51,14101,466.26,4196.34,Gampaha
500041,40082,NECTO 1.5L,2,2023-09-03 12:05:23,1.2,14101,371.01,742.02,Gampaha
500041,40019,ELEPHANT HOUSE GINGER BEER 1.5L,3,2023-09-03 12:05:23,1.3,14101,400.11,1200.33,Gampaha
500262,40073,DELMEGE BASMATI RICE 5KG,2,2023-09-03 19:38:41,7.78,14458,2396.25,4792.5,Nuwara Eliya
500262,40024,HIGHLAND MILK 1L,10,2023-09-03 19:38:41,1.45,14458,448.24,4482.4,Nuwara Eliya
500262,40084,AKBAR TEA 400G,9,2023-09-03 19:38:41,2.68,14458,827.06,7443.54,Nuwara Eliya
500262,40090,RITZBURY CHOCOLATE BAR 100G,10,2023-09-03 19:38:41,1.09,14458,336.76,3367.6,Nuwara Eliya
500262,40075,RANMUTHU RICE 5KG,11,2023-09-03 19:38:41,6.01,14458,1852.78,20380.58,Nuwara Eliya
500262,40047,PELWATTE BUTTER 200G,1,2023-09-03 19:38:41,2.47,14458,759.95,759.95,Nuwara Eliya
500067,40087,CARGILLS MAGIC SAUSAGES 400G,8,2023-09-15 18:44:26,2.79,14368,863.43,6907.44,Galle
500067,40010,MALIBAN MARIE BISCUITS 400G,3,2023-09-15 18:44:26,1.33,14368,410.7,1232.1,Galle
500067,40008,MUNCHEE LEMON PUFF 200G,7,2023-09-15 18:44:26,0.73,14368,224.82,1573.74,Galle
500067,40086,FITS COOKING OIL 1L,3,2023-09-15 18:44:26,3.6,14368,1113.64,3340.92,Galle
500067,40021,ELEPHANT HOUSE VANILLA ICE CREAM 1L,12,2023-09-15 18:44:26,2.95,14368,912.3,10947.6,Galle
500067,40088,CARGILLS FRESH EGGS (10),2,2023-09-15 18:44:26,1.29,14368,400.28,800.56,Galle
500067,40046,MARMITE 100G,10,2023-09-15 18:44:26,3.12,14368,966.73,9667.3,Galle
500067,40097,KEELLS FROZEN SAUSAGE ROLL 400G,4,2023-09-15 18:44:26,1.92,14368,593.93,2375.72,Galle
500067,40055,LIFEBUOY SOAP 100G,10,2023-09-15 18:44:26,0.51,14368,156.47,1564.7,Galle
500067,40003,DILMAH GREEN TEA 20 BAGS,57,2023-09-15 18:44:26,1.83,14368,565.93,32258.01,Galle
500067,40106,KOTMALE ICE CREAM VANILLA 1L,26,2023-09-15 18:44:26,3.04,14368,940.11,24442.86,Galle
500067,40056,SUNSILK BLACK SHAMPOO 200ML,6,2023-09-15 18:44:26,2.13,14368,660.85,3965.1,Galle
500067,40091,USWATTE SPICES MIXED CURRY POWDER 100G,2,2023-09-15 18:44:26,0.84,14368,260.03,520.06,Galle
500067,40015,SIDDHALEPA BALM 50G,3,2023-09-15 18:44:26,0.89,14368,274.25,822.75,Galle
500067,40018,MD MANGO CHUTNEY 400G,7,2023-09-15 18:44:26,2.42,14368,749.41,5245.87,Galle
500067,40090,RITZBURY CHOCOLATE BAR 100G,11,2023-09-15 18:44:26,1.09,14368,336.54,3701.94,Galle
500067,40028,BAIRAHA CHICKEN 1KG,1,2023-09-15 18:44:26,5.23,14368,1617.91,1617.91,Galle
500067,40105,GOLDIE CORIANDER POWDER 100G,6,2023-09-15 18:44:26,0.91,14368,281.52,1689.12,Galle
500049,40066,PONDS TALCUM POWDER 100G,6,2023-09-20 14:02:02,1.25,14485,386.85,2321.1,Colombo
500049,40048,EDINBOROUGH SOY SAUCE 400ML,10,2023-09-20 14:02:02,1.14,14485,353.12,3531.2,Colombo
500049,40062,NESTOMALT 400G,10,2023-09-20 14:02:02,2.38,14485,739.93,7399.3,Colombo
500050,40084,AKBAR TEA 400G,12,2023-09-22 14:36:19,2.29,,711.56,8538.72,Kandy
500050,40026,KITHUL TREACLE 750ML,10,2023-09-22 14:36:19,6.78,,2106.08,21060.8,Kandy
500104,40043,ASTRA MARGARINE 250G,10,2023-09-24 17:44:18,1.52,,473.54,4735.4,Kilinochchi
500104,40066,PONDS TALCUM POWDER 100G,12,2023-09-24 17:44:18,1.46,,455.22,5462.64,Kilinochchi
500104,40004,ZESTA TEA 400G,10,2023-09-24 17:44:18,3.92,,1219.31,12193.1,Kilinochchi
500104,40085,RANFAT COOKING OIL 1L,3,2023-09-24 17:44:18,4.5,,1397.08,4191.24,Kilinochchi
500104,40077,PILAWOOS FALOODA MIX 200G,12,2023-09-24 17:44:18,1.31,,406.22,4874.64,Kilinochchi
500104,40051,LANKA SOY CHICKEN FLAVOUR 90G,23,2023-09-24 17:44:18,0.45,,138.45,3184.35,Kilinochchi
500104,40103,SOYA MEAT CHUNKS 400G,8,2023-09-24 17:44:18,1.11,,345.71,2765.68,Kilinochchi
500325,40046,MARMITE 100G,5,2023-09-25 11:58:10,2.94,14245,912.43,4562.15,Kandy
500325,40047,PELWATTE BUTTER 200G,3,2023-09-25 11:58:10,2.82,14245,875.98,2627.94,Kandy
500325,40057,VIM DISHWASH LIQUID 500ML,3,2023-09-25 11:58:10,1.54,14245,478.15,1434.45,Kandy
500325,40010,MALIBAN MARIE BISCUITS 400G,8,2023-09-25 11:58:10,1.19,14245,369.67,2957.36,Kandy
500325,40105,GOLDIE CORIANDER POWDER 100G,55,2023-09-25 11:58:10,0.82,14245,255.49,14051.95,Kandy
500325,40003,DILMAH GREEN TEA 20 BAGS,3,2023-09-25 11:58:10,2.21,14245,688.15,2064.45,Kandy
500325,40115,PEPSI 1.5L,8,2023-09-25 11:58:10,1.17,14245,362.96,2903.68,Kandy
500325,40103,SOYA MEAT CHUNKS 400G,8,2023-09-25 11:58:10,1.19,14245,370.81,2966.48,Kandy
500325,40011,MALIBAN LEMON PUFF 200G,38,2023-09-25 11:58:10,0.79,14245,246.78,9377.64,Kandy
500325,40025,KOTMALE FRESH MILK 1L,12,2023-09-25 11:58:10,1.74,14245,540.68,6488.16,Kandy
500325,40072,FUN FOODS MAYONNAISE 250G,12,2023-09-25 11:58:10,1.96,14245,608.0,7296.0,Kandy
500325,40045,PANADOL 100 TABLETS,11,2023-09-25 11:58:10,1.71,14245,532.71,5859.81,Kandy
500325,40008,MUNCHEE LEMON PUFF 200G,2,2023-09-25 11:58:10,0.66,14245,205.18,410.36,Kandy
500325,40008,MUNCHEE LEMON PUFF 200G,2,2023-09-25 11:58:10,0.74,14245,231.18,462.36,Kandy
500325,40002,DILMAH EARL GREY TEA 50 BAGS,9,2023-09-25 11:58:10,3.29,14245,1022.8,9205.2,Kandy
500181,40003,DILMAH GREEN TEA 20 BAGS,3,2023-10-07 11:31:13,1.81,14478,564.49,1693.47,Jaffna
500181,40112,DENIYA BABY SHAMPOO 200ML,5,2023-10-07 11:31:13,1.65,14478,515.84,2579.2,Jaffna
500181,40071,MA MA NOODLES 5 PACK,5,2023-10-07 11:31:13,1.62,14478,505.76,2528.8,Jaffna
500181,40070,NESPRAY MILK POWDER 400G,2,2023-10-07 11:31:13,4.7,14478,1467.06,2934.12,Jaffna
500181,40006,MUNCHEE SUPER CREAM CRACKER 500G,5,2023-10-07 11:31:13,1.48,14478,462.12,2310.6,Jaffna
500181,40042,MARINA COCONUT OIL 1L,5,2023-10-07 11:31:13,3.29,14478,1028.09,5140.45,Jaffna
500181,40045,PANADOL 100 TABLETS,11,2023-10-07 11:31:13,1.57,14478,491.74,5409.14,Jaffna
500181,40079,CEYLON TOBACCO (CIGARETTES PACK),1,2023-10-07 11:31:13,4.19,14478,1307.94,1307.94,Jaffna
500181,40101,CBL EDGE COOKING OIL 1L,5,2023-10-07 11:31:13,2.88,14478,898.59,4492.95,Jaffna
500181,40022,ANCHOR MILK POWDER 400G,8,2023-10-07 11:31:13,4.33,14478,1351.68,10813.44,Jaffna
500181,40041,BABY CHERAMY SOAP 90G,4,2023-10-07 11:31:13,0.5,14478,156.72,626.88,Jaffna
500181,40017,MD MIXED FRUIT JAM 500G,4,2023-10-07 11:31:13,2.2,14478,687.45,2749.8,Jaffna
500340,40069,ANCHOR BUTTER 200G,2,2023-10-12 11:30:48,2.55,14214,798.53,1597.06,Colombo
500340,40032,PRIMA STELLA NOODLES 400G,5,2023-10-12 11:30:48,0.95,14214,298.05,1490.25,Colombo
500340,40002,DILMAH EARL GREY TEA 50 BAGS,1,2023-10-12 11:30:48,3.27,14214,1024.13,1024.13,Colombo
500340,40059,SURF EXCEL 1KG,7,2023-10-12 11:30:48,3.34,14214,1045.68,7319.76,Colombo
500340,40051,LANKA SOY CHICKEN FLAVOUR 90G,25,2023-10-12 11:30:48,0.4,14214,126.42,3160.5,Colombo
500340,40072,FUN FOODS MAYONNAISE 250G,13,2023-10-12 11:30:48,1.71,14214,536.24,6971.12,Colombo
500340,40034,HARISCHANDRA COFFEE 100G,11,2023-10-12 11:30:48,1.58,14214,493.13,5424.43,Colombo
500340,40082,NECTO 1.5L,10,2023-10-12 11:30:48,1.43,14214,447.0,4470.0,Colombo
500340,40039,CLOGARD TOOTHPASTE 120G,9,2023-10-12 11:30:48,0.82,14214,257.34,2316.06,Colombo
500340,40094,BASILUR CEYLON TEA GIFT TIN,2,2023-10-12 11:30:48,4.24,14214,1328.01,2656.02,Colombo
500340,40066,PONDS TALCUM POWDER 100G,2,2023-10-12 11:30:48,1.44,14214,452.07,904.14,Colombo
500340,40046,MARMITE 100G,42,2023-10-12 11:30:48,2.96,14214,927.88,38970.96,Colombo
500354,40087,CARGILLS MAGIC SAUSAGES 400G,3,2023-10-12 13:36:56,2.53,14267,791.97,2375.91,Polonnaruwa
500354,40017,MD MIXED FRUIT JAM 500G,12,2023-10-12 13:36:56,2.09,14267,654.21,7850.52,Polonnaruwa
500354,40044,HAPPY COW CHEESE 120G,9,2023-10-12 13:36:56,2.88,14267,902.66,8123.94,Polonnaruwa
500354,40024,HIGHLAND MILK 1L,4,2023-10-12 13:36:56,1.56,14267,487.51,1950.04,Polonnaruwa
500354,DELV,COURIER DELIVERY CHARGE,2,2023-10-12 13:36:56,0.96,14267,300.0,600.0,Polonnaruwa
500354,40028,BAIRAHA CHICKEN 1KG,12,2023-10-12 13:36:56,5.57,14267,1744.85,20938.2,Polonnaruwa
500166,40014,SPA CEYLON HAND CREAM,12,2023-10-20 18:13:37,7.29,14014,2289.8,27477.6,Kandy
500166,40024,HIGHLAND MILK 1L,6,2023-10-20 18:13:37,1.62,14014,509.34,3056.04,Kandy
500166,40054,PEARS BABY POWDER 100G,3,2023-10-20 18:13:37,0.96,14014,300.06,900.18,Kandy
500166,40060,SUNLIGHT SOAP 115G,8,2023-10-20 18:13:37,0.39,14014,121.92,975.36,Kandy
500166,40074,ARALIYA WHITE RICE 5KG,12,2023-10-20 18:13:37,5.32,14014,1669.65,20035.8,Kandy
500166,40054,PEARS BABY POWDER 100G,4,2023-10-20 18:13:37,0.87,14014,274.67,1098.68,Kandy
500166,40112,DENIYA BABY SHAMPOO 200ML,11,2023-10-20 18:13:37,1.65,14014,518.32,5701.52,Kandy
500166,40019,ELEPHANT HOUSE GINGER BEER 1.5L,1,2023-10-20 18:13:37,1.33,14014,416.1,416.1,Kandy
500166,40104,CEYLON CINNAMON POWDER 100G,7,2023-10-20 18:13:37,1.51,14014,474.52,3321.64,Kandy
500166,40002,DILMAH EARL GREY TEA 50 BAGS,11,2023-10-20 18:13:37,3.39,14014,1065.8,11723.8,Kandy
500166,40037,MOTHA STRAWBERRY JELLY 100G,3,2023-10-20 18:13:37,0.39,14014,120.99,362.97,Kandy
500166,40007,MUNCHEE CHOCOLATE BISCUIT 200G,12,2023-10-20 18:13:37,0.78,14014,244.85,2938.2,Kandy
500166,40016,LINK SAMAHAN BOX (100 PACKETS),2,2023-10-20 18:13:37,5.01,14014,1573.77,3147.54,Kandy
500166,40047,PELWATTE BUTTER 200G,5,2023-10-20 18:13:37,2.51,14014,786.66,3933.3,Kandy
500166,40021,ELEPHANT HOUSE VANILLA ICE CREAM 1L,10,2023-10-20 18:13:37,3.27,14014,1027.2,10272.0,Kandy
500115,40077,PILAWOOS FALOODA MIX 200G,4,2023-10-21 13:02:44,1.29,14493,405.75,1623.0,Nuwara Eliya
500115,40062,NESTOMALT 400G,1,2023-10-21 13:02:44,2.25,14493,707.56,707.56,Nuwara Eliya
500115,40101,CBL EDGE COOKING OIL 1L,7,2023-10-21 13:02:44,2.96,14493,929.53,6506.71,Nuwara Eliya
500115,40050,RANCRISP CASHEWS 50G,1,2023-10-21 13:02:44,1.37,14493,429.1,429.1,Nuwara Eliya
500115,40111,ASTRA MAYONNAISE 250G,6,2023-10-21 13:02:44,1.57,14493,493.81,2962.86,Nuwara Eliya
500115,40065,FAIR & LOVELY CREAM 50G,50,2023-10-21 13:02:44,1.15,14493,361.08,18054.0,Nuwara Eliya
500115,40101,CBL EDGE COOKING OIL 1L,4,2023-10-21 13:02:44,3.1,14493,972.87,3891.48,Nuwara Eliya
500360,40046,MARMITE 100G,36,2023-10-25 11:23:43,2.5,14101,787.5,28350.0,Mannar
500360,40102,DIAMOND COOKING OIL 1L,11,2023-10-25 11:23:43,2.78,14101,873.7,9610.7,Mannar
500360,40004,ZESTA TEA 400G,12,2023-10-25 11:23:43,3.68,14101,1157.32,13887.84,Mannar
500286,40052,WIJAYA ROASTED CURRY POWDER 250G,8,2023-10-28 11:20:37,1.48,14632,465.28,3722.24,Ratnapura
500286,40019,ELEPHANT HOUSE GINGER BEER 1.5L,3,2023-10-28 11:20:37,1.41,14632,442.81,1328.43,Ratnapura
500120,40095,MUNCHEE NICE BISCUIT 200G,12,2023-10-29 14:34:02,0.78,14178,247.12,2965.44,Matale
500120,40054,PEARS BABY POWDER 100G,7,2023-10-29 14:34:02,0.83,14178,260.09,1820.63,Matale
500306,40024,HIGHLAND MILK 1L,8,2023-10-31 14:50:31,1.56,14024,492.52,3940.16,Colombo
500306,40070,NESPRAY MILK POWDER 400G,46,2023-10-31 14:50:31,4.23,14024,1332.98,61317.08,Colombo
500306,40099,PRIMA CHICKEN NOODLES CUP,6,2023-10-31 14:50:31,0.46,14024,145.42,872.52,Colombo
500306,40047,PELWATTE BUTTER 200G,10,2023-10-31 14:50:31,2.43,14024,767.84,7678.4,Colombo
500306,40017,MD MIXED FRUIT JAM 500G,29,2023-10-31 14:50:31,2.16,14024,681.45,19762.05,Colombo
500306,40102,DIAMOND COOKING OIL 1L,12,2023-10-31 14:50:31,2.4,14024,758.14,9097.68,Colombo
500306,40108,RICHLIFE MILK POWDER 400G,8,2023-10-31 14:50:31,3.8,14024,1196.91,9575.28,Colombo
500306,40098,BAIRAHA CHICKEN SAUSAGES 500G,7,2023-10-31 14:50:31,1.86,14024,588.0,4116.0,Colombo
500306,40079,CEYLON TOBACCO (CIGARETTES PACK),9,2023-10-31 14:50:31,4.19,14024,1322.99,11906.91,Colombo
500306,40033,HARISCHANDRA NOODLES 400G,12,2023-10-31 14:50:31,0.81,14024,254.82,3057.84,Colombo
500306,40077,PILAWOOS FALOODA MIX 200G,12,2023-10-31 14:50:31,1.14,14024,360.36,4324.32,Colombo
500306,40054,PEARS BABY POWDER 100G,1,2023-10-31 14:50:31,0.9,14024,282.9,282.9,Colombo
500306,40006,MUNCHEE SUPER CREAM CRACKER 500G,7,2023-10-31 14:50:31,1.52,14024,478.55,3349.85,Colombo
500306,40068,CLOSE UP TOOTHPASTE 120G,8,2023-10-31 14:50:31,0.79,14024,248.2,1985.6,Colombo
500306,40079,CEYLON TOBACCO (CIGARETTES PACK),7,2023-10-31 14:50:31,4.57,14024,1442.17,10095.19,Colombo
500306,40032,PRIMA STELLA NOODLES 400G,53,2023-10-31 14:50:31,0.99,14024,312.15,16543.95,Colombo
500306,40027,KEELLS CHICKEN SAUSAGES 500G,2,2023-10-31 14:50:31,3.85,14024,1215.15,2430.3,Colombo
500306,40092,ARALIYA COCONUT MILK POWDER 300G,6,2023-10-31 14:50:31,2.85,14024,897.65,5385.9,Colombo
500375,40039,CLOGARD TOOTHPASTE 120G,16,2023-11-06 14:12:45,0.8,14190,253.72,4059.52,Kegalle
500375,40052,WIJAYA ROASTED CURRY POWDER 250G,2,2023-11-06 14:12:45,1.56,14190,493.16,986.32,Kegalle
500375,40035,CBL SAMAPOSHA 200G,11,2023-11-06 14:12:45,0.68,14190,214.73,2362.03,Kegalle
500375,40084,AKBAR TEA 400G,4,2023-11-06 14:12:45,2.49,14190,787.45,3149.8,Kegalle
500375,40053,WIJAYA CHILLI POWDER 250G,6,2023-11-06 14:12:45,1.52,14190,479.44,2876.64,Kegalle
500375,40064,HORLICKS 500G,6,2023-11-06 14:12:45,3.6,14190,1138.46,6830.76,Kegalle
500375,40062,NESTOMALT 400G,4,2023-11-06 14:12:45,2.48,14190,783.85,3135.4,Kegalle
500375,40022,ANCHOR MILK POWDER 400G,2,2023-11-06 14:12:45,4.43,14190,1400.0,2800.0,Kegalle
500375,40071,MA MA NOODLES 5 PACK,11,2023-11-06 14:12:45,1.43,14190,451.77,4969.47,Kegalle
500375,40081,SPRITE 1.5L,8,2023-11-06 14:12:45,1.19,14190,375.65,3005.2,Kegalle
500375,40037,MOTHA STRAWBERRY JELLY 100G,2,2023-11-06 14:12:45,0.48,14190,153.17,306.34,Kegalle
500375,40013,SPA CEYLON SLEEP BODY LOTION,5,2023-11-06 14:12:45,13.12,14190,4147.24,20736.2,Kegalle
500375,40044,HAPPY COW CHEESE 120G,10,2023-11-06 14:12:45,3.23,14190,1022.07,10220.7,Kegalle
500375,40030,KIST MIXED FRUIT NECTAR 1L,2,2023-11-06 14:12:45,1.83,14190,577.46,1154.92,Kegalle
500375,40047,PELWATTE BUTTER 200G,1,2023-11-06 14:12:45,3.05,14190,963.32,963.32,Kegalle
500032,40115,PEPSI 1.5L,5,2023-11-09 13:29:21,1.17,14332,371.27,1856.35,Colombo
500032,40037,MOTHA STRAWBERRY JELLY 100G,11,2023-11-09 13:29:21,0.42,14332,133.68,1470.48,Colombo
500032,40047,PELWATTE BUTTER 200G,4,2023-11-09 13:29:21,2.61,14332,826.89,3307.56,Colombo
500032,40044,HAPPY COW CHEESE 120G,9,2023-11-09 13:29:21,3.46,14332,1096.53,9868.77,Colombo
500032,40105,GOLDIE CORIANDER POWDER 100G,5,2023-11-09 13:29:21,0.72,14332,226.42,1132.1,Colombo
500032,40015,SIDDHALEPA BALM 50G,6,2023-11-09 13:29:21,1.0,14332,314.97,1889.82,Colombo
500032,40070,NESPRAY MILK POWDER 400G,5,2023-11-09 13:29:21,4.44,14332,1405.4,7027.0,Colombo
500032,40072,FUN FOODS MAYONNAISE 250G,59,2023-11-09 13:29:21,1.78,14332,564.19,33287.21,Colombo
500032,40014,SPA CEYLON HAND CREAM,10,2023-11-09 13:29:21,8.33,14332,2636.21,26362.1,Colombo
500032,40067,COLGATE TOOTHPASTE 120G,7,2023-11-09 13:29:21,0.95,14332,300.73,2105.11,Colombo
500240,40092,ARALIYA COCONUT MILK POWDER 300G,12,2023-11-11 16:26:04,2.39,,755.56,9066.72,Gampaha
500240,40103,SOYA MEAT CHUNKS 400G,8,2023-11-11 16:26:04,0.97,,306.94,2455.52,Gampaha
500240,40074,ARALIYA WHITE RICE 5KG,6,2023-11-11 16:26:04,4.65,,1474.12,8844.72,Gampaha
500240,40064,HORLICKS 500G,4,2023-11-11 16:26:04,3.38,,1069.31,4277.24,Gampaha
500240,40093,LIPTON YELLOW LABEL TEA 400G,11,2023-11-11 16:26:04,2.91,,921.82,10140.02,Gampaha
500240,40082,NECTO 1.5L,32,2023-11-11 16:26:04,1.35,,426.61,13651.52,Gampaha
500240,40012,MALIBAN CREAM CRACKER 500G,10,2023-11-11 16:26:04,1.54,,486.96,4869.6,Gampaha
500240,40065,FAIR & LOVELY CREAM 50G,1,2023-11-11 16:26:04,1.08,,340.88,340.88,Gampaha
500240,40014,SPA CEYLON HAND CREAM,5,2023-11-11 16:26:04,7.1,,2249.53,11247.65,Gampaha
500240,40089,KANDOS CHOCOLATE BAR 100G,10,2023-11-11 16:26:04,0.94,,296.22,2962.2,Gampaha
500240,40090,RITZBURY CHOCOLATE BAR 100G,4,2023-11-11 16:26:04,1.0,,317.8,1271.2,Gampaha
500240,40087,CARGILLS MAGIC SAUSAGES 400G,2,2023-11-11 16:26:04,2.77,,877.26,1754.52,Gampaha
500240,40005,WATAWALA TEA 400G,7,2023-11-11 16:26:04,2.84,,899.91,6299.37,Gampaha
500240,40004,ZESTA TEA 400G,8,2023-11-11 16:26:04,4.19,,1326.5,10612.0,Gampaha
500240,40084,AKBAR TEA 400G,9,2023-11-11 16:26:04,2.6,,824.3,7418.7,Gampaha
500240,40066,PONDS TALCUM POWDER 100G,11,2023-11-11 16:26:04,1.33,,422.75,4650.25,Gampaha
500240,40018,MD MANGO CHUTNEY 400G,8,2023-11-11 16:26:04,2.61,,825.48,6603.84,Gampaha
500240,40036,MAGGI COCONUT MILK POWDER 300G,7,2023-11-11 16:26:04,2.55,,807.36,5651.52,Gampaha
500223,40067,COLGATE TOOTHPASTE 120G,4,2023-11-13 14:03:53,0.89,14105,281.71,1126.84,Hambantota
500223,40107,AMBEWELA FRESH MILK 1L,4,2023-11-13 14:03:53,1.31,14105,416.64,1666.56,Hambantota
500223,40104,CEYLON CINNAMON POWDER 100G,18,2023-11-13 14:03:53,1.26,14105,400.79,7214.22,Hambantota
500223,40032,PRIMA STELLA NOODLES 400G,4,2023-11-13 14:03:53,1.15,14105,364.25,1457.0,Hambantota
500223,40042,MARINA COCONUT OIL 1L,13,2023-11-13 14:03:53,3.79,14105,1200.25,15603.25,Hambantota
500258,40047,PELWATTE BUTTER 200G,12,2023-11-17 15:52:14,2.97,14431,943.79,11325.48,Kalutara
500258,40043,ASTRA MARGARINE 250G,12,2023-11-17 15:52:14,1.43,14431,455.28,5463.36,Kalutara
500258,40025,KOTMALE FRESH MILK 1L,5,2023-11-17 15:52:14,1.55,14431,493.56,2467.8,Kalutara
500258,40069,ANCHOR BUTTER 200G,7,2023-11-17 15:52:14,2.61,14431,828.42,5798.94,Kalutara
500258,40060,SUNLIGHT SOAP 115G,4,2023-11-17 15:52:14,0.42,14431,133.58,534.32,Kalutara
500258,40047,PELWATTE BUTTER 200G,8,2023-11-17 15:52:14,2.92,14431,926.51,7412.08,Kalutara
500258,40101,CBL EDGE COOKING OIL 1L,3,2023-11-17 15:52:14,2.54,14431,805.58,2416.74,Kalutara
500258,40001,DILMAH CEYLON TEA 500G,12,2023-11-17 15:52:14,4.02,14431,1276.24,15314.88,Kalutara
500258,40064,HORLICKS 500G,4,2023-11-17 15:52:14,3.34,14431,1061.64,4246.56,Kalutara
500258,40098,BAIRAHA CHICKEN SAUSAGES 500G,53,2023-11-17 15:52:14,1.81,14431,573.69,30405.57,Kalutara
500258,40093,LIPTON YELLOW LABEL TEA 400G,12,2023-11-17 15:52:14,3.39,14431,1074.97,12899.64,Kalutara
500258,40020,ELEPHANT HOUSE CREAM SODA 1.5L,7,2023-11-17 15:52:14,1.53,14431,484.57,3391.99,Kalutara
500258,40110,SERENDIB SALT IODIZED 400G,9,2023-11-17 15:52:14,0.19,14431,61.82,556.38,Kalutara
500258,40048,EDINBOROUGH SOY SAUCE 400ML,1,2023-11-17 15:52:14,1.13,14431,359.4,359.4,Kalutara
500258,40097,KEELLS FROZEN SAUSAGE ROLL 400G,5,2023-11-17 15:52:14,1.88,14431,597.37,2986.85,Kalutara
500258,40085,RANFAT COOKING OIL 1L,9,2023-11-17 15:52:14,4.35,14431,1381.58,12434.22,Kalutara
500258,40085,RANFAT COOKING OIL 1L,12,2023-11-17 15:52:14,3.97,14431,1259.19,15110.28,Kalutara
500258,40007,MUNCHEE CHOCOLATE BISCUIT 200G,8,2023-11-17 15:52:14,0.75,14431,237.1,1896.8,Kalutara
500002,40033,HARISCHANDRA NOODLES 400G,5,2023-11-22 19:24:05,0.8,14633,253.42,1267.1,Galle
500002,40062,NESTOMALT 400G,11,2023-11-22 19:24:05,2.23,14633,709.06,7799.66,Galle
500002,40051,LANKA SOY CHICKEN FLAVOUR 90G,6,2023-11-22 19:24:05,0.46,14633,145.11,870.66,Galle
500002,40097,KEELLS FROZEN SAUSAGE ROLL 400G,11,2023-11-22 19:24:05,1.54,14633,488.59,5374.49,Galle
500002,40106,KOTMALE ICE CREAM VANILLA 1L,2,2023-11-22 19:24:05,3.05,14633,971.1,1942.2,Galle
500002,40001,DILMAH CEYLON TEA 500G,9,2023-11-22 19:24:05,3.87,14633,1232.46,11092.14,Galle
500356,40108,RICHLIFE MILK POWDER 400G,2,2023-11-30 16:20:55,3.51,14366,1119.26,2238.52,Colombo
500356,40012,MALIBAN CREAM CRACKER 500G,10,2023-11-30 16:20:55,1.34,14366,427.76,4277.6,Colombo
500356,40034,HARISCHANDRA COFFEE 100G,9,2023-11-30 16:20:55,1.3,14366,414.03,3726.27,Colombo
500356,40073,DELMEGE BASMATI RICE 5KG,10,2023-11-30 16:20:55,7.11,14366,2270.39,22703.9,Colombo
500356,40080,COCA-COLA 1.5L,4,2023-11-30 16:20:55,1.35,14366,430.15,1720.6,Colombo
500356,40111,ASTRA MAYONNAISE 250G,50,2023-11-30 16:20:55,1.62,14366,517.01,25850.5,Colombo
500356,40105,GOLDIE CORIANDER POWDER 100G,10,2023-11-30 16:20:55,0.77,14366,244.88,2448.8,Colombo
500356,40010,MALIBAN MARIE BISCUITS 400G,3,2023-11-30 16:20:55,1.28,14366,406.93,1220.79,Colombo
500356,40043,ASTRA MARGARINE 250G,6,2023-11-30 16:20:55,1.32,14366,421.16,2526.96,Colombo
500356,40022,ANCHOR MILK POWDER 400G,2,2023-11-30 16:20:55,4.01,14366,1279.28,2558.56,Colombo
500356,40042,MARINA COCONUT OIL 1L,11,2023-11-30 16:20:55,3.64,14366,1160.1,12761.1,Colombo
500356,40030,KIST MIXED FRUIT NECTAR 1L,3,2023-11-30 16:20:55,1.92,14366,611.13,1833.39,Colombo
500356,40092,ARALIYA COCONUT MILK POWDER 300G,7,2023-11-30 16:20:55,2.38,14366,759.92,5319.44,Colombo
500356,40039,CLOGARD TOOTHPASTE 120G,6,2023-11-30 16:20:55,0.82,14366,263.11,1578.66,Colombo
500356,40104,CEYLON CINNAMON POWDER 100G,8,2023-11-30 16:20:55,1.52,14366,484.69,3877.52,Colombo
500356,40038,MOTHA FALUDA MIX 100G,5,2023-11-30 16:20:55,0.8,14366,254.55,1272.75,Colombo
500356,40008,MUNCHEE LEMON PUFF 200G,11,2023-11-30 16:20:55,0.66,14366,209.95,2309.45,Colombo
500356,40083,BOGAWANTALAWA TEA 400G,23,2023-11-30 16:20:55,3.46,14366,1105.42,25424.66,Colombo
500152,40026,KITHUL TREACLE 750ML,3,2023-12-08 16:30:08,7.21,14368,2308.08,6924.24,Colombo
500152,40041,BABY CHERAMY SOAP 90G,58,2023-12-08 16:30:08,0.46,14368,146.05,8470.9,Colombo
500152,40114,DETTOL ANTISEPTIC LIQUID 250ML,1,2023-12-08 16:30:08,1.95,14368,623.78,623.78,Colombo
500386,40067,COLGATE TOOTHPASTE 120G,3,2023-12-14 09:37:02,0.96,14007,308.76,926.28,Colombo
500386,40002,DILMAH EARL GREY TEA 50 BAGS,1,2023-12-14 09:37:02,3.26,14007,1044.47,1044.47,Colombo
500250,40004,ZESTA TEA 400G,12,2023-12-16 11:02:34,4.11,,1318.74,15824.88,Gampaha
500250,40047,PELWATTE BUTTER 200G,3,2023-12-16 11:02:34,2.5,,804.2,2412.6,Gampaha
500250,40044,HAPPY COW CHEESE 120G,10,2023-12-16 11:02:34,3.37,,1081.97,10819.7,Gampaha
500250,40017,MD MIXED FRUIT JAM 500G,4,2023-12-16 11:02:34,2.18,,701.27,2805.08,Gampaha
500250,40035,CBL SAMAPOSHA 200G,2,2023-12-16 11:02:34,0.56,,180.41,360.82,Gampaha
500048,40091,USWATTE SPICES MIXED CURRY POWDER 100G,3,2023-12-18 10:32:28,0.7,14638,226.47,679.41,Ampara
500048,40004,ZESTA TEA 400G,6,2023-12-18 10:32:28,3.64,14638,1168.89,7013.34,Ampara
500059,40026,KITHUL TREACLE 750ML,4,2023-12-21 10:22:41,6.22,14326,2001.29,8005.16,Jaffna
500059,40037,MOTHA STRAWBERRY JELLY 100G,2,2023-12-21 10:22:41,0.4,14326,129.86,259.72,Jaffna
500059,40108,RICHLIFE MILK POWDER 400G,8,2023-12-21 10:22:41,3.38,14326,1087.05,8696.4,Jaffna
500059,40031,PRIMA KOTTU MEE CUP,1,2023-12-21 10:22:41,0.54,14326,174.5,174.5,Jaffna
500059,40045,PANADOL 100 TABLETS,2,2023-12-21 10:22:41,1.44,14326,464.83,929.66,Jaffna
500059,40065,FAIR & LOVELY CREAM 50G,4,2023-12-21 10:22:41,1.18,14326,379.42,1517.68,Jaffna
500059,40021,ELEPHANT HOUSE VANILLA ICE CREAM 1L,7,2023-12-21 10:22:41,2.85,14326,918.12,6426.84,Jaffna
500274,40089,KANDOS CHOCOLATE BAR 100G,6,2023-12-22 13:39:03,0.89,14465,286.31,1717.86,Kalutara
500274,40016,LINK SAMAHAN BOX (100 PACKETS),5,2023-12-22 13:39:03,5.35,14465,1720.66,8603.3,Kalutara
500274,40003,DILMAH GREEN TEA 20 BAGS,2,2023-12-22 13:39:03,2.18,14465,702.31,1404.62,Kalutara
500274,40054,PEARS BABY POWDER 100G,3,2023-12-22 13:39:03,0.95,14465,305.49,916.47,Kalutara
500274,40001,DILMAH CEYLON TEA 500G,7,2023-12-22 13:39:03,4.21,14465,1355.43,9488.01,Kalutara
500274,40053,WIJAYA CHILLI POWDER 250G,1,2023-12-22 13:39:03,1.42,14465,458.2,458.2,Kalutara
500274,40023,RATHTHI MILK POWDER 400G,11,2023-12-22 13:39:03,3.61,14465,1162.96,12792.56,Kalutara
500274,40048,EDINBOROUGH SOY SAUCE 400ML,9,2023-12-22 13:39:03,1.17,14465,377.94,3401.46,Kalutara
500274,40103,SOYA MEAT CHUNKS 400G,12,2023-12-22 13:39:03,1.07,14465,344.39,4132.68,Kalutara
500274,40046,MARMITE 100G,4,2023-12-22 13:39:03,2.58,14465,830.43,3321.72,Kalutara
500274,40093,LIPTON YELLOW LABEL TEA 400G,9,2023-12-22 13:39:03,3.09,14465,994.79,8953.11,Kalutara
500274,40018,MD MANGO CHUTNEY 400G,7,2023-12-22 13:39:03,2.05,14465,661.17,4628.19,Kalutara
500310,40037,MOTHA STRAWBERRY JELLY 100G,6,2023-12-25 12:40:00,0.43,14436,137.83,826.98,Badulla
500310,40060,SUNLIGHT SOAP 115G,11,2023-12-25 12:40:00,0.42,14436,136.94,1506.34,Badulla
500310,40021,ELEPHANT HOUSE VANILLA ICE CREAM 1L,9,2023-12-25 12:40:00,2.64,14436,851.81,7666.29,Badulla
500310,40004,ZESTA TEA 400G,21,2023-12-25 12:40:00,3.86,14436,1242.51,26092.71,Badulla
500310,40100,HARISCHANDRA MILK TEA POWDER 200G,3,2023-12-25 12:40:00,1.71,14436,549.99,1649.97,Badulla
500388,40095,MUNCHEE NICE BISCUIT 200G,10,2024-01-15 17:53:44,0.79,14310,254.99,2549.9,Jaffna
500178,40013,SPA CEYLON SLEEP BODY LOTION,11,2024-01-20 14:54:10,12.14,14506,3898.79,42886.69,Nuwara Eliya
500178,40017,MD MIXED FRUIT JAM 500G,34,2024-01-20 14:54:10,2.06,14506,661.68,22497.12,Nuwara Eliya
500178,40067,COLGATE TOOTHPASTE 120G,56,2024-01-20 14:54:10,0.88,14506,283.75,15890.0,Nuwara Eliya
500178,40079,CEYLON TOBACCO (CIGARETTES PACK),11,2024-01-20 14:54:10,3.8,14506,1220.43,13424.73,Nuwara Eliya
500178,40056,SUNSILK BLACK SHAMPOO 200ML,1,2024-01-20 14:54:10,2.06,14506,659.98,659.98,Nuwara Eliya
500178,40024,HIGHLAND MILK 1L,14,2024-01-20 14:54:10,1.44,14506,461.26,6457.64,Nuwara Eliya
500178,40026,KITHUL TREACLE 750ML,12,2024-01-20 14:54:10,6.14,14506,1972.37,23668.44,Nuwara Eliya
500109,40084,AKBAR TEA 400G,6,2024-01-21 13:35:05,2.22,14352,713.7,4282.2,Gampaha
500109,40042,MARINA COCONUT OIL 1L,3,2024-01-21 13:35:05,3.38,14352,1086.04,3258.12,Gampaha
500109,40027,KEELLS CHICKEN SAUSAGES 500G,5,2024-01-21 13:35:05,3.45,14352,1107.43,5537.15,Gampaha
500109,40114,DETTOL ANTISEPTIC LIQUID 250ML,10,2024-01-21 13:35:05,2.09,14352,671.39,6713.9,Gampaha
500109,40019,ELEPHANT HOUSE GINGER BEER 1.5L,4,2024-01-21 13:35:05,1.54,14352,494.21,1976.84,Gampaha
500109,40076,CEYLON COLD STORES YOGHURT 80G,6,2024-01-21 13:35:05,0.29,14352,93.29,559.74,Gampaha
500109,40058,DIVA WASHING POWDER 1KG,1,2024-01-21 13:35:05,2.53,14352,813.11,813.11,Gampaha
500109,40054,PEARS BABY POWDER 100G,4,2024-01-21 13:35:05,0.91,14352,291.55,1166.2,Gampaha
500109,40073,DELMEGE BASMATI RICE 5KG,9,2024-01-21 13:35:05,6.74,14352,2162.19,19459.71,Gampaha
500109,40090,RITZBURY CHOCOLATE BAR 100G,4,2024-01-21 13:35:05,0.88,14352,282.45,1129.8,Gampaha
500109,40046,MARMITE 100G,12,2024-01-21 13:35:05,2.91,14352,934.92,11219.04,Gampaha
500109,40097,KEELLS FROZEN SAUSAGE ROLL 400G,6,2024-01-21 13:35:05,1.53,14352,490.22,2941.32,Gampaha
500300,40066,PONDS TALCUM POWDER 100G,10,2024-01-27 18:21:15,1.39,14236,446.83,4468.3,Trincomalee
500300,40008,MUNCHEE LEMON PUFF 200G,1,2024-01-27 18:21:15,0.71,14236,228.5,228.5,Trincomalee
500300,40105,GOLDIE CORIANDER POWDER 100G,11,2024-01-27 18:21:15,0.74,14236,238.01,2618.11,Trincomalee
500300,40088,CARGILLS FRESH EGGS (10),7,2024-01-27 18:21:15,1.26,14236,403.5,2824.5,Trincomalee
500300,40071,MA MA NOODLES 5 PACK,3,2024-01-27 18:21:15,1.48,14236,475.31,1425.93,Trincomalee
500300,40040,SIGNAL TOOTHPASTE 120G,9,2024-01-27 18:21:15,0.9,14236,286.81,2581.29,Trincomalee
500300,40033,HARISCHANDRA NOODLES 400G,7,2024-01-27 18:21:15,0.99,14236,317.7,2223.9,Trincomalee
500300,40063,MILO 400G,6,2024-01-27 18:21:15,2.91,14236,931.24,5587.44,Trincomalee
500300,40113,GILLETTE SHAVING FOAM 200ML,12,2024-01-27 18:21:15,2.57,14236,824.25,9891.0,Trincomalee
500300,40062,NESTOMALT 400G,8,2024-01-27 18:21:15,1.95,14236,625.96,5007.68,Trincomalee
500300,40065,FAIR & LOVELY CREAM 50G,3,2024-01-27 18:21:15,1.21,14236,386.87,1160.61,Trincomalee
500300,40078,SOFTLOGIC COCONUT MILK 400ML,3,2024-01-27 18:21:15,1.23,14236,393.39,1180.17,Trincomalee
500300,40038,MOTHA FALUDA MIX 100G,7,2024-01-27 18:21:15,0.75,14236,239.87,1679.09,Trincomalee
500300,40056,SUNSILK BLACK SHAMPOO 200ML,19,2024-01-27 18:21:15,1.92,14236,616.02,11704.38,Trincomalee
500300,40097,KEELLS FROZEN SAUSAGE ROLL 400G,3,2024-01-27 18:21:15,1.67,14236,534.67,1604.01,Trincomalee
500227,40019,ELEPHANT HOUSE GINGER BEER 1.5L,8,2024-01-30 19:12:17,1.4,14368,446.48,3571.84,Puttalam
500227,40100,HARISCHANDRA MILK TEA POWDER 200G,2,2024-01-30 19:12:17,1.67,14368,535.31,1070.62,Puttalam
500227,40112,DENIYA BABY SHAMPOO 200ML,12,2024-01-30 19:12:17,1.65,14368,528.3,6339.6,Puttalam
500299,40012,MALIBAN CREAM CRACKER 500G,5,2024-02-13 16:09:24,1.33,14079,425.22,2126.1,Ampara
500299,40076,CEYLON COLD STORES YOGHURT 80G,9,2024-02-13 16:09:24,0.35,14079,111.44,1002.96,Ampara
500299,40024,HIGHLAND MILK 1L,7,2024-02-13 16:09:24,1.5,14079,478.77,3351.39,Ampara
500299,40049,ROZA PASTA MACARONI 400G,11,2024-02-13 16:09:24,1.13,14079,358.57,3944.27,Ampara
500016,40020,ELEPHANT HOUSE CREAM SODA 1.5L,8,2024-02-17 16:54:56,1.48,14006,469.98,3759.84,Ampara
500016,40082,NECTO 1.5L,11,2024-02-17 16:54:56,1.1,14006,351.64,3868.04,Ampara
500016,40079,CEYLON TOBACCO (CIGARETTES PACK),8,2024-02-17 16:54:56,4.3,14006,1367.35,10938.8,Ampara
500016,40096,MALIBAN CHOCOLATE WAFER 100G,12,2024-02-17 16:54:56,0.82,14006,260.66,3127.92,Ampara
500016,40093,LIPTON YELLOW LABEL TEA 400G,4,2024-02-17 16:54:56,3.22,14006,1025.83,4103.32,Ampara
500192,40083,BOGAWANTALAWA TEA 400G,12,2024-02-20 17:01:07,3.55,14186,1129.52,13554.24,Batticaloa
500193,40103,SOYA MEAT CHUNKS 400G,11,2024-02-24 14:42:28,1.03,14191,328.52,3613.72,Matara
500193,40027,KEELLS CHICKEN SAUSAGES 500G,1,2024-02-24 14:42:28,3.87,14191,1229.11,1229.11,Matara
500205,40023,RATHTHI MILK POWDER 400G,6,2024-02-28 14:59:01,4.34,14024,1376.96,8261.76,Gampaha
500205,40017,MD MIXED FRUIT JAM 500G,3,2024-02-28 14:59:01,2.24,14024,709.37,2128.11,Gampaha
500205,40106,KOTMALE ICE CREAM VANILLA 1L,3,2024-02-28 14:59:01,3.11,14024,987.93,2963.79,Gampaha
500205,40045,PANADOL 100 TABLETS,3,2024-02-28 14:59:01,1.5,14024,476.91,1430.73,Gampaha
500205,40019,ELEPHANT HOUSE GINGER BEER 1.5L,3,2024-02-28 14:59:01,1.29,14024,407.95,1223.85,Gampaha
500205,40043,ASTRA MARGARINE 250G,36,2024-02-28 14:59:01,1.27,14024,403.0,14508.0,Gampaha
500283,40015,SIDDHALEPA BALM 50G,5,2024-03-11 17:36:30,0.83,14124,262.39,1311.95,Kilinochchi
500283,40035,CBL SAMAPOSHA 200G,10,2024-03-11 17:36:30,0.63,14124,199.8,1998.0,Kilinochchi
500283,40078,SOFTLOGIC COCONUT MILK 400ML,2,2024-03-11 17:36:30,1.16,14124,366.0,732.0,Kilinochchi
500283,40104,CEYLON CINNAMON POWDER 100G,11,2024-03-11 17:36:30,1.23,14124,387.9,4266.9,Kilinochchi
500283,40011,MALIBAN LEMON PUFF 200G,8,2024-03-11 17:36:30,0.72,14124,228.69,1829.52,Kilinochchi
500283,40033,HARISCHANDRA NOODLES 400G,8,2024-03-11 17:36:30,0.99,14124,314.0,2512.0,Kilinochchi
500283,40069,ANCHOR BUTTER 200G,1,2024-03-11 17:36:30,3.02,14124,954.47,954.47,Kilinochchi
500283,40020,ELEPHANT HOUSE CREAM SODA 1.5L,2,2024-03-11 17:36:30,1.48,14124,467.26,934.52,Kilinochchi
500283,40045,PANADOL 100 TABLETS,5,2024-03-11 17:36:30,1.51,14124,478.66,2393.3,Kilinochchi
500283,40075,RANMUTHU RICE 5KG,4,2024-03-11 17:36:30,6.05,14124,1912.23,7648.92,Kilinochchi
500283,40095,MUNCHEE NICE BISCUIT 200G,2,2024-03-11 17:36:30,0.64,14124,203.47,406.94,Kilinochchi
500283,40110,SERENDIB SALT IODIZED 400G,10,2024-03-11 17:36:30,0.23,14124,71.76,717.6,Kilinochchi
500004,40018,MD MANGO CHUTNEY 400G,9,2024-03-22 14:07:59,2.26,14314,710.43,6393.87,Kalutara
500004,40055,LIFEBUOY SOAP 100G,3,2024-03-22 14:07:59,0.49,14314,153.53,460.59,Kalutara
500004,40044,HAPPY COW CHEESE 120G,2,2024-03-22 14:07:59,3.01,14314,948.26,1896.52,Kalutara
500004,40025,KOTMALE FRESH MILK 1L,10,2024-03-22 14:07:59,1.85,14314,581.62,5816.2,Kalutara
500355,40100,HARISCHANDRA MILK TEA POWDER 200G,4,2024-04-02 16:45:44,1.65,14229,518.25,2073.0,Hambantota
500355,40005,WATAWALA TEA 400G,58,2024-04-02 16:45:44,2.51,14229,787.47,45673.26,Hambantota
500355,40016,LINK SAMAHAN BOX (100 PACKETS),12,2024-04-02 16:45:44,5.04,14229,1580.77,18969.24,Hambantota
500355,40052,WIJAYA ROASTED CURRY POWDER 250G,2,2024-04-02 16:45:44,1.43,14229,449.57,899.14,Hambantota
500355,40097,KEELLS FROZEN SAUSAGE ROLL 400G,7,2024-04-02 16:45:44,1.87,14229,586.34,4104.38,Hambantota
500355,40050,RANCRISP CASHEWS 50G,9,2024-04-02 16:45:44,1.31,14229,409.7,3687.3,Hambantota
500355,40012,MALIBAN CREAM CRACKER 500G,34,2024-04-02 16:45:44,1.65,14229,516.25,17552.5,Hambantota
500355,40058,DIVA WASHING POWDER 1KG,7,2024-04-02 16:45:44,2.29,14229,719.34,5035.38,Hambantota
500355,40088,CARGILLS FRESH EGGS (10),7,2024-04-02 16:45:44,1.4,14229,437.88,3065.16,Hambantota
500355,40093,LIPTON YELLOW LABEL TEA 400G,40,2024-04-02 16:45:44,3.01,14229,943.35,37734.0,Hambantota
500260,40098,BAIRAHA CHICKEN SAUSAGES 500G,6,2024-04-04 10:44:29,2.07,14414,649.88,3899.28,Kandy
500260,40064,HORLICKS 500G,1,2024-04-04 10:44:29,3.54,14414,1110.26,1110.26,Kandy
500260,40010,MALIBAN MARIE BISCUITS 400G,4,2024-04-04 10:44:29,1.28,14414,399.88,1599.52,Kandy
500328,40014,SPA CEYLON HAND CREAM,3,2024-04-07 18:16:40,8.18,14597,2564.33,7692.99,Gampaha
500328,40008,MUNCHEE LEMON PUFF 200G,11,2024-04-07 18:16:40,0.71,14597,223.19,2455.09,Gampaha
500328,40059,SURF EXCEL 1KG,5,2024-04-07 18:16:40,2.93,14597,916.57,4582.85,Gampaha
500328,40050,RANCRISP CASHEWS 50G,11,2024-04-07 18:16:40,1.31,14597,409.02,4499.22,Gampaha
500328,40110,SERENDIB SALT IODIZED 400G,6,2024-04-07 18:16:40,0.21,14597,66.85,401.1,Gampaha
500328,40045,PANADOL 100 TABLETS,11,2024-04-07 18:16:40,1.62,14597,506.16,5567.76,Gampaha
500328,40005,WATAWALA TEA 400G,10,2024-04-07 18:16:40,3.17,14597,993.94,9939.4,Gampaha
500328,40062,NESTOMALT 400G,10,2024-04-07 18:16:40,2.57,14597,804.72,8047.2,Gampaha
500328,40002,DILMAH EARL GREY TEA 50 BAGS,10,2024-04-07 18:16:40,2.82,14597,884.49,8844.9,Gampaha
500328,40010,MALIBAN MARIE BISCUITS 400G,3,2024-04-07 18:16:40,1.22,14597,383.73,1151.19,Gampaha
500251,40057,VIM DISHWASH LIQUID 500ML,10,2024-04-13 13:03:40,1.76,14224,551.69,5516.9,Kurunegala
500251,40101,CBL EDGE COOKING OIL 1L,7,2024-04-13 13:03:40,2.62,14224,820.26,5741.82,Kurunegala
500251,40027,KEELLS CHICKEN SAUSAGES 500G,11,2024-04-13 13:03:40,3.51,14224,1096.48,12061.28,Kurunegala
500251,40065,FAIR & LOVELY CREAM 50G,10,2024-04-13 13:03:40,1.09,14224,341.42,3414.2,Kurunegala
500251,40111,ASTRA MAYONNAISE 250G,8,2024-04-13 13:03:40,1.61,14224,502.43,4019.44,Kurunegala
500099,40088,CARGILLS FRESH EGGS (10),6,2024-04-15 09:59:10,1.39,14507,432.95,2597.7,Nuwara Eliya
500099,40004,ZESTA TEA 400G,26,2024-04-15 09:59:10,3.62,14507,1129.75,29373.5,Nuwara Eliya
500140,40006,MUNCHEE SUPER CREAM CRACKER 500G,7,2024-04-16 10:33:57,1.69,14462,526.97,3688.79,Colombo
500140,40086,FITS COOKING OIL 1L,11,2024-04-16 10:33:57,3.76,14462,1173.58,12909.38,Colombo
500140,40084,AKBAR TEA 400G,10,2024-04-16 10:33:57,2.31,14462,720.35,7203.5,Colombo
500140,40057,VIM DISHWASH LIQUID 500ML,2,2024-04-16 10:33:57,1.76,14462,550.5,1101.0,Colombo
500140,40023,RATHTHI MILK POWDER 400G,12,2024-04-16 10:33:57,4.54,14462,1419.36,17032.32,Colombo
500140,40106,KOTMALE ICE CREAM VANILLA 1L,8,2024-04-16 10:33:57,3.52,14462,1099.38,8795.04,Colombo
500140,40006,MUNCHEE SUPER CREAM CRACKER 500G,7,2024-04-16 10:33:57,1.48,14462,462.8,3239.6,Colombo
500140,40072,FUN FOODS MAYONNAISE 250G,2,2024-04-16 10:33:57,1.74,14462,542.27,1084.54,Colombo
500140,40071,MA MA NOODLES 5 PACK,12,2024-04-16 10:33:57,1.6,14462,498.35,5980.2,Colombo
500068,40067,COLGATE TOOTHPASTE 120G,5,2024-04-18 12:37:27,1.0,14210,313.21,1566.05,Kalutara
500068,40003,DILMAH GREEN TEA 20 BAGS,11,2024-04-18 12:37:27,2.24,14210,699.15,7690.65,Kalutara
500068,40048,EDINBOROUGH SOY SAUCE 400ML,10,2024-04-18 12:37:27,1.14,14210,357.41,3574.1,Kalutara
500068,40074,ARALIYA WHITE RICE 5KG,5,2024-04-18 12:37:27,5.5,14210,1717.48,8587.4,Kalutara
500068,40091,USWATTE SPICES MIXED CURRY POWDER 100G,10,2024-04-18 12:37:27,0.74,14210,231.39,2313.9,Kalutara
500068,40114,DETTOL ANTISEPTIC LIQUID 250ML,11,2024-04-18 12:37:27,1.74,14210,542.14,5963.54,Kalutara
500068,40058,DIVA WASHING POWDER 1KG,4,2024-04-18 12:37:27,2.22,14210,692.1,2768.4,Kalutara
500068,40007,MUNCHEE CHOCOLATE BISCUIT 200G,3,2024-04-18 12:37:27,0.78,14210,244.5,733.5,Kalutara
500068,40026,KITHUL TREACLE 750ML,3,2024-04-18 12:37:27,6.29,14210,1963.65,5890.95,Kalutara
500068,40095,MUNCHEE NICE BISCUIT 200G,6,2024-04-18 12:37:27,0.76,14210,236.42,1418.52,Kalutara
500068,40026,KITHUL TREACLE 750ML,6,2024-04-18 12:37:27,7.0,14210,2184.6,13107.6,Kalutara
500068,40098,BAIRAHA CHICKEN SAUSAGES 500G,8,2024-04-18 12:37:27,1.96,14210,613.29,4906.32,Kalutara
500068,40071,MA MA NOODLES 5 PACK,2,2024-04-18 12:37:27,1.45,14210,453.55,907.1,Kalutara
500068,40008,MUNCHEE LEMON PUFF 200G,8,2024-04-18 12:37:27,0.74,14210,229.98,1839.84,Kalutara
500068,40029,KIST TOMATO KETCHUP 400G,3,2024-04-18 12:37:27,1.67,14210,521.61,1564.83,Kalutara
C500233,40034,HARISCHANDRA COFFEE 100G,-12,2024-04-28 16:30:32,1.47,14329,458.18,-5498.16,Kandy
C500233,40059,SURF EXCEL 1KG,-10,2024-04-28 16:30:32,3.03,14329,944.24,-9442.4,Kandy
500158,40093,LIPTON YELLOW LABEL TEA 400G,3,2024-04-30 10:38:42,3.36,14613,1046.13,3138.39,Anuradhapura
500158,40061,VELVET BEAUTY SOAP 100G,8,2024-04-30 10:38:42,0.56,14613,175.12,1400.96,Anuradhapura
500158,40033,HARISCHANDRA NOODLES 400G,11,2024-04-30 10:38:42,0.91,14613,282.7,3109.7,Anuradhapura
500158,40060,SUNLIGHT SOAP 115G,11,2024-04-30 10:38:42,0.45,14613,140.73,1548.03,Anuradhapura
500158,40057,VIM DISHWASH LIQUID 500ML,8,2024-04-30 10:38:42,1.56,14613,484.2,3873.6,Anuradhapura
500158,40045,PANADOL 100 TABLETS,5,2024-04-30 10:38:42,1.61,14613,501.57,2507.85,Anuradhapura
500158,40094,BASILUR CEYLON TEA GIFT TIN,1,2024-04-30 10:38:42,5.04,14613,1568.0,1568.0,Anuradhapura
500158,DELV,COURIER DELIVERY CHARGE,4,2024-04-30 10:38:42,0.96,14613,300.0,1200.0,Anuradhapura
500158,40068,CLOSE UP TOOTHPASTE 120G,5,2024-04-30 10:38:42,0.97,14613,302.4,1512.0,Anuradhapura
500158,40017,MD MIXED FRUIT JAM 500G,2,2024-04-30 10:38:42,2.49,14613,775.48,1550.96,Anuradhapura
500158,40083,BOGAWANTALAWA TEA 400G,1,2024-04-30 10:38:42,3.25,14613,1011.25,1011.25,Anuradhapura
500158,40035,CBL SAMAPOSHA 200G,8,2024-04-30 10:38:42,0.75,14613,232.6,1860.8,Anuradhapura
500158,40094,BASILUR CEYLON TEA GIFT TIN,7,2024-04-30 10:38:42,4.33,14613,1345.25,9416.75,Anuradhapura
500158,40088,CARGILLS FRESH EGGS (10),3,2024-04-30 10:38:42,1.4,14613,436.32,1308.96,Anuradhapura
500158,40097,KEELLS FROZEN SAUSAGE ROLL 400G,2,2024-04-30 10:38:42,1.88,14613,585.16,1170.32,Anuradhapura
500197,40098,BAIRAHA CHICKEN SAUSAGES 500G,2,2024-05-07 16:28:44,1.7,14196,529.13,1058.26,Kandy
500197,40032,PRIMA STELLA NOODLES 400G,7,2024-05-07 16:28:44,1.1,14196,342.77,2399.39,Kandy
500197,40083,BOGAWANTALAWA TEA 400G,11,2024-05-07 16:28:44,3.08,14196,957.33,10530.63,Kandy
500197,40083,BOGAWANTALAWA TEA 400G,8,2024-05-07 16:28:44,3.19,14196,988.59,7908.72,Kandy
500197,40027,KEELLS CHICKEN SAUSAGES 500G,11,2024-05-07 16:28:44,3.92,14196,1215.83,13374.13,Kandy
500197,40048,EDINBOROUGH SOY SAUCE 400ML,10,2024-05-07 16:28:44,1.28,14196,396.71,3967.1,Kandy
500197,40103,SOYA MEAT CHUNKS 400G,12,2024-05-07 16:28:44,1.08,14196,334.0,4008.0,Kandy
500197,40100,HARISCHANDRA MILK TEA POWDER 200G,4,2024-05-07 16:28:44,1.67,14196,518.9,2075.6,Kandy
500023,40018,MD MANGO CHUTNEY 400G,9,2024-05-11 16:59:12,2.7,14152,836.42,7527.78,Kandy
500023,40042,MARINA COCONUT OIL 1L,9,2024-05-11 16:59:12,3.88,14152,1203.58,10832.22,Kandy
500023,40022,ANCHOR MILK POWDER 400G,10,2024-05-11 16:59:12,4.24,14152,1312.93,13129.3,Kandy
500023,40114,DETTOL ANTISEPTIC LIQUID 250ML,28,2024-05-11 16:59:12,1.85,14152,571.88,16012.64,Kandy
500023,40088,CARGILLS FRESH EGGS (10),7,2024-05-11 16:59:12,1.46,14152,451.98,3163.86,Kandy
500023,40022,ANCHOR MILK POWDER 400G,5,2024-05-11 16:59:12,4.81,14152,1492.37,7461.85,Kandy
500023,40057,VIM DISHWASH LIQUID 500ML,60,2024-05-11 16:59:12,1.49,14152,462.01,27720.6,Kandy
500023,40046,MARMITE 100G,10,2024-05-11 16:59:12,3.13,14152,969.48,9694.8,Kandy
500023,40082,NECTO 1.5L,1,2024-05-11 16:59:12,1.31,14152,406.97,406.97,Kandy
500023,40040,SIGNAL TOOTHPASTE 120G,5,2024-05-11 16:59:12,0.83,14152,258.07,1290.35,Kandy
500023,40082,NECTO 1.5L,1,2024-05-11 16:59:12,1.17,14152,364.06,364.06,Kandy
500023,40093,LIPTON YELLOW LABEL TEA 400G,8,2024-05-11 16:59:12,3.58,14152,1109.23,8873.84,Kandy
500023,40082,NECTO 1.5L,3,2024-05-11 16:59:12,1.25,14152,388.93,1166.79,Kandy
500023,40111,ASTRA MAYONNAISE 250G,1,2024-05-11 16:59:12,1.58,14152,488.53,488.53,Kandy
500023,40023,RATHTHI MILK POWDER 400G,1,2024-05-11 16:59:12,3.95,14152,1225.43,1225.43,Kandy
500023,40103,SOYA MEAT CHUNKS 400G,8,2024-05-11 16:59:12,1.13,14152,349.43,2795.44,Kandy
500023,40048,EDINBOROUGH SOY SAUCE 400ML,7,2024-05-11 16:59:12,1.25,14152,388.32,2718.24,Kandy
500023,40003,DILMAH GREEN TEA 20 BAGS,3,2024-05-11 16:59:12,2.31,14152,714.62,2143.86,Kandy
500023,40049,ROZA PASTA MACARONI 400G,39,2024-05-11 16:59:12,1.15,14152,357.58,13945.62,Kandy
500023,40055,LIFEBUOY SOAP 100G,7,2024-05-11 16:59:12,0.5,14152,156.37,1094.59,Kandy
500035,40099,PRIMA CHICKEN NOODLES CUP,8,2024-05-16 11:04:30,0.44,14281,135.09,1080.72,Kandy
500035,40041,BABY CHERAMY SOAP 90G,2,2024-05-16 11:04:30,0.53,14281,162.85,325.7,Kandy
500035,40100,HARISCHANDRA MILK TEA POWDER 200G,10,2024-05-16 11:04:30,1.73,14281,534.99,5349.9,Kandy
500035,40003,DILMAH GREEN TEA 20 BAGS,8,2024-05-16 11:04:30,2.11,14281,651.64,5213.12,Kandy
500035,40076,CEYLON COLD STORES YOGHURT 80G,12,2024-05-16 11:04:30,0.34,14281,106.16,1273.92,Kandy
500035,40065,FAIR & LOVELY CREAM 50G,30,2024-05-16 11:04:30,1.2,14281,372.57,11177.1,Kandy
500225,40112,DENIYA BABY SHAMPOO 200ML,4,2024-05-23 13:59:49,1.78,14325,548.12,2192.48,Kilinochchi
500225,40081,SPRITE 1.5L,10,2024-05-23 13:59:49,1.28,14325,394.88,3948.8,Kilinochchi
500225,40018,MD MANGO CHUTNEY 400G,8,2024-05-23 13:59:49,2.45,14325,755.87,6046.96,Kilinochchi
500225,40011,MALIBAN LEMON PUFF 200G,5,2024-05-23 13:59:49,0.74,14325,227.26,1136.3,Kilinochchi
500225,40102,DIAMOND COOKING OIL 1L,6,2024-05-23 13:59:49,2.99,14325,924.44,5546.64,Kilinochchi
500225,40026,KITHUL TREACLE 750ML,12,2024-05-23 13:59:49,6.38,14325,1971.4,23656.8,Kilinochchi
500225,40084,AKBAR TEA 400G,10,2024-05-23 13:59:49,2.62,14325,809.53,8095.3,Kilinochchi
500225,40073,DELMEGE BASMATI RICE 5KG,12,2024-05-23 13:59:49,8.23,14325,2540.13,30481.56,Kilinochchi
500225,40038,MOTHA FALUDA MIX 100G,9,2024-05-23 13:59:49,0.78,14325,240.59,2165.31,Kilinochchi
500225,40068,CLOSE UP TOOTHPASTE 120G,4,2024-05-23 13:59:49,0.95,14325,291.86,1167.44,Kilinochchi
500225,40106,KOTMALE ICE CREAM VANILLA 1L,12,2024-05-23 13:59:49,3.27,14325,1010.33,12123.96,Kilinochchi
500225,40003,DILMAH GREEN TEA 20 BAGS,12,2024-05-23 13:59:49,1.84,14325,569.33,6831.96,Kilinochchi
500185,40095,MUNCHEE NICE BISCUIT 200G,1,2024-05-24 18:49:41,0.76,,234.06,234.06,Kandy
500185,40041,BABY CHERAMY SOAP 90G,3,2024-05-24 18:49:41,0.5,,155.23,465.69,Kandy
500185,40013,SPA CEYLON SLEEP BODY LOTION,11,2024-05-24 18:49:41,13.23,,4083.25,44915.75,Kandy
500185,40034,HARISCHANDRA COFFEE 100G,12,2024-05-24 18:49:41,1.31,,403.46,4841.52,Kandy
500185,40060,SUNLIGHT SOAP 115G,2,2024-05-24 18:49:41,0.42,,128.7,257.4,Kandy
500185,40014,SPA CEYLON HAND CREAM,8,2024-05-24 18:49:41,8.4,,2593.8,20750.4,Kandy
500185,40062,NESTOMALT 400G,5,2024-05-24 18:49:41,2.47,,762.26,3811.3,Kandy
500185,40045,PANADOL 100 TABLETS,6,2024-05-24 18:49:41,1.62,,499.84,2999.04,Kandy
500185,40029,KIST TOMATO KETCHUP 400G,5,2024-05-24 18:49:41,1.83,,564.79,2823.95,Kandy
500185,40045,PANADOL 100 TABLETS,9,2024-05-24 18:49:41,1.74,,537.58,4838.22,Kandy
500185,40016,LINK SAMAHAN BOX (100 PACKETS),7,2024-05-24 18:49:41,5.1,,1574.35,11020.45,Kandy
500185,40100,HARISCHANDRA MILK TEA POWDER 200G,2,2024-05-24 18:49:41,1.39,,428.42,856.84,Kandy
500185,40088,CARGILLS FRESH EGGS (10),4,2024-05-24 18:49:41,1.29,,397.77,1591.08,Kandy
500185,40046,MARMITE 100G,7,2024-05-24 18:49:41,2.95,,911.52,6380.64,Kandy
500185,40012,MALIBAN CREAM CRACKER 500G,11,2024-05-24 18:49:41,1.67,,515.85,5674.35,Kandy
500185,40096,MALIBAN CHOCOLATE WAFER 100G,51,2024-05-24 18:49:41,0.69,,213.19,10872.69,Kandy
500185,40060,SUNLIGHT SOAP 115G,3,2024-05-24 18:49:41,0.49,,151.4,454.2,Kandy
500185,40111,ASTRA MAYONNAISE 250G,10,2024-05-24 18:49:41,1.54,,474.44,4744.4,Kandy
500185,40045,PANADOL 100 TABLETS,22,2024-05-24 18:49:41,1.64,,505.65,11124.3,Kandy
500185,40052,WIJAYA ROASTED CURRY POWDER 250G,47,2024-05-24 18:49:41,1.51,,467.28,21962.16,Kandy
500320,40066,PONDS TALCUM POWDER 100G,2,2024-05-29 15:51:58,1.24,14484,382.76,765.52,Kandy
500320,40097,KEELLS FROZEN SAUSAGE ROLL 400G,3,2024-05-29 15:51:58,1.95,14484,599.76,1799.28,Kandy
500320,40081,SPRITE 1.5L,59,2024-05-29 15:51:58,1.43,14484,440.34,25980.06,Kandy
500320,40046,MARMITE 100G,5,2024-05-29 15:51:58,2.6,14484,801.3,4006.5,Kandy
500320,40067,COLGATE TOOTHPASTE 120G,5,2024-05-29 15:51:58,0.89,14484,273.69,1368.45,Kandy
500320,40102,DIAMOND COOKING OIL 1L,5,2024-05-29 15:51:58,2.56,14484,789.92,3949.6,Kandy
500320,40004,ZESTA TEA 400G,58,2024-05-29 15:51:58,3.59,14484,1104.98,64088.84,Kandy
500320,40023,RATHTHI MILK POWDER 400G,2,2024-05-29 15:51:58,4.53,14484,1397.2,2794.4,Kandy
500320,40035,CBL SAMAPOSHA 200G,6,2024-05-29 15:51:58,0.72,14484,223.19,1339.14,Kandy
500320,40066,PONDS TALCUM POWDER 100G,6,2024-05-29 15:51:58,1.31,14484,402.45,2414.7,Kandy
500320,40082,NECTO 1.5L,10,2024-05-29 15:51:58,1.14,14484,352.51,3525.1,Kandy
500320,40069,ANCHOR BUTTER 200G,29,2024-05-29 15:51:58,2.59,14484,799.38,23182.02,Kandy
500320,40061,VELVET BEAUTY SOAP 100G,1,2024-05-29 15:51:58,0.5,14484,153.98,153.98,Kandy
500320,40096,MALIBAN CHOCOLATE WAFER 100G,1,2024-05-29 15:51:58,0.73,14484,223.88,223.88,Kandy
500320,40115,PEPSI 1.5L,12,2024-05-29 15:51:58,1.27,14484,391.69,4700.28,Kandy
500320,40014,SPA CEYLON HAND CREAM,1,2024-05-29 15:51:58,7.3,14484,2248.78,2248.78,Kandy
500320,40071,MA MA NOODLES 5 PACK,1,2024-05-29 15:51:58,1.43,14484,441.87,441.87,Kandy
500320,40095,MUNCHEE NICE BISCUIT 200G,8,2024-05-29 15:51:58,0.68,14484,210.42,1683.36,Kandy
500320,40075,RANMUTHU RICE 5KG,3,2024-05-29 15:51:58,5.97,14484,1840.12,5520.36,Kandy
500320,40059,SURF EXCEL 1KG,1,2024-05-29 15:51:58,3.48,14484,1073.06,1073.06,Kandy
500028,40089,KANDOS CHOCOLATE BAR 100G,5,2024-06-08 13:43:14,0.92,14574,281.65,1408.25,Kandy
500028,40076,CEYLON COLD STORES YOGHURT 80G,9,2024-06-08 13:43:14,0.37,14574,113.18,1018.62,Kandy
500028,40083,BOGAWANTALAWA TEA 400G,8,2024-06-08 13:43:14,3.16,14574,971.28,7770.24,Kandy
500028,40080,COCA-COLA 1.5L,9,2024-06-08 13:43:14,1.25,14574,383.59,3452.31,Kandy
500028,40005,WATAWALA TEA 400G,11,2024-06-08 13:43:14,2.59,14574,794.9,8743.9,Kandy
500028,40067,COLGATE TOOTHPASTE 120G,1,2024-06-08 13:43:14,0.86,14574,262.88,262.88,Kandy
500028,40072,FUN FOODS MAYONNAISE 250G,8,2024-06-08 13:43:14,1.98,14574,606.83,4854.64,Kandy
500028,40097,KEELLS FROZEN SAUSAGE ROLL 400G,6,2024-06-08 13:43:14,1.63,14574,499.76,2998.56,Kandy
500028,40012,MALIBAN CREAM CRACKER 500G,8,2024-06-08 13:43:14,1.72,14574,528.51,4228.08,Kandy
500028,40089,KANDOS CHOCOLATE BAR 100G,3,2024-06-08 13:43:14,0.92,14574,281.36,844.08,Kandy
500047,40025,KOTMALE FRESH MILK 1L,12,2024-06-09 14:40:34,1.69,14494,517.74,6212.88,Gampaha
500047,40011,MALIBAN LEMON PUFF 200G,3,2024-06-09 14:40:34,0.71,14494,217.05,651.15,Gampaha
500047,40090,RITZBURY CHOCOLATE BAR 100G,1,2024-06-09 14:40:34,1.0,14494,308.41,308.41,Gampaha
500047,40107,AMBEWELA FRESH MILK 1L,8,2024-06-09 14:40:34,1.46,14494,448.85,3590.8,Gampaha
500047,40054,PEARS BABY POWDER 100G,7,2024-06-09 14:40:34,0.98,14494,300.26,2101.82,Gampaha
500047,40080,COCA-COLA 1.5L,2,2024-06-09 14:40:34,1.36,14494,417.59,835.18,Gampaha
500047,40067,COLGATE TOOTHPASTE 120G,4,2024-06-09 14:40:34,1.0,14494,306.14,1224.56,Gampaha
500047,40045,PANADOL 100 TABLETS,30,2024-06-09 14:40:34,1.65,14494,507.08,15212.4,Gampaha
500047,40042,MARINA COCONUT OIL 1L,2,2024-06-09 14:40:34,3.37,14494,1034.12,2068.24,Gampaha
500047,40007,MUNCHEE CHOCOLATE BISCUIT 200G,12,2024-06-09 14:40:34,0.72,14494,221.08,2652.96,Gampaha
500047,40097,KEELLS FROZEN SAUSAGE ROLL 400G,9,2024-06-09 14:40:34,1.72,14494,526.71,4740.39,Gampaha
500047,40066,PONDS TALCUM POWDER 100G,37,2024-06-09 14:40:34,1.26,14494,386.85,14313.45,Gampaha
500047,40059,SURF EXCEL 1KG,6,2024-06-09 14:40:34,3.16,14494,970.48,5822.88,Gampaha
500047,40047,PELWATTE BUTTER 200G,10,2024-06-09 14:40:34,2.49,14494,764.77,7647.7,Gampaha
500047,40011,MALIBAN LEMON PUFF 200G,11,2024-06-09 14:40:34,0.71,14494,217.61,2393.71,Gampaha
500047,40040,SIGNAL TOOTHPASTE 120G,5,2024-06-09 14:40:34,0.93,14494,285.57,1427.85,Gampaha
500047,40004,ZESTA TEA 400G,5,2024-06-09 14:40:34,3.88,14494,1192.43,5962.15,Gampaha
500047,40002,DILMAH EARL GREY TEA 50 BAGS,47,2024-06-09 14:40:34,3.16,14494,969.45,45564.15,Gampaha
500001,40107,AMBEWELA FRESH MILK 1L,6,2024-06-10 09:17:15,1.4,14558,429.61,2577.66,Gampaha
500001,40082,NECTO 1.5L,7,2024-06-10 09:17:15,1.35,14558,415.36,2907.52,Gampaha
500001,40078,SOFTLOGIC COCONUT MILK 400ML,7,2024-06-10 09:17:15,1.3,14558,398.36,2788.52,Gampaha
500001,40033,HARISCHANDRA NOODLES 400G,1,2024-06-10 09:17:15,0.93,14558,285.39,285.39,Gampaha
500001,40109,CARGILLS SQUARE DEAL WHITE SUGAR 1KG,6,2024-06-10 09:17:15,0.96,14558,294.84,1769.04,Gampaha
500001,40064,HORLICKS 500G,24,2024-06-10 09:17:15,3.25,14558,997.5,23940.0,Gampaha
500001,40042,MARINA COCONUT OIL 1L,1,2024-06-10 09:17:15,3.96,14558,1216.07,1216.07,Gampaha
500125,40029,KIST TOMATO KETCHUP 400G,1,2024-06-11 15:58:22,1.56,14091,479.13,479.13,Kandy
500125,40094,BASILUR CEYLON TEA GIFT TIN,9,2024-06-11 15:58:22,5.09,14091,1560.78,14047.02,Kandy
500125,40060,SUNLIGHT SOAP 115G,8,2024-06-11 15:58:22,0.44,14091,136.01,1088.08,Kandy
500125,40101,CBL EDGE COOKING OIL 1L,9,2024-06-11 15:58:22,3.13,14091,960.2,8641.8,Kandy
500125,40031,PRIMA KOTTU MEE CUP,5,2024-06-11 15:58:22,0.57,14091,175.05,875.25,Kandy
500125,40079,CEYLON TOBACCO (CIGARETTES PACK),3,2024-06-11 15:58:22,4.53,14091,1390.47,4171.41,Kandy
500089,40087,CARGILLS MAGIC SAUSAGES 400G,3,2024-06-13 18:16:41,2.71,14305,829.78,2489.34,Vavuniya
500089,40031,PRIMA KOTTU MEE CUP,11,2024-06-13 18:16:41,0.51,14305,157.28,1730.08,Vavuniya
500089,40001,DILMAH CEYLON TEA 500G,43,2024-06-13 18:16:41,4.19,14305,1283.51,55190.93,Vavuniya
500089,40029,KIST TOMATO KETCHUP 400G,4,2024-06-13 18:16:41,1.48,14305,453.17,1812.68,Vavuniya
500089,40059,SURF EXCEL 1KG,11,2024-06-13 18:16:41,3.2,14305,980.76,10788.36,Vavuniya
500089,40057,VIM DISHWASH LIQUID 500ML,3,2024-06-13 18:16:41,1.56,14305,478.55,1435.65,Vavuniya
500089,40028,BAIRAHA CHICKEN 1KG,11,2024-06-13 18:16:41,5.76,14305,1765.87,19424.57,Vavuniya
500089,DELV,COURIER DELIVERY CHARGE,7,2024-06-13 18:16:41,0.98,14305,300.0,2100.0,Vavuniya
500089,40053,WIJAYA CHILLI POWDER 250G,10,2024-06-13 18:16:41,1.67,14305,511.32,5113.2,Vavuniya
500139,40096,MALIBAN CHOCOLATE WAFER 100G,36,2024-06-15 16:02:33,0.73,14043,223.46,8044.56,Colombo
500139,40061,VELVET BEAUTY SOAP 100G,5,2024-06-15 16:02:33,0.52,14043,158.28,791.4,Colombo
500139,40060,SUNLIGHT SOAP 115G,1,2024-06-15 16:02:33,0.5,14043,154.52,154.52,Colombo
500139,40052,WIJAYA ROASTED CURRY POWDER 250G,3,2024-06-15 16:02:33,1.69,14043,519.44,1558.32,Colombo
500153,40045,PANADOL 100 TABLETS,12,2024-06-16 14:29:57,1.86,14435,571.31,6855.72,Trincomalee
500153,40008,MUNCHEE LEMON PUFF 200G,5,2024-06-16 14:29:57,0.68,14435,207.87,1039.35,Trincomalee
500153,40111,ASTRA MAYONNAISE 250G,9,2024-06-16 14:29:57,1.33,14435,407.75,3669.75,Trincomalee
500153,40082,NECTO 1.5L,12,2024-06-16 14:29:57,1.3,14435,398.61,4783.32,Trincomalee
500153,40041,BABY CHERAMY SOAP 90G,12,2024-06-16 14:29:57,0.51,14435,156.86,1882.32,Trincomalee
500153,40060,SUNLIGHT SOAP 115G,10,2024-06-16 14:29:57,0.47,14435,144.64,1446.4,Trincomalee
500153,40084,AKBAR TEA 400G,1,2024-06-16 14:29:57,2.58,14435,791.96,791.96,Trincomalee
500153,40110,SERENDIB SALT IODIZED 400G,7,2024-06-16 14:29:57,0.25,14435,77.55,542.85,Trincomalee
C500339,40024,HIGHLAND MILK 1L,-1,2024-07-09 12:44:05,1.63,14482,496.61,-496.61,Jaffna
C500339,40085,RANFAT COOKING OIL 1L,-10,2024-07-09 12:44:05,4.23,14482,1288.78,-12887.8,Jaffna
500321,40022,ANCHOR MILK POWDER 400G,8,2024-07-11 18:53:58,4.38,,1333.02,10664.16,Kandy
500321,40057,VIM DISHWASH LIQUID 500ML,5,2024-07-11 18:53:58,1.61,,491.36,2456.8,Kandy
500321,40108,RICHLIFE MILK POWDER 400G,12,2024-07-11 18:53:58,3.86,,1174.64,14095.68,Kandy
500321,40059,SURF EXCEL 1KG,37,2024-07-11 18:53:58,3.06,,930.45,34426.65,Kandy
500321,40107,AMBEWELA FRESH MILK 1L,5,2024-07-11 18:53:58,1.22,,372.28,1861.4,Kandy
500006,40070,NESPRAY MILK POWDER 400G,8,2024-07-13 16:03:25,4.43,14111,1348.51,10788.08,Batticaloa
500006,40081,SPRITE 1.5L,2,2024-07-13 16:03:25,1.27,14111,386.27,772.54,Batticaloa
500006,40005,WATAWALA TEA 400G,1,2024-07-13 16:03:25,2.7,14111,821.19,821.19,Batticaloa
500006,40089,KANDOS CHOCOLATE BAR 100G,8,2024-07-13 16:03:25,0.99,14111,300.91,2407.28,Batticaloa
500285,40012,MALIBAN CREAM CRACKER 500G,3,2024-07-21 14:58:58,1.48,,450.65,1351.95,Kalutara
500285,40084,AKBAR TEA 400G,10,2024-07-21 14:58:58,2.32,,704.08,7040.8,Kalutara
500285,40027,KEELLS CHICKEN SAUSAGES 500G,53,2024-07-21 14:58:58,3.53,,1071.94,56812.82,Kalutara
500285,40054,PEARS BABY POWDER 100G,12,2024-07-21 14:58:58,0.99,,299.25,3591.0,Kalutara
500285,40059,SURF EXCEL 1KG,3,2024-07-21 14:58:58,3.4,,1033.18,3099.54,Kalutara
500285,40048,EDINBOROUGH SOY SAUCE 400ML,12,2024-07-21 14:58:58,1.45,,441.34,5296.08,Kalutara
500285,40002,DILMAH EARL GREY TEA 50 BAGS,9,2024-07-21 14:58:58,3.38,,1024.87,9223.83,Kalutara
500285,40103,SOYA MEAT CHUNKS 400G,5,2024-07-21 14:58:58,1.14,,347.65,1738.25,Kalutara
500316,40006,MUNCHEE SUPER CREAM CRACKER 500G,1,2024-07-24 18:20:44,1.62,14008,491.95,491.95,Colombo
500316,40037,MOTHA STRAWBERRY JELLY 100G,7,2024-07-24 18:20:44,0.4,14008,122.62,858.34,Colombo
500316,40029,KIST TOMATO KETCHUP 400G,9,2024-07-24 18:20:44,1.78,14008,538.96,4850.64,Colombo
500316,40007,MUNCHEE CHOCOLATE BISCUIT 200G,9,2024-07-24 18:20:44,0.86,14008,260.54,2344.86,Colombo
500316,40102,DIAMOND COOKING OIL 1L,5,2024-07-24 18:20:44,2.8,14008,850.58,4252.9,Colombo
500316,DELV,COURIER DELIVERY CHARGE,4,2024-07-24 18:20:44,0.99,14008,300.0,1200.0,Colombo
500316,40108,RICHLIFE MILK POWDER 400G,6,2024-07-24 18:20:44,3.19,14008,969.35,5816.1,Colombo
500316,40054,PEARS BABY POWDER 100G,51,2024-07-24 18:20:44,0.99,14008,300.18,15309.18,Colombo
500106,40083,BOGAWANTALAWA TEA 400G,6,2024-08-01 14:36:35,3.43,14325,1038.66,6231.96,Kalutara
500106,40090,RITZBURY CHOCOLATE BAR 100G,7,2024-08-01 14:36:35,0.98,14325,295.97,2071.79,Kalutara
500106,40051,LANKA SOY CHICKEN FLAVOUR 90G,6,2024-08-01 14:36:35,0.48,14325,145.57,873.42,Kalutara
500369,40015,SIDDHALEPA BALM 50G,8,2024-08-09 11:33:13,1.06,14582,320.35,2562.8,Gampaha
500369,40001,DILMAH CEYLON TEA 500G,5,2024-08-09 11:33:13,4.47,14582,1352.71,6763.55,Gampaha
500369,40038,MOTHA FALUDA MIX 100G,11,2024-08-09 11:33:13,0.8,14582,242.31,2665.41,Gampaha
500369,40110,SERENDIB SALT IODIZED 400G,8,2024-08-09 11:33:13,0.24,14582,73.37,586.96,Gampaha
500369,40096,MALIBAN CHOCOLATE WAFER 100G,4,2024-08-09 11:33:13,0.87,14582,264.58,1058.32,Gampaha
500369,40088,CARGILLS FRESH EGGS (10),1,2024-08-09 11:33:13,1.41,14582,426.09,426.09,Gampaha
500369,40086,FITS COOKING OIL 1L,34,2024-08-09 11:33:13,3.98,14582,1203.84,40930.56,Gampaha
500369,40082,NECTO 1.5L,4,2024-08-09 11:33:13,1.18,14582,355.36,1421.44,Gampaha
500369,40096,MALIBAN CHOCOLATE WAFER 100G,12,2024-08-09 11:33:13,0.87,14582,263.84,3166.08,Gampaha
500369,40096,MALIBAN CHOCOLATE WAFER 100G,1,2024-08-09 11:33:13,0.71,14582,216.15,216.15,Gampaha
500369,40017,MD MIXED FRUIT JAM 500G,2,2024-08-09 11:33:13,2.74,14582,829.88,1659.76,Gampaha
500369,DELV,COURIER DELIVERY CHARGE,10,2024-08-09 11:33:13,0.99,14582,300.0,3000.0,Gampaha
500369,40093,LIPTON YELLOW LABEL TEA 400G,4,2024-08-09 11:33:13,3.1,14582,937.25,3749.0,Gampaha
500369,40043,ASTRA MARGARINE 250G,10,2024-08-09 11:33:13,1.66,14582,502.98,5029.8,Gampaha
500369,40006,MUNCHEE SUPER CREAM CRACKER 500G,7,2024-08-09 11:33:13,1.91,14582,577.36,4041.52,Gampaha
500369,40082,NECTO 1.5L,8,2024-08-09 11:33:13,1.35,14582,408.54,3268.32,Gampaha
500369,40065,FAIR & LOVELY CREAM 50G,51,2024-08-09 11:33:13,1.12,14582,340.06,17343.06,Gampaha
500369,40033,HARISCHANDRA NOODLES 400G,10,2024-08-09 11:33:13,1.0,14582,301.3,3013.0,Gampaha
500369,40094,BASILUR CEYLON TEA GIFT TIN,8,2024-08-09 11:33:13,4.18,14582,1263.0,10104.0,Gampaha
500369,40001,DILMAH CEYLON TEA 500G,6,2024-08-09 11:33:13,4.76,14582,1440.03,8640.18,Gampaha
500015,40108,RICHLIFE MILK POWDER 400G,9,2024-08-14 19:38:20,3.96,14627,1197.2,10774.8,Ratnapura
500015,40096,MALIBAN CHOCOLATE WAFER 100G,8,2024-08-14 19:38:20,0.85,14627,256.24,2049.92,Ratnapura
500015,40078,SOFTLOGIC COCONUT MILK 400ML,7,2024-08-14 19:38:20,1.17,14627,352.38,2466.66,Ratnapura
500015,40015,SIDDHALEPA BALM 50G,7,2024-08-14 19:38:20,0.96,14627,288.99,2022.93,Ratnapura
500015,40112,DENIYA BABY SHAMPOO 200ML,5,2024-08-14 19:38:20,1.66,14627,501.72,2508.6,Ratnapura
500015,40115,PEPSI 1.5L,4,2024-08-14 19:38:20,1.38,14627,416.72,1666.88,Ratnapura
500015,40036,MAGGI COCONUT MILK POWDER 300G,12,2024-08-14 19:38:20,3.02,14627,911.07,10932.84,Ratnapura
500015,40036,MAGGI COCONUT MILK POWDER 300G,7,2024-08-14 19:38:20,3.03,14627,915.6,6409.2,Ratnapura
500015,40058,DIVA WASHING POWDER 1KG,2,2024-08-14 19:38:20,2.27,14627,685.26,1370.52,Ratnapura
500010,40077,PILAWOOS FALOODA MIX 200G,4,2024-08-15 15:59:42,1.42,14270,427.33,1709.32,Colombo
500010,40047,PELWATTE BUTTER 200G,5,2024-08-15 15:59:42,2.98,14270,900.82,4504.1,Colombo
500038,40027,KEELLS CHICKEN SAUSAGES 500G,3,2024-08-20 17:47:43,3.72,,1122.21,3366.63,Badulla
500038,40041,BABY CHERAMY SOAP 90G,12,2024-08-20 17:47:43,0.56,,169.51,2034.12,Badulla
500038,40022,ANCHOR MILK POWDER 400G,33,2024-08-20 17:47:43,4.18,,1260.6,41599.8,Badulla
500038,40034,HARISCHANDRA COFFEE 100G,12,2024-08-20 17:47:43,1.57,,474.13,5689.56,Badulla
500038,40036,MAGGI COCONUT MILK POWDER 300G,10,2024-08-20 17:47:43,2.94,,885.82,8858.2,Badulla
500038,40027,KEELLS CHICKEN SAUSAGES 500G,8,2024-08-20 17:47:43,3.62,,1092.52,8740.16,Badulla
500038,40036,MAGGI COCONUT MILK POWDER 300G,35,2024-08-20 17:47:43,2.66,,803.92,28137.2,Badulla
500038,40064,HORLICKS 500G,2,2024-08-20 17:47:43,3.54,,1068.51,2137.02,Badulla
500038,40029,KIST TOMATO KETCHUP 400G,3,2024-08-20 17:47:43,1.85,,558.93,1676.79,Badulla
500397,40038,MOTHA FALUDA MIX 100G,5,2024-08-24 18:25:28,0.8,14130,242.47,1212.35,Matara
500397,40090,RITZBURY CHOCOLATE BAR 100G,6,2024-08-24 18:25:28,0.96,14130,288.99,1733.94,Matara
500397,40054,PEARS BABY POWDER 100G,11,2024-08-24 18:25:28,1.01,14130,304.56,3350.16,Matara
500397,40039,CLOGARD TOOTHPASTE 120G,52,2024-08-24 18:25:28,0.83,14130,249.78,12988.56,Matara
500397,40105,GOLDIE CORIANDER POWDER 100G,6,2024-08-24 18:25:28,0.86,14130,258.64,1551.84,Matara
500397,40083,BOGAWANTALAWA TEA 400G,5,2024-08-24 18:25:28,3.07,14130,924.76,4623.8,Matara
500397,40043,ASTRA MARGARINE 250G,6,2024-08-24 18:25:28,1.7,14130,513.15,3078.9,Matara
500397,40018,MD MANGO CHUTNEY 400G,10,2024-08-24 18:25:28,2.76,14130,833.26,8332.6,Matara
500397,40034,HARISCHANDRA COFFEE 100G,11,2024-08-24 18:25:28,1.54,14130,462.82,5091.02,Matara
500397,40077,PILAWOOS FALOODA MIX 200G,8,2024-08-24 18:25:28,1.27,14130,382.87,3062.96,Matara
500397,40061,VELVET BEAUTY SOAP 100G,12,2024-08-24 18:25:28,0.53,14130,160.19,1922.28,Matara
500397,40019,ELEPHANT HOUSE GINGER BEER 1.5L,12,2024-08-24 18:25:28,1.4,14130,422.19,5066.28,Matara
500397,40034,HARISCHANDRA COFFEE 100G,5,2024-08-24 18:25:28,1.57,14130,473.25,2366.25,Matara
500397,40025,KOTMALE FRESH MILK 1L,6,2024-08-24 18:25:28,1.83,14130,552.43,3314.58,Matara
500397,40065,FAIR & LOVELY CREAM 50G,6,2024-08-24 18:25:28,1.22,14130,366.46,2198.76,Matara
500397,40105,GOLDIE CORIANDER POWDER 100G,4,2024-08-24 18:25:28,0.78,14130,234.13,936.52,Matara
500397,40061,VELVET BEAUTY SOAP 100G,17,2024-08-24 18:25:28,0.62,14130,185.43,3152.31,Matara
500397,40014,SPA CEYLON HAND CREAM,9,2024-08-24 18:25:28,8.95,14130,2698.08,24282.72,Matara
500060,40030,KIST MIXED FRUIT NECTAR 1L,9,2024-08-29 15:55:04,2.33,14572,701.06,6309.54,Colombo
500060,40098,BAIRAHA CHICKEN SAUSAGES 500G,4,2024-08-29 15:55:04,1.99,14572,598.57,2394.28,Colombo
500060,40107,AMBEWELA FRESH MILK 1L,8,2024-08-29 15:55:04,1.45,14572,435.42,3483.36,Colombo
500060,40011,MALIBAN LEMON PUFF 200G,12,2024-08-29 15:55:04,0.78,14572,235.65,2827.8,Colombo
500242,40015,SIDDHALEPA BALM 50G,8,2024-08-31 18:33:57,1.03,,310.16,2481.28,Gampaha
500242,40062,NESTOMALT 400G,2,2024-08-31 18:33:57,2.08,,625.12,1250.24,Gampaha
500242,40023,RATHTHI MILK POWDER 400G,1,2024-08-31 18:33:57,4.22,,1269.23,1269.23,Gampaha
500242,40047,PELWATTE BUTTER 200G,10,2024-08-31 18:33:57,3.1,,933.18,9331.8,Gampaha
500242,40070,NESPRAY MILK POWDER 400G,4,2024-08-31 18:33:57,4.7,,1415.16,5660.64,Gampaha
500242,40005,WATAWALA TEA 400G,11,2024-08-31 18:33:57,3.35,,1009.41,11103.51,Gampaha
500242,40010,MALIBAN MARIE BISCUITS 400G,6,2024-08-31 18:33:57,1.38,,414.61,2487.66,Gampaha
500242,40059,SURF EXCEL 1KG,6,2024-08-31 18:33:57,3.09,,929.93,5579.58,Gampaha
500242,40036,MAGGI COCONUT MILK POWDER 300G,5,2024-08-31 18:33:57,3.04,,914.11,4570.55,Gampaha
500072,40023,RATHTHI MILK POWDER 400G,12,2024-09-06 10:36:00,4.59,14359,1380.06,16560.72,Matara
500072,40057,VIM DISHWASH LIQUID 500ML,7,2024-09-06 10:36:00,1.8,14359,542.15,3795.05,Matara
500072,40029,KIST TOMATO KETCHUP 400G,4,2024-09-06 10:36:00,1.79,14359,539.05,2156.2,Matara
500072,40112,DENIYA BABY SHAMPOO 200ML,5,2024-09-06 10:36:00,1.63,14359,488.46,2442.3,Matara
500072,40012,MALIBAN CREAM CRACKER 500G,3,2024-09-06 10:36:00,1.4,14359,420.01,1260.03,Matara
500072,40053,WIJAYA CHILLI POWDER 250G,12,2024-09-06 10:36:00,1.6,14359,481.28,5775.36,Matara
500072,40067,COLGATE TOOTHPASTE 120G,1,2024-09-06 10:36:00,0.93,14359,278.91,278.91,Matara
500072,40046,MARMITE 100G,4,2024-09-06 10:36:00,3.11,14359,934.62,3738.48,Matara
500072,40048,EDINBOROUGH SOY SAUCE 400ML,10,2024-09-06 10:36:00,1.25,14359,376.7,3767.0,Matara
500072,40034,HARISCHANDRA COFFEE 100G,8,2024-09-06 10:36:00,1.28,14359,384.53,3076.24,Matara
500072,40104,CEYLON CINNAMON POWDER 100G,5,2024-09-06 10:36:00,1.28,14359,384.5,1922.5,Matara
500072,40044,HAPPY COW CHEESE 120G,10,2024-09-06 10:36:00,3.67,14359,1104.48,11044.8,Matara
500322,40002,DILMAH EARL GREY TEA 50 BAGS,11,2024-09-08 12:26:13,3.02,14132,908.12,9989.32,Colombo
500322,40100,HARISCHANDRA MILK TEA POWDER 200G,33,2024-09-08 12:26:13,1.54,14132,461.31,15223.23,Colombo
500322,40110,SERENDIB SALT IODIZED 400G,8,2024-09-08 12:26:13,0.27,14132,82.03,656.24,Colombo
500322,40089,KANDOS CHOCOLATE BAR 100G,3,2024-09-08 12:26:13,1.07,14132,321.72,965.16,Colombo
500322,40072,FUN FOODS MAYONNAISE 250G,10,2024-09-08 12:26:13,1.75,14132,526.19,5261.9,Colombo
500322,40063,MILO 400G,7,2024-09-08 12:26:13,3.08,14132,925.19,6476.33,Colombo
500322,40036,MAGGI COCONUT MILK POWDER 300G,4,2024-09-08 12:26:13,2.79,14132,838.74,3354.96,Colombo
500322,40056,SUNSILK BLACK SHAMPOO 200ML,2,2024-09-08 12:26:13,2.11,14132,632.66,1265.32,Colombo
500037,40113,GILLETTE SHAVING FOAM 200ML,6,2024-09-10 10:40:41,2.92,14571,877.98,5267.88,Gampaha
500037,40113,GILLETTE SHAVING FOAM 200ML,6,2024-09-10 10:40:41,2.27,14571,682.64,4095.84,Gampaha
500037,40016,LINK SAMAHAN BOX (100 PACKETS),6,2024-09-10 10:40:41,6.02,14571,1807.48,10844.88,Gampaha
500037,40034,HARISCHANDRA COFFEE 100G,11,2024-09-10 10:40:41,1.55,14571,466.97,5136.67,Gampaha
500037,40004,ZESTA TEA 400G,2,2024-09-10 10:40:41,4.3,14571,1292.47,2584.94,Gampaha
500190,40010,MALIBAN MARIE BISCUITS 400G,8,2024-09-15 16:25:23,1.37,14331,409.53,3276.24,Galle
500190,40001,DILMAH CEYLON TEA 500G,10,2024-09-15 16:25:23,5.11,14331,1532.81,15328.1,Galle
500380,40043,ASTRA MARGARINE 250G,7,2024-09-22 14:07:38,1.66,14382,498.04,3486.28,Colombo
500380,40040,SIGNAL TOOTHPASTE 120G,4,2024-09-22 14:07:38,0.92,14382,275.09,1100.36,Colombo
500380,40046,MARMITE 100G,8,2024-09-22 14:07:38,2.65,14382,794.92,6359.36,Colombo
500380,40038,MOTHA FALUDA MIX 100G,4,2024-09-22 14:07:38,0.85,14382,253.37,1013.48,Colombo
500380,40007,MUNCHEE CHOCOLATE BISCUIT 200G,12,2024-09-22 14:07:38,0.77,14382,231.14,2773.68,Colombo
500380,40049,ROZA PASTA MACARONI 400G,24,2024-09-22 14:07:38,1.05,14382,313.55,7525.2,Colombo
500380,40039,CLOGARD TOOTHPASTE 120G,1,2024-09-22 14:07:38,0.8,14382,239.94,239.94,Colombo
500380,40053,WIJAYA CHILLI POWDER 250G,3,2024-09-22 14:07:38,1.73,14382,518.11,1554.33,Colombo
500380,40049,ROZA PASTA MACARONI 400G,6,2024-09-22 14:07:38,1.1,14382,329.33,1975.98,Colombo
500380,40113,GILLETTE SHAVING FOAM 200ML,2,2024-09-22 14:07:38,2.58,14382,771.77,1543.54,Colombo
500380,40028,BAIRAHA CHICKEN 1KG,2,2024-09-22 14:07:38,5.29,14382,1585.13,3170.26,Colombo
500380,40037,MOTHA STRAWBERRY JELLY 100G,4,2024-09-22 14:07:38,0.43,14382,128.39,513.56,Colombo
500380,40114,DETTOL ANTISEPTIC LIQUID 250ML,9,2024-09-22 14:07:38,2.12,14382,634.12,5707.08,Colombo
500380,40009,MUNCHEE TIKIRI MARIE 80G,1,2024-09-22 14:07:38,0.28,14382,83.42,83.42,Colombo
500380,40068,CLOSE UP TOOTHPASTE 120G,6,2024-09-22 14:07:38,0.83,14382,248.29,1489.74,Colombo
500380,40005,WATAWALA TEA 400G,4,2024-09-22 14:07:38,3.31,14382,990.53,3962.12,Colombo
500380,40055,LIFEBUOY SOAP 100G,4,2024-09-22 14:07:38,0.45,14382,135.18,540.72,Colombo
500380,40006,MUNCHEE SUPER CREAM CRACKER 500G,6,2024-09-22 14:07:38,1.65,14382,493.16,2958.96,Colombo
500380,40095,MUNCHEE NICE BISCUIT 200G,6,2024-09-22 14:07:38,0.82,14382,244.21,1465.26,Colombo
500380,DELV,COURIER DELIVERY CHARGE,9,2024-09-22 14:07:38,1.0,14382,300.0,2700.0,Colombo
500029,40036,MAGGI COCONUT MILK POWDER 300G,17,2024-09-26 15:41:22,3.15,14125,942.86,16028.62,Colombo
500029,40087,CARGILLS MAGIC SAUSAGES 400G,9,2024-09-26 15:41:22,3.08,14125,923.2,8308.8,Colombo
500029,40005,WATAWALA TEA 400G,3,2024-09-26 15:41:22,3.29,14125,985.19,2955.57,Colombo
500029,40069,ANCHOR BUTTER 200G,10,2024-09-26 15:41:22,3.03,14125,907.51,9075.1,Colombo
500029,40094,BASILUR CEYLON TEA GIFT TIN,3,2024-09-26 15:41:22,5.3,14125,1587.1,4761.3,Colombo
500029,40047,PELWATTE BUTTER 200G,11,2024-09-26 15:41:22,3.1,14125,928.56,10214.16,Colombo
500029,40028,BAIRAHA CHICKEN 1KG,3,2024-09-26 15:41:22,6.08,14125,1820.76,5462.28,Colombo
500029,40065,FAIR & LOVELY CREAM 50G,10,2024-09-26 15:41:22,1.38,14125,413.33,4133.3,Colombo
500029,40106,KOTMALE ICE CREAM VANILLA 1L,10,2024-09-26 15:41:22,3.89,14125,1164.93,11649.3,Colombo
500029,40054,PEARS BABY POWDER 100G,9,2024-09-26 15:41:22,0.95,14125,283.51,2551.59,Colombo
500029,40105,GOLDIE CORIANDER POWDER 100G,3,2024-09-26 15:41:22,0.84,14125,252.33,756.99,Colombo
500029,40102,DIAMOND COOKING OIL 1L,40,2024-09-26 15:41:22,3.08,14125,922.25,36890.0,Colombo
500029,40007,MUNCHEE CHOCOLATE BISCUIT 200G,2,2024-09-26 15:41:22,0.92,14125,274.43,548.86,Colombo
500029,40013,SPA CEYLON SLEEP BODY LOTION,7,2024-09-26 15:41:22,14.28,14125,4273.21,29912.47,Colombo
500029,40063,MILO 400G,4,2024-09-26 15:41:22,2.89,14125,864.81,3459.24,Colombo
500029,40045,PANADOL 100 TABLETS,28,2024-09-26 15:41:22,1.53,14125,458.64,12841.92,Colombo
500029,40094,BASILUR CEYLON TEA GIFT TIN,12,2024-09-26 15:41:22,4.32,14125,1293.79,15525.48,Colombo
500029,40055,LIFEBUOY SOAP 100G,1,2024-09-26 15:41:22,0.52,14125,156.6,156.6,Colombo
500029,40030,KIST MIXED FRUIT NECTAR 1L,4,2024-09-26 15:41:22,2.34,14125,699.0,2796.0,Colombo
500029,40018,MD MANGO CHUTNEY 400G,10,2024-09-26 15:41:22,2.19,14125,654.99,6549.9,Colombo
500361,40061,VELVET BEAUTY SOAP 100G,11,2024-10-04 18:00:57,0.56,14338,166.65,1833.15,Gampaha
500361,40051,LANKA SOY CHICKEN FLAVOUR 90G,8,2024-10-04 18:00:57,0.46,14338,138.45,1107.6,Gampaha
500361,40087,CARGILLS MAGIC SAUSAGES 400G,11,2024-10-04 18:00:57,2.86,14338,854.68,9401.48,Gampaha
500361,40041,BABY CHERAMY SOAP 90G,4,2024-10-04 18:00:57,0.49,14338,146.84,587.36,Gampaha
500361,40012,MALIBAN CREAM CRACKER 500G,7,2024-10-04 18:00:57,1.77,14338,527.49,3692.43,Gampaha
500361,40001,DILMAH CEYLON TEA 500G,12,2024-10-04 18:00:57,4.8,14338,1433.63,17203.56,Gampaha
500361,40081,SPRITE 1.5L,7,2024-10-04 18:00:57,1.32,14338,393.0,2751.0,Gampaha
500062,40024,HIGHLAND MILK 1L,4,2024-10-24 14:58:11,1.54,,457.2,1828.8,Colombo
500062,40064,HORLICKS 500G,2,2024-10-24 14:58:11,3.59,,1066.84,2133.68,Colombo
500062,40090,RITZBURY CHOCOLATE BAR 100G,8,2024-10-24 14:58:11,1.05,,311.09,2488.72,Colombo
500062,40054,PEARS BABY POWDER 100G,7,2024-10-24 14:58:11,1.02,,304.35,2130.45,Colombo
500024,40055,LIFEBUOY SOAP 100G,11,2024-10-25 11:40:38,0.5,14318,147.3,1620.3,Trincomalee
500024,40096,MALIBAN CHOCOLATE WAFER 100G,7,2024-10-25 11:40:38,0.78,14318,232.3,1626.1,Trincomalee
500024,40005,WATAWALA TEA 400G,3,2024-10-25 11:40:38,2.9,14318,861.07,2583.21,Trincomalee
500024,40099,PRIMA CHICKEN NOODLES CUP,12,2024-10-25 11:40:38,0.56,14318,167.75,2013.0,Trincomalee
500024,40076,CEYLON COLD STORES YOGHURT 80G,5,2024-10-25 11:40:38,0.36,14318,108.48,542.4,Trincomalee
500024,40111,ASTRA MAYONNAISE 250G,4,2024-10-25 11:40:38,1.49,14318,444.03,1776.12,Trincomalee
500024,40028,BAIRAHA CHICKEN 1KG,7,2024-10-25 11:40:38,6.23,14318,1852.4,12966.8,Trincomalee
500024,40048,EDINBOROUGH SOY SAUCE 400ML,4,2024-10-25 11:40:38,1.39,14318,412.99,1651.96,Trincomalee
500024,40024,HIGHLAND MILK 1L,5,2024-10-25 11:40:38,1.75,14318,519.73,2598.65,Trincomalee
500327,40012,MALIBAN CREAM CRACKER 500G,5,2024-10-28 15:38:02,1.79,,532.0,2660.0,Ampara
500327,40016,LINK SAMAHAN BOX (100 PACKETS),11,2024-10-28 15:38:02,5.15,,1531.14,16842.54,Ampara
500327,40113,GILLETTE SHAVING FOAM 200ML,12,2024-10-28 15:38:02,2.6,,773.69,9284.28,Ampara
500327,40065,FAIR & LOVELY CREAM 50G,11,2024-10-28 15:38:02,1.13,,335.94,3695.34,Ampara
500394,40080,COCA-COLA 1.5L,12,2024-10-31 18:06:10,1.45,14619,431.9,5182.8,Colombo
500394,40027,KEELLS CHICKEN SAUSAGES 500G,11,2024-10-31 18:06:10,3.53,14619,1049.5,11544.5,Colombo
500394,40009,MUNCHEE TIKIRI MARIE 80G,10,2024-10-31 18:06:10,0.25,14619,74.17,741.7,Colombo
500394,40008,MUNCHEE LEMON PUFF 200G,8,2024-10-31 18:06:10,0.78,14619,232.57,1860.56,Colombo
500394,40110,SERENDIB SALT IODIZED 400G,6,2024-10-31 18:06:10,0.28,14619,83.19,499.14,Colombo
500394,40021,ELEPHANT HOUSE VANILLA ICE CREAM 1L,3,2024-10-31 18:06:10,3.23,14619,958.11,2874.33,Colombo
500394,40004,ZESTA TEA 400G,8,2024-10-31 18:06:10,4.45,14619,1321.91,10575.28,Colombo
500394,40031,PRIMA KOTTU MEE CUP,28,2024-10-31 18:06:10,0.61,14619,181.19,5073.32,Colombo
500238,40095,MUNCHEE NICE BISCUIT 200G,12,2024-11-04 13:08:06,0.77,14550,229.79,2757.48,Gampaha
500238,40057,VIM DISHWASH LIQUID 500ML,28,2024-11-04 13:08:06,1.73,14550,512.31,14344.68,Gampaha
500238,40021,ELEPHANT HOUSE VANILLA ICE CREAM 1L,28,2024-11-04 13:08:06,3.16,14550,936.62,26225.36,Gampaha
500238,40008,MUNCHEE LEMON PUFF 200G,4,2024-11-04 13:08:06,0.68,14550,201.42,805.68,Gampaha
500238,40061,VELVET BEAUTY SOAP 100G,6,2024-11-04 13:08:06,0.53,14550,155.89,935.34,Gampaha
500238,40109,CARGILLS SQUARE DEAL WHITE SUGAR 1KG,3,2024-11-04 13:08:06,1.15,14550,339.9,1019.7,Gampaha
500238,40115,PEPSI 1.5L,9,2024-11-04 13:08:06,1.21,14550,360.22,3241.98,Gampaha
500238,40027,KEELLS CHICKEN SAUSAGES 500G,9,2024-11-04 13:08:06,3.59,14550,1064.84,9583.56,Gampaha
500238,40114,DETTOL ANTISEPTIC LIQUID 250ML,9,2024-11-04 13:08:06,2.03,14550,602.43,5421.87,Gampaha
500238,40083,BOGAWANTALAWA TEA 400G,3,2024-11-04 13:08:06,3.71,14550,1101.15,3303.45,Gampaha
500238,40043,ASTRA MARGARINE 250G,4,2024-11-04 13:08:06,1.39,14550,412.19,1648.76,Gampaha
500238,40038,MOTHA FALUDA MIX 100G,12,2024-11-04 13:08:06,0.83,14550,247.63,2971.56,Gampaha
500238,40032,PRIMA STELLA NOODLES 400G,6,2024-11-04 13:08:06,1.14,14550,337.26,2023.56,Gampaha
500238,40068,CLOSE UP TOOTHPASTE 120G,19,2024-11-04 13:08:06,0.84,14550,248.47,4720.93,Gampaha
500238,40098,BAIRAHA CHICKEN SAUSAGES 500G,12,2024-11-04 13:08:06,1.95,14550,578.68,6944.16,Gampaha
500238,40028,BAIRAHA CHICKEN 1KG,4,2024-11-04 13:08:06,6.28,14550,1864.54,7458.16,Gampaha
500238,40090,RITZBURY CHOCOLATE BAR 100G,28,2024-11-04 13:08:06,1.08,14550,319.0,8932.0,Gampaha
500238,40029,KIST TOMATO KETCHUP 400G,4,2024-11-04 13:08:06,1.59,14550,471.3,1885.2,Gampaha
500238,40072,FUN FOODS MAYONNAISE 250G,2,2024-11-04 13:08:06,1.91,14550,566.43,1132.86,Gampaha
500238,40105,GOLDIE CORIANDER POWDER 100G,11,2024-11-04 13:08:06,0.76,14550,225.39,2479.29,Gampaha
500379,40010,MALIBAN MARIE BISCUITS 400G,6,2024-11-12 15:09:15,1.33,14221,393.77,2362.62,Nuwara Eliya
500066,40093,LIPTON YELLOW LABEL TEA 400G,3,2024-11-17 14:18:53,3.35,14418,991.63,2974.89,Kilinochchi
500066,40042,MARINA COCONUT OIL 1L,10,2024-11-17 14:18:53,4.17,14418,1232.61,12326.1,Kilinochchi
500066,40001,DILMAH CEYLON TEA 500G,2,2024-11-17 14:18:53,4.69,14418,1388.17,2776.34,Kilinochchi
500088,40029,KIST TOMATO KETCHUP 400G,5,2024-11-20 14:49:54,1.97,14177,581.29,2906.45,Nuwara Eliya
500088,40058,DIVA WASHING POWDER 1KG,5,2024-11-20 14:49:54,2.57,14177,761.06,3805.3,Nuwara Eliya
500088,40053,WIJAYA CHILLI POWDER 250G,54,2024-11-20 14:49:54,1.87,14177,551.54,29783.16,Nuwara Eliya
500088,40102,DIAMOND COOKING OIL 1L,9,2024-11-20 14:49:54,2.54,14177,752.49,6772.41,Nuwara Eliya
500088,40099,PRIMA CHICKEN NOODLES CUP,3,2024-11-20 14:49:54,0.57,14177,169.21,507.63,Nuwara Eliya
500088,40005,WATAWALA TEA 400G,8,2024-11-20 14:49:54,3.12,14177,922.14,7377.12,Nuwara Eliya
500088,40072,FUN FOODS MAYONNAISE 250G,12,2024-11-20 14:49:54,1.81,14177,535.36,6424.32,Nuwara Eliya
500088,40106,KOTMALE ICE CREAM VANILLA 1L,15,2024-11-20 14:49:54,3.83,14177,1132.87,16993.05,Nuwara Eliya
500088,40054,PEARS BABY POWDER 100G,11,2024-11-20 14:49:54,1.03,14177,305.0,3355.0,Nuwara Eliya
500088,40115,PEPSI 1.5L,6,2024-11-20 14:49:54,1.21,14177,358.05,2148.3,Nuwara Eliya
500088,40033,HARISCHANDRA NOODLES 400G,6,2024-11-20 14:49:54,0.85,14177,251.32,1507.92,Nuwara Eliya
500088,40037,MOTHA STRAWBERRY JELLY 100G,4,2024-11-20 14:49:54,0.48,14177,142.72,570.88,Nuwara Eliya
500088,40012,MALIBAN CREAM CRACKER 500G,4,2024-11-20 14:49:54,1.79,14177,529.87,2119.48,Nuwara Eliya
500088,40061,VELVET BEAUTY SOAP 100G,10,2024-11-20 14:49:54,0.52,14177,155.08,1550.8,Nuwara Eliya
500088,40073,DELMEGE BASMATI RICE 5KG,9,2024-11-20 14:49:54,8.32,14177,2461.38,22152.42,Nuwara Eliya
500088,40028,BAIRAHA CHICKEN 1KG,11,2024-11-20 14:49:54,4.98,14177,1473.5,16208.5,Nuwara Eliya
500088,40084,AKBAR TEA 400G,11,2024-11-20 14:49:54,2.39,14177,707.48,7782.28,Nuwara Eliya
500088,40095,MUNCHEE NICE BISCUIT 200G,7,2024-11-20 14:49:54,0.76,14177,225.34,1577.38,Nuwara Eliya
500088,40045,PANADOL 100 TABLETS,5,2024-11-20 14:49:54,1.93,14177,571.68,2858.4,Nuwara Eliya
500088,40060,SUNLIGHT SOAP 115G,5,2024-11-20 14:49:54,0.51,14177,149.79,748.95,Nuwara Eliya
500103,40005,WATAWALA TEA 400G,9,2024-11-25 18:40:13,3.21,14297,947.87,8530.83,Colombo
500103,40036,MAGGI COCONUT MILK POWDER 300G,5,2024-11-25 18:40:13,3.08,14297,910.31,4551.55,Colombo
500103,40094,BASILUR CEYLON TEA GIFT TIN,9,2024-11-25 18:40:13,4.5,14297,1329.59,11966.31,Colombo
500103,40091,USWATTE SPICES MIXED CURRY POWDER 100G,10,2024-11-25 18:40:13,0.85,14297,250.06,2500.6,Colombo
500103,40077,PILAWOOS FALOODA MIX 200G,29,2024-11-25 18:40:13,1.23,14297,363.13,10530.77,Colombo
500103,40069,ANCHOR BUTTER 200G,2,2024-11-25 18:40:13,2.81,14297,830.14,1660.28,Colombo
500103,40094,BASILUR CEYLON TEA GIFT TIN,21,2024-11-25 18:40:13,4.42,14297,1306.69,27440.49,Colombo
500103,40046,MARMITE 100G,9,2024-11-25 18:40:13,2.94,14297,868.27,7814.43,Colombo
500103,40040,SIGNAL TOOTHPASTE 120G,7,2024-11-25 18:40:13,0.79,14297,232.13,1624.91,Colombo
500103,40067,COLGATE TOOTHPASTE 120G,9,2024-11-25 18:40:13,0.91,14297,267.49,2407.41,Colombo
500103,40044,HAPPY COW CHEESE 120G,1,2024-11-25 18:40:13,3.51,14297,1037.83,1037.83,Colombo
500103,40078,SOFTLOGIC COCONUT MILK 400ML,1,2024-11-25 18:40:13,1.28,14297,377.39,377.39,Colombo
500186,40002,DILMAH EARL GREY TEA 50 BAGS,12,2024-12-07 14:58:59,3.09,14121,909.61,10915.32,Kandy
500186,40104,CEYLON CINNAMON POWDER 100G,4,2024-12-07 14:58:59,1.38,14121,405.97,1623.88,Kandy
500186,40032,PRIMA STELLA NOODLES 400G,5,2024-12-07 14:58:59,1.15,14121,338.99,1694.95,Kandy
500186,40038,MOTHA FALUDA MIX 100G,3,2024-12-07 14:58:59,0.69,14121,203.25,609.75,Kandy
500057,40056,SUNSILK BLACK SHAMPOO 200ML,50,2024-12-13 13:52:00,2.34,14046,688.99,34449.5,Batticaloa
500057,40028,BAIRAHA CHICKEN 1KG,10,2024-12-13 13:52:00,6.13,14046,1803.18,18031.8,Batticaloa
500057,40076,CEYLON COLD STORES YOGHURT 80G,4,2024-12-13 13:52:00,0.38,14046,112.58,450.32,Batticaloa
500057,40044,HAPPY COW CHEESE 120G,1,2024-12-13 13:52:00,3.15,14046,925.57,925.57,Batticaloa
500057,40108,RICHLIFE MILK POWDER 400G,6,2024-12-13 13:52:00,4.0,14046,1177.01,7062.06,Batticaloa
500057,40090,RITZBURY CHOCOLATE BAR 100G,7,2024-12-13 13:52:00,1.03,14046,303.09,2121.63,Batticaloa
500057,40016,LINK SAMAHAN BOX (100 PACKETS),7,2024-12-13 13:52:00,5.46,14046,1605.6,11239.2,Batticaloa
500057,40064,HORLICKS 500G,7,2024-12-13 13:52:00,3.91,14046,1151.16,8058.12,Batticaloa
500057,40113,GILLETTE SHAVING FOAM 200ML,2,2024-12-13 13:52:00,2.48,14046,728.75,1457.5,Batticaloa
500057,40103,SOYA MEAT CHUNKS 400G,11,2024-12-13 13:52:00,1.08,14046,317.49,3492.39,Batticaloa
500057,40019,ELEPHANT HOUSE GINGER BEER 1.5L,7,2024-12-13 13:52:00,1.72,14046,504.69,3532.83,Batticaloa
500057,40044,HAPPY COW CHEESE 120G,4,2024-12-13 13:52:00,3.74,14046,1099.85,4399.4,Batticaloa
500057,40115,PEPSI 1.5L,5,2024-12-13 13:52:00,1.43,14046,419.37,2096.85,Batticaloa
500057,40083,BOGAWANTALAWA TEA 400G,12,2024-12-13 13:52:00,3.16,14046,929.65,11155.8,Batticaloa
500057,40034,HARISCHANDRA COFFEE 100G,4,2024-12-13 13:52:00,1.47,14046,433.17,1732.68,Batticaloa
500365,40109,CARGILLS SQUARE DEAL WHITE SUGAR 1KG,8,2024-12-15 10:00:09,1.05,14179,307.53,2460.24,Gampaha
500365,40001,DILMAH CEYLON TEA 500G,4,2024-12-15 10:00:09,4.35,14179,1278.78,5115.12,Gampaha
500365,40006,MUNCHEE SUPER CREAM CRACKER 500G,11,2024-12-15 10:00:09,1.91,14179,562.87,6191.57,Gampaha
500365,DELV,COURIER DELIVERY CHARGE,5,2024-12-15 10:00:09,1.02,14179,300.0,1500.0,Gampaha
500144,40080,COCA-COLA 1.5L,10,2024-12-15 13:34:01,1.34,14362,394.71,3947.1,Colombo
500144,40092,ARALIYA COCONUT MILK POWDER 300G,7,2024-12-15 13:34:01,2.8,14362,821.96,5753.72,Colombo
500144,40067,COLGATE TOOTHPASTE 120G,2,2024-12-15 13:34:01,0.98,14362,286.86,573.72,Colombo
500376,40084,AKBAR TEA 400G,7,2024-12-17 13:22:47,2.38,14307,700.23,4901.61,Kurunegala
500376,40076,CEYLON COLD STORES YOGHURT 80G,8,2024-12-17 13:22:47,0.38,14307,111.73,893.84,Kurunegala
500376,40112,DENIYA BABY SHAMPOO 200ML,7,2024-12-17 13:22:47,2.08,14307,610.28,4271.96,Kurunegala
500376,40100,HARISCHANDRA MILK TEA POWDER 200G,6,2024-12-17 13:22:47,1.83,14307,536.7,3220.2,Kurunegala
500376,40099,PRIMA CHICKEN NOODLES CUP,20,2024-12-17 13:22:47,0.53,14307,155.17,3103.4,Kurunegala
500376,40016,LINK SAMAHAN BOX (100 PACKETS),34,2024-12-17 13:22:47,5.75,14307,1688.84,57420.56,Kurunegala
500305,40111,ASTRA MAYONNAISE 250G,6,2024-12-19 13:52:02,1.5,14586,439.99,2639.94,Gampaha
500305,40113,GILLETTE SHAVING FOAM 200ML,9,2024-12-19 13:52:02,2.44,14586,716.04,6444.36,Gampaha
500305,40068,CLOSE UP TOOTHPASTE 120G,25,2024-12-19 13:52:02,0.88,14586,257.99,6449.75,Gampaha
500305,40077,PILAWOOS FALOODA MIX 200G,12,2024-12-19 13:52:02,1.35,14586,396.16,4753.92,Gampaha
500305,40057,VIM DISHWASH LIQUID 500ML,12,2024-12-19 13:52:02,1.72,14586,505.11,6061.32,Gampaha
500305,40100,HARISCHANDRA MILK TEA POWDER 200G,12,2024-12-19 13:52:02,1.75,14586,513.82,6165.84,Gampaha
500305,40109,CARGILLS SQUARE DEAL WHITE SUGAR 1KG,13,2024-12-19 13:52:02,1.16,14586,339.72,4416.36,Gampaha
500305,40071,MA MA NOODLES 5 PACK,58,2024-12-19 13:52:02,1.45,14586,427.32,24784.56,Gampaha
500305,40069,ANCHOR BUTTER 200G,3,2024-12-19 13:52:02,3.35,14586,984.28,2952.84,Gampaha
500082,40062,NESTOMALT 400G,40,2024-12-20 13:00:16,2.34,14358,685.96,27438.4,Gampaha
500082,40005,WATAWALA TEA 400G,7,2024-12-20 13:00:16,3.0,14358,882.46,6177.22,Gampaha
500349,40086,FITS COOKING OIL 1L,8,2024-12-24 18:40:32,4.1,14257,1202.31,9618.48,Gampaha
500349,40004,ZESTA TEA 400G,10,2024-12-24 18:40:32,4.26,14257,1250.02,12500.2,Gampaha
500277,40045,PANADOL 100 TABLETS,42,2024-12-26 18:17:31,1.74,14355,510.15,21426.3,Colombo
500277,40063,MILO 400G,10,2024-12-26 18:17:31,2.77,14355,813.5,8135.0,Colombo
500277,40094,BASILUR CEYLON TEA GIFT TIN,28,2024-12-26 18:17:31,5.01,14355,1468.2,41109.6,Colombo
500277,40058,DIVA WASHING POWDER 1KG,11,2024-12-26 18:17:31,2.39,14355,700.54,7705.94,Colombo
500277,40056,SUNSILK BLACK SHAMPOO 200ML,10,2024-12-26 18:17:31,2.16,14355,634.06,6340.6,Colombo
500277,40101,CBL EDGE COOKING OIL 1L,6,2024-12-26 18:17:31,3.0,14355,880.23,5281.38,Colombo
500277,40039,CLOGARD TOOTHPASTE 120G,8,2024-12-26 18:17:31,0.94,14355,274.6,2196.8,Colombo
500277,40014,SPA CEYLON HAND CREAM,8,2024-12-26 18:17:31,9.24,14355,2711.19,21689.52,Colombo
500277,40031,PRIMA KOTTU MEE CUP,4,2024-12-26 18:17:31,0.61,14355,178.68,714.72,Colombo
500277,40093,LIPTON YELLOW LABEL TEA 400G,1,2024-12-26 18:17:31,3.52,14355,1032.46,1032.46,Colombo
500277,40073,DELMEGE BASMATI RICE 5KG,9,2024-12-26 18:17:31,7.76,14355,2275.95,20483.55,Colombo
500277,40018,MD MANGO CHUTNEY 400G,8,2024-12-26 18:17:31,2.56,14355,751.11,6008.88,Colombo
500277,40052,WIJAYA ROASTED CURRY POWDER 250G,59,2024-12-26 18:17:31,1.56,14355,456.62,26940.58,Colombo
500277,40113,GILLETTE SHAVING FOAM 200ML,6,2024-12-26 18:17:31,2.68,14355,786.89,4721.34,Colombo
500277,40040,SIGNAL TOOTHPASTE 120G,3,2024-12-26 18:17:31,0.9,14355,265.01,795.03,Colombo
500314,40073,DELMEGE BASMATI RICE 5KG,9,2024-12-29 18:08:05,7.67,14057,2247.9,20231.1,Kandy
500314,40108,RICHLIFE MILK POWDER 400G,11,2024-12-29 18:08:05,3.59,14057,1052.02,11572.22,Kandy
500314,40088,CARGILLS FRESH EGGS (10),1,2024-12-29 18:08:05,1.33,14057,390.26,390.26,Kandy
500314,40039,CLOGARD TOOTHPASTE 120G,58,2024-12-29 18:08:05,0.77,14057,224.53,13022.74,Kandy
500314,40055,LIFEBUOY SOAP 100G,1,2024-12-29 18:08:05,0.45,14057,133.01,133.01,Kandy
500314,40030,KIST MIXED FRUIT NECTAR 1L,2,2024-12-29 18:08:05,2.29,14057,671.12,1342.24,Kandy
500314,40089,KANDOS CHOCOLATE BAR 100G,11,2024-12-29 18:08:05,0.96,14057,281.81,3099.91,Kandy
500314,40060,SUNLIGHT SOAP 115G,3,2024-12-29 18:08:05,0.49,14057,144.67,434.01,Kandy
500314,40056,SUNSILK BLACK SHAMPOO 200ML,11,2024-12-29 18:08:05,2.38,14057,696.63,7662.93,Kandy
500314,40060,SUNLIGHT SOAP 115G,12,2024-12-29 18:08:05,0.49,14057,142.59,1711.08,Kandy
500314,40003,DILMAH GREEN TEA 20 BAGS,2,2024-12-29 18:08:05,2.14,14057,626.77,1253.54,Kandy
500314,40029,KIST TOMATO KETCHUP 400G,11,2024-12-29 18:08:05,1.92,14057,562.67,6189.37,Kandy
500314,40083,BOGAWANTALAWA TEA 400G,4,2024-12-29 18:08:05,3.57,14057,1047.94,4191.76,Kandy
500314,40037,MOTHA STRAWBERRY JELLY 100G,12,2024-12-29 18:08:05,0.41,14057,121.46,1457.52,Kandy
500314,40054,PEARS BABY POWDER 100G,12,2024-12-29 18:08:05,1.02,14057,299.22,3590.64,Kandy
500234,40035,CBL SAMAPOSHA 200G,6,2025-01-03 17:22:27,0.7,14487,206.22,1237.32,Moneragala
500234,DELV,COURIER DELIVERY CHARGE,8,2025-01-03 17:22:27,1.02,14487,300.0,2400.0,Moneragala
500234,40046,MARMITE 100G,11,2025-01-03 17:22:27,3.01,14487,881.69,9698.59,Moneragala
500234,40013,SPA CEYLON SLEEP BODY LOTION,11,2025-01-03 17:22:27,14.52,14487,4254.99,46804.89,Moneragala
500234,40081,SPRITE 1.5L,12,2025-01-03 17:22:27,1.45,14487,426.05,5112.6,Moneragala
500234,40050,RANCRISP CASHEWS 50G,4,2025-01-03 17:22:27,1.54,14487,449.97,1799.88,Moneragala
500234,40025,KOTMALE FRESH MILK 1L,12,2025-01-03 17:22:27,1.82,14487,533.67,6404.04,Moneragala
500234,40115,PEPSI 1.5L,5,2025-01-03 17:22:27,1.22,14487,357.21,1786.05,Moneragala
500234,40113,GILLETTE SHAVING FOAM 200ML,4,2025-01-03 17:22:27,2.79,14487,817.0,3268.0,Moneragala
500234,40028,BAIRAHA CHICKEN 1KG,11,2025-01-03 17:22:27,6.07,14487,1778.51,19563.61,Moneragala
500234,40114,DETTOL ANTISEPTIC LIQUID 250ML,6,2025-01-03 17:22:27,1.78,14487,520.63,3123.78,Moneragala
500234,40020,ELEPHANT HOUSE CREAM SODA 1.5L,3,2025-01-03 17:22:27,1.6,14487,468.65,1405.95,Moneragala
500234,40062,NESTOMALT 400G,12,2025-01-03 17:22:27,2.51,14487,735.91,8830.92,Moneragala
500234,40065,FAIR & LOVELY CREAM 50G,11,2025-01-03 17:22:27,1.33,14487,389.23,4281.53,Moneragala
500234,40048,EDINBOROUGH SOY SAUCE 400ML,2,2025-01-03 17:22:27,1.34,14487,391.87,783.74,Moneragala
500234,40066,PONDS TALCUM POWDER 100G,10,2025-01-03 17:22:27,1.4,14487,411.03,4110.3,Moneragala
500234,40032,PRIMA STELLA NOODLES 400G,9,2025-01-03 17:22:27,1.14,14487,335.0,3015.0,Moneragala
500234,40080,COCA-COLA 1.5L,12,2025-01-03 17:22:27,1.3,14487,380.38,4564.56,Moneragala
500234,40072,FUN FOODS MAYONNAISE 250G,7,2025-01-03 17:22:27,2.0,14487,586.13,4102.91,Moneragala
500234,40073,DELMEGE BASMATI RICE 5KG,2,2025-01-03 17:22:27,7.5,14487,2199.32,4398.64,Moneragala
500184,40108,RICHLIFE MILK POWDER 400G,7,2025-01-04 17:03:44,3.79,14259,1110.05,7770.35,Badulla
500184,40011,MALIBAN LEMON PUFF 200G,3,2025-01-04 17:03:44,0.83,14259,242.54,727.62,Badulla
500184,40023,RATHTHI MILK POWDER 400G,5,2025-01-04 17:03:44,4.07,14259,1194.27,5971.35,Badulla
500184,40024,HIGHLAND MILK 1L,9,2025-01-04 17:03:44,1.42,14259,416.32,3746.88,Badulla
500184,DELV,COURIER DELIVERY CHARGE,4,2025-01-04 17:03:44,1.02,14259,300.0,1200.0,Badulla
500201,40017,MD MIXED FRUIT JAM 500G,4,2025-01-05 11:34:18,2.82,14319,826.36,3305.44,Gampaha
500201,40057,VIM DISHWASH LIQUID 500ML,1,2025-01-05 11:34:18,1.98,14319,581.69,581.69,Gampaha
500201,40081,SPRITE 1.5L,4,2025-01-05 11:34:18,1.43,14319,420.47,1681.88,Gampaha
500201,40070,NESPRAY MILK POWDER 400G,7,2025-01-05 11:34:18,4.9,14319,1435.18,10046.26,Gampaha
500201,40044,HAPPY COW CHEESE 120G,6,2025-01-05 11:34:18,3.36,14319,984.77,5908.62,Gampaha
500201,40035,CBL SAMAPOSHA 200G,6,2025-01-05 11:34:18,0.67,14319,195.11,1170.66,Gampaha
500201,40059,SURF EXCEL 1KG,12,2025-01-05 11:34:18,3.35,14319,982.97,11795.64,Gampaha
500201,40038,MOTHA FALUDA MIX 100G,35,2025-01-05 11:34:18,0.69,14319,201.19,7041.65,Gampaha
500201,40037,MOTHA STRAWBERRY JELLY 100G,2,2025-01-05 11:34:18,0.47,14319,139.21,278.42,Gampaha
500201,40043,ASTRA MARGARINE 250G,11,2025-01-05 11:34:18,1.69,14319,495.01,5445.11,Gampaha
500201,40095,MUNCHEE NICE BISCUIT 200G,12,2025-01-05 11:34:18,0.73,14319,212.76,2553.12,Gampaha
500201,40050,RANCRISP CASHEWS 50G,15,2025-01-05 11:34:18,1.53,14319,448.49,6727.35,Gampaha
500201,40060,SUNLIGHT SOAP 115G,9,2025-01-05 11:34:18,0.42,14319,124.07,1116.63,Gampaha
500201,40105,GOLDIE CORIANDER POWDER 100G,11,2025-01-05 11:34:18,0.81,14319,237.82,2616.02,Gampaha
500201,40025,KOTMALE FRESH MILK 1L,8,2025-01-05 11:34:18,1.82,14319,532.31,4258.48,Gampaha
500201,40018,MD MANGO CHUTNEY 400G,2,2025-01-05 11:34:18,2.59,14319,760.23,1520.46,Gampaha
500201,40110,SERENDIB SALT IODIZED 400G,7,2025-01-05 11:34:18,0.28,14319,81.43,570.01,Gampaha
500201,40007,MUNCHEE CHOCOLATE BISCUIT 200G,7,2025-01-05 11:34:18,0.75,14319,221.09,1547.63,Gampaha
500164,40071,MA MA NOODLES 5 PACK,4,2025-01-06 18:11:10,1.69,14118,496.0,1984.0,Trincomalee
500164,40042,MARINA COCONUT OIL 1L,4,2025-01-06 18:11:10,3.31,14118,969.15,3876.6,Trincomalee
500164,40020,ELEPHANT HOUSE CREAM SODA 1.5L,2,2025-01-06 18:11:10,1.64,14118,481.04,962.08,Trincomalee
500164,40088,CARGILLS FRESH EGGS (10),4,2025-01-06 18:11:10,1.42,14118,415.97,1663.88,Trincomalee
500171,40060,SUNLIGHT SOAP 115G,49,2025-01-09 14:28:18,0.41,14434,120.42,5900.58,Colombo
500171,40007,MUNCHEE CHOCOLATE BISCUIT 200G,5,2025-01-09 14:28:18,0.95,14434,277.93,1389.65,Colombo
500171,40110,SERENDIB SALT IODIZED 400G,3,2025-01-09 14:28:18,0.23,14434,67.2,201.6,Colombo
500171,40029,KIST TOMATO KETCHUP 400G,9,2025-01-09 14:28:18,1.76,14434,516.83,4651.47,Colombo
500171,40090,RITZBURY CHOCOLATE BAR 100G,3,2025-01-09 14:28:18,1.14,14434,335.14,1005.42,Colombo
500171,40099,PRIMA CHICKEN NOODLES CUP,31,2025-01-09 14:28:18,0.5,14434,146.98,4556.38,Colombo
500171,40058,DIVA WASHING POWDER 1KG,38,2025-01-09 14:28:18,2.36,14434,692.49,26314.62,Colombo
500247,40105,GOLDIE CORIANDER POWDER 100G,4,2025-01-11 11:37:58,0.8,14197,234.68,938.72,Anuradhapura
500247,40062,NESTOMALT 400G,5,2025-01-11 11:37:58,2.58,14197,756.29,3781.45,Anuradhapura
500183,40054,PEARS BABY POWDER 100G,3,2025-01-14 18:13:09,0.91,14281,267.03,801.09,Colombo
500183,40027,KEELLS CHICKEN SAUSAGES 500G,2,2025-01-14 18:13:09,3.65,14281,1069.67,2139.34,Colombo
500183,40046,MARMITE 100G,10,2025-01-14 18:13:09,2.82,14281,826.66,8266.6,Colombo
500183,40074,ARALIYA WHITE RICE 5KG,5,2025-01-14 18:13:09,5.47,14281,1605.0,8025.0,Colombo
500183,40063,MILO 400G,11,2025-01-14 18:13:09,2.76,14281,808.67,8895.37,Colombo
500387,40039,CLOGARD TOOTHPASTE 120G,7,2025-01-15 12:35:23,0.96,14206,283.13,1981.91,Nuwara Eliya
500387,40036,MAGGI COCONUT MILK POWDER 300G,4,2025-01-15 12:35:23,3.25,14206,954.06,3816.24,Nuwara Eliya
500387,40022,ANCHOR MILK POWDER 400G,11,2025-01-15 12:35:23,4.05,14206,1187.49,13062.39,Nuwara Eliya
500387,40091,USWATTE SPICES MIXED CURRY POWDER 100G,50,2025-01-15 12:35:23,0.78,14206,229.35,11467.5,Nuwara Eliya
500387,40008,MUNCHEE LEMON PUFF 200G,7,2025-01-15 12:35:23,0.79,14206,233.05,1631.35,Nuwara Eliya
500308,40015,SIDDHALEPA BALM 50G,1,2025-01-24 11:28:55,1.1,,323.02,323.02,Kegalle
500308,40041,BABY CHERAMY SOAP 90G,5,2025-01-24 11:28:55,0.59,,172.05,860.25,Kegalle
500308,40115,PEPSI 1.5L,12,2025-01-24 11:28:55,1.21,,356.34,4276.08,Kegalle
500268,40040,SIGNAL TOOTHPASTE 120G,10,2025-01-28 15:34:06,0.98,14033,288.63,2886.3,Hambantota
500268,40062,NESTOMALT 400G,3,2025-01-28 15:34:06,2.14,14033,627.38,1882.14,Hambantota
500268,40092,ARALIYA COCONUT MILK POWDER 300G,9,2025-01-28 15:34:06,2.79,14033,819.44,7374.96,Hambantota
500268,40011,MALIBAN LEMON PUFF 200G,1,2025-01-28 15:34:06,0.84,14033,246.52,246.52,Hambantota
500268,40109,CARGILLS SQUARE DEAL WHITE SUGAR 1KG,11,2025-01-28 15:34:06,1.0,14033,293.78,3231.58,Hambantota
500268,40057,VIM DISHWASH LIQUID 500ML,12,2025-01-28 15:34:06,1.82,14033,534.99,6419.88,Hambantota
500268,40057,VIM DISHWASH LIQUID 500ML,11,2025-01-28 15:34:06,1.86,14033,545.7,6002.7,Hambantota
500268,40111,ASTRA MAYONNAISE 250G,9,2025-01-28 15:34:06,1.44,14033,422.44,3801.96,Hambantota
500268,40054,PEARS BABY POWDER 100G,7,2025-01-28 15:34:06,0.91,14033,266.32,1864.24,Hambantota
500268,40037,MOTHA STRAWBERRY JELLY 100G,3,2025-01-28 15:34:06,0.44,14033,130.56,391.68,Hambantota
500268,40096,MALIBAN CHOCOLATE WAFER 100G,12,2025-01-28 15:34:06,0.73,14033,215.89,2590.68,Hambantota
500268,40002,DILMAH EARL GREY TEA 50 BAGS,1,2025-01-28 15:34:06,3.03,14033,890.91,890.91,Hambantota
500268,40099,PRIMA CHICKEN NOODLES CUP,9,2025-01-28 15:34:06,0.45,14033,131.76,1185.84,Hambantota
500268,40104,CEYLON CINNAMON POWDER 100G,2,2025-01-28 15:34:06,1.43,14033,419.34,838.68,Hambantota
500268,40099,PRIMA CHICKEN NOODLES CUP,12,2025-01-28 15:34:06,0.55,14033,161.25,1935.0,Hambantota
500268,40049,ROZA PASTA MACARONI 400G,5,2025-01-28 15:34:06,1.07,14033,315.16,1575.8,Hambantota
500268,40047,PELWATTE BUTTER 200G,35,2025-01-28 15:34:06,2.91,14033,854.26,29899.1,Hambantota
500268,40105,GOLDIE CORIANDER POWDER 100G,38,2025-01-28 15:34:06,0.77,14033,227.5,8645.0,Hambantota
500268,40098,BAIRAHA CHICKEN SAUSAGES 500G,49,2025-01-28 15:34:06,1.88,14033,551.59,27027.91,Hambantota
500268,40018,MD MANGO CHUTNEY 400G,7,2025-01-28 15:34:06,2.45,14033,719.79,5038.53,Hambantota
C500254,40100,HARISCHANDRA MILK TEA POWDER 200G,-18,2025-01-29 09:06:24,1.85,,542.35,-9762.3,Kalutara
C500254,40055,LIFEBUOY SOAP 100G,-5,2025-01-29 09:06:24,0.46,,135.94,-679.7,Kalutara
C500254,40050,RANCRISP CASHEWS 50G,-1,2025-01-29 09:06:24,1.23,,362.69,-362.69,Kalutara
500145,40061,VELVET BEAUTY SOAP 100G,1,2025-02-01 16:20:45,0.64,14508,188.56,188.56,Colombo
500145,40020,ELEPHANT HOUSE CREAM SODA 1.5L,8,2025-02-01 16:20:45,1.47,14508,432.53,3460.24,Colombo
500145,40044,HAPPY COW CHEESE 120G,9,2025-02-01 16:20:45,3.33,14508,977.94,8801.46,Colombo
500145,40059,SURF EXCEL 1KG,6,2025-02-01 16:20:45,3.28,14508,963.77,5782.62,Colombo
500145,40066,PONDS TALCUM POWDER 100G,9,2025-02-01 16:20:45,1.45,14508,425.89,3833.01,Colombo
500145,40072,FUN FOODS MAYONNAISE 250G,8,2025-02-01 16:20:45,1.68,14508,492.94,3943.52,Colombo
500039,40094,BASILUR CEYLON TEA GIFT TIN,7,2025-02-03 17:14:34,5.1,14480,1499.12,10493.84,Gampaha
500039,40023,RATHTHI MILK POWDER 400G,11,2025-02-03 17:14:34,4.75,14480,1397.06,15367.66,Gampaha
500039,40004,ZESTA TEA 400G,10,2025-02-03 17:14:34,3.75,14480,1102.15,11021.5,Gampaha
500039,40108,RICHLIFE MILK POWDER 400G,5,2025-02-03 17:14:34,4.11,14480,1208.92,6044.6,Gampaha
500207,40071,MA MA NOODLES 5 PACK,12,2025-02-04 14:15:42,1.68,14470,495.24,5942.88,Kegalle
500207,40072,FUN FOODS MAYONNAISE 250G,7,2025-02-04 14:15:42,1.92,14470,565.12,3955.84,Kegalle
500207,40033,HARISCHANDRA NOODLES 400G,1,2025-02-04 14:15:42,1.02,14470,299.14,299.14,Kegalle
500207,40053,WIJAYA CHILLI POWDER 250G,11,2025-02-04 14:15:42,1.74,14470,510.15,5611.65,Kegalle
500207,40016,LINK SAMAHAN BOX (100 PACKETS),9,2025-02-04 14:15:42,6.07,14470,1783.1,16047.9,Kegalle
500207,40041,BABY CHERAMY SOAP 90G,54,2025-02-04 14:15:42,0.6,14470,176.69,9541.26,Kegalle
500056,40074,ARALIYA WHITE RICE 5KG,4,2025-02-06 19:19:37,5.88,,1728.03,6912.12,Mullaitivu
500056,40088,CARGILLS FRESH EGGS (10),10,2025-02-06 19:19:37,1.39,,407.47,4074.7,Mullaitivu
500056,40019,ELEPHANT HOUSE GINGER BEER 1.5L,2,2025-02-06 19:19:37,1.72,,506.13,1012.26,Mullaitivu
500056,40052,WIJAYA ROASTED CURRY POWDER 250G,1,2025-02-06 19:19:37,1.37,,401.66,401.66,Mullaitivu
500056,40096,MALIBAN CHOCOLATE WAFER 100G,40,2025-02-06 19:19:37,0.82,,240.73,9629.2,Mullaitivu
500056,40076,CEYLON COLD STORES YOGHURT 80G,10,2025-02-06 19:19:37,0.31,,90.58,905.8,Mullaitivu
500056,40021,ELEPHANT HOUSE VANILLA ICE CREAM 1L,10,2025-02-06 19:19:37,3.24,,952.0,9520.0,Mullaitivu
500056,40013,SPA CEYLON SLEEP BODY LOTION,8,2025-02-06 19:19:37,14.28,,4199.8,33598.4,Mullaitivu
500056,40085,RANFAT COOKING OIL 1L,3,2025-02-06 19:19:37,4.52,,1328.97,3986.91,Mullaitivu
500056,40011,MALIBAN LEMON PUFF 200G,3,2025-02-06 19:19:37,0.74,,217.37,652.11,Mullaitivu
500056,40030,KIST MIXED FRUIT NECTAR 1L,8,2025-02-06 19:19:37,1.9,,557.94,4463.52,Mullaitivu
500056,40030,KIST MIXED FRUIT NECTAR 1L,5,2025-02-06 19:19:37,2.31,,679.77,3398.85,Mullaitivu
500056,40056,SUNSILK BLACK SHAMPOO 200ML,9,2025-02-06 19:19:37,2.24,,659.4,5934.6,Mullaitivu
500056,40090,RITZBURY CHOCOLATE BAR 100G,8,2025-02-06 19:19:37,1.02,,299.74,2397.92,Mullaitivu
500056,40065,FAIR & LOVELY CREAM 50G,11,2025-02-06 19:19:37,1.33,,390.07,4290.77,Mullaitivu
500326,40095,MUNCHEE NICE BISCUIT 200G,12,2025-02-16 15:50:07,0.68,14347,200.96,2411.52,Mullaitivu
500326,40011,MALIBAN LEMON PUFF 200G,5,2025-02-16 15:50:07,0.82,14347,242.31,1211.55,Mullaitivu
500326,40067,COLGATE TOOTHPASTE 120G,6,2025-02-16 15:50:07,0.98,14347,287.52,1725.12,Mullaitivu
500326,40114,DETTOL ANTISEPTIC LIQUID 250ML,53,2025-02-16 15:50:07,2.27,14347,667.65,35385.45,Mullaitivu
500101,40003,DILMAH GREEN TEA 20 BAGS,5,2025-02-19 12:21:22,2.26,14298,665.78,3328.9,Kurunegala
500101,40069,ANCHOR BUTTER 200G,7,2025-02-19 12:21:22,3.4,14298,1000.6,7004.2,Kurunegala
500101,40107,AMBEWELA FRESH MILK 1L,7,2025-02-19 12:21:22,1.47,14298,432.89,3030.23,Kurunegala
500101,40045,PANADOL 100 TABLETS,4,2025-02-19 12:21:22,1.69,14298,498.86,1995.44,Kurunegala
500101,40101,CBL EDGE COOKING OIL 1L,11,2025-02-19 12:21:22,3.22,14298,949.34,10442.74,Kurunegala
500101,40080,COCA-COLA 1.5L,12,2025-02-19 12:21:22,1.28,14298,378.23,4538.76,Kurunegala
500232,40017,MD MIXED FRUIT JAM 500G,9,2025-02-22 09:17:48,2.46,14042,724.2,6517.8,Ratnapura
500232,40068,CLOSE UP TOOTHPASTE 120G,10,2025-02-22 09:17:48,0.97,14042,284.76,2847.6,Ratnapura
500232,40107,AMBEWELA FRESH MILK 1L,3,2025-02-22 09:17:48,1.28,14042,376.71,1130.13,Ratnapura
500232,40068,CLOSE UP TOOTHPASTE 120G,6,2025-02-22 09:17:48,0.93,14042,273.77,1642.62,Ratnapura
500232,40041,BABY CHERAMY SOAP 90G,6,2025-02-22 09:17:48,0.56,14042,165.3,991.8,Ratnapura
500232,40075,RANMUTHU RICE 5KG,7,2025-02-22 09:17:48,6.61,14042,1945.52,13618.64,Ratnapura
500232,40042,MARINA COCONUT OIL 1L,4,2025-02-22 09:17:48,3.38,14042,995.96,3983.84,Ratnapura
500232,40071,MA MA NOODLES 5 PACK,1,2025-02-22 09:17:48,1.72,14042,507.4,507.4,Ratnapura
500232,40031,PRIMA KOTTU MEE CUP,2,2025-02-22 09:17:48,0.55,14042,162.63,325.26,Ratnapura
500293,40015,SIDDHALEPA BALM 50G,5,2025-03-06 16:27:44,1.1,,324.51,1622.55,Kandy
500293,40039,CLOGARD TOOTHPASTE 120G,10,2025-03-06 16:27:44,0.79,,233.71,2337.1,Kandy
500293,40071,MA MA NOODLES 5 PACK,28,2025-03-06 16:27:44,1.63,,479.7,13431.6,Kandy
500293,40111,ASTRA MAYONNAISE 250G,1,2025-03-06 16:27:44,1.62,,476.83,476.83,Kandy
500293,40070,NESPRAY MILK POWDER 400G,1,2025-03-06 16:27:44,4.38,,1290.77,1290.77,Kandy
500293,40002,DILMAH EARL GREY TEA 50 BAGS,3,2025-03-06 16:27:44,3.38,,997.87,2993.61,Kandy
500293,DELV,COURIER DELIVERY CHARGE,4,2025-03-06 16:27:44,1.02,,300.0,1200.0,Kandy
500293,40019,ELEPHANT HOUSE GINGER BEER 1.5L,12,2025-03-06 16:27:44,1.49,,439.16,5269.92,Kandy
500293,40083,BOGAWANTALAWA TEA 400G,11,2025-03-06 16:27:44,3.64,,1073.47,11808.17,Kandy
500293,40093,LIPTON YELLOW LABEL TEA 400G,9,2025-03-06 16:27:44,3.58,,1056.76,9510.84,Kandy
500014,40037,MOTHA STRAWBERRY JELLY 100G,3,2025-03-12 14:56:40,0.5,14393,148.04,444.12,Galle
500014,40048,EDINBOROUGH SOY SAUCE 400ML,12,2025-03-12 14:56:40,1.31,14393,385.37,4624.44,Galle
500014,40021,ELEPHANT HOUSE VANILLA ICE CREAM 1L,27,2025-03-12 14:56:40,3.18,14393,937.67,25317.09,Galle
500014,40087,CARGILLS MAGIC SAUSAGES 400G,2,2025-03-12 14:56:40,2.92,14393,861.9,1723.8,Galle
500219,40112,DENIYA BABY SHAMPOO 200ML,10,2025-03-12 17:12:45,2.11,,622.81,6228.1,Matara
500219,40029,KIST TOMATO KETCHUP 400G,7,2025-03-12 17:12:45,1.92,,565.89,3961.23,Matara
500219,40090,RITZBURY CHOCOLATE BAR 100G,9,2025-03-12 17:12:45,1.15,,339.1,3051.9,Matara
500219,40007,MUNCHEE CHOCOLATE BISCUIT 200G,6,2025-03-12 17:12:45,0.85,,251.98,1511.88,Matara
500219,40042,MARINA COCONUT OIL 1L,9,2025-03-12 17:12:45,4.02,,1186.16,10675.44,Matara
500219,40070,NESPRAY MILK POWDER 400G,3,2025-03-12 17:12:45,4.4,,1298.36,3895.08,Matara
500219,40011,MALIBAN LEMON PUFF 200G,14,2025-03-12 17:12:45,0.78,,231.4,3239.6,Matara
500219,40056,SUNSILK BLACK SHAMPOO 200ML,6,2025-03-12 17:12:45,2.07,,609.5,3657.0,Matara
500219,40072,FUN FOODS MAYONNAISE 250G,3,2025-03-12 17:12:45,1.83,,539.72,1619.16,Matara
500219,40067,COLGATE TOOTHPASTE 120G,8,2025-03-12 17:12:45,0.94,,276.17,2209.36,Matara
500219,40110,SERENDIB SALT IODIZED 400G,5,2025-03-12 17:12:45,0.25,,72.69,363.45,Matara
500219,40111,ASTRA MAYONNAISE 250G,8,2025-03-12 17:12:45,1.65,,488.13,3905.04,Matara
500219,40034,HARISCHANDRA COFFEE 100G,2,2025-03-12 17:12:45,1.29,,380.5,761.0,Matara
500219,40098,BAIRAHA CHICKEN SAUSAGES 500G,12,2025-03-12 17:12:45,2.08,,614.23,7370.76,Matara
500219,40011,MALIBAN LEMON PUFF 200G,12,2025-03-12 17:12:45,0.73,,216.68,2600.16,Matara
500111,40037,MOTHA STRAWBERRY JELLY 100G,4,2025-03-14 12:02:35,0.45,14552,133.18,532.72,Gampaha
500111,40069,ANCHOR BUTTER 200G,5,2025-03-14 12:02:35,3.34,14552,985.98,4929.9,Gampaha
500111,40010,MALIBAN MARIE BISCUITS 400G,10,2025-03-14 12:02:35,1.4,14552,413.65,4136.5,Gampaha
500111,40077,PILAWOOS FALOODA MIX 200G,11,2025-03-14 12:02:35,1.31,14552,387.01,4257.11,Gampaha
500111,40013,SPA CEYLON SLEEP BODY LOTION,7,2025-03-14 12:02:35,15.03,14552,4435.55,31048.85,Gampaha
500111,40078,SOFTLOGIC COCONUT MILK 400ML,9,2025-03-14 12:02:35,1.35,14552,396.9,3572.1,Gampaha
500111,40073,DELMEGE BASMATI RICE 5KG,2,2025-03-14 12:02:35,7.29,14552,2151.66,4303.32,Gampaha
500111,40010,MALIBAN MARIE BISCUITS 400G,10,2025-03-14 12:02:35,1.35,14552,397.14,3971.4,Gampaha
500111,40066,PONDS TALCUM POWDER 100G,2,2025-03-14 12:02:35,1.41,14552,414.99,829.98,Gampaha
500111,40001,DILMAH CEYLON TEA 500G,1,2025-03-14 12:02:35,4.11,14552,1213.03,1213.03,Gampaha
500111,40038,MOTHA FALUDA MIX 100G,6,2025-03-14 12:02:35,0.85,14552,250.06,1500.36,Gampaha
500111,40071,MA MA NOODLES 5 PACK,12,2025-03-14 12:02:35,1.48,14552,435.92,5231.04,Gampaha
500111,40094,BASILUR CEYLON TEA GIFT TIN,10,2025-03-14 12:02:35,4.32,14552,1274.06,12740.6,Gampaha
500111,40077,PILAWOOS FALOODA MIX 200G,1,2025-03-14 12:02:35,1.26,14552,371.94,371.94,Gampaha
500111,40091,USWATTE SPICES MIXED CURRY POWDER 100G,8,2025-03-14 12:02:35,0.92,14552,270.83,2166.64,Gampaha
500111,40003,DILMAH GREEN TEA 20 BAGS,2,2025-03-14 12:02:35,1.98,14552,583.94,1167.88,Gampaha
500111,40091,USWATTE SPICES MIXED CURRY POWDER 100G,3,2025-03-14 12:02:35,0.86,14552,253.01,759.03,Gampaha
500111,40008,MUNCHEE LEMON PUFF 200G,6,2025-03-14 12:02:35,0.78,14552,230.05,1380.3,Gampaha
500348,40081,SPRITE 1.5L,5,2025-03-20 15:14:42,1.4,14554,412.43,2062.15,Kandy
500348,40066,PONDS TALCUM POWDER 100G,7,2025-03-20 15:14:42,1.53,14554,453.04,3171.28,Kandy
500348,40055,LIFEBUOY SOAP 100G,2,2025-03-20 15:14:42,0.51,14554,150.78,301.56,Kandy
500348,40098,BAIRAHA CHICKEN SAUSAGES 500G,5,2025-03-20 15:14:42,2.11,14554,623.6,3118.0,Kandy
500348,40052,WIJAYA ROASTED CURRY POWDER 250G,10,2025-03-20 15:14:42,1.47,14554,433.32,4333.2,Kandy
500348,40114,DETTOL ANTISEPTIC LIQUID 250ML,11,2025-03-20 15:14:42,2.11,14554,622.89,6851.79,Kandy
500348,40006,MUNCHEE SUPER CREAM CRACKER 500G,10,2025-03-20 15:14:42,1.67,14554,492.89,4928.9,Kandy
500348,40005,WATAWALA TEA 400G,8,2025-03-20 15:14:42,3.19,14554,940.61,7524.88,Kandy
500102,40013,SPA CEYLON SLEEP BODY LOTION,3,2025-03-21 14:42:37,14.36,,4239.21,12717.63,Ratnapura
500102,40033,HARISCHANDRA NOODLES 400G,10,2025-03-21 14:42:37,1.09,,321.87,3218.7,Ratnapura
500102,40085,RANFAT COOKING OIL 1L,7,2025-03-21 14:42:37,3.95,,1166.22,8163.54,Ratnapura
500102,40003,DILMAH GREEN TEA 20 BAGS,12,2025-03-21 14:42:37,2.33,,687.97,8255.64,Ratnapura
500102,40083,BOGAWANTALAWA TEA 400G,6,2025-03-21 14:42:37,3.79,,1119.05,6714.3,Ratnapura
500102,40073,DELMEGE BASMATI RICE 5KG,3,2025-03-21 14:42:37,7.75,,2287.43,6862.29,Ratnapura
500102,40076,CEYLON COLD STORES YOGHURT 80G,9,2025-03-21 14:42:37,0.36,,105.05,945.45,Ratnapura
500102,40103,SOYA MEAT CHUNKS 400G,3,2025-03-21 14:42:37,1.31,,386.5,1159.5,Ratnapura
500102,40101,CBL EDGE COOKING OIL 1L,12,2025-03-21 14:42:37,3.24,,956.87,11482.44,Ratnapura
500052,40062,NESTOMALT 400G,12,2025-03-21 16:41:51,2.69,14196,793.45,9521.4,Kilinochchi
500052,40115,PEPSI 1.5L,7,2025-03-21 16:41:51,1.28,14196,378.68,2650.76,Kilinochchi
500052,40075,RANMUTHU RICE 5KG,6,2025-03-21 16:41:51,6.39,14196,1887.35,11324.1,Kilinochchi
500052,40007,MUNCHEE CHOCOLATE BISCUIT 200G,11,2025-03-21 16:41:51,0.93,14196,275.76,3033.36,Kilinochchi
500052,40021,ELEPHANT HOUSE VANILLA ICE CREAM 1L,12,2025-03-21 16:41:51,2.92,14196,862.33,10347.96,Kilinochchi
500070,40090,RITZBURY CHOCOLATE BAR 100G,12,2025-04-06 15:49:49,1.02,14586,300.51,3606.12,Matale
500070,40041,BABY CHERAMY SOAP 90G,11,2025-04-06 15:49:49,0.54,14586,160.57,1766.27,Matale
500070,40022,ANCHOR MILK POWDER 400G,9,2025-04-06 15:49:49,3.92,14586,1158.95,10430.55,Matale
500070,40072,FUN FOODS MAYONNAISE 250G,11,2025-04-06 15:49:49,1.69,14586,499.81,5497.91,Matale
500070,40102,DIAMOND COOKING OIL 1L,11,2025-04-06 15:49:49,3.15,14586,931.95,10251.45,Matale
500070,40057,VIM DISHWASH LIQUID 500ML,12,2025-04-06 15:49:49,1.93,14586,569.27,6831.24,Matale
500070,40087,CARGILLS MAGIC SAUSAGES 400G,7,2025-04-06 15:49:49,2.75,14586,812.31,5686.17,Matale
500070,40022,ANCHOR MILK POWDER 400G,10,2025-04-06 15:49:49,4.6,14586,1360.26,13602.6,Matale
500070,40077,PILAWOOS FALOODA MIX 200G,19,2025-04-06 15:49:49,1.44,14586,424.47,8064.93,Matale
500070,40113,GILLETTE SHAVING FOAM 200ML,10,2025-04-06 15:49:49,2.36,14586,696.91,6969.1,Matale
500070,40095,MUNCHEE NICE BISCUIT 200G,8,2025-04-06 15:49:49,0.71,14586,210.37,1682.96,Matale
500070,40034,HARISCHANDRA COFFEE 100G,6,2025-04-06 15:49:49,1.61,14586,476.59,2859.54,Matale
500070,40092,ARALIYA COCONUT MILK POWDER 300G,4,2025-04-06 15:49:49,2.84,14586,839.58,3358.32,Matale
500070,40044,HAPPY COW CHEESE 120G,7,2025-04-06 15:49:49,3.71,14586,1095.71,7669.97,Matale
500070,40113,GILLETTE SHAVING FOAM 200ML,11,2025-04-06 15:49:49,2.76,14586,815.49,8970.39,Matale
500070,40111,ASTRA MAYONNAISE 250G,6,2025-04-06 15:49:49,1.67,14586,494.73,2968.38,Matale
500070,40057,VIM DISHWASH LIQUID 500ML,4,2025-04-06 15:49:49,1.82,14586,537.09,2148.36,Matale
500070,40006,MUNCHEE SUPER CREAM CRACKER 500G,4,2025-04-06 15:49:49,1.9,14586,563.18,2252.72,Matale
500042,40085,RANFAT COOKING OIL 1L,12,2025-04-15 14:01:24,4.19,,1241.1,14893.2,Puttalam
500042,40058,DIVA WASHING POWDER 1KG,3,2025-04-15 14:01:24,2.39,,707.1,2121.3,Puttalam
500042,40021,ELEPHANT HOUSE VANILLA ICE CREAM 1L,8,2025-04-15 14:01:24,3.44,,1017.54,8140.32,Puttalam
500042,40013,SPA CEYLON SLEEP BODY LOTION,1,2025-04-15 14:01:24,12.63,,3736.51,3736.51,Puttalam
500042,40038,MOTHA FALUDA MIX 100G,10,2025-04-15 14:01:24,0.85,,251.45,2514.5,Puttalam
500042,40106,KOTMALE ICE CREAM VANILLA 1L,11,2025-04-15 14:01:24,3.25,,962.67,10589.37,Puttalam
500167,40001,DILMAH CEYLON TEA 500G,4,2025-04-18 10:56:21,4.37,,1294.74,5178.96,Batticaloa
500167,40073,DELMEGE BASMATI RICE 5KG,5,2025-04-18 10:56:21,7.23,,2138.69,10693.45,Batticaloa
500167,40036,MAGGI COCONUT MILK POWDER 300G,12,2025-04-18 10:56:21,2.66,,786.24,9434.88,Batticaloa
500167,40029,KIST TOMATO KETCHUP 400G,8,2025-04-18 10:56:21,1.97,,584.55,4676.4,Batticaloa
500167,40106,KOTMALE ICE CREAM VANILLA 1L,12,2025-04-18 10:56:21,3.33,,984.54,11814.48,Batticaloa
500167,40040,SIGNAL TOOTHPASTE 120G,2,2025-04-18 10:56:21,1.01,,299.55,599.1,Batticaloa
500167,40096,MALIBAN CHOCOLATE WAFER 100G,9,2025-04-18 10:56:21,0.72,,214.42,1929.78,Batticaloa
500167,40097,KEELLS FROZEN SAUSAGE ROLL 400G,2,2025-04-18 10:56:21,1.82,,537.47,1074.94,Batticaloa
500167,40055,LIFEBUOY SOAP 100G,9,2025-04-18 10:56:21,0.5,,148.74,1338.66,Batticaloa
500167,40049,ROZA PASTA MACARONI 400G,6,2025-04-18 10:56:21,1.31,,387.1,2322.6,Batticaloa
500167,40001,DILMAH CEYLON TEA 500G,57,2025-04-18 10:56:21,4.32,,1277.47,72815.79,Batticaloa
500167,40026,KITHUL TREACLE 750ML,11,2025-04-18 10:56:21,6.85,,2026.9,22295.9,Batticaloa
500332,40099,PRIMA CHICKEN NOODLES CUP,5,2025-04-20 17:17:14,0.51,14310,151.13,755.65,Badulla
500332,40032,PRIMA STELLA NOODLES 400G,1,2025-04-20 17:17:14,1.07,14310,316.89,316.89,Badulla
500332,40045,PANADOL 100 TABLETS,7,2025-04-20 17:17:14,1.55,14310,458.16,3207.12,Badulla
500332,40005,WATAWALA TEA 400G,3,2025-04-20 17:17:14,2.94,14310,870.13,2610.39,Badulla
500332,40035,CBL SAMAPOSHA 200G,1,2025-04-20 17:17:14,0.73,14310,215.89,215.89,Badulla
500030,40047,PELWATTE BUTTER 200G,12,2025-04-30 11:41:41,2.9,14220,858.2,10298.4,Anuradhapura
500030,40080,COCA-COLA 1.5L,17,2025-04-30 11:41:41,1.36,14220,402.1,6835.7,Anuradhapura
500030,40048,EDINBOROUGH SOY SAUCE 400ML,11,2025-04-30 11:41:41,1.25,14220,370.57,4076.27,Anuradhapura
500030,40107,AMBEWELA FRESH MILK 1L,11,2025-04-30 11:41:41,1.24,14220,368.47,4053.17,Anuradhapura
500370,40038,MOTHA FALUDA MIX 100G,3,2025-05-18 11:56:09,0.78,,231.24,693.72,Colombo
500370,40001,DILMAH CEYLON TEA 500G,7,2025-05-18 11:56:09,4.19,,1243.7,8705.9,Colombo
500370,40065,FAIR & LOVELY CREAM 50G,8,2025-05-18 11:56:09,1.21,,360.46,2883.68,Colombo
500370,40113,GILLETTE SHAVING FOAM 200ML,1,2025-05-18 11:56:09,2.92,,866.78,866.78,Colombo
500370,40023,RATHTHI MILK POWDER 400G,10,2025-05-18 11:56:09,4.72,,1401.93,14019.3,Colombo
500370,40027,KEELLS CHICKEN SAUSAGES 500G,4,2025-05-18 11:56:09,4.08,,1210.73,4842.92,Colombo
500370,40067,COLGATE TOOTHPASTE 120G,14,2025-05-18 11:56:09,0.96,,285.83,4001.62,Colombo
500169,40007,MUNCHEE CHOCOLATE BISCUIT 200G,3,2025-05-18 17:33:41,0.95,14334,280.66,841.98,Gampaha
500169,40043,ASTRA MARGARINE 250G,10,2025-05-18 17:33:41,1.58,14334,467.59,4675.9,Gampaha
500169,40035,CBL SAMAPOSHA 200G,12,2025-05-18 17:33:41,0.62,14334,185.44,2225.28,Gampaha
500169,40087,CARGILLS MAGIC SAUSAGES 400G,5,2025-05-18 17:33:41,2.88,14334,854.62,4273.1,Gampaha
500169,40109,CARGILLS SQUARE DEAL WHITE SUGAR 1KG,6,2025-05-18 17:33:41,1.14,14334,337.93,2027.58,Gampaha
500169,40074,ARALIYA WHITE RICE 5KG,6,2025-05-18 17:33:41,5.28,14334,1566.61,9399.66,Gampaha
500169,40055,LIFEBUOY SOAP 100G,3,2025-05-18 17:33:41,0.47,14334,140.28,420.84,Gampaha
500169,40012,MALIBAN CREAM CRACKER 500G,34,2025-05-18 17:33:41,1.46,14334,431.92,14685.28,Gampaha
500169,40008,MUNCHEE LEMON PUFF 200G,1,2025-05-18 17:33:41,0.75,14334,222.78,222.78,Gampaha
500169,40024,HIGHLAND MILK 1L,5,2025-05-18 17:33:41,1.39,14334,413.47,2067.35,Gampaha
500169,40063,MILO 400G,5,2025-05-18 17:33:41,3.4,14334,1007.9,5039.5,Gampaha
500169,40037,MOTHA STRAWBERRY JELLY 100G,3,2025-05-18 17:33:41,0.46,14334,137.45,412.35,Gampaha
500312,40091,USWATTE SPICES MIXED CURRY POWDER 100G,8,2025-05-20 11:10:30,0.8,14053,238.37,1906.96,Puttalam
500312,40010,MALIBAN MARIE BISCUITS 400G,10,2025-05-20 11:10:30,1.3,14053,384.68,3846.8,Puttalam
500312,40103,SOYA MEAT CHUNKS 400G,5,2025-05-20 11:10:30,1.21,14053,357.78,1788.9,Puttalam
500312,40019,ELEPHANT HOUSE GINGER BEER 1.5L,9,2025-05-20 11:10:30,1.42,14053,421.39,3792.51,Puttalam
500312,40008,MUNCHEE LEMON PUFF 200G,31,2025-05-20 11:10:30,0.83,14053,246.23,7633.13,Puttalam
500312,40050,RANCRISP CASHEWS 50G,4,2025-05-20 11:10:30,1.29,14053,383.37,1533.48,Puttalam
500312,40059,SURF EXCEL 1KG,7,2025-05-20 11:10:30,3.26,14053,966.87,6768.09,Puttalam
500312,40020,ELEPHANT HOUSE CREAM SODA 1.5L,5,2025-05-20 11:10:30,1.67,14053,495.68,2478.4,Puttalam
500312,40104,CEYLON CINNAMON POWDER 100G,5,2025-05-20 11:10:30,1.46,14053,434.63,2173.15,Puttalam
500312,40029,KIST TOMATO KETCHUP 400G,9,2025-05-20 11:10:30,1.68,14053,499.88,4498.92,Puttalam
500312,40107,AMBEWELA FRESH MILK 1L,4,2025-05-20 11:10:30,1.43,14053,425.58,1702.32,Puttalam
500312,40033,HARISCHANDRA NOODLES 400G,12,2025-05-20 11:10:30,1.08,14053,320.36,3844.32,Puttalam
500312,40031,PRIMA KOTTU MEE CUP,12,2025-05-20 11:10:30,0.62,14053,182.82,2193.84,Puttalam
500312,40045,PANADOL 100 TABLETS,6,2025-05-20 11:10:30,1.73,14053,514.9,3089.4,Puttalam
500312,40074,ARALIYA WHITE RICE 5KG,6,2025-05-20 11:10:30,6.0,14053,1779.99,10679.94,Puttalam
500312,40057,VIM DISHWASH LIQUID 500ML,6,2025-05-20 11:10:30,1.61,14053,476.7,2860.2,Puttalam
500312,40080,COCA-COLA 1.5L,6,2025-05-20 11:10:30,1.46,14053,432.07,2592.42,Puttalam
500312,40113,GILLETTE SHAVING FOAM 200ML,29,2025-05-20 11:10:30,2.76,14053,819.63,23769.27,Puttalam
500122,40063,MILO 400G,6,2025-05-25 11:31:08,2.76,14529,821.1,4926.6,Kegalle
500122,40095,MUNCHEE NICE BISCUIT 200G,4,2025-05-25 11:31:08,0.68,14529,203.18,812.72,Kegalle
500122,40016,LINK SAMAHAN BOX (100 PACKETS),11,2025-05-25 11:31:08,5.34,14529,1586.64,17453.04,Kegalle
500122,40105,GOLDIE CORIANDER POWDER 100G,5,2025-05-25 11:31:08,0.81,14529,240.52,1202.6,Kegalle
500122,40036,MAGGI COCONUT MILK POWDER 300G,7,2025-05-25 11:31:08,3.06,14529,909.7,6367.9,Kegalle
500122,40069,ANCHOR BUTTER 200G,5,2025-05-25 11:31:08,3.19,14529,946.68,4733.4,Kegalle
500364,40075,RANMUTHU RICE 5KG,4,2025-05-26 12:39:23,5.95,,1766.89,7067.56,Kandy
500150,40027,KEELLS CHICKEN SAUSAGES 500G,8,2025-06-12 17:24:20,3.68,14092,1095.92,8767.36,Matale
500150,40115,PEPSI 1.5L,1,2025-06-12 17:24:20,1.22,14092,363.06,363.06,Matale
500150,DELV,COURIER DELIVERY CHARGE,10,2025-06-12 17:24:20,1.01,14092,300.0,3000.0,Matale
500044,40074,ARALIYA WHITE RICE 5KG,3,2025-06-15 14:02:48,4.96,14048,1475.17,4425.51,Hambantota
500044,40003,DILMAH GREEN TEA 20 BAGS,9,2025-06-15 14:02:48,2.13,14048,634.96,5714.64,Hambantota
500044,40003,DILMAH GREEN TEA 20 BAGS,3,2025-06-15 14:02:48,2.22,14048,659.33,1977.99,Hambantota
500044,40006,MUNCHEE SUPER CREAM CRACKER 500G,39,2025-06-15 14:02:48,1.85,14048,551.68,21515.52,Hambantota
500044,40036,MAGGI COCONUT MILK POWDER 300G,8,2025-06-15 14:02:48,2.7,14048,803.38,6427.04,Hambantota
500044,40099,PRIMA CHICKEN NOODLES CUP,2,2025-06-15 14:02:48,0.45,14048,134.97,269.94,Hambantota
500284,40111,ASTRA MAYONNAISE 250G,7,2025-06-22 16:10:32,1.46,14487,435.84,3050.88,Batticaloa
500284,40039,CLOGARD TOOTHPASTE 120G,8,2025-06-22 16:10:32,0.76,14487,226.55,1812.4,Batticaloa
500284,40026,KITHUL TREACLE 750ML,7,2025-06-22 16:10:32,6.4,14487,1905.27,13336.89,Batticaloa
500284,40073,DELMEGE BASMATI RICE 5KG,1,2025-06-22 16:10:32,8.29,14487,2468.69,2468.69,Batticaloa
500284,40111,ASTRA MAYONNAISE 250G,11,2025-06-22 16:10:32,1.62,14487,483.45,5317.95,Batticaloa
500255,40042,MARINA COCONUT OIL 1L,1,2025-06-22 18:05:12,3.45,14454,1025.97,1025.97,Colombo
500255,40113,GILLETTE SHAVING FOAM 200ML,1,2025-06-22 18:05:12,2.97,14454,884.73,884.73,Colombo
500255,40077,PILAWOOS FALOODA MIX 200G,9,2025-06-22 18:05:12,1.2,14454,357.44,3216.96,Colombo
500255,40044,HAPPY COW CHEESE 120G,39,2025-06-22 18:05:12,3.19,14454,950.31,37062.09,Colombo
500255,40092,ARALIYA COCONUT MILK POWDER 300G,5,2025-06-22 18:05:12,2.99,14454,891.14,4455.7,Colombo
500384,40107,AMBEWELA FRESH MILK 1L,1,2025-07-02 17:28:10,1.4,14267,416.24,416.24,Colombo
500224,40029,KIST TOMATO KETCHUP 400G,6,2025-07-20 11:10:02,1.74,,519.55,3117.3,Kandy
500224,40026,KITHUL TREACLE 750ML,53,2025-07-20 11:10:02,6.68,,1990.76,105510.28,Kandy
500224,40008,MUNCHEE LEMON PUFF 200G,10,2025-07-20 11:10:02,0.81,,242.61,2426.1,Kandy
500224,40038,MOTHA FALUDA MIX 100G,8,2025-07-20 11:10:02,0.78,,231.97,1855.76,Kandy
500224,40099,PRIMA CHICKEN NOODLES CUP,12,2025-07-20 11:10:02,0.46,,138.13,1657.56,Kandy
500224,40016,LINK SAMAHAN BOX (100 PACKETS),10,2025-07-20 11:10:02,5.9,,1760.76,17607.6,Kandy
500224,40035,CBL SAMAPOSHA 200G,5,2025-07-20 11:10:02,0.79,,234.35,1171.75,Kandy
500224,40077,PILAWOOS FALOODA MIX 200G,10,2025-07-20 11:10:02,1.43,,427.02,4270.2,Kandy
500224,40007,MUNCHEE CHOCOLATE BISCUIT 200G,2,2025-07-20 11:10:02,0.79,,234.57,469.14,Kandy
C500073,40110,SERENDIB SALT IODIZED 400G,-1,2025-08-09 14:34:43,0.22,14074,65.26,-65.26,Colombo
500385,40091,USWATTE SPICES MIXED CURRY POWDER 100G,60,2025-08-18 12:02:02,0.76,14156,227.91,13674.6,Gampaha
500385,40039,CLOGARD TOOTHPASTE 120G,57,2025-08-18 12:02:02,0.86,14156,258.06,14709.42,Gampaha
500385,40061,VELVET BEAUTY SOAP 100G,11,2025-08-18 12:02:02,0.61,14156,183.28,2016.08,Gampaha
500389,40081,SPRITE 1.5L,8,2025-08-19 12:01:19,1.51,14341,451.08,3608.64,Colombo
500389,40099,PRIMA CHICKEN NOODLES CUP,4,2025-08-19 12:01:19,0.54,14341,160.37,641.48,Colombo
500389,40002,DILMAH EARL GREY TEA 50 BAGS,10,2025-08-19 12:01:19,3.18,14341,947.96,9479.6,Colombo
500389,40066,PONDS TALCUM POWDER 100G,11,2025-08-19 12:01:19,1.59,14341,474.3,5217.3,Colombo
500389,40100,HARISCHANDRA MILK TEA POWDER 200G,1,2025-08-19 12:01:19,1.42,14341,423.5,423.5,Colombo
500389,40038,MOTHA FALUDA MIX 100G,19,2025-08-19 12:01:19,0.79,14341,235.79,4480.01,Colombo
500389,40010,MALIBAN MARIE BISCUITS 400G,1,2025-08-19 12:01:19,1.42,14341,423.26,423.26,Colombo
500389,40032,PRIMA STELLA NOODLES 400G,6,2025-08-19 12:01:19,1.09,14341,324.71,1948.26,Colombo
500389,40089,KANDOS CHOCOLATE BAR 100G,5,2025-08-19 12:01:19,1.05,14341,313.92,1569.6,Colombo
500389,40012,MALIBAN CREAM CRACKER 500G,3,2025-08-19 12:01:19,1.78,14341,531.55,1594.65,Colombo
500389,40038,MOTHA FALUDA MIX 100G,1,2025-08-19 12:01:19,0.77,14341,230.86,230.86,Colombo
500389,40013,SPA CEYLON SLEEP BODY LOTION,12,2025-08-19 12:01:19,13.24,14341,3953.48,47441.76,Colombo
500389,40107,AMBEWELA FRESH MILK 1L,4,2025-08-19 12:01:19,1.46,14341,435.79,1743.16,Colombo
500389,40003,DILMAH GREEN TEA 20 BAGS,1,2025-08-19 12:01:19,1.85,14341,553.64,553.64,Colombo
500389,40039,CLOGARD TOOTHPASTE 120G,11,2025-08-19 12:01:19,0.74,14341,221.77,2439.47,Colombo
500019,40115,PEPSI 1.5L,3,2025-09-02 17:06:27,1.16,14470,345.99,1037.97,Ratnapura
500019,40062,NESTOMALT 400G,6,2025-09-02 17:06:27,2.34,14470,699.1,4194.6,Ratnapura
500019,40113,GILLETTE SHAVING FOAM 200ML,8,2025-09-02 17:06:27,2.65,14470,791.58,6332.64,Ratnapura
500019,40009,MUNCHEE TIKIRI MARIE 80G,2,2025-09-02 17:06:27,0.26,14470,77.7,155.4,Ratnapura
500019,40040,SIGNAL TOOTHPASTE 120G,8,2025-09-02 17:06:27,0.86,14470,256.03,2048.24,Ratnapura
500019,40013,SPA CEYLON SLEEP BODY LOTION,5,2025-09-02 17:06:27,13.01,14470,3887.4,19437.0,Ratnapura
500019,40047,PELWATTE BUTTER 200G,10,2025-09-02 17:06:27,2.61,14470,780.01,7800.1,Ratnapura
500134,40072,FUN FOODS MAYONNAISE 250G,1,2025-09-02 18:40:49,2.01,,600.29,600.29,Hambantota
500134,40083,BOGAWANTALAWA TEA 400G,7,2025-09-02 18:40:49,3.35,,999.92,6999.44,Hambantota
500134,40075,RANMUTHU RICE 5KG,37,2025-09-02 18:40:49,5.85,,1747.3,64650.1,Hambantota
500134,40108,RICHLIFE MILK POWDER 400G,8,2025-09-02 18:40:49,3.34,,997.15,7977.2,Hambantota
500134,40022,ANCHOR MILK POWDER 400G,8,2025-09-02 18:40:49,4.03,,1203.08,9624.64,Hambantota
500134,40059,SURF EXCEL 1KG,2,2025-09-02 18:40:49,2.94,,878.15,1756.3,Hambantota
500011,40037,MOTHA STRAWBERRY JELLY 100G,8,2025-09-10 14:16:57,0.49,,147.89,1183.12,Badulla
500011,40061,VELVET BEAUTY SOAP 100G,4,2025-09-10 14:16:57,0.52,,155.62,622.48,Badulla
500011,40019,ELEPHANT HOUSE GINGER BEER 1.5L,42,2025-09-10 14:16:57,1.46,,437.11,18358.62,Badulla
500011,40039,CLOGARD TOOTHPASTE 120G,3,2025-09-10 14:16:57,0.86,,256.86,770.58,Badulla
500011,40026,KITHUL TREACLE 750ML,9,2025-09-10 14:16:57,6.2,,1852.36,16671.24,Badulla
500011,40006,MUNCHEE SUPER CREAM CRACKER 500G,9,2025-09-10 14:16:57,1.73,,517.04,4653.36,Badulla
500011,40039,CLOGARD TOOTHPASTE 120G,5,2025-09-10 14:16:57,0.84,,250.12,1250.6,Badulla
500011,40038,MOTHA FALUDA MIX 100G,4,2025-09-10 14:16:57,0.82,,245.0,980.0,Badulla
500011,40012,MALIBAN CREAM CRACKER 500G,4,2025-09-10 14:16:57,1.71,,510.93,2043.72,Badulla
500011,40015,SIDDHALEPA BALM 50G,2,2025-09-10 14:16:57,0.9,,267.71,535.42,Badulla
500011,40033,HARISCHANDRA NOODLES 400G,11,2025-09-10 14:16:57,0.87,,260.54,2865.94,Badulla
500011,40016,LINK SAMAHAN BOX (100 PACKETS),7,2025-09-10 14:16:57,6.43,,1921.21,13448.47,Badulla
500011,40010,MALIBAN MARIE BISCUITS 400G,4,2025-09-10 14:16:57,1.17,,350.6,1402.4,Badulla
500011,40075,RANMUTHU RICE 5KG,7,2025-09-10 14:16:57,6.38,,1907.39,13351.73,Badulla
500011,40043,ASTRA MARGARINE 250G,5,2025-09-10 14:16:57,1.48,,442.89,2214.45,Badulla
500011,40091,USWATTE SPICES MIXED CURRY POWDER 100G,59,2025-09-10 14:16:57,0.9,,270.28,15946.52,Badulla
500011,40075,RANMUTHU RICE 5KG,1,2025-09-10 14:16:57,6.29,,1879.85,1879.85,Badulla
500011,40048,EDINBOROUGH SOY SAUCE 400ML,9,2025-09-10 14:16:57,1.38,,411.84,3706.56,Badulla
500011,40056,SUNSILK BLACK SHAMPOO 200ML,10,2025-09-10 14:16:57,2.17,,649.38,6493.8,Badulla
500011,40003,DILMAH GREEN TEA 20 BAGS,1,2025-09-10 14:16:57,2.1,,628.6,628.6,Badulla
500311,40108,RICHLIFE MILK POWDER 400G,4,2025-09-12 15:51:47,3.22,14484,962.06,3848.24,Puttalam
500335,40067,COLGATE TOOTHPASTE 120G,44,2025-09-12 18:28:47,1.05,14479,313.65,13800.6,Anuradhapura
500335,40081,SPRITE 1.5L,6,2025-09-12 18:28:47,1.52,14479,454.33,2725.98,Anuradhapura
500335,40049,ROZA PASTA MACARONI 400G,7,2025-09-12 18:28:47,1.02,14479,304.41,2130.87,Anuradhapura
500335,40003,DILMAH GREEN TEA 20 BAGS,1,2025-09-12 18:28:47,2.39,14479,712.99,712.99,Anuradhapura
500335,40053,WIJAYA CHILLI POWDER 250G,1,2025-09-12 18:28:47,1.61,14479,482.24,482.24,Anuradhapura
500335,40014,SPA CEYLON HAND CREAM,1,2025-09-12 18:28:47,7.45,14479,2225.01,2225.01,Anuradhapura
500278,40046,MARMITE 100G,4,2025-09-20 18:38:30,3.21,14021,960.77,3843.08,Colombo
500278,40052,WIJAYA ROASTED CURRY POWDER 250G,7,2025-09-20 18:38:30,1.42,14021,423.79,2966.53,Colombo
500278,40028,BAIRAHA CHICKEN 1KG,12,2025-09-20 18:38:30,5.23,14021,1564.31,18771.72,Colombo
500278,40061,VELVET BEAUTY SOAP 100G,3,2025-09-20 18:38:30,0.62,14021,184.83,554.49,Colombo
500278,40049,ROZA PASTA MACARONI 400G,8,2025-09-20 18:38:30,1.23,14021,367.9,2943.2,Colombo
500278,40059,SURF EXCEL 1KG,6,2025-09-20 18:38:30,3.13,14021,936.4,5618.4,Colombo
500278,40109,CARGILLS SQUARE DEAL WHITE SUGAR 1KG,11,2025-09-20 18:38:30,0.89,14021,266.31,2929.41,Colombo
500252,40063,MILO 400G,3,2025-09-23 13:28:14,3.2,14151,957.31,2871.93,Batticaloa
500252,40107,AMBEWELA FRESH MILK 1L,12,2025-09-23 13:28:14,1.16,14151,348.16,4177.92,Batticaloa
500063,40032,PRIMA STELLA NOODLES 400G,10,2025-09-23 17:05:25,1.17,14057,349.53,3495.3,Kalutara
500063,40097,KEELLS FROZEN SAUSAGE ROLL 400G,5,2025-09-23 17:05:25,1.83,14057,547.04,2735.2,Kalutara
500063,40023,RATHTHI MILK POWDER 400G,12,2025-09-23 17:05:25,4.44,14057,1326.42,15917.04,Kalutara
500063,40071,MA MA NOODLES 5 PACK,12,2025-09-23 17:05:25,1.41,14057,420.65,5047.8,Kalutara
500063,40058,DIVA WASHING POWDER 1KG,7,2025-09-23 17:05:25,2.51,14057,751.27,5258.89,Kalutara
500063,40115,PEPSI 1.5L,1,2025-09-23 17:05:25,1.48,14057,442.47,442.47,Kalutara
500063,40032,PRIMA STELLA NOODLES 400G,12,2025-09-23 17:05:25,1.01,14057,302.43,3629.16,Kalutara
500063,40068,CLOSE UP TOOTHPASTE 120G,1,2025-09-23 17:05:25,0.92,14057,275.81,275.81,Kalutara
500063,40020,ELEPHANT HOUSE CREAM SODA 1.5L,5,2025-09-23 17:05:25,1.65,14057,492.84,2464.2,Kalutara
500063,40037,MOTHA STRAWBERRY JELLY 100G,7,2025-09-23 17:05:25,0.47,14057,140.55,983.85,Kalutara
500063,40021,ELEPHANT HOUSE VANILLA ICE CREAM 1L,8,2025-09-23 17:05:25,3.08,14057,919.46,7355.68,Kalutara
500063,40053,WIJAYA CHILLI POWDER 250G,2,2025-09-23 17:05:25,1.95,14057,583.63,1167.26,Kalutara
500063,40096,MALIBAN CHOCOLATE WAFER 100G,1,2025-09-23 17:05:25,0.87,14057,261.44,261.44,Kalutara
500063,40094,BASILUR CEYLON TEA GIFT TIN,6,2025-09-23 17:05:25,5.1,14057,1524.62,9147.72,Kalutara
500063,40022,ANCHOR MILK POWDER 400G,1,2025-09-23 17:05:25,4.81,14057,1436.56,1436.56,Kalutara
500138,40018,MD MANGO CHUTNEY 400G,7,2025-10-03 13:45:57,2.69,,804.09,5628.63,Nuwara Eliya
500138,40044,HAPPY COW CHEESE 120G,4,2025-10-03 13:45:57,3.18,,951.26,3805.04,Nuwara Eliya
500138,40098,BAIRAHA CHICKEN SAUSAGES 500G,10,2025-10-03 13:45:57,1.76,,526.34,5263.4,Nuwara Eliya
500138,40103,SOYA MEAT CHUNKS 400G,7,2025-10-03 13:45:57,1.02,,304.78,2133.46,Nuwara Eliya
500138,40112,DENIYA BABY SHAMPOO 200ML,42,2025-10-03 13:45:57,1.87,,558.14,23441.88,Nuwara Eliya
500138,40062,NESTOMALT 400G,4,2025-10-03 13:45:57,2.54,,758.4,3033.6,Nuwara Eliya
500138,40103,SOYA MEAT CHUNKS 400G,11,2025-10-03 13:45:57,1.07,,319.13,3510.43,Nuwara Eliya
500138,40098,BAIRAHA CHICKEN SAUSAGES 500G,8,2025-10-03 13:45:57,1.96,,584.71,4677.68,Nuwara Eliya
500138,40011,MALIBAN LEMON PUFF 200G,10,2025-10-03 13:45:57,0.74,,221.45,2214.5,Nuwara Eliya
500138,40046,MARMITE 100G,7,2025-10-03 13:45:57,2.76,,824.8,5773.6,Nuwara Eliya
500138,40064,HORLICKS 500G,10,2025-10-03 13:45:57,3.49,,1044.2,10442.0,Nuwara Eliya
500138,40109,CARGILLS SQUARE DEAL WHITE SUGAR 1KG,4,2025-10-03 13:45:57,0.99,,296.31,1185.24,Nuwara Eliya
500138,40018,MD MANGO CHUTNEY 400G,59,2025-10-03 13:45:57,2.33,,696.83,41112.97,Nuwara Eliya
500138,40061,VELVET BEAUTY SOAP 100G,4,2025-10-03 13:45:57,0.57,,171.02,684.08,Nuwara Eliya
500138,40020,ELEPHANT HOUSE CREAM SODA 1.5L,8,2025-10-03 13:45:57,1.57,,470.16,3761.28,Nuwara Eliya
500138,40065,FAIR & LOVELY CREAM 50G,11,2025-10-03 13:45:57,1.3,,387.95,4267.45,Nuwara Eliya
500138,40029,KIST TOMATO KETCHUP 400G,1,2025-10-03 13:45:57,1.55,,463.63,463.63,Nuwara Eliya
500138,40081,SPRITE 1.5L,6,2025-10-03 13:45:57,1.34,,401.72,2410.32,Nuwara Eliya
500163,40038,MOTHA FALUDA MIX 100G,8,2025-10-03 19:32:14,0.78,14213,232.17,1857.36,Kandy
500163,40076,CEYLON COLD STORES YOGHURT 80G,4,2025-10-03 19:32:14,0.33,14213,97.19,388.76,Kandy
500163,40112,DENIYA BABY SHAMPOO 200ML,1,2025-10-03 19:32:14,1.79,14213,534.65,534.65,Kandy
500163,40101,CBL EDGE COOKING OIL 1L,8,2025-10-03 19:32:14,2.81,14213,839.56,6716.48,Kandy
500313,40104,CEYLON CINNAMON POWDER 100G,57,2025-10-04 18:38:40,1.54,14558,459.37,26184.09,Kandy
500372,40078,SOFTLOGIC COCONUT MILK 400ML,7,2025-10-25 18:00:47,1.17,14204,351.37,2459.59,Galle
500372,40074,ARALIYA WHITE RICE 5KG,2,2025-10-25 18:00:47,4.89,14204,1463.46,2926.92,Galle
500372,40101,CBL EDGE COOKING OIL 1L,9,2025-10-25 18:00:47,2.94,14204,879.98,7919.82,Galle
500372,40040,SIGNAL TOOTHPASTE 120G,54,2025-10-25 18:00:47,0.97,14204,289.12,15612.48,Galle
500372,40104,CEYLON CINNAMON POWDER 100G,8,2025-10-25 18:00:47,1.3,14204,388.29,3106.32,Galle
500372,40075,RANMUTHU RICE 5KG,40,2025-10-25 18:00:47,5.14,14204,1538.6,61544.0,Galle
500372,40088,CARGILLS FRESH EGGS (10),6,2025-10-25 18:00:47,1.19,14204,355.97,2135.82,Galle
500345,40074,ARALIYA WHITE RICE 5KG,1,2025-10-28 13:27:35,5.07,,1518.13,1518.13,Kegalle
500345,40089,KANDOS CHOCOLATE BAR 100G,9,2025-10-28 13:27:35,0.93,,277.1,2493.9,Kegalle
500345,40047,PELWATTE BUTTER 200G,9,2025-10-28 13:27:35,2.98,,891.4,8022.6,Kegalle
500345,40064,HORLICKS 500G,12,2025-10-28 13:27:35,3.57,,1067.66,12811.92,Kegalle
500345,40009,MUNCHEE TIKIRI MARIE 80G,6,2025-10-28 13:27:35,0.28,,83.61,501.66,Kegalle
500345,40103,SOYA MEAT CHUNKS 400G,9,2025-10-28 13:27:35,1.09,,325.3,2927.7,Kegalle
500345,40082,NECTO 1.5L,10,2025-10-28 13:27:35,1.2,,360.42,3604.2,Kegalle
500345,40066,PONDS TALCUM POWDER 100G,10,2025-10-28 13:27:35,1.56,,467.87,4678.7,Kegalle
500345,40074,ARALIYA WHITE RICE 5KG,11,2025-10-28 13:27:35,5.51,,1649.77,18147.47,Kegalle
500200,40014,SPA CEYLON HAND CREAM,10,2025-11-02 19:26:25,8.34,14311,2497.84,24978.4,Anuradhapura
500200,40006,MUNCHEE SUPER CREAM CRACKER 500G,7,2025-11-02 19:26:25,1.53,14311,458.57,3209.99,Anuradhapura
500200,40040,SIGNAL TOOTHPASTE 120G,11,2025-11-02 19:26:25,0.91,14311,271.25,2983.75,Anuradhapura
500200,DELV,COURIER DELIVERY CHARGE,5,2025-11-02 19:26:25,1.0,14311,300.0,1500.0,Anuradhapura
500200,40028,BAIRAHA CHICKEN 1KG,4,2025-11-02 19:26:25,6.15,14311,1842.42,7369.68,Anuradhapura
500200,40113,GILLETTE SHAVING FOAM 200ML,3,2025-11-02 19:26:25,2.36,14311,706.65,2119.95,Anuradhapura
500259,40009,MUNCHEE TIKIRI MARIE 80G,3,2025-11-03 15:53:16,0.24,14232,71.34,214.02,Badulla
500259,40114,DETTOL ANTISEPTIC LIQUID 250ML,1,2025-11-03 15:53:16,1.97,14232,589.97,589.97,Badulla
500259,40015,SIDDHALEPA BALM 50G,12,2025-11-03 15:53:16,1.0,14232,299.5,3594.0,Badulla
500114,40105,GOLDIE CORIANDER POWDER 100G,11,2025-11-07 15:48:07,0.74,14617,221.76,2439.36,Colombo
500309,40081,SPRITE 1.5L,1,2025-11-13 12:20:39,1.27,14169,381.64,381.64,Anuradhapura
500309,40077,PILAWOOS FALOODA MIX 200G,2,2025-11-13 12:20:39,1.45,14169,433.73,867.46,Anuradhapura
500309,40106,KOTMALE ICE CREAM VANILLA 1L,8,2025-11-13 12:20:39,3.68,14169,1101.46,8811.68,Anuradhapura
500309,40099,PRIMA CHICKEN NOODLES CUP,5,2025-11-13 12:20:39,0.55,14169,165.52,827.6,Anuradhapura
500309,40103,SOYA MEAT CHUNKS 400G,3,2025-11-13 12:20:39,1.27,14169,379.04,1137.12,Anuradhapura
500309,40009,MUNCHEE TIKIRI MARIE 80G,12,2025-11-13 12:20:39,0.24,14169,71.5,858.0,Anuradhapura
500309,40081,SPRITE 1.5L,2,2025-11-13 12:20:39,1.46,14169,437.16,874.32,Anuradhapura
500309,40017,MD MIXED FRUIT JAM 500G,1,2025-11-13 12:20:39,2.33,14169,696.8,696.8,Anuradhapura
500309,40113,GILLETTE SHAVING FOAM 200ML,4,2025-11-13 12:20:39,2.43,14169,726.41,2905.64,Anuradhapura
500020,40069,ANCHOR BUTTER 200G,5,2025-11-13 16:17:35,3.35,14087,1002.88,5014.4,Colombo
500020,40020,ELEPHANT HOUSE CREAM SODA 1.5L,8,2025-11-13 16:17:35,1.43,14087,426.83,3414.64,Colombo
500020,40025,KOTMALE FRESH MILK 1L,11,2025-11-13 16:17:35,1.58,14087,473.02,5203.22,Colombo
500020,40022,ANCHOR MILK POWDER 400G,26,2025-11-13 16:17:35,4.81,14087,1440.46,37451.96,Colombo
500020,40109,CARGILLS SQUARE DEAL WHITE SUGAR 1KG,9,2025-11-13 16:17:35,0.98,14087,292.53,2632.77,Colombo
500020,40089,KANDOS CHOCOLATE BAR 100G,12,2025-11-13 16:17:35,1.05,14087,313.79,3765.48,Colombo
500020,40026,KITHUL TREACLE 750ML,9,2025-11-13 16:17:35,6.3,14087,1888.18,16993.62,Colombo
500168,40064,HORLICKS 500G,12,2025-11-22 10:25:57,3.6,14078,1078.18,12938.16,Colombo
500168,40003,DILMAH GREEN TEA 20 BAGS,38,2025-11-22 10:25:57,1.93,14078,579.64,22026.32,Colombo
500168,40074,ARALIYA WHITE RICE 5KG,2,2025-11-22 10:25:57,5.0,14078,1496.87,2993.74,Colombo
500168,40076,CEYLON COLD STORES YOGHURT 80G,3,2025-11-22 10:25:57,0.35,14078,103.6,310.8,Colombo
500168,40022,ANCHOR MILK POWDER 400G,9,2025-11-22 10:25:57,4.34,14078,1300.73,11706.57,Colombo
500084,40077,PILAWOOS FALOODA MIX 200G,4,2025-12-01 11:04:35,1.23,14346,369.99,1479.96,Moneragala
500084,40019,ELEPHANT HOUSE GINGER BEER 1.5L,9,2025-12-01 11:04:35,1.7,14346,508.87,4579.83,Moneragala
500084,40073,DELMEGE BASMATI RICE 5KG,6,2025-12-01 11:04:35,8.4,14346,2518.48,15110.88,Moneragala
500084,40061,VELVET BEAUTY SOAP 100G,9,2025-12-01 11:04:35,0.54,14346,161.73,1455.57,Moneragala
500084,40075,RANMUTHU RICE 5KG,2,2025-12-01 11:04:35,5.18,14346,1553.23,3106.46,Moneragala
500084,40085,RANFAT COOKING OIL 1L,54,2025-12-01 11:04:35,4.78,14346,1432.72,77366.88,Moneragala
500084,40097,KEELLS FROZEN SAUSAGE ROLL 400G,5,2025-12-01 11:04:35,1.65,14346,493.79,2468.95,Moneragala
500084,40067,COLGATE TOOTHPASTE 120G,12,2025-12-01 11:04:35,0.91,14346,272.15,3265.8,Moneragala
500084,40051,LANKA SOY CHICKEN FLAVOUR 90G,2,2025-12-01 11:04:35,0.42,14346,124.59,249.18,Moneragala
500084,40009,MUNCHEE TIKIRI MARIE 80G,33,2025-12-01 11:04:35,0.29,14346,87.48,2886.84,Moneragala
500147,40103,SOYA MEAT CHUNKS 400G,1,2025-12-02 10:49:42,1.03,,308.42,308.42,Batticaloa
500147,40109,CARGILLS SQUARE DEAL WHITE SUGAR 1KG,3,2025-12-02 10:49:42,0.95,,284.48,853.44,Batticaloa
500147,40079,CEYLON TOBACCO (CIGARETTES PACK),9,2025-12-02 10:49:42,4.72,,1415.41,12738.69,Batticaloa
500147,40038,MOTHA FALUDA MIX 100G,2,2025-12-02 10:49:42,0.84,,250.8,501.6,Batticaloa
500147,40047,PELWATTE BUTTER 200G,10,2025-12-02 10:49:42,3.06,,918.51,9185.1,Batticaloa
500147,40085,RANFAT COOKING OIL 1L,3,2025-12-02 10:49:42,4.49,,1345.66,4036.98,Batticaloa
500147,40115,PEPSI 1.5L,10,2025-12-02 10:49:42,1.48,,442.79,4427.9,Batticaloa
500147,40073,DELMEGE BASMATI RICE 5KG,10,2025-12-02 10:49:42,7.94,,2380.66,23806.6,Batticaloa
500147,40042,MARINA COCONUT OIL 1L,51,2025-12-02 10:49:42,4.08,,1221.92,62317.92,Batticaloa
500147,40031,PRIMA KOTTU MEE CUP,11,2025-12-02 10:49:42,0.62,,186.4,2050.4,Batticaloa
500147,40036,MAGGI COCONUT MILK POWDER 300G,12,2025-12-02 10:49:42,3.13,,938.86,11266.32,Batticaloa
500147,40105,GOLDIE CORIANDER POWDER 100G,5,2025-12-02 10:49:42,0.86,,257.32,1286.6,Batticaloa
500398,40031,PRIMA KOTTU MEE CUP,1,2025-12-04 11:49:44,0.56,14370,167.45,167.45,Gampaha
500398,40028,BAIRAHA CHICKEN 1KG,11,2025-12-04 11:49:44,5.14,14370,1539.83,16938.13,Gampaha
500398,40115,PEPSI 1.5L,10,2025-12-04 11:49:44,1.4,14370,420.02,4200.2,Gampaha
500398,40020,ELEPHANT HOUSE CREAM SODA 1.5L,11,2025-12-04 11:49:44,1.38,14370,412.64,4539.04,Gampaha
500398,40077,PILAWOOS FALOODA MIX 200G,5,2025-12-04 11:49:44,1.27,14370,380.15,1900.75,Gampaha
500398,40015,SIDDHALEPA BALM 50G,7,2025-12-04 11:49:44,0.97,14370,291.93,2043.51,Gampaha
500398,40095,MUNCHEE NICE BISCUIT 200G,7,2025-12-04 11:49:44,0.87,14370,259.29,1815.03,Gampaha
500398,40003,DILMAH GREEN TEA 20 BAGS,5,2025-12-04 11:49:44,2.18,14370,652.22,3261.1,Gampaha
500398,40004,ZESTA TEA 400G,5,2025-12-04 11:49:44,4.2,14370,1257.75,6288.75,Gampaha
500291,40019,ELEPHANT HOUSE GINGER BEER 1.5L,10,2025-12-06 15:59:58,1.39,14033,415.44,4154.4,Kegalle
500291,40080,COCA-COLA 1.5L,1,2025-12-06 15:59:58,1.22,14033,366.57,366.57,Kegalle
500291,40080,COCA-COLA 1.5L,9,2025-12-06 15:59:58,1.32,14033,395.08,3555.72,Kegalle
500291,40023,RATHTHI MILK POWDER 400G,11,2025-12-06 15:59:58,4.33,14033,1297.27,14269.97,Kegalle
500291,40051,LANKA SOY CHICKEN FLAVOUR 90G,43,2025-12-06 15:59:58,0.4,14033,121.31,5216.33,Kegalle
500273,40096,MALIBAN CHOCOLATE WAFER 100G,7,2025-12-07 14:48:27,0.77,14201,230.52,1613.64,Gampaha
500273,40107,AMBEWELA FRESH MILK 1L,6,2025-12-07 14:48:27,1.18,14201,353.08,2118.48,Gampaha
500273,40087,CARGILLS MAGIC SAUSAGES 400G,13,2025-12-07 14:48:27,2.92,14201,874.26,11365.38,Gampaha
500273,40089,KANDOS CHOCOLATE BAR 100G,7,2025-12-07 14:48:27,0.96,14201,288.98,2022.86,Gampaha
500273,40021,ELEPHANT HOUSE VANILLA ICE CREAM 1L,1,2025-12-07 14:48:27,2.97,14201,890.0,890.0,Gampaha
500273,40096,MALIBAN CHOCOLATE WAFER 100G,9,2025-12-07 14:48:27,0.81,14201,243.34,2190.06,Gampaha
500273,40068,CLOSE UP TOOTHPASTE 120G,2,2025-12-07 14:48:27,0.96,14201,287.26,574.52,Gampaha
500273,40086,FITS COOKING OIL 1L,7,2025-12-07 14:48:27,4.63,14201,1387.65,9713.55,Gampaha
500097,40108,RICHLIFE MILK POWDER 400G,8,2025-12-09 19:17:56,3.69,14350,1107.34,8858.72,Batticaloa
500097,40004,ZESTA TEA 400G,3,2025-12-09 19:17:56,4.07,14350,1221.37,3664.11,Batticaloa
500097,40018,MD MANGO CHUTNEY 400G,2,2025-12-09 19:17:56,2.36,14350,707.15,1414.3,Batticaloa
500097,40025,KOTMALE FRESH MILK 1L,10,2025-12-09 19:17:56,1.87,14350,562.05,5620.5,Batticaloa
500097,40023,RATHTHI MILK POWDER 400G,3,2025-12-09 19:17:56,3.7,14350,1110.51,3331.53,Batticaloa
500097,40104,CEYLON CINNAMON POWDER 100G,12,2025-12-09 19:17:56,1.37,14350,410.82,4929.84,Batticaloa
500097,40058,DIVA WASHING POWDER 1KG,7,2025-12-09 19:17:56,2.44,14350,732.91,5130.37,Batticaloa
500267,40067,COLGATE TOOTHPASTE 120G,9,2025-12-12 18:31:55,0.99,14416,297.49,2677.41,Gampaha
500267,40058,DIVA WASHING POWDER 1KG,8,2025-12-12 18:31:55,2.67,14416,800.33,6402.64,Gampaha
500267,40013,SPA CEYLON SLEEP BODY LOTION,2,2025-12-12 18:31:55,14.72,14416,4413.87,8827.74,Gampaha
500267,40048,EDINBOROUGH SOY SAUCE 400ML,38,2025-12-12 18:31:55,1.42,14416,424.47,16129.86,Gampaha
500267,40093,LIPTON YELLOW LABEL TEA 400G,6,2025-12-12 18:31:55,3.43,14416,1027.4,6164.4,Gampaha
500267,40063,MILO 400G,7,2025-12-12 18:31:55,2.67,14416,800.26,5601.82,Gampaha
500267,40026,KITHUL TREACLE 750ML,1,2025-12-12 18:31:55,6.66,14416,1996.41,1996.41,Gampaha
500267,40070,NESPRAY MILK POWDER 400G,5,2025-12-12 18:31:55,4.7,14416,1407.75,7038.75,Gampaha
500267,40029,KIST TOMATO KETCHUP 400G,11,2025-12-12 18:31:55,1.87,14416,561.51,6176.61,Gampaha
500267,40104,CEYLON CINNAMON POWDER 100G,3,2025-12-12 18:31:55,1.66,14416,498.0,1494.0,Gampaha
500267,40056,SUNSILK BLACK SHAMPOO 200ML,4,2025-12-12 18:31:55,2.17,14416,649.7,2598.8,Gampaha
500267,40017,MD MIXED FRUIT JAM 500G,2,2025-12-12 18:31:55,2.65,14416,793.34,1586.68,Gampaha
500267,40096,MALIBAN CHOCOLATE WAFER 100G,2,2025-12-12 18:31:55,0.76,14416,227.91,455.82,Gampaha
500267,40012,MALIBAN CREAM CRACKER 500G,10,2025-12-12 18:31:55,1.55,14416,465.81,4658.1,Gampaha
500267,40094,BASILUR CEYLON TEA GIFT TIN,5,2025-12-12 18:31:55,4.19,14416,1256.2,6281.0,Gampaha
500077,40050,RANCRISP CASHEWS 50G,8,2025-12-19 11:51:33,1.36,14070,407.58,3260.64,Kegalle
500077,40095,MUNCHEE NICE BISCUIT 200G,9,2025-12-19 11:51:33,0.71,14070,213.92,1925.28,Kegalle
500077,40070,NESPRAY MILK POWDER 400G,4,2025-12-19 11:51:33,4.55,14070,1363.73,5454.92,Kegalle
500077,40001,DILMAH CEYLON TEA 500G,5,2025-12-19 11:51:33,4.53,14070,1359.67,6798.35,Kegalle
500077,40089,KANDOS CHOCOLATE BAR 100G,1,2025-12-19 11:51:33,1.0,14070,299.54,299.54,Kegalle
500077,40091,USWATTE SPICES MIXED CURRY POWDER 100G,4,2025-12-19 11:51:33,0.93,14070,277.85,1111.4,Kegalle
500077,40070,NESPRAY MILK POWDER 400G,2,2025-12-19 11:51:33,4.82,14070,1446.3,2892.6,Kegalle
500077,40030,KIST MIXED FRUIT NECTAR 1L,12,2025-12-19 11:51:33,2.0,14070,600.41,7204.92,Kegalle
500077,40049,ROZA PASTA MACARONI 400G,7,2025-12-19 11:51:33,1.24,14070,371.57,2600.99,Kegalle
500077,40028,BAIRAHA CHICKEN 1KG,8,2025-12-19 11:51:33,5.33,14070,1599.78,12798.24,Kegalle
500077,40068,CLOSE UP TOOTHPASTE 120G,1,2025-12-19 11:51:33,0.91,14070,273.33,273.33,Kegalle
500077,40033,HARISCHANDRA NOODLES 400G,12,2025-12-19 11:51:33,1.01,14070,303.97,3647.64,Kegalle
500077,40107,AMBEWELA FRESH MILK 1L,9,2025-12-19 11:51:33,1.4,14070,421.07,3789.63,Kegalle
500077,40032,PRIMA STELLA NOODLES 400G,5,2025-12-19 11:51:33,1.03,14070,308.02,1540.1,Kegalle
500077,40012,MALIBAN CREAM CRACKER 500G,1,2025-12-19 11:51:33,1.44,14070,432.76,432.76,Kegalle
500077,40053,WIJAYA CHILLI POWDER 250G,7,2025-12-19 11:51:33,1.59,14070,476.6,3336.2,Kegalle
500077,40051,LANKA SOY CHICKEN FLAVOUR 90G,6,2025-12-19 11:51:33,0.49,14070,146.89,881.34,Kegalle
500077,40065,FAIR & LOVELY CREAM 50G,4,2025-12-19 11:51:33,1.13,14070,338.46,1353.84,Kegalle
500077,40050,RANCRISP CASHEWS 50G,7,2025-12-19 11:51:33,1.21,14070,363.77,2546.39,Kegalle
500077,40088,CARGILLS FRESH EGGS (10),18,2025-12-19 11:51:33,1.29,14070,385.58,6940.44,Kegalle
500221,40101,CBL EDGE COOKING OIL 1L,11,2025-12-21 12:55:13,2.94,14486,880.83,9689.13,Gampaha
500221,40028,BAIRAHA CHICKEN 1KG,3,2025-12-21 12:55:13,6.24,14486,1871.45,5614.35,Gampaha
500221,40038,MOTHA FALUDA MIX 100G,5,2025-12-21 12:55:13,0.72,14486,217.31,1086.55,Gampaha
500221,40069,ANCHOR BUTTER 200G,10,2025-12-21 12:55:13,2.72,14486,816.52,8165.2,Gampaha
500221,40041,BABY CHERAMY SOAP 90G,7,2025-12-21 12:55:13,0.5,14486,150.39,1052.73,Gampaha
500221,40004,ZESTA TEA 400G,8,2025-12-21 12:55:13,4.17,14486,1252.04,10016.32,Gampaha
500221,40005,WATAWALA TEA 400G,8,2025-12-21 12:55:13,3.16,14486,947.51,7580.08,Gampaha
500221,40106,KOTMALE ICE CREAM VANILLA 1L,6,2025-12-21 12:55:13,3.33,14486,998.62,5991.72,Gampaha
500221,40072,FUN FOODS MAYONNAISE 250G,7,2025-12-21 12:55:13,1.66,14486,497.28,3480.96,Gampaha
500221,40075,RANMUTHU RICE 5KG,17,2025-12-21 12:55:13,6.03,14486,1806.97,30718.49,Gampaha
500034,40029,KIST TOMATO KETCHUP 400G,6,2025-12-24 13:46:52,1.61,,483.13,2898.78,Hambantota
500034,40033,HARISCHANDRA NOODLES 400G,10,2025-12-24 13:46:52,0.84,,252.75,2527.5,Hambantota
500034,40058,DIVA WASHING POWDER 1KG,10,2025-12-24 13:46:52,2.36,,708.56,7085.6,Hambantota
500034,40035,CBL SAMAPOSHA 200G,2,2025-12-24 13:46:52,0.61,,182.96,365.92,Hambantota
500034,40028,BAIRAHA CHICKEN 1KG,8,2025-12-24 13:46:52,5.46,,1636.57,13092.56,Hambantota
500329,40089,KANDOS CHOCOLATE BAR 100G,12,2025-12-25 17:54:52,0.9,14233,269.9,3238.8,Trincomalee
500329,40032,PRIMA STELLA NOODLES 400G,15,2025-12-25 17:54:52,1.17,14233,349.89,5248.35,Trincomalee
500329,40093,LIPTON YELLOW LABEL TEA 400G,4,2025-12-25 17:54:52,3.48,14233,1042.59,4170.36,Trincomalee
500329,40048,EDINBOROUGH SOY SAUCE 400ML,4,2025-12-25 17:54:52,1.21,14233,361.69,1446.76,Trincomalee
500329,40073,DELMEGE BASMATI RICE 5KG,5,2025-12-25 17:54:52,7.58,14233,2272.47,11362.35,Trincomalee
500329,40079,CEYLON TOBACCO (CIGARETTES PACK),12,2025-12-25 17:54:52,4.62,14233,1386.34,16636.08,Trincomalee
500228,40078,SOFTLOGIC COCONUT MILK 400ML,7,2026-01-24 15:09:35,1.38,14474,414.55,2901.85,Batticaloa
500228,40032,PRIMA STELLA NOODLES 400G,4,2026-01-24 15:09:35,1.22,14474,364.19,1456.76,Batticaloa
500228,40052,WIJAYA ROASTED CURRY POWDER 250G,6,2026-01-24 15:09:35,1.73,14474,518.42,3110.52,Batticaloa
500228,40024,HIGHLAND MILK 1L,12,2026-01-24 15:09:35,1.49,14474,447.03,5364.36,Batticaloa
500228,40053,WIJAYA CHILLI POWDER 250G,12,2026-01-24 15:09:35,1.59,14474,475.09,5701.08,Batticaloa
500257,40075,RANMUTHU RICE 5KG,3,2026-01-31 10:02:38,6.2,14342,1855.85,5567.55,Colombo
500257,40038,MOTHA FALUDA MIX 100G,8,2026-01-31 10:02:38,0.82,14342,244.14,1953.12,Colombo
500257,40101,CBL EDGE COOKING OIL 1L,7,2026-01-31 10:02:38,2.7,14342,807.38,5651.66,Colombo
500257,40013,SPA CEYLON SLEEP BODY LOTION,8,2026-01-31 10:02:38,12.83,14342,3840.33,30722.64,Colombo
500257,40094,BASILUR CEYLON TEA GIFT TIN,8,2026-01-31 10:02:38,4.33,14342,1296.89,10375.12,Colombo
500257,40043,ASTRA MARGARINE 250G,9,2026-01-31 10:02:38,1.35,14342,404.21,3637.89,Colombo
500257,40107,AMBEWELA FRESH MILK 1L,2,2026-01-31 10:02:38,1.4,14342,418.82,837.64,Colombo
500257,40004,ZESTA TEA 400G,12,2026-01-31 10:02:38,3.73,14342,1115.16,13381.92,Colombo
500257,40079,CEYLON TOBACCO (CIGARETTES PACK),3,2026-01-31 10:02:38,4.72,14342,1411.48,4234.44,Colombo
500257,40101,CBL EDGE COOKING OIL 1L,11,2026-01-31 10:02:38,3.06,14342,917.45,10091.95,Colombo
500257,40021,ELEPHANT HOUSE VANILLA ICE CREAM 1L,11,2026-01-31 10:02:38,2.86,14342,855.62,9411.82,Colombo
500257,40113,GILLETTE SHAVING FOAM 200ML,7,2026-01-31 10:02:38,2.34,14342,700.65,4904.55,Colombo
500007,40077,PILAWOOS FALOODA MIX 200G,12,2026-02-04 18:10:26,1.37,14410,410.19,4922.28,Kandy
500007,40030,KIST MIXED FRUIT NECTAR 1L,8,2026-02-04 18:10:26,2.31,14410,690.07,5520.56,Kandy
500007,40004,ZESTA TEA 400G,12,2026-02-04 18:10:26,3.76,14410,1125.82,13509.84,Kandy
500157,40075,RANMUTHU RICE 5KG,4,2026-02-06 14:43:20,5.73,14042,1714.44,6857.76,Ratnapura
500157,40023,RATHTHI MILK POWDER 400G,3,2026-02-06 14:43:20,4.53,14042,1354.85,4064.55,Ratnapura
500157,40101,CBL EDGE COOKING OIL 1L,12,2026-02-06 14:43:20,3.31,14042,991.69,11900.28,Ratnapura
500157,40070,NESPRAY MILK POWDER 400G,8,2026-02-06 14:43:20,4.38,14042,1311.83,10494.64,Ratnapura
500157,40038,MOTHA FALUDA MIX 100G,9,2026-02-06 14:43:20,0.78,14042,234.3,2108.7,Ratnapura
500157,40050,RANCRISP CASHEWS 50G,2,2026-02-06 14:43:20,1.35,14042,404.18,808.36,Ratnapura
500157,40015,SIDDHALEPA BALM 50G,12,2026-02-06 14:43:20,1.05,14042,313.78,3765.36,Ratnapura
500157,40114,DETTOL ANTISEPTIC LIQUID 250ML,18,2026-02-06 14:43:20,1.79,14042,534.4,9619.2,Ratnapura
500157,40013,SPA CEYLON SLEEP BODY LOTION,6,2026-02-06 14:43:20,13.33,14042,3987.83,23926.98,Ratnapura
C500159,40045,PANADOL 100 TABLETS,-12,2026-02-19 16:17:09,1.61,14588,482.04,-5784.48,Mannar
C500159,40070,NESPRAY MILK POWDER 400G,-12,2026-02-19 16:17:09,4.58,14588,1369.29,-16431.48,Mannar
C500159,40070,NESPRAY MILK POWDER 400G,-9,2026-02-19 16:17:09,4.91,14588,1468.77,-13218.93,Mannar
500239,40068,CLOSE UP TOOTHPASTE 120G,2,2026-03-08 11:13:04,1.0,14648,299.91,599.82,Hambantota
500239,40071,MA MA NOODLES 5 PACK,7,2026-03-08 11:13:04,1.35,14648,401.85,2812.95,Hambantota
500239,40017,MD MIXED FRUIT JAM 500G,3,2026-03-08 11:13:04,2.33,14648,694.51,2083.53,Hambantota
500239,40018,MD MANGO CHUTNEY 400G,9,2026-03-08 11:13:04,2.39,14648,714.73,6432.57,Hambantota
500383,40069,ANCHOR BUTTER 200G,9,2026-03-08 12:48:23,2.93,14422,873.87,7864.83,Kegalle
500383,40053,WIJAYA CHILLI POWDER 250G,12,2026-03-08 12:48:23,1.8,14422,538.27,6459.24,Kegalle
500206,40088,CARGILLS FRESH EGGS (10),4,2026-03-11 18:03:12,1.32,14242,394.35,1577.4,Gampaha
500206,40050,RANCRISP CASHEWS 50G,9,2026-03-11 18:03:12,1.29,14242,385.02,3465.18,Gampaha
500206,40037,MOTHA STRAWBERRY JELLY 100G,11,2026-03-11 18:03:12,0.43,14242,128.42,1412.62,Gampaha
500206,40108,RICHLIFE MILK POWDER 400G,10,2026-03-11 18:03:12,3.8,14242,1133.77,11337.7,Gampaha
500206,40021,ELEPHANT HOUSE VANILLA ICE CREAM 1L,5,2026-03-11 18:03:12,3.1,14242,924.72,4623.6,Gampaha
500206,40055,LIFEBUOY SOAP 100G,3,2026-03-11 18:03:12,0.49,14242,146.5,439.5,Gampaha
500206,40089,KANDOS CHOCOLATE BAR 100G,42,2026-03-11 18:03:12,0.94,14242,279.74,11749.08,Gampaha
500206,40030,KIST MIXED FRUIT NECTAR 1L,9,2026-03-11 18:03:12,2.1,14242,627.45,5647.05,Gampaha
500206,40010,MALIBAN MARIE BISCUITS 400G,56,2026-03-11 18:03:12,1.42,14242,424.97,23798.32,Gampaha
500206,40004,ZESTA TEA 400G,9,2026-03-11 18:03:12,4.01,14242,1197.36,10776.24,Gampaha
500206,40089,KANDOS CHOCOLATE BAR 100G,52,2026-03-11 18:03:12,0.87,14242,260.89,13566.28,Gampaha
500206,40053,WIJAYA CHILLI POWDER 250G,11,2026-03-11 18:03:12,1.81,14242,539.56,5935.16,Gampaha
500206,40015,SIDDHALEPA BALM 50G,10,2026-03-11 18:03:12,0.95,14242,284.65,2846.5,Gampaha
500206,40078,SOFTLOGIC COCONUT MILK 400ML,41,2026-03-11 18:03:12,1.26,14242,376.91,15453.31,Gampaha
500206,40110,SERENDIB SALT IODIZED 400G,4,2026-03-11 18:03:12,0.22,14242,64.38,257.52,Gampaha
500206,40083,BOGAWANTALAWA TEA 400G,11,2026-03-11 18:03:12,3.56,14242,1061.78,11679.58,Gampaha
500206,40001,DILMAH CEYLON TEA 500G,6,2026-03-11 18:03:12,4.59,14242,1371.37,8228.22,Gampaha
500206,40015,SIDDHALEPA BALM 50G,11,2026-03-11 18:03:12,1.08,14242,321.72,3538.92,Gampaha
500371,40008,MUNCHEE LEMON PUFF 200G,5,2026-03-23 15:56:21,0.7,14070,209.59,1047.95,Kegalle
500371,40088,CARGILLS FRESH EGGS (10),11,2026-03-23 15:56:21,1.51,14070,450.4,4954.4,Kegalle
500371,40049,ROZA PASTA MACARONI 400G,47,2026-03-23 15:56:21,1.3,14070,388.1,18240.7,Kegalle
500371,40016,LINK SAMAHAN BOX (100 PACKETS),32,2026-03-23 15:56:21,6.19,14070,1845.23,59047.36,Kegalle
500371,40023,RATHTHI MILK POWDER 400G,2,2026-03-23 15:56:21,4.52,14070,1346.82,2693.64,Kegalle
500371,40064,HORLICKS 500G,7,2026-03-23 15:56:21,3.93,14070,1173.38,8213.66,Kegalle
500371,40030,KIST MIXED FRUIT NECTAR 1L,9,2026-03-23 15:56:21,2.33,14070,694.87,6253.83,Kegalle
500371,40010,MALIBAN MARIE BISCUITS 400G,27,2026-03-23 15:56:21,1.28,14070,382.62,10330.74,Kegalle
500371,40028,BAIRAHA CHICKEN 1KG,8,2026-03-23 15:56:21,6.15,14070,1833.32,14666.56,Kegalle
500371,40009,MUNCHEE TIKIRI MARIE 80G,7,2026-03-23 15:56:21,0.28,14070,83.86,587.02,Kegalle
500303,40058,DIVA WASHING POWDER 1KG,11,2026-03-26 14:28:33,2.32,14112,691.13,7602.43,Colombo
500303,40092,ARALIYA COCONUT MILK POWDER 300G,2,2026-03-26 14:28:33,2.99,14112,892.9,1785.8,Colombo
500303,40070,NESPRAY MILK POWDER 400G,5,2026-03-26 14:28:33,4.44,14112,1323.09,6615.45,Colombo
500303,40015,SIDDHALEPA BALM 50G,11,2026-03-26 14:28:33,0.84,14112,250.36,2753.96,Colombo
500303,40057,VIM DISHWASH LIQUID 500ML,8,2026-03-26 14:28:33,1.69,14112,505.4,4043.2,Colombo
500303,40058,DIVA WASHING POWDER 1KG,5,2026-03-26 14:28:33,2.53,14112,755.17,3775.85,Colombo
500303,40058,DIVA WASHING POWDER 1KG,12,2026-03-26 14:28:33,2.79,14112,831.65,9979.8,Colombo
500303,40057,VIM DISHWASH LIQUID 500ML,10,2026-03-26 14:28:33,1.67,14112,496.96,4969.6,Colombo
500303,40081,SPRITE 1.5L,9,2026-03-26 14:28:33,1.34,14112,398.16,3583.44,Colombo
500303,40099,PRIMA CHICKEN NOODLES CUP,11,2026-03-26 14:28:33,0.54,14112,162.09,1782.99,Colombo
500303,40066,PONDS TALCUM POWDER 100G,3,2026-03-26 14:28:33,1.31,14112,389.52,1168.56,Colombo
500303,40008,MUNCHEE LEMON PUFF 200G,10,2026-03-26 14:28:33,0.78,14112,231.67,2316.7,Colombo
500303,40108,RICHLIFE MILK POWDER 400G,1,2026-03-26 14:28:33,3.3,14112,983.06,983.06,Colombo
500303,40099,PRIMA CHICKEN NOODLES CUP,11,2026-03-26 14:28:33,0.48,14112,143.06,1573.66,Colombo
500303,40095,MUNCHEE NICE BISCUIT 200G,3,2026-03-26 14:28:33,0.76,14112,227.87,683.61,Colombo
500303,40090,RITZBURY CHOCOLATE BAR 100G,8,2026-03-26 14:28:33,0.93,14112,277.64,2221.12,Colombo
500303,40075,RANMUTHU RICE 5KG,12,2026-03-26 14:28:33,5.62,14112,1676.33,20115.96,Colombo
500303,40101,CBL EDGE COOKING OIL 1L,11,2026-03-26 14:28:33,3.3,14112,983.5,10818.5,Colombo
500303,40018,MD MANGO CHUTNEY 400G,9,2026-03-26 14:28:33,2.57,14112,767.38,6906.42,Colombo
500303,40046,MARMITE 100G,12,2026-03-26 14:28:33,2.99,14112,891.26,10695.12,Colombo
500074,40082,NECTO 1.5L,3,2026-03-28 13:18:40,1.27,14433,378.77,1136.31,Vavuniya
500074,40089,KANDOS CHOCOLATE BAR 100G,9,2026-03-28 13:18:40,1.04,14433,309.5,2785.5,Vavuniya
500096,40054,PEARS BABY POWDER 100G,11,2026-03-29 17:04:46,0.98,14236,290.91,3200.01,Mullaitivu
500096,40078,SOFTLOGIC COCONUT MILK 400ML,1,2026-03-29 17:04:46,1.3,14236,388.08,388.08,Mullaitivu
500096,40114,DETTOL ANTISEPTIC LIQUID 250ML,1,2026-03-29 17:04:46,2.2,14236,654.94,654.94,Mullaitivu
500096,40021,ELEPHANT HOUSE VANILLA ICE CREAM 1L,2,2026-03-29 17:04:46,2.98,14236,887.85,1775.7,Mullaitivu
500096,40001,DILMAH CEYLON TEA 500G,3,2026-03-29 17:04:46,5.23,14236,1559.25,4677.75,Mullaitivu
500235,40041,BABY CHERAMY SOAP 90G,4,2026-04-06 15:00:19,0.56,14397,167.46,669.84,Colombo
500235,40038,MOTHA FALUDA MIX 100G,10,2026-04-06 15:00:19,0.7,14397,208.25,2082.5,Colombo
500235,40026,KITHUL TREACLE 750ML,1,2026-04-06 15:00:19,7.27,14397,2167.33,2167.33,Colombo
500235,40086,FITS COOKING OIL 1L,3,2026-04-06 15:00:19,3.82,14397,1137.6,3412.8,Colombo
500235,40071,MA MA NOODLES 5 PACK,10,2026-04-06 15:00:19,1.41,14397,419.37,4193.7,Colombo
500235,40002,DILMAH EARL GREY TEA 50 BAGS,12,2026-04-06 15:00:19,2.87,14397,855.78,10269.36,Colombo
500053,40034,HARISCHANDRA COFFEE 100G,10,2026-04-07 17:18:02,1.62,14354,483.3,4833.0,Gampaha
500053,40096,MALIBAN CHOCOLATE WAFER 100G,45,2026-04-07 17:18:02,0.76,14354,225.56,10150.2,Gampaha
500053,40034,HARISCHANDRA COFFEE 100G,2,2026-04-07 17:18:02,1.28,14354,380.42,760.84,Gampaha
500053,40022,ANCHOR MILK POWDER 400G,3,2026-04-07 17:18:02,5.03,14354,1499.46,4498.38,Gampaha
500053,40025,KOTMALE FRESH MILK 1L,12,2026-04-07 17:18:02,1.6,14354,476.69,5720.28,Gampaha
500053,40012,MALIBAN CREAM CRACKER 500G,1,2026-04-07 17:18:02,1.63,14354,486.44,486.44,Gampaha
500053,40022,ANCHOR MILK POWDER 400G,11,2026-04-07 17:18:02,4.28,14354,1276.25,14038.75,Gampaha
500053,40033,HARISCHANDRA NOODLES 400G,9,2026-04-07 17:18:02,0.9,14354,269.38,2424.42,Gampaha
500053,40055,LIFEBUOY SOAP 100G,2,2026-04-07 17:18:02,0.45,14354,135.17,270.34,Gampaha
500053,40100,HARISCHANDRA MILK TEA POWDER 200G,5,2026-04-07 17:18:02,1.72,14354,511.58,2557.9,Gampaha
500053,40052,WIJAYA ROASTED CURRY POWDER 250G,2,2026-04-07 17:18:02,1.41,14354,419.75,839.5,Gampaha
500053,40060,SUNLIGHT SOAP 115G,8,2026-04-07 17:18:02,0.51,14354,152.09,1216.72,Gampaha
500119,40103,SOYA MEAT CHUNKS 400G,9,2026-04-10 18:52:50,1.28,14386,381.51,3433.59,Galle
500119,40040,SIGNAL TOOTHPASTE 120G,6,2026-04-10 18:52:50,0.79,14386,234.08,1404.48,Galle
500119,40080,COCA-COLA 1.5L,9,2026-04-10 18:52:50,1.31,14386,391.37,3522.33,Galle
500119,40063,MILO 400G,4,2026-04-10 18:52:50,3.32,14386,988.55,3954.2,Galle
500119,40020,ELEPHANT HOUSE CREAM SODA 1.5L,3,2026-04-10 18:52:50,1.45,14386,432.07,1296.21,Galle
500119,40040,SIGNAL TOOTHPASTE 120G,10,2026-04-10 18:52:50,0.87,14386,258.1,2581.0,Galle
500119,40080,COCA-COLA 1.5L,55,2026-04-10 18:52:50,1.24,14386,367.95,20237.25,Galle
500119,40058,DIVA WASHING POWDER 1KG,4,2026-04-10 18:52:50,2.58,14386,770.05,3080.2,Galle
500119,40065,FAIR & LOVELY CREAM 50G,2,2026-04-10 18:52:50,1.34,14386,399.07,798.14,Galle
500119,40024,HIGHLAND MILK 1L,10,2026-04-10 18:52:50,1.56,14386,464.99,4649.9,Galle
500119,40012,MALIBAN CREAM CRACKER 500G,46,2026-04-10 18:52:50,1.44,14386,428.43,19707.78,Galle
500119,40113,GILLETTE SHAVING FOAM 200ML,6,2026-04-10 18:52:50,2.41,14386,716.64,4299.84,Galle
500119,40057,VIM DISHWASH LIQUID 500ML,12,2026-04-10 18:52:50,1.59,14386,475.14,5701.68,Galle
500119,40058,DIVA WASHING POWDER 1KG,6,2026-04-10 18:52:50,2.73,14386,813.86,4883.16,Galle
500119,40036,MAGGI COCONUT MILK POWDER 300G,10,2026-04-10 18:52:50,2.9,14386,862.9,8629.0,Galle
500119,40108,RICHLIFE MILK POWDER 400G,4,2026-04-10 18:52:50,3.87,14386,1153.62,4614.48,Galle
500119,40019,ELEPHANT HOUSE GINGER BEER 1.5L,11,2026-04-10 18:52:50,1.65,14386,492.45,5416.95,Galle
500119,40042,MARINA COCONUT OIL 1L,28,2026-04-10 18:52:50,3.82,14386,1137.72,31856.16,Galle
500036,40032,PRIMA STELLA NOODLES 400G,8,2026-04-11 14:51:57,1.19,14086,355.88,2847.04,Kurunegala
500036,40009,MUNCHEE TIKIRI MARIE 80G,7,2026-04-11 14:51:57,0.25,14086,75.81,530.67,Kurunegala
500036,40072,FUN FOODS MAYONNAISE 250G,6,2026-04-11 14:51:57,1.86,14086,554.1,3324.6,Kurunegala
500009,40017,MD MIXED FRUIT JAM 500G,25,2026-04-16 10:11:04,2.65,14240,789.72,19743.0,Galle
500009,40089,KANDOS CHOCOLATE BAR 100G,6,2026-04-16 10:11:04,1.03,14240,307.63,1845.78,Galle
500009,40024,HIGHLAND MILK 1L,9,2026-04-16 10:11:04,1.39,14240,413.35,3720.15,Galle
500009,40052,WIJAYA ROASTED CURRY POWDER 250G,11,2026-04-16 10:11:04,1.45,14240,432.85,4761.35,Galle
500009,40067,COLGATE TOOTHPASTE 120G,4,2026-04-16 10:11:04,0.93,14240,276.56,1106.24,Galle
500009,40004,ZESTA TEA 400G,5,2026-04-16 10:11:04,3.74,14240,1113.35,5566.75,Galle
500009,40050,RANCRISP CASHEWS 50G,2,2026-04-16 10:11:04,1.52,14240,452.22,904.44,Galle
500009,40097,KEELLS FROZEN SAUSAGE ROLL 400G,11,2026-04-16 10:11:04,2.01,14240,598.13,6579.43,Galle
500009,40056,SUNSILK BLACK SHAMPOO 200ML,10,2026-04-16 10:11:04,2.38,14240,708.13,7081.3,Galle
500009,40104,CEYLON CINNAMON POWDER 100G,6,2026-04-16 10:11:04,1.61,14240,480.02,2880.12,Galle
C500132,40041,BABY CHERAMY SOAP 90G,-5,2026-04-18 14:25:00,0.57,14610,168.52,-842.6,Batticaloa
500123,40065,FAIR & LOVELY CREAM 50G,3,2026-04-22 12:36:41,1.33,14291,394.44,1183.32,Jaffna
500123,40099,PRIMA CHICKEN NOODLES CUP,42,2026-04-22 12:36:41,0.49,14291,144.39,6064.38,Jaffna
500123,40084,AKBAR TEA 400G,22,2026-04-22 12:36:41,2.41,14291,717.05,15775.1,Jaffna
500123,40094,BASILUR CEYLON TEA GIFT TIN,7,2026-04-22 12:36:41,5.26,14291,1565.52,10958.64,Jaffna
500123,40045,PANADOL 100 TABLETS,5,2026-04-22 12:36:41,1.74,14291,516.63,2583.15,Jaffna
500123,40102,DIAMOND COOKING OIL 1L,12,2026-04-22 12:36:41,2.94,14291,876.46,10517.52,Jaffna
500123,40107,AMBEWELA FRESH MILK 1L,3,2026-04-22 12:36:41,1.2,14291,358.06,1074.18,Jaffna
500123,40009,MUNCHEE TIKIRI MARIE 80G,6,2026-04-22 12:36:41,0.24,14291,71.19,427.14,Jaffna
500123,40010,MALIBAN MARIE BISCUITS 400G,8,2026-04-22 12:36:41,1.51,14291,448.22,3585.76,Jaffna
500123,40097,KEELLS FROZEN SAUSAGE ROLL 400G,2,2026-04-22 12:36:41,1.65,14291,492.12,984.24,Jaffna
500123,40102,DIAMOND COOKING OIL 1L,7,2026-04-22 12:36:41,3.0,14291,893.68,6255.76,Jaffna
500123,40069,ANCHOR BUTTER 200G,12,2026-04-22 12:36:41,3.09,14291,919.1,11029.2,Jaffna
500069,40039,CLOGARD TOOTHPASTE 120G,4,2026-04-24 14:31:26,0.89,14454,264.78,1059.12,Jaffna
500069,40014,SPA CEYLON HAND CREAM,9,2026-04-24 14:31:26,8.54,14454,2540.6,22865.4,Jaffna
500051,40010,MALIBAN MARIE BISCUITS 400G,7,2026-05-01 17:49:37,1.23,14597,365.5,2558.5,Galle
500051,40066,PONDS TALCUM POWDER 100G,12,2026-05-01 17:49:37,1.53,14597,456.61,5479.32,Galle
500051,40084,AKBAR TEA 400G,3,2026-05-01 17:49:37,2.39,14597,709.48,2128.44,Galle
500051,40072,FUN FOODS MAYONNAISE 250G,9,2026-05-01 17:49:37,2.01,14597,598.69,5388.21,Galle
500051,40087,CARGILLS MAGIC SAUSAGES 400G,10,2026-05-01 17:49:37,3.1,14597,922.43,9224.3,Galle
500051,40051,LANKA SOY CHICKEN FLAVOUR 90G,1,2026-05-01 17:49:37,0.41,14597,120.7,120.7,Galle
500051,40101,CBL EDGE COOKING OIL 1L,10,2026-05-01 17:49:37,3.12,14597,928.46,9284.6,Galle
500051,40049,ROZA PASTA MACARONI 400G,11,2026-05-01 17:49:37,1.08,14597,320.68,3527.48,Galle
500051,40046,MARMITE 100G,9,2026-05-01 17:49:37,2.69,14597,801.52,7213.68,Galle
500012,40083,BOGAWANTALAWA TEA 400G,3,2026-05-07 11:16:02,3.78,14321,1123.04,3369.12,Colombo
500012,40081,SPRITE 1.5L,12,2026-05-07 11:16:02,1.36,14321,405.85,4870.2,Colombo
500012,40111,ASTRA MAYONNAISE 250G,12,2026-05-07 11:16:02,1.45,14321,429.83,5157.96,Colombo
500012,DELV,COURIER DELIVERY CHARGE,2,2026-05-07 11:16:02,1.01,14321,300.0,600.0,Colombo
500012,40011,MALIBAN LEMON PUFF 200G,5,2026-05-07 11:16:02,0.74,14321,219.12,1095.6,Colombo
500012,40097,KEELLS FROZEN SAUSAGE ROLL 400G,10,2026-05-07 11:16:02,1.77,14321,527.1,5271.0,Colombo
500012,40006,MUNCHEE SUPER CREAM CRACKER 500G,11,2026-05-07 11:16:02,1.8,14321,535.63,5891.93,Colombo
500012,40061,VELVET BEAUTY SOAP 100G,11,2026-05-07 11:16:02,0.6,14321,177.15,1948.65,Colombo
500012,40071,MA MA NOODLES 5 PACK,46,2026-05-07 11:16:02,1.4,14321,415.8,19126.8,Colombo
500249,40022,ANCHOR MILK POWDER 400G,5,2026-05-10 11:48:32,4.31,14410,1280.45,6402.25,Kalutara
500249,40050,RANCRISP CASHEWS 50G,9,2026-05-10 11:48:32,1.5,14410,445.51,4009.59,Kalutara
500249,40110,SERENDIB SALT IODIZED 400G,12,2026-05-10 11:48:32,0.2,14410,60.56,726.72,Kalutara
500249,40024,HIGHLAND MILK 1L,9,2026-05-10 11:48:32,1.64,14410,486.34,4377.06,Kalutara
500230,40115,PEPSI 1.5L,12,2026-05-15 10:58:12,1.16,14437,345.57,4146.84,Puttalam
500230,40075,RANMUTHU RICE 5KG,12,2026-05-15 10:58:12,6.12,14437,1819.06,21828.72,Puttalam
500230,40017,MD MIXED FRUIT JAM 500G,3,2026-05-15 10:58:12,2.63,14437,780.96,2342.88,Puttalam
500230,40011,MALIBAN LEMON PUFF 200G,12,2026-05-15 10:58:12,0.76,14437,225.04,2700.48,Puttalam
500230,40089,KANDOS CHOCOLATE BAR 100G,10,2026-05-15 10:58:12,1.04,14437,307.74,3077.4,Puttalam
500075,40042,MARINA COCONUT OIL 1L,9,2026-05-15 11:20:25,3.28,14067,974.9,8774.1,Galle
500075,40065,FAIR & LOVELY CREAM 50G,3,2026-05-15 11:20:25,1.18,14067,351.39,1054.17,Galle
500075,40106,KOTMALE ICE CREAM VANILLA 1L,3,2026-05-15 11:20:25,3.93,14067,1169.26,3507.78,Galle
500075,40050,RANCRISP CASHEWS 50G,12,2026-05-15 11:20:25,1.39,14067,413.31,4959.72,Galle
500075,40072,FUN FOODS MAYONNAISE 250G,5,2026-05-15 11:20:25,2.04,14067,606.49,3032.45,Galle
500075,40076,CEYLON COLD STORES YOGHURT 80G,1,2026-05-15 11:20:25,0.35,14067,103.83,103.83,Galle
500075,40044,HAPPY COW CHEESE 120G,10,2026-05-15 11:20:25,3.0,14067,891.18,8911.8,Galle
500081,40084,AKBAR TEA 400G,8,2026-05-18 16:27:50,2.38,14324,707.95,5663.6,Hambantota
500081,40012,MALIBAN CREAM CRACKER 500G,10,2026-05-18 16:27:50,1.53,14324,455.79,4557.9,Hambantota
500081,40035,CBL SAMAPOSHA 200G,10,2026-05-18 16:27:50,0.66,14324,196.93,1969.3,Hambantota
500081,40102,DIAMOND COOKING OIL 1L,10,2026-05-18 16:27:50,3.26,14324,968.26,9682.6,Hambantota
500081,40026,KITHUL TREACLE 750ML,5,2026-05-18 16:27:50,7.27,14324,2160.38,10801.9,Hambantota
500081,40036,MAGGI COCONUT MILK POWDER 300G,57,2026-05-18 16:27:50,2.89,14324,858.9,48957.3,Hambantota
500081,40043,ASTRA MARGARINE 250G,11,2026-05-18 16:27:50,1.59,14324,472.08,5192.88,Hambantota
500081,40053,WIJAYA CHILLI POWDER 250G,3,2026-05-18 16:27:50,1.92,14324,569.26,1707.78,Hambantota
500081,40066,PONDS TALCUM POWDER 100G,4,2026-05-18 16:27:50,1.4,14324,416.28,1665.12,Hambantota
500177,40114,DETTOL ANTISEPTIC LIQUID 250ML,12,2026-05-21 17:57:10,2.04,14346,606.85,7282.2,Colombo
500177,40068,CLOSE UP TOOTHPASTE 120G,8,2026-05-21 17:57:10,0.9,14346,267.6,2140.8,Colombo
500177,40046,MARMITE 100G,8,2026-05-21 17:57:10,3.16,14346,938.21,7505.68,Colombo
500177,40062,NESTOMALT 400G,11,2026-05-21 17:57:10,2.6,14346,773.46,8508.06,Colombo
500177,40077,PILAWOOS FALOODA MIX 200G,7,2026-05-21 17:57:10,1.45,14346,429.85,3008.95,Colombo
500177,40099,PRIMA CHICKEN NOODLES CUP,3,2026-05-21 17:57:10,0.47,14346,139.92,419.76,Colombo
500177,40072,FUN FOODS MAYONNAISE 250G,3,2026-05-21 17:57:10,1.76,14346,522.49,1567.47,Colombo
500177,40030,KIST MIXED FRUIT NECTAR 1L,8,2026-05-21 17:57:10,2.38,14346,707.35,5658.8,Colombo
500177,40090,RITZBURY CHOCOLATE BAR 100G,7,2026-05-21 17:57:10,1.01,14346,300.84,2105.88,Colombo
500177,40009,MUNCHEE TIKIRI MARIE 80G,11,2026-05-21 17:57:10,0.24,14346,72.66,799.26,Colombo
500177,40082,NECTO 1.5L,9,2026-05-21 17:57:10,1.29,14346,382.09,3438.81,Colombo
500177,40009,MUNCHEE TIKIRI MARIE 80G,2,2026-05-21 17:57:10,0.24,14346,70.91,141.82,Colombo
500177,40104,CEYLON CINNAMON POWDER 100G,9,2026-05-21 17:57:10,1.32,14346,391.4,3522.6,Colombo
500177,40080,COCA-COLA 1.5L,5,2026-05-21 17:57:10,1.33,14346,395.79,1978.95,Colombo
500177,40014,SPA CEYLON HAND CREAM,5,2026-05-21 17:57:10,9.18,14346,2725.85,13629.25,Colombo
500177,40054,PEARS BABY POWDER 100G,2,2026-05-21 17:57:10,0.95,14346,283.07,566.14,Colombo
500177,40027,KEELLS CHICKEN SAUSAGES 500G,23,2026-05-21 17:57:10,3.63,14346,1078.51,24805.73,Colombo
500177,40093,LIPTON YELLOW LABEL TEA 400G,2,2026-05-21 17:57:10,3.49,14346,1035.72,2071.44,Colombo
500177,40083,BOGAWANTALAWA TEA 400G,9,2026-05-21 17:57:10,3.6,14346,1068.53,9616.77,Colombo
500177,40085,RANFAT COOKING OIL 1L,3,2026-05-21 17:57:10,4.77,14346,1418.1,4254.3,Colombo
500017,40015,SIDDHALEPA BALM 50G,7,2026-05-27 15:58:25,1.04,14085,309.77,2168.39,Galle
500017,40026,KITHUL TREACLE 750ML,6,2026-05-27 15:58:25,7.36,14085,2185.8,13114.8,Galle
500017,40099,PRIMA CHICKEN NOODLES CUP,36,2026-05-27 15:58:25,0.5,14085,148.05,5329.8,Galle
500392,40082,NECTO 1.5L,7,2026-05-31 11:21:34,1.24,14587,366.79,2567.53,Hambantota
500392,40045,PANADOL 100 TABLETS,1,2026-05-31 11:21:34,1.74,14587,516.99,516.99,Hambantota
500392,40083,BOGAWANTALAWA TEA 400G,4,2026-05-31 11:21:34,3.86,14587,1146.31,4585.24,Hambantota
500392,40017,MD MIXED FRUIT JAM 500G,7,2026-05-31 11:21:34,2.8,14587,832.01,5824.07,Hambantota
500392,40079,CEYLON TOBACCO (CIGARETTES PACK),6,2026-05-31 11:21:34,4.23,14587,1257.05,7542.3,Hambantota
500392,40021,ELEPHANT HOUSE VANILLA ICE CREAM 1L,6,2026-05-31 11:21:34,3.31,14587,983.45,5900.7,Hambantota
500392,40061,VELVET BEAUTY SOAP 100G,2,2026-05-31 11:21:34,0.57,14587,169.13,338.26,Hambantota
500392,40042,MARINA COCONUT OIL 1L,7,2026-05-31 11:21:34,3.38,14587,1002.6,7018.2,Hambantota
500392,40019,ELEPHANT HOUSE GINGER BEER 1.5L,9,2026-05-31 11:21:34,1.74,14587,516.47,4648.23,Hambantota
500392,40081,SPRITE 1.5L,2,2026-05-31 11:21:34,1.29,14587,383.87,767.74,Hambantota
500392,40007,MUNCHEE CHOCOLATE BISCUIT 200G,2,2026-05-31 11:21:34,0.95,14587,281.57,563.14,Hambantota
500392,40032,PRIMA STELLA NOODLES 400G,11,2026-05-31 11:21:34,1.15,14587,340.76,3748.36,Hambantota
500392,40008,MUNCHEE LEMON PUFF 200G,4,2026-05-31 11:21:34,0.72,14587,214.92,859.68,Hambantota
500392,40058,DIVA WASHING POWDER 1KG,11,2026-05-31 11:21:34,2.61,14587,774.23,8516.53,Hambantota
500392,40085,RANFAT COOKING OIL 1L,6,2026-05-31 11:21:34,4.94,14587,1465.29,8791.74,Hambantota
500392,40084,AKBAR TEA 400G,2,2026-05-31 11:21:34,2.48,14587,735.6,1471.2,Hambantota
500392,40009,MUNCHEE TIKIRI MARIE 80G,11,2026-05-31 11:21:34,0.26,14587,76.97,846.67,Hambantota
500392,40115,PEPSI 1.5L,11,2026-05-31 11:21:34,1.19,14587,353.33,3886.63,Hambantota
500392,40091,USWATTE SPICES MIXED CURRY POWDER 100G,2,2026-05-31 11:21:34,0.8,14587,238.32,476.64,Hambantota
500392,40092,ARALIYA COCONUT MILK POWDER 300G,3,2026-05-31 11:21:34,2.82,14587,836.79,2510.37,Hambantota
500344,40032,PRIMA STELLA NOODLES 400G,9,2026-06-23 14:16:34,1.19,14526,353.92,3185.28,Kandy
500344,40018,MD MANGO CHUTNEY 400G,8,2026-06-23 14:16:34,2.4,14526,711.56,5692.48,Kandy
500344,40082,NECTO 1.5L,33,2026-06-23 14:16:34,1.47,14526,434.79,14348.07,Kandy
500344,40009,MUNCHEE TIKIRI MARIE 80G,6,2026-06-23 14:16:34,0.3,14526,87.45,524.7,Kandy
500344,40062,NESTOMALT 400G,12,2026-06-23 14:16:34,2.28,14526,675.99,8111.88,Kandy
500344,40080,COCA-COLA 1.5L,46,2026-06-23 14:16:34,1.42,14526,420.52,19343.92,Kandy
500199,40013,SPA CEYLON SLEEP BODY LOTION,2,2026-06-26 17:49:02,12.31,14154,3646.11,7292.22,Ampara
500199,40035,CBL SAMAPOSHA 200G,7,2026-06-26 17:49:02,0.71,14154,210.39,1472.73,Ampara
500199,40010,MALIBAN MARIE BISCUITS 400G,7,2026-06-26 17:49:02,1.38,14154,409.15,2864.05,Ampara
500199,40061,VELVET BEAUTY SOAP 100G,4,2026-06-26 17:49:02,0.64,14154,190.38,761.52,Ampara
500199,40063,MILO 400G,8,2026-06-26 17:49:02,3.19,14154,944.66,7557.28,Ampara
500199,40013,SPA CEYLON SLEEP BODY LOTION,9,2026-06-26 17:49:02,12.42,14154,3680.12,33121.08,Ampara
500199,40006,MUNCHEE SUPER CREAM CRACKER 500G,2,2026-06-26 17:49:02,1.83,14154,540.75,1081.5,Ampara
500199,40031,PRIMA KOTTU MEE CUP,12,2026-06-26 17:49:02,0.54,14154,158.83,1905.96,Ampara
500199,40074,ARALIYA WHITE RICE 5KG,53,2026-06-26 17:49:02,6.06,14154,1794.65,95116.45,Ampara
500199,40009,MUNCHEE TIKIRI MARIE 80G,1,2026-06-26 17:49:02,0.27,14154,78.71,78.71,Ampara
500199,40085,RANFAT COOKING OIL 1L,42,2026-06-26 17:49:02,4.43,14154,1313.47,55165.74,Ampara
500199,40053,WIJAYA CHILLI POWDER 250G,1,2026-06-26 17:49:02,1.9,14154,562.65,562.65,Ampara
500199,40014,SPA CEYLON HAND CREAM,12,2026-06-26 17:49:02,9.03,14154,2674.43,32093.16,Ampara
500199,40078,SOFTLOGIC COCONUT MILK 400ML,3,2026-06-26 17:49:02,1.22,14154,361.5,1084.5,Ampara
500199,40011,MALIBAN LEMON PUFF 200G,5,2026-06-26 17:49:02,0.85,14154,252.39,1261.95,Ampara
500199,40007,MUNCHEE CHOCOLATE BISCUIT 200G,10,2026-06-26 17:49:02,0.78,14154,230.15,2301.5,Ampara
500199,40095,MUNCHEE NICE BISCUIT 200G,3,2026-06-26 17:49:02,0.68,14154,202.06,606.18,Ampara
500199,40057,VIM DISHWASH LIQUID 500ML,4,2026-06-26 17:49:02,1.93,14154,571.08,2284.32,Ampara
500199,40022,ANCHOR MILK POWDER 400G,7,2026-06-26 17:49:02,4.26,14154,1261.21,8828.47,Ampara
500199,40047,PELWATTE BUTTER 200G,2,2026-06-26 17:49:02,3.02,14154,894.99,1789.98,Ampara
