InvoiceNo,StockCode,Description,Quantity,InvoiceDate,UnitPrice,CustomerID,UnitPrice_LKR,Total_Price_LKR,District
540001,40002,DILMAH EARL GREY TEA 50 BAGS,6,2020-01-01 16:22:15,4.63,,850.0,5100.0,Kegalle
540002,40049,ROZA PASTA MACARONI 400G,1,2020-01-02 08:26:22,1.63,401113.0,300.0,300.0,Batticaloa
540003,40022,ANCHOR MILK POWDER 400G,4,2020-01-02 19:26:24,6.27,401149.0,1150.0,4600.0,Gampaha
540004,40071,MA MA NOODLES 5 PACK,2,2020-01-03 17:14:44,2.18,401205.0,400.0,800.0,Gampaha
540005,40007,MUNCHEE CHOCOLATE BISCUIT 200G,5,2020-01-03 20:29:05,1.2,401028.0,220.0,1100.0,Colombo
540006,40001,DILMAH CEYLON TEA 500G,12,2020-01-05 19:37:50,6.54,401109.0,1200.0,14400.0,Colombo
540007,40008,MUNCHEE LEMON PUFF 200G,2,2020-01-07 12:18:19,1.09,401203.0,200.0,400.0,Badulla
540008,40090,RITZBURY CHOCOLATE BAR 100G,5,2020-01-07 15:41:06,1.42,401014.0,260.0,1300.0,Colombo
540009,40053,WIJAYA CHILLI POWDER 250G,3,2020-01-11 10:03:36,2.45,401021.0,450.0,1350.0,Matara
540010,40033,HARISCHANDRA NOODLES 400G,1,2020-01-13 12:53:04,1.36,401139.0,250.0,250.0,Ratnapura
540011,40002,DILMAH EARL GREY TEA 50 BAGS,10,2020-01-16 15:54:00,4.63,401007.0,850.0,8500.0,Matara
540012,40034,HARISCHANDRA COFFEE 100G,1,2020-01-16 16:36:44,2.07,401009.0,380.0,380.0,Kalutara
540013,40069,ANCHOR BUTTER 200G,4,2020-01-20 19:00:19,4.25,401068.0,780.0,3120.0,Kurunegala
540014,40016,LINK SAMAHAN BOX (100 PACKETS),3,2020-01-27 17:23:37,8.17,401150.0,1500.0,4500.0,Gampaha
540015,40063,MILO 400G,4,2020-01-28 17:23:20,4.25,401108.0,780.0,3120.0,Gampaha
540016,40006,MUNCHEE SUPER CREAM CRACKER 500G,10,2020-02-01 20:51:28,2.45,401183.0,450.0,4500.0,Polonnaruwa
540017,40006,MUNCHEE SUPER CREAM CRACKER 500G,2,2020-02-02 19:23:25,2.45,,450.0,900.0,Kalutara
540018,40091,USWATTE SPICES MIXED CURRY POWDER 100G,1,2020-02-06 11:07:04,1.2,401206.0,220.0,220.0,Kalutara
540019,40078,SOFTLOGIC COCONUT MILK 400ML,2,2020-02-06 16:41:40,1.74,401050.0,320.0,640.0,Polonnaruwa
540020,40084,AKBAR TEA 400G,2,2020-02-07 13:45:45,3.81,401153.0,700.0,1400.0,Kegalle
540021,40069,ANCHOR BUTTER 200G,1,2020-02-12 17:13:05,4.25,401213.0,780.0,780.0,Moneragala
540022,40083,BOGAWANTALAWA TEA 400G,6,2020-02-13 18:06:34,4.9,401107.0,900.0,5400.0,Gampaha
540023,40073,DELMEGE BASMATI RICE 5KG,4,2020-02-14 14:34:56,11.44,401150.0,2100.0,8400.0,Polonnaruwa
540024,40003,DILMAH GREEN TEA 20 BAGS,2,2020-02-20 15:48:30,3.0,401039.0,550.0,1100.0,Badulla
540025,40086,FITS COOKING OIL 1L,2,2020-02-21 18:12:15,5.99,,1100.0,2200.0,Anuradhapura
540026,40002,DILMAH EARL GREY TEA 50 BAGS,4,2020-02-22 15:26:46,4.63,401081.0,850.0,3400.0,Hambantota
540027,40061,VELVET BEAUTY SOAP 100G,3,2020-03-01 15:40:53,0.82,401101.0,150.0,450.0,Badulla
540028,40035,CBL SAMAPOSHA 200G,2,2020-03-07 17:11:00,0.98,401045.0,180.0,360.0,Matara
540029,40003,DILMAH GREEN TEA 20 BAGS,3,2020-03-09 19:39:32,3.0,401094.0,550.0,1650.0,Kegalle
540030,40004,ZESTA TEA 400G,1,2020-03-10 15:13:43,5.72,401143.0,1050.0,1050.0,Colombo
540031,40045,PANADOL 100 TABLETS,2,2020-03-11 18:32:30,2.45,401061.0,450.0,900.0,Gampaha
540032,40008,MUNCHEE LEMON PUFF 200G,8,2020-03-13 10:26:33,1.09,401051.0,200.0,1600.0,Trincomalee
540033,40091,USWATTE SPICES MIXED CURRY POWDER 100G,5,2020-03-14 13:09:37,1.2,,220.0,1100.0,Gampaha
540034,40018,MD MANGO CHUTNEY 400G,20,2020-03-16 19:37:06,3.54,401080.0,650.0,13000.0,Gampaha
540035,40001,DILMAH CEYLON TEA 500G,1,2020-03-17 12:08:28,6.54,401138.0,1200.0,1200.0,Colombo
540036,40002,DILMAH EARL GREY TEA 50 BAGS,1,2020-03-18 15:29:23,4.63,401047.0,850.0,850.0,Batticaloa
540037,40018,MD MANGO CHUTNEY 400G,4,2020-03-18 19:01:17,3.54,401214.0,650.0,2600.0,Jaffna
540038,40086,FITS COOKING OIL 1L,2,2020-03-21 16:51:00,5.99,401197.0,1100.0,2200.0,Colombo
540039,40012,MALIBAN CREAM CRACKER 500G,2,2020-03-21 19:00:39,2.29,401014.0,420.0,840.0,Ratnapura
540040,40005,WATAWALA TEA 400G,1,2020-03-25 19:33:04,4.25,401054.0,780.0,780.0,Badulla
540041,40035,CBL SAMAPOSHA 200G,5,2020-03-28 11:12:18,0.98,401006.0,180.0,900.0,Colombo
540042,40003,DILMAH GREEN TEA 20 BAGS,2,2020-03-29 08:20:47,3.0,401105.0,550.0,1100.0,Trincomalee
540043,40004,ZESTA TEA 400G,8,2020-03-30 16:23:21,5.72,401062.0,1050.0,8400.0,Colombo
540044,40082,NECTO 1.5L,3,2020-04-01 08:25:49,1.91,401049.0,350.0,1050.0,Colombo
540045,40007,MUNCHEE CHOCOLATE BISCUIT 200G,15,2020-04-03 19:47:41,1.2,,220.0,3300.0,Jaffna
540046,40061,VELVET BEAUTY SOAP 100G,3,2020-04-07 10:26:17,0.82,,150.0,450.0,Matara
540047,40021,ELEPHANT HOUSE VANILLA ICE CREAM 1L,5,2020-04-07 13:08:35,4.36,401008.0,800.0,4000.0,Galle
540048,40004,ZESTA TEA 400G,5,2020-04-09 18:32:09,5.72,,1050.0,5250.0,Kegalle
540049,40016,LINK SAMAHAN BOX (100 PACKETS),1,2020-04-12 11:33:38,8.17,401073.0,1500.0,1500.0,Jaffna
540050,40016,LINK SAMAHAN BOX (100 PACKETS),3,2020-04-13 14:45:58,8.17,401200.0,1500.0,4500.0,Vavuniya
540051,40059,SURF EXCEL 1KG,2,2020-04-14 15:10:46,4.63,401169.0,850.0,1700.0,Galle
540052,40007,MUNCHEE CHOCOLATE BISCUIT 200G,4,2020-04-14 16:43:10,1.2,401221.0,220.0,880.0,Ampara
540053,40018,MD MANGO CHUTNEY 400G,2,2020-04-18 12:35:12,3.54,401163.0,650.0,1300.0,Polonnaruwa
C540054,40055,LIFEBUOY SOAP 100G,-2,2020-04-21 17:44:21,0.71,,130.0,-260.0,Matara
540055,40007,MUNCHEE CHOCOLATE BISCUIT 200G,8,2020-04-23 18:41:58,1.2,401188.0,220.0,1760.0,Gampaha
540056,40087,CARGILLS MAGIC SAUSAGES 400G,4,2020-04-23 19:20:00,4.25,401109.0,780.0,3120.0,Colombo
540057,40014,SPA CEYLON HAND CREAM,2,2020-04-30 16:30:31,11.99,,2200.0,4400.0,Ampara
540058,40001,DILMAH CEYLON TEA 500G,1,2020-05-01 12:45:11,6.54,,1200.0,1200.0,Ampara
540059,40088,CARGILLS FRESH EGGS (10),2,2020-05-01 15:09:26,1.91,401046.0,350.0,700.0,Galle
540060,40083,BOGAWANTALAWA TEA 400G,3,2020-05-02 14:13:16,4.9,,900.0,2700.0,Matara
540061,40001,DILMAH CEYLON TEA 500G,10,2020-05-05 09:43:51,6.54,401010.0,1200.0,12000.0,Colombo
540062,40007,MUNCHEE CHOCOLATE BISCUIT 200G,3,2020-05-05 09:56:27,1.2,401150.0,220.0,660.0,Gampaha
540063,40052,WIJAYA ROASTED CURRY POWDER 250G,2,2020-05-05 18:38:50,2.18,401172.0,400.0,800.0,Moneragala
540064,40012,MALIBAN CREAM CRACKER 500G,1,2020-05-06 08:35:51,2.29,401016.0,420.0,420.0,Gampaha
540065,40059,SURF EXCEL 1KG,1,2020-05-06 13:37:46,4.63,401176.0,850.0,850.0,Colombo
540066,DELV,COURIER DELIVERY CHARGE,4,2020-05-12 10:21:09,3.0,401020.0,550.5,2202.0,Kegalle
540067,40045,PANADOL 100 TABLETS,2,2020-05-13 12:20:01,2.45,401203.0,450.0,900.0,Matara
540068,40001,DILMAH CEYLON TEA 500G,3,2020-05-13 15:45:18,6.54,401067.0,1200.0,3600.0,Gampaha
540069,40085,RANFAT COOKING OIL 1L,6,2020-05-14 10:03:02,6.27,401073.0,1150.0,6900.0,Puttalam
540070,40028,BAIRAHA CHICKEN 1KG,2,2020-05-18 20:18:18,7.9,401091.0,1450.0,2900.0,Gampaha
540071,40001,DILMAH CEYLON TEA 500G,5,2020-05-19 08:02:43,6.54,401141.0,1200.0,6000.0,Matara
540072,40066,PONDS TALCUM POWDER 100G,5,2020-05-20 20:37:46,2.07,401180.0,380.0,1900.0,Colombo
540073,40037,MOTHA STRAWBERRY JELLY 100G,1,2020-05-27 14:57:21,0.65,401013.0,120.0,120.0,Kurunegala
540074,40016,LINK SAMAHAN BOX (100 PACKETS),8,2020-05-28 19:28:31,8.17,401216.0,1500.0,12000.0,Colombo
540075,40075,RANMUTHU RICE 5KG,3,2020-05-29 17:54:42,8.17,401046.0,1500.0,4500.0,Matara
540076,40016,LINK SAMAHAN BOX (100 PACKETS),1,2020-05-30 14:00:26,8.17,,1500.0,1500.0,Puttalam
540077,40002,DILMAH EARL GREY TEA 50 BAGS,5,2020-06-01 17:51:39,4.63,401080.0,850.0,4250.0,Ampara
540078,40002,DILMAH EARL GREY TEA 50 BAGS,3,2020-06-01 20:51:02,4.63,401109.0,850.0,2550.0,Kandy
540079,40077,PILAWOOS FALOODA MIX 200G,3,2020-06-02 15:01:06,1.91,401019.0,350.0,1050.0,Kandy
540080,40004,ZESTA TEA 400G,5,2020-06-06 11:05:36,5.72,401020.0,1050.0,5250.0,Kurunegala
540081,40001,DILMAH CEYLON TEA 500G,1,2020-06-08 20:07:49,6.54,401176.0,1200.0,1200.0,Kegalle
540082,40020,ELEPHANT HOUSE CREAM SODA 1.5L,3,2020-06-10 12:27:21,2.18,401197.0,400.0,1200.0,Kandy
540083,40087,CARGILLS MAGIC SAUSAGES 400G,4,2020-06-11 12:33:47,4.25,401033.0,780.0,3120.0,Batticaloa
540084,40005,WATAWALA TEA 400G,10,2020-06-14 17:56:59,4.25,401077.0,780.0,7800.0,Mullaitivu
540085,40002,DILMAH EARL GREY TEA 50 BAGS,1,2020-06-16 10:52:21,4.63,,850.0,850.0,Matara
540086,40042,MARINA COCONUT OIL 1L,1,2020-06-18 17:42:35,5.18,401135.0,950.0,950.0,Galle
540087,40045,PANADOL 100 TABLETS,3,2020-06-19 20:57:07,2.45,,450.0,1350.0,Galle
540088,40072,FUN FOODS MAYONNAISE 250G,15,2020-06-21 12:58:49,2.67,401001.0,490.0,7350.0,Kalutara
540089,40005,WATAWALA TEA 400G,8,2020-06-23 09:01:30,4.25,401055.0,780.0,6240.0,Badulla
540090,40018,MD MANGO CHUTNEY 400G,12,2020-06-23 11:49:30,3.54,401019.0,650.0,7800.0,Moneragala
540091,40002,DILMAH EARL GREY TEA 50 BAGS,4,2020-06-25 15:16:14,4.63,401196.0,850.0,3400.0,Polonnaruwa
540092,40005,WATAWALA TEA 400G,3,2020-06-25 20:00:22,4.25,401097.0,780.0,2340.0,Anuradhapura
540093,40020,ELEPHANT HOUSE CREAM SODA 1.5L,6,2020-06-26 13:01:42,2.18,401002.0,400.0,2400.0,Kandy
540094,40042,MARINA COCONUT OIL 1L,2,2020-06-27 13:18:04,5.18,401154.0,950.0,1900.0,Colombo
540095,40002,DILMAH EARL GREY TEA 50 BAGS,3,2020-06-29 09:55:11,4.63,401084.0,850.0,2550.0,Kalutara
540096,40018,MD MANGO CHUTNEY 400G,6,2020-06-29 18:16:38,3.54,401088.0,650.0,3900.0,Badulla
540097,40060,SUNLIGHT SOAP 115G,2,2020-06-30 17:33:14,0.65,401015.0,120.0,240.0,Galle
540098,40002,DILMAH EARL GREY TEA 50 BAGS,4,2020-07-01 12:48:26,4.63,401166.0,850.0,3400.0,Matale
540099,40008,MUNCHEE LEMON PUFF 200G,2,2020-07-11 12:33:57,1.09,401009.0,200.0,400.0,Jaffna
540100,40017,MD MIXED FRUIT JAM 500G,4,2020-07-12 13:07:29,3.54,401159.0,650.0,2600.0,Batticaloa
540101,40001,DILMAH CEYLON TEA 500G,20,2020-07-13 14:56:33,6.54,401057.0,1200.0,24000.0,Kurunegala
540102,40057,VIM DISHWASH LIQUID 500ML,3,2020-07-14 11:52:41,2.45,401078.0,450.0,1350.0,Kurunegala
540103,40014,SPA CEYLON HAND CREAM,5,2020-07-14 14:34:15,11.99,401096.0,2200.0,11000.0,Batticaloa
540104,40035,CBL SAMAPOSHA 200G,2,2020-07-15 15:22:17,0.98,401204.0,180.0,360.0,Trincomalee
540105,40006,MUNCHEE SUPER CREAM CRACKER 500G,1,2020-07-16 10:17:57,2.45,401102.0,450.0,450.0,Kurunegala
540106,40043,ASTRA MARGARINE 250G,3,2020-07-17 10:28:47,2.18,401131.0,400.0,1200.0,Matara
540107,40055,LIFEBUOY SOAP 100G,4,2020-07-18 12:16:17,0.71,401053.0,130.0,520.0,Galle
540108,40001,DILMAH CEYLON TEA 500G,6,2020-07-20 19:50:29,6.54,401179.0,1200.0,7200.0,Galle
540109,40025,KOTMALE FRESH MILK 1L,5,2020-07-22 15:28:32,2.45,401214.0,450.0,2250.0,Anuradhapura
540110,40057,VIM DISHWASH LIQUID 500ML,2,2020-07-22 19:21:19,2.45,401161.0,450.0,900.0,Kalutara
540111,40004,ZESTA TEA 400G,4,2020-07-28 11:21:47,5.72,401058.0,1050.0,4200.0,Puttalam
540112,40006,MUNCHEE SUPER CREAM CRACKER 500G,3,2020-08-11 14:29:57,2.45,401055.0,450.0,1350.0,Galle
540113,40013,SPA CEYLON SLEEP BODY LOTION,2,2020-08-13 13:25:51,19.07,401004.0,3500.0,7000.0,Kalutara
540114,40091,USWATTE SPICES MIXED CURRY POWDER 100G,6,2020-08-14 18:06:04,1.2,401009.0,220.0,1320.0,Kurunegala
540115,40053,WIJAYA CHILLI POWDER 250G,5,2020-08-21 11:19:57,2.45,401091.0,450.0,2250.0,Ratnapura
540116,40039,CLOGARD TOOTHPASTE 120G,2,2020-08-22 09:10:53,1.2,401030.0,220.0,440.0,Trincomalee
540117,40079,CEYLON TOBACCO (CIGARETTES PACK),2,2020-08-25 10:28:30,6.54,401106.0,1200.0,2400.0,Trincomalee
540118,40047,PELWATTE BUTTER 200G,6,2020-08-26 16:49:46,4.09,401125.0,750.0,4500.0,Gampaha
540119,40051,LANKA SOY CHICKEN FLAVOUR 90G,3,2020-08-28 11:43:35,0.65,401123.0,120.0,360.0,Colombo
540120,40030,KIST MIXED FRUIT NECTAR 1L,1,2020-08-29 12:28:14,3.0,401164.0,550.0,550.0,Galle
540121,40087,CARGILLS MAGIC SAUSAGES 400G,4,2020-09-02 17:10:53,4.25,401188.0,780.0,3120.0,Colombo
540122,40002,DILMAH EARL GREY TEA 50 BAGS,2,2020-09-06 20:02:32,4.63,401185.0,850.0,1700.0,Polonnaruwa
540123,40012,MALIBAN CREAM CRACKER 500G,1,2020-09-08 18:30:52,2.29,401217.0,420.0,420.0,Kurunegala
540124,40038,MOTHA FALUDA MIX 100G,10,2020-09-11 15:35:03,1.09,401097.0,200.0,2000.0,Gampaha
540125,40023,RATHTHI MILK POWDER 400G,2,2020-09-13 13:57:17,5.99,401164.0,1100.0,2200.0,Ratnapura
540126,40004,ZESTA TEA 400G,1,2020-09-17 11:52:10,5.72,401183.0,1050.0,1050.0,Hambantota
540127,40002,DILMAH EARL GREY TEA 50 BAGS,10,2020-09-17 14:50:07,4.63,401132.0,850.0,8500.0,Kalutara
540128,40077,PILAWOOS FALOODA MIX 200G,4,2020-09-20 08:40:33,1.91,,350.0,1400.0,Colombo
540129,40021,ELEPHANT HOUSE VANILLA ICE CREAM 1L,8,2020-09-21 09:05:21,4.36,401112.0,800.0,6400.0,Matara
540130,40022,ANCHOR MILK POWDER 400G,12,2020-09-26 13:02:31,6.27,401037.0,1150.0,13800.0,Colombo
540131,40010,MALIBAN MARIE BISCUITS 400G,2,2020-10-05 20:52:12,1.91,401005.0,350.0,700.0,Kurunegala
540132,40021,ELEPHANT HOUSE VANILLA ICE CREAM 1L,3,2020-10-06 11:22:47,4.36,401192.0,800.0,2400.0,Colombo
540133,40014,SPA CEYLON HAND CREAM,2,2020-10-06 17:02:22,11.99,401100.0,2200.0,4400.0,Badulla
540134,40008,MUNCHEE LEMON PUFF 200G,6,2020-10-09 08:41:37,1.09,401067.0,200.0,1200.0,Colombo
540135,40016,LINK SAMAHAN BOX (100 PACKETS),5,2020-10-11 12:29:39,8.17,401135.0,1500.0,7500.0,Colombo
540136,40063,MILO 400G,2,2020-10-13 13:07:05,4.25,401140.0,780.0,1560.0,Anuradhapura
540137,40040,SIGNAL TOOTHPASTE 120G,4,2020-10-15 12:34:56,1.25,401147.0,230.0,920.0,Matara
540138,40010,MALIBAN MARIE BISCUITS 400G,2,2020-10-17 15:35:08,1.91,401080.0,350.0,700.0,Ratnapura
540139,40087,CARGILLS MAGIC SAUSAGES 400G,3,2020-10-19 09:59:17,4.25,401008.0,780.0,2340.0,Jaffna
540140,40001,DILMAH CEYLON TEA 500G,2,2020-10-20 16:38:35,6.54,,1200.0,2400.0,Galle
540141,40007,MUNCHEE CHOCOLATE BISCUIT 200G,1,2020-10-21 14:23:21,1.2,401207.0,220.0,220.0,Gampaha
540142,40006,MUNCHEE SUPER CREAM CRACKER 500G,2,2020-10-21 16:26:40,2.45,401160.0,450.0,900.0,Kalutara
540143,40021,ELEPHANT HOUSE VANILLA ICE CREAM 1L,10,2020-10-21 20:58:58,4.36,401082.0,800.0,8000.0,Kandy
540144,40008,MUNCHEE LEMON PUFF 200G,5,2020-10-22 15:19:43,1.09,401208.0,200.0,1000.0,Polonnaruwa
540145,40018,MD MANGO CHUTNEY 400G,5,2020-10-23 10:31:49,3.54,401060.0,650.0,3250.0,Kalutara
540146,40010,MALIBAN MARIE BISCUITS 400G,20,2020-10-29 12:40:22,1.91,401047.0,350.0,7000.0,Trincomalee
540147,40001,DILMAH CEYLON TEA 500G,4,2020-10-29 12:54:19,6.54,,1200.0,4800.0,Vavuniya
540148,40021,ELEPHANT HOUSE VANILLA ICE CREAM 1L,4,2020-10-29 19:50:13,4.36,401091.0,800.0,3200.0,Gampaha
540149,40005,WATAWALA TEA 400G,3,2020-10-30 10:37:06,4.25,401109.0,780.0,2340.0,Moneragala
540150,40066,PONDS TALCUM POWDER 100G,2,2020-10-30 19:09:58,2.07,401103.0,380.0,760.0,Hambantota
540151,40019,ELEPHANT HOUSE GINGER BEER 1.5L,2,2020-11-02 12:35:13,2.18,,400.0,800.0,Colombo
540152,40002,DILMAH EARL GREY TEA 50 BAGS,3,2020-11-02 13:28:53,4.63,401121.0,850.0,2550.0,Colombo
540153,40014,SPA CEYLON HAND CREAM,10,2020-11-05 10:57:43,11.99,401044.0,2200.0,22000.0,Gampaha
540154,40062,NESTOMALT 400G,20,2020-11-05 15:09:25,3.38,401220.0,620.0,12400.0,Puttalam
540155,40007,MUNCHEE CHOCOLATE BISCUIT 200G,2,2020-11-08 16:09:29,1.2,401152.0,220.0,440.0,Puttalam
540156,40071,MA MA NOODLES 5 PACK,1,2020-11-09 13:58:39,2.18,401124.0,400.0,400.0,Kegalle
540157,40012,MALIBAN CREAM CRACKER 500G,3,2020-11-09 17:24:35,2.29,401079.0,420.0,1260.0,Matara
540158,40071,MA MA NOODLES 5 PACK,2,2020-11-10 15:50:22,2.18,,400.0,800.0,Matale
540159,40007,MUNCHEE CHOCOLATE BISCUIT 200G,2,2020-11-10 17:55:06,1.2,401042.0,220.0,440.0,Colombo
540160,40001,DILMAH CEYLON TEA 500G,6,2020-11-11 10:22:59,6.54,401065.0,1200.0,7200.0,Jaffna
540161,40083,BOGAWANTALAWA TEA 400G,1,2020-11-11 17:13:10,4.9,401185.0,900.0,900.0,Kandy
540162,40003,DILMAH GREEN TEA 20 BAGS,5,2020-11-15 14:43:20,3.0,401002.0,550.0,2750.0,Kilinochchi
540163,40022,ANCHOR MILK POWDER 400G,2,2020-11-17 18:39:30,6.27,401196.0,1150.0,2300.0,Ampara
540164,40029,KIST TOMATO KETCHUP 400G,12,2020-11-18 20:49:24,2.45,401065.0,450.0,5400.0,Matale
540165,40004,ZESTA TEA 400G,2,2020-11-21 11:04:43,5.72,401081.0,1050.0,2100.0,Gampaha
540166,40073,DELMEGE BASMATI RICE 5KG,3,2020-11-21 12:08:17,11.44,,2100.0,6300.0,Galle
540167,40004,ZESTA TEA 400G,15,2020-11-22 11:32:03,5.72,401184.0,1050.0,15750.0,Gampaha
540168,40082,NECTO 1.5L,1,2020-11-23 11:27:17,1.91,401006.0,350.0,350.0,Kegalle
540169,40014,SPA CEYLON HAND CREAM,4,2020-11-25 15:20:11,11.99,401071.0,2200.0,8800.0,Badulla
540170,40074,ARALIYA WHITE RICE 5KG,6,2020-11-25 18:34:12,7.9,401098.0,1450.0,8700.0,Galle
540171,40025,KOTMALE FRESH MILK 1L,2,2020-11-29 16:59:45,2.45,401160.0,450.0,900.0,Kalutara
540172,40036,MAGGI COCONUT MILK POWDER 300G,2,2020-12-01 11:54:28,4.09,401184.0,750.0,1500.0,Galle
540173,40009,MUNCHEE TIKIRI MARIE 80G,1,2020-12-01 14:16:29,0.38,401023.0,70.0,70.0,Jaffna
540174,40028,BAIRAHA CHICKEN 1KG,8,2020-12-02 14:51:19,7.9,401010.0,1450.0,11600.0,Jaffna
540175,40001,DILMAH CEYLON TEA 500G,2,2020-12-02 14:54:08,6.54,,1200.0,2400.0,Gampaha
540176,40072,FUN FOODS MAYONNAISE 250G,5,2020-12-02 16:12:12,2.67,401077.0,490.0,2450.0,Kalutara
540177,40002,DILMAH EARL GREY TEA 50 BAGS,1,2020-12-03 20:36:15,4.63,401141.0,850.0,850.0,Kalutara
540178,40036,MAGGI COCONUT MILK POWDER 300G,12,2020-12-05 10:33:21,4.09,401161.0,750.0,9000.0,Polonnaruwa
540179,40075,RANMUTHU RICE 5KG,1,2020-12-08 09:36:27,8.17,,1500.0,1500.0,Hambantota
540180,40069,ANCHOR BUTTER 200G,2,2020-12-09 20:56:32,4.25,401086.0,780.0,1560.0,Ratnapura
540181,40049,ROZA PASTA MACARONI 400G,2,2020-12-10 19:36:07,1.63,401164.0,300.0,600.0,Badulla
540182,40049,ROZA PASTA MACARONI 400G,3,2020-12-11 20:06:40,1.63,401043.0,300.0,900.0,Badulla
540183,40004,ZESTA TEA 400G,3,2020-12-12 13:10:05,5.72,401056.0,1050.0,3150.0,Puttalam
540184,40025,KOTMALE FRESH MILK 1L,6,2020-12-12 15:52:39,2.45,401079.0,450.0,2700.0,Gampaha
540185,40006,MUNCHEE SUPER CREAM CRACKER 500G,3,2020-12-12 19:49:03,2.45,401158.0,450.0,1350.0,Kandy
540186,40091,USWATTE SPICES MIXED CURRY POWDER 100G,1,2020-12-14 16:17:04,1.2,,220.0,220.0,Kurunegala
540187,40021,ELEPHANT HOUSE VANILLA ICE CREAM 1L,1,2020-12-15 11:13:28,4.36,401090.0,800.0,800.0,Ratnapura
540188,40001,DILMAH CEYLON TEA 500G,2,2020-12-16 12:02:59,6.54,401017.0,1200.0,2400.0,Colombo
540189,40024,HIGHLAND MILK 1L,1,2020-12-16 19:33:05,2.18,401121.0,400.0,400.0,Colombo
540190,40091,USWATTE SPICES MIXED CURRY POWDER 100G,3,2020-12-18 13:26:30,1.2,401068.0,220.0,660.0,Polonnaruwa
540191,40015,SIDDHALEPA BALM 50G,6,2020-12-19 08:40:32,1.36,401096.0,250.0,1500.0,Puttalam
540192,40014,SPA CEYLON HAND CREAM,4,2020-12-20 18:39:24,11.99,401152.0,2200.0,8800.0,Badulla
540193,40076,CEYLON COLD STORES YOGHURT 80G,2,2020-12-21 14:38:54,0.49,401109.0,90.0,180.0,Gampaha
540194,40071,MA MA NOODLES 5 PACK,3,2020-12-22 11:48:24,2.18,401031.0,400.0,1200.0,Kandy
540195,40009,MUNCHEE TIKIRI MARIE 80G,4,2020-12-23 19:34:04,0.38,401019.0,70.0,280.0,Kandy
540196,40030,KIST MIXED FRUIT NECTAR 1L,2,2020-12-25 10:26:24,3.0,,550.0,1100.0,Gampaha
540197,40087,CARGILLS MAGIC SAUSAGES 400G,6,2020-12-27 10:13:51,4.25,401003.0,780.0,4680.0,Galle
540198,40026,KITHUL TREACLE 750ML,5,2020-12-28 16:57:25,9.81,401003.0,1800.0,9000.0,Kandy
540199,40004,ZESTA TEA 400G,2,2020-12-30 14:32:34,5.72,401084.0,1050.0,2100.0,Nuwara Eliya
540200,40002,DILMAH EARL GREY TEA 50 BAGS,3,2021-01-01 17:56:38,4.59,401010.0,890.0,2670.0,Badulla
540201,40015,SIDDHALEPA BALM 50G,2,2021-01-07 12:51:36,1.34,,260.0,520.0,Colombo
540202,40018,MD MANGO CHUTNEY 400G,5,2021-01-09 11:18:11,3.51,401058.0,680.0,3400.0,Matara
540203,40005,WATAWALA TEA 400G,2,2021-01-10 10:03:13,4.2,,815.0,1630.0,Kilinochchi
540204,40065,FAIR & LOVELY CREAM 50G,5,2021-01-11 08:29:08,1.73,401138.0,335.0,1675.0,Kalutara
540205,40083,BOGAWANTALAWA TEA 400G,5,2021-01-11 19:13:52,4.85,,940.0,4700.0,Colombo
540206,40002,DILMAH EARL GREY TEA 50 BAGS,3,2021-01-13 09:26:43,4.59,401172.0,890.0,2670.0,Gampaha
540207,40090,RITZBURY CHOCOLATE BAR 100G,1,2021-01-13 09:37:28,1.39,401083.0,270.0,270.0,Kegalle
540208,40013,SPA CEYLON SLEEP BODY LOTION,6,2021-01-13 16:46:17,18.84,401047.0,3655.0,21930.0,Kalutara
540209,40006,MUNCHEE SUPER CREAM CRACKER 500G,8,2021-01-14 16:22:24,2.42,,470.0,3760.0,Colombo
540210,40046,MARMITE 100G,3,2021-01-14 18:47:47,4.05,,785.0,2355.0,Kegalle
540211,40006,MUNCHEE SUPER CREAM CRACKER 500G,3,2021-01-15 13:59:49,2.42,401058.0,470.0,1410.0,Kurunegala
540212,40008,MUNCHEE LEMON PUFF 200G,3,2021-01-16 12:16:14,1.08,401020.0,210.0,630.0,Matara
540213,40006,MUNCHEE SUPER CREAM CRACKER 500G,3,2021-01-17 13:59:07,2.42,,470.0,1410.0,Batticaloa
540214,40026,KITHUL TREACLE 750ML,1,2021-01-18 13:39:21,9.69,401096.0,1880.0,1880.0,Colombo
540215,40009,MUNCHEE TIKIRI MARIE 80G,4,2021-01-25 12:30:38,0.39,401040.0,75.0,300.0,Ratnapura
540216,40001,DILMAH CEYLON TEA 500G,6,2021-01-30 12:50:04,6.47,401194.0,1255.0,7530.0,Colombo
540217,40011,MALIBAN LEMON PUFF 200G,2,2021-01-30 15:03:37,1.08,401015.0,210.0,420.0,Badulla
540218,40071,MA MA NOODLES 5 PACK,12,2021-01-30 18:25:05,2.16,401087.0,420.0,5040.0,Batticaloa
540219,40022,ANCHOR MILK POWDER 400G,3,2021-02-01 18:59:20,6.19,401027.0,1200.0,3600.0,Kurunegala
540220,40085,RANFAT COOKING OIL 1L,2,2021-02-05 17:02:37,6.19,,1200.0,2400.0,Kalutara
540221,40049,ROZA PASTA MACARONI 400G,1,2021-02-05 20:35:26,1.62,401002.0,315.0,315.0,Colombo
540222,40004,ZESTA TEA 400G,4,2021-02-06 12:25:14,5.64,401036.0,1095.0,4380.0,Gampaha
540223,40002,DILMAH EARL GREY TEA 50 BAGS,4,2021-02-10 12:10:16,4.59,401095.0,890.0,3560.0,Ratnapura
540224,40008,MUNCHEE LEMON PUFF 200G,1,2021-02-11 11:39:50,1.08,401018.0,210.0,210.0,Ampara
540225,40007,MUNCHEE CHOCOLATE BISCUIT 200G,4,2021-02-12 15:23:38,1.19,401126.0,230.0,920.0,Colombo
540226,40019,ELEPHANT HOUSE GINGER BEER 1.5L,1,2021-02-14 13:31:20,2.16,401104.0,420.0,420.0,Kegalle
540227,40034,HARISCHANDRA COFFEE 100G,12,2021-02-14 15:14:22,2.04,,395.0,4740.0,Matale
540228,40027,KEELLS CHICKEN SAUSAGES 500G,3,2021-02-14 15:30:38,5.13,401141.0,995.0,2985.0,Matale
540229,40036,MAGGI COCONUT MILK POWDER 300G,15,2021-02-14 17:27:00,4.05,401047.0,785.0,11775.0,Hambantota
540230,40008,MUNCHEE LEMON PUFF 200G,2,2021-02-19 15:08:42,1.08,401158.0,210.0,420.0,Puttalam
540231,40004,ZESTA TEA 400G,5,2021-02-23 09:58:51,5.64,401156.0,1095.0,5475.0,Colombo
540232,40004,ZESTA TEA 400G,3,2021-02-26 17:26:36,5.64,401055.0,1095.0,3285.0,Hambantota
540233,40043,ASTRA MARGARINE 250G,2,2021-02-27 11:23:48,2.16,401143.0,420.0,840.0,Ratnapura
540234,40035,CBL SAMAPOSHA 200G,5,2021-02-27 14:45:41,0.98,401169.0,190.0,950.0,Matale
540235,40007,MUNCHEE CHOCOLATE BISCUIT 200G,8,2021-02-28 13:28:26,1.19,,230.0,1840.0,Vavuniya
540236,40054,PEARS BABY POWDER 100G,5,2021-03-01 18:23:15,1.34,401163.0,260.0,1300.0,Gampaha
540237,40044,HAPPY COW CHEESE 120G,1,2021-03-02 09:22:43,4.59,401179.0,890.0,890.0,Badulla
540238,40007,MUNCHEE CHOCOLATE BISCUIT 200G,5,2021-03-02 12:07:32,1.19,401140.0,230.0,1150.0,Kurunegala
540239,40063,MILO 400G,10,2021-03-06 13:14:51,4.2,401149.0,815.0,8150.0,Nuwara Eliya
540240,40002,DILMAH EARL GREY TEA 50 BAGS,3,2021-03-07 12:52:46,4.59,401038.0,890.0,2670.0,Galle
540241,40004,ZESTA TEA 400G,15,2021-03-07 20:11:00,5.64,401124.0,1095.0,16425.0,Gampaha
540242,40002,DILMAH EARL GREY TEA 50 BAGS,1,2021-03-08 08:37:57,4.59,401036.0,890.0,890.0,Trincomalee
540243,40008,MUNCHEE LEMON PUFF 200G,10,2021-03-09 14:56:18,1.08,401042.0,210.0,2100.0,Gampaha
540244,40015,SIDDHALEPA BALM 50G,2,2021-03-11 20:31:10,1.34,401086.0,260.0,520.0,Kegalle
540245,40002,DILMAH EARL GREY TEA 50 BAGS,1,2021-03-13 20:29:56,4.59,,890.0,890.0,Moneragala
540246,40018,MD MANGO CHUTNEY 400G,1,2021-03-19 13:50:11,3.51,401009.0,680.0,680.0,Badulla
540247,40002,DILMAH EARL GREY TEA 50 BAGS,1,2021-03-22 17:34:46,4.59,401069.0,890.0,890.0,Puttalam
540248,40017,MD MIXED FRUIT JAM 500G,12,2021-03-22 17:35:55,3.51,401156.0,680.0,8160.0,Badulla
540249,40008,MUNCHEE LEMON PUFF 200G,2,2021-03-24 19:35:59,1.08,401029.0,210.0,420.0,Colombo
540250,40001,DILMAH CEYLON TEA 500G,1,2021-03-26 20:01:26,6.47,401009.0,1255.0,1255.0,Matale
540251,40006,MUNCHEE SUPER CREAM CRACKER 500G,5,2021-03-27 19:10:44,2.42,401043.0,470.0,2350.0,Ampara
540252,40001,DILMAH CEYLON TEA 500G,3,2021-03-29 17:09:34,6.47,,1255.0,3765.0,Badulla
540253,40048,EDINBOROUGH SOY SAUCE 400ML,5,2021-03-29 18:58:30,1.88,401034.0,365.0,1825.0,Ratnapura
540254,40027,KEELLS CHICKEN SAUSAGES 500G,5,2021-03-30 08:07:19,5.13,401135.0,995.0,4975.0,Galle
540255,40010,MALIBAN MARIE BISCUITS 400G,1,2021-04-03 16:13:40,1.88,401088.0,365.0,365.0,Kurunegala
540256,40083,BOGAWANTALAWA TEA 400G,5,2021-04-04 11:34:29,4.85,401205.0,940.0,4700.0,Gampaha
540257,40075,RANMUTHU RICE 5KG,3,2021-04-04 20:32:38,8.09,401091.0,1570.0,4710.0,Polonnaruwa
540258,40007,MUNCHEE CHOCOLATE BISCUIT 200G,4,2021-04-05 08:24:54,1.19,401072.0,230.0,920.0,Nuwara Eliya
540259,40041,BABY CHERAMY SOAP 90G,3,2021-04-05 12:31:00,0.75,401174.0,145.0,435.0,Matale
540260,40005,WATAWALA TEA 400G,5,2021-04-06 11:51:42,4.2,401125.0,815.0,4075.0,Puttalam
540261,40084,AKBAR TEA 400G,1,2021-04-08 20:38:32,3.76,401162.0,730.0,730.0,Matara
540262,40053,WIJAYA CHILLI POWDER 250G,2,2021-04-10 08:25:27,2.42,401126.0,470.0,940.0,Kurunegala
540263,40033,HARISCHANDRA NOODLES 400G,3,2021-04-14 11:38:28,1.34,401075.0,260.0,780.0,Kalutara
540264,40008,MUNCHEE LEMON PUFF 200G,4,2021-04-16 10:28:26,1.08,401182.0,210.0,840.0,Kandy
540265,40069,ANCHOR BUTTER 200G,6,2021-04-16 19:02:56,4.2,401194.0,815.0,4890.0,Hambantota
540266,40011,MALIBAN LEMON PUFF 200G,12,2021-04-16 20:55:26,1.08,401078.0,210.0,2520.0,Galle
540267,40081,SPRITE 1.5L,5,2021-04-17 11:36:28,1.88,401195.0,365.0,1825.0,Moneragala
C540268,40028,BAIRAHA CHICKEN 1KG,-6,2021-04-19 20:47:21,7.81,401062.0,1515.0,-9090.0,Vavuniya
540269,40031,PRIMA KOTTU MEE CUP,8,2021-04-21 08:48:44,0.8,,155.0,1240.0,Kegalle
540270,40002,DILMAH EARL GREY TEA 50 BAGS,2,2021-04-23 09:01:55,4.59,401054.0,890.0,1780.0,Kandy
540271,40003,DILMAH GREEN TEA 20 BAGS,10,2021-04-24 19:18:35,2.96,401171.0,575.0,5750.0,Trincomalee
540272,40065,FAIR & LOVELY CREAM 50G,2,2021-04-24 19:55:33,1.73,401053.0,335.0,670.0,Ampara
540273,40022,ANCHOR MILK POWDER 400G,4,2021-04-24 20:57:16,6.19,401102.0,1200.0,4800.0,Gampaha
540274,40004,ZESTA TEA 400G,1,2021-04-30 16:57:31,5.64,401021.0,1095.0,1095.0,Kalutara
540275,40041,BABY CHERAMY SOAP 90G,6,2021-04-30 20:14:14,0.75,401059.0,145.0,870.0,Badulla
540276,40073,DELMEGE BASMATI RICE 5KG,4,2021-05-02 11:36:54,11.31,401098.0,2195.0,8780.0,Moneragala
540277,40005,WATAWALA TEA 400G,2,2021-05-02 12:28:43,4.2,401154.0,815.0,1630.0,Kandy
540278,40001,DILMAH CEYLON TEA 500G,1,2021-05-03 16:45:03,6.47,401016.0,1255.0,1255.0,Puttalam
540279,40011,MALIBAN LEMON PUFF 200G,3,2021-05-04 18:20:14,1.08,401159.0,210.0,630.0,Ratnapura
540280,40002,DILMAH EARL GREY TEA 50 BAGS,10,2021-05-07 09:50:42,4.59,401044.0,890.0,8900.0,Anuradhapura
540281,40007,MUNCHEE CHOCOLATE BISCUIT 200G,6,2021-05-08 14:03:24,1.19,401020.0,230.0,1380.0,Ratnapura
540282,40085,RANFAT COOKING OIL 1L,1,2021-05-11 08:44:58,6.19,401089.0,1200.0,1200.0,Matara
540283,40020,ELEPHANT HOUSE CREAM SODA 1.5L,1,2021-05-12 08:39:32,2.16,401204.0,420.0,420.0,Ampara
540284,40020,ELEPHANT HOUSE CREAM SODA 1.5L,3,2021-05-13 08:35:17,2.16,401001.0,420.0,1260.0,Ratnapura
540285,40068,CLOSE UP TOOTHPASTE 120G,3,2021-05-13 17:07:06,1.26,401006.0,245.0,735.0,Colombo
540286,40039,CLOGARD TOOTHPASTE 120G,4,2021-05-14 09:28:13,1.19,401021.0,230.0,920.0,Kegalle
540287,40083,BOGAWANTALAWA TEA 400G,1,2021-05-14 12:33:48,4.85,,940.0,940.0,Kandy
540288,40088,CARGILLS FRESH EGGS (10),1,2021-05-16 11:42:45,1.88,401046.0,365.0,365.0,Kurunegala
540289,40011,MALIBAN LEMON PUFF 200G,3,2021-05-17 12:33:13,1.08,401069.0,210.0,630.0,Hambantota
540290,40003,DILMAH GREEN TEA 20 BAGS,12,2021-05-18 10:17:32,2.96,401114.0,575.0,6900.0,Colombo
540291,40051,LANKA SOY CHICKEN FLAVOUR 90G,2,2021-05-18 12:10:56,0.64,401013.0,125.0,250.0,Kurunegala
540292,40008,MUNCHEE LEMON PUFF 200G,5,2021-05-18 12:43:12,1.08,401025.0,210.0,1050.0,Mannar
540293,40004,ZESTA TEA 400G,2,2021-05-19 17:19:15,5.64,401136.0,1095.0,2190.0,Puttalam
540294,40050,RANCRISP CASHEWS 50G,1,2021-05-20 13:42:56,1.88,401059.0,365.0,365.0,Colombo
540295,40002,DILMAH EARL GREY TEA 50 BAGS,1,2021-05-24 14:46:37,4.59,401044.0,890.0,890.0,Kalutara
540296,40006,MUNCHEE SUPER CREAM CRACKER 500G,6,2021-05-26 11:57:26,2.42,401078.0,470.0,2820.0,Kandy
540297,40042,MARINA COCONUT OIL 1L,6,2021-05-26 13:29:13,5.13,401016.0,995.0,5970.0,Matara
540298,40004,ZESTA TEA 400G,10,2021-05-27 09:58:27,5.64,401030.0,1095.0,10950.0,Gampaha
540299,40019,ELEPHANT HOUSE GINGER BEER 1.5L,5,2021-05-27 10:25:33,2.16,401122.0,420.0,2100.0,Hambantota
540300,40008,MUNCHEE LEMON PUFF 200G,4,2021-05-29 11:20:07,1.08,401096.0,210.0,840.0,Kandy
540301,40045,PANADOL 100 TABLETS,2,2021-05-31 16:43:05,2.42,401032.0,470.0,940.0,Colombo
540302,40016,LINK SAMAHAN BOX (100 PACKETS),1,2021-06-01 13:04:27,8.09,401195.0,1570.0,1570.0,Kurunegala
540303,40015,SIDDHALEPA BALM 50G,3,2021-06-01 14:08:21,1.34,401119.0,260.0,780.0,Batticaloa
540304,40088,CARGILLS FRESH EGGS (10),3,2021-06-02 11:08:21,1.88,401103.0,365.0,1095.0,Kalutara
540305,40061,VELVET BEAUTY SOAP 100G,6,2021-06-02 20:16:20,0.8,401031.0,155.0,930.0,Batticaloa
540306,40019,ELEPHANT HOUSE GINGER BEER 1.5L,1,2021-06-05 19:03:46,2.16,401004.0,420.0,420.0,Matale
540307,40004,ZESTA TEA 400G,1,2021-06-06 11:00:50,5.64,,1095.0,1095.0,Galle
540308,40081,SPRITE 1.5L,3,2021-06-06 12:11:36,1.88,,365.0,1095.0,Colombo
540309,40001,DILMAH CEYLON TEA 500G,5,2021-06-07 19:55:11,6.47,401033.0,1255.0,6275.0,Ampara
540310,40004,ZESTA TEA 400G,12,2021-06-09 15:53:37,5.64,401189.0,1095.0,13140.0,Kurunegala
540311,40041,BABY CHERAMY SOAP 90G,1,2021-06-10 10:57:24,0.75,401220.0,145.0,145.0,Badulla
540312,40086,FITS COOKING OIL 1L,2,2021-06-10 12:08:10,5.93,401052.0,1150.0,2300.0,Anuradhapura
540313,40051,LANKA SOY CHICKEN FLAVOUR 90G,3,2021-06-12 11:44:25,0.64,401178.0,125.0,375.0,Colombo
540314,40087,CARGILLS MAGIC SAUSAGES 400G,2,2021-06-14 13:04:22,4.2,401165.0,815.0,1630.0,Colombo
540315,40014,SPA CEYLON HAND CREAM,1,2021-06-14 20:47:07,11.86,,2300.0,2300.0,Matara
540316,40040,SIGNAL TOOTHPASTE 120G,2,2021-06-15 11:29:42,1.24,401005.0,240.0,480.0,Hambantota
540317,40049,ROZA PASTA MACARONI 400G,1,2021-06-16 16:37:05,1.62,,315.0,315.0,Kurunegala
540318,40002,DILMAH EARL GREY TEA 50 BAGS,6,2021-06-18 18:03:14,4.59,401137.0,890.0,5340.0,Gampaha
540319,40064,HORLICKS 500G,5,2021-06-19 16:32:35,5.13,401063.0,995.0,4975.0,Gampaha
540320,40003,DILMAH GREEN TEA 20 BAGS,1,2021-06-20 10:13:33,2.96,401064.0,575.0,575.0,Ampara
540321,40062,NESTOMALT 400G,1,2021-06-22 15:12:02,3.35,,650.0,650.0,Jaffna
540322,40084,AKBAR TEA 400G,4,2021-06-22 19:06:09,3.76,401114.0,730.0,2920.0,Mullaitivu
540323,40064,HORLICKS 500G,1,2021-06-29 20:20:45,5.13,401034.0,995.0,995.0,Kegalle
540324,40040,SIGNAL TOOTHPASTE 120G,3,2021-07-01 10:59:21,1.24,401122.0,240.0,720.0,Badulla
540325,40001,DILMAH CEYLON TEA 500G,15,2021-07-02 15:12:52,6.47,401041.0,1255.0,18825.0,Colombo
540326,40010,MALIBAN MARIE BISCUITS 400G,5,2021-07-06 11:38:27,1.88,401170.0,365.0,1825.0,Kandy
540327,40071,MA MA NOODLES 5 PACK,10,2021-07-09 14:45:45,2.16,401212.0,420.0,4200.0,Badulla
540328,40027,KEELLS CHICKEN SAUSAGES 500G,3,2021-07-11 11:47:35,5.13,401063.0,995.0,2985.0,Kandy
540329,40012,MALIBAN CREAM CRACKER 500G,3,2021-07-12 10:37:29,2.27,401016.0,440.0,1320.0,Gampaha
540330,40024,HIGHLAND MILK 1L,1,2021-07-15 10:10:59,2.16,401206.0,420.0,420.0,Kegalle
540331,40065,FAIR & LOVELY CREAM 50G,12,2021-07-16 11:12:02,1.73,401110.0,335.0,4020.0,Puttalam
540332,40010,MALIBAN MARIE BISCUITS 400G,1,2021-07-20 11:25:14,1.88,401015.0,365.0,365.0,Matara
540333,40002,DILMAH EARL GREY TEA 50 BAGS,5,2021-07-20 18:08:24,4.59,401134.0,890.0,4450.0,Kandy
540334,40015,SIDDHALEPA BALM 50G,2,2021-07-22 20:19:31,1.34,401035.0,260.0,520.0,Colombo
540335,40049,ROZA PASTA MACARONI 400G,4,2021-07-24 11:48:25,1.62,401056.0,315.0,1260.0,Anuradhapura
540336,40003,DILMAH GREEN TEA 20 BAGS,10,2021-07-25 12:01:47,2.96,401130.0,575.0,5750.0,Kalutara
540337,40001,DILMAH CEYLON TEA 500G,1,2021-07-25 20:36:41,6.47,401095.0,1255.0,1255.0,Badulla
540338,40009,MUNCHEE TIKIRI MARIE 80G,8,2021-07-26 11:33:34,0.39,401104.0,75.0,600.0,Kurunegala
540339,40005,WATAWALA TEA 400G,5,2021-07-27 14:49:15,4.2,401130.0,815.0,4075.0,Kandy
540340,40021,ELEPHANT HOUSE VANILLA ICE CREAM 1L,8,2021-07-30 18:50:15,4.3,401029.0,835.0,6680.0,Gampaha
540341,40053,WIJAYA CHILLI POWDER 250G,4,2021-08-04 08:48:59,2.42,401045.0,470.0,1880.0,Nuwara Eliya
540342,40080,COCA-COLA 1.5L,10,2021-08-04 15:22:40,1.88,401164.0,365.0,3650.0,Ratnapura
540343,40001,DILMAH CEYLON TEA 500G,4,2021-08-04 18:50:18,6.47,401197.0,1255.0,5020.0,Jaffna
540344,40057,VIM DISHWASH LIQUID 500ML,1,2021-08-05 20:44:09,2.42,,470.0,470.0,Colombo
540345,40076,CEYLON COLD STORES YOGHURT 80G,2,2021-08-06 15:55:01,0.49,401070.0,95.0,190.0,Gampaha
540346,DELV,COURIER DELIVERY CHARGE,4,2021-08-06 18:06:56,3.0,401027.0,582.0,2328.0,Polonnaruwa
540347,40062,NESTOMALT 400G,4,2021-08-07 11:12:55,3.35,401107.0,650.0,2600.0,Colombo
540348,40008,MUNCHEE LEMON PUFF 200G,15,2021-08-14 14:02:11,1.08,,210.0,3150.0,Colombo
540349,40034,HARISCHANDRA COFFEE 100G,20,2021-08-16 08:31:26,2.04,401088.0,395.0,7900.0,Gampaha
540350,40009,MUNCHEE TIKIRI MARIE 80G,6,2021-08-18 20:08:27,0.39,401093.0,75.0,450.0,Gampaha
540351,40002,DILMAH EARL GREY TEA 50 BAGS,3,2021-08-20 11:07:23,4.59,401175.0,890.0,2670.0,Kandy
540352,40007,MUNCHEE CHOCOLATE BISCUIT 200G,1,2021-08-22 18:43:52,1.19,401056.0,230.0,230.0,Mullaitivu
540353,40083,BOGAWANTALAWA TEA 400G,8,2021-08-22 20:46:39,4.85,401135.0,940.0,7520.0,Kandy
540354,40006,MUNCHEE SUPER CREAM CRACKER 500G,5,2021-08-24 08:59:32,2.42,,470.0,2350.0,Colombo
540355,40019,ELEPHANT HOUSE GINGER BEER 1.5L,3,2021-08-24 15:09:22,2.16,401076.0,420.0,1260.0,Matara
540356,40039,CLOGARD TOOTHPASTE 120G,5,2021-08-27 14:57:18,1.19,401065.0,230.0,1150.0,Moneragala
540357,40028,BAIRAHA CHICKEN 1KG,3,2021-08-31 11:52:44,7.81,,1515.0,4545.0,Ratnapura
540358,40018,MD MANGO CHUTNEY 400G,10,2021-09-01 18:34:37,3.51,,680.0,6800.0,Colombo
540359,40001,DILMAH CEYLON TEA 500G,1,2021-09-02 12:50:16,6.47,401085.0,1255.0,1255.0,Colombo
540360,40090,RITZBURY CHOCOLATE BAR 100G,3,2021-09-02 18:37:31,1.39,401085.0,270.0,810.0,Matara
540361,40068,CLOSE UP TOOTHPASTE 120G,10,2021-09-03 17:42:17,1.26,401006.0,245.0,2450.0,Ratnapura
540362,40004,ZESTA TEA 400G,8,2021-09-05 14:57:13,5.64,401197.0,1095.0,8760.0,Kurunegala
540363,40058,DIVA WASHING POWDER 1KG,8,2021-09-06 10:50:34,3.51,401092.0,680.0,5440.0,Kalutara
540364,40026,KITHUL TREACLE 750ML,1,2021-09-16 08:40:32,9.69,401082.0,1880.0,1880.0,Matara
540365,40091,USWATTE SPICES MIXED CURRY POWDER 100G,5,2021-09-16 19:12:26,1.19,401064.0,230.0,1150.0,Kalutara
540366,40075,RANMUTHU RICE 5KG,4,2021-09-17 09:20:31,8.09,401108.0,1570.0,6280.0,Badulla
540367,40002,DILMAH EARL GREY TEA 50 BAGS,1,2021-09-17 19:04:41,4.59,401169.0,890.0,890.0,Moneragala
540368,40001,DILMAH CEYLON TEA 500G,2,2021-09-18 09:18:53,6.47,401038.0,1255.0,2510.0,Ampara
540369,40041,BABY CHERAMY SOAP 90G,2,2021-09-21 14:36:09,0.75,401152.0,145.0,290.0,Kandy
540370,40025,KOTMALE FRESH MILK 1L,3,2021-09-22 08:53:21,2.42,401001.0,470.0,1410.0,Vavuniya
540371,40017,MD MIXED FRUIT JAM 500G,2,2021-09-25 12:02:48,3.51,401026.0,680.0,1360.0,Jaffna
540372,40010,MALIBAN MARIE BISCUITS 400G,2,2021-10-01 11:30:11,1.88,401142.0,365.0,730.0,Gampaha
540373,40039,CLOGARD TOOTHPASTE 120G,4,2021-10-02 11:31:52,1.19,401012.0,230.0,920.0,Galle
540374,40026,KITHUL TREACLE 750ML,2,2021-10-05 18:31:48,9.69,401033.0,1880.0,3760.0,Moneragala
540375,40041,BABY CHERAMY SOAP 90G,4,2021-10-06 20:04:11,0.75,401023.0,145.0,580.0,Galle
540376,40003,DILMAH GREEN TEA 20 BAGS,8,2021-10-07 09:56:21,2.96,,575.0,4600.0,Kalutara
540377,40022,ANCHOR MILK POWDER 400G,5,2021-10-07 20:27:28,6.19,401007.0,1200.0,6000.0,Anuradhapura
540378,40024,HIGHLAND MILK 1L,2,2021-10-09 11:45:44,2.16,401013.0,420.0,840.0,Vavuniya
540379,40018,MD MANGO CHUTNEY 400G,4,2021-10-09 16:22:04,3.51,401093.0,680.0,2720.0,Kandy
540380,40025,KOTMALE FRESH MILK 1L,3,2021-10-09 17:16:19,2.42,401028.0,470.0,1410.0,Puttalam
540381,40010,MALIBAN MARIE BISCUITS 400G,1,2021-10-13 12:18:32,1.88,401105.0,365.0,365.0,Kandy
540382,40004,ZESTA TEA 400G,2,2021-10-13 17:33:39,5.64,401026.0,1095.0,2190.0,Gampaha
540383,40089,KANDOS CHOCOLATE BAR 100G,6,2021-10-13 18:45:38,1.34,401020.0,260.0,1560.0,Puttalam
540384,40011,MALIBAN LEMON PUFF 200G,4,2021-10-14 16:33:12,1.08,401032.0,210.0,840.0,Gampaha
540385,40072,FUN FOODS MAYONNAISE 250G,3,2021-10-15 10:19:21,2.63,401157.0,510.0,1530.0,Hambantota
540386,40047,PELWATTE BUTTER 200G,4,2021-10-16 19:29:41,4.05,401022.0,785.0,3140.0,Puttalam
540387,40029,KIST TOMATO KETCHUP 400G,6,2021-10-18 11:01:41,2.42,401129.0,470.0,2820.0,Gampaha
540388,40092,ARALIYA COCONUT MILK POWDER 300G,8,2021-10-20 12:14:23,3.76,401084.0,730.0,5840.0,Gampaha
540389,40003,DILMAH GREEN TEA 20 BAGS,4,2021-10-20 13:27:02,2.96,401085.0,575.0,2300.0,Kandy
540390,40012,MALIBAN CREAM CRACKER 500G,5,2021-10-20 20:37:29,2.27,401001.0,440.0,2200.0,Colombo
540391,40020,ELEPHANT HOUSE CREAM SODA 1.5L,2,2021-10-23 17:46:37,2.16,401150.0,420.0,840.0,Gampaha
540392,40012,MALIBAN CREAM CRACKER 500G,6,2021-10-23 19:36:09,2.27,401012.0,440.0,2640.0,Polonnaruwa
540393,40033,HARISCHANDRA NOODLES 400G,6,2021-10-27 14:00:18,1.34,,260.0,1560.0,Kalutara
540394,40001,DILMAH CEYLON TEA 500G,4,2021-10-27 16:54:16,6.47,401006.0,1255.0,5020.0,Galle
540395,40003,DILMAH GREEN TEA 20 BAGS,1,2021-10-27 19:56:06,2.96,401210.0,575.0,575.0,Kurunegala
540396,40024,HIGHLAND MILK 1L,8,2021-10-28 10:19:41,2.16,401046.0,420.0,3360.0,Kegalle
540397,40016,LINK SAMAHAN BOX (100 PACKETS),3,2021-10-29 19:56:04,8.09,401018.0,1570.0,4710.0,Colombo
540398,40057,VIM DISHWASH LIQUID 500ML,3,2021-10-30 15:19:10,2.42,401128.0,470.0,1410.0,Galle
C540399,40001,DILMAH CEYLON TEA 500G,-4,2021-11-02 09:09:31,6.47,401022.0,1255.0,-5020.0,Hambantota
540400,40065,FAIR & LOVELY CREAM 50G,10,2021-11-02 09:33:01,1.73,401134.0,335.0,3350.0,Puttalam
540401,40049,ROZA PASTA MACARONI 400G,5,2021-11-02 15:35:16,1.62,401175.0,315.0,1575.0,Galle
540402,40015,SIDDHALEPA BALM 50G,6,2021-11-03 09:02:27,1.34,401021.0,260.0,1560.0,Galle
540403,40030,KIST MIXED FRUIT NECTAR 1L,2,2021-11-03 20:34:03,2.96,401013.0,575.0,1150.0,Kurunegala
540404,40060,SUNLIGHT SOAP 115G,1,2021-11-06 09:44:45,0.64,401159.0,125.0,125.0,Trincomalee
540405,40092,ARALIYA COCONUT MILK POWDER 300G,6,2021-11-06 20:13:30,3.76,,730.0,4380.0,Kegalle
540406,40072,FUN FOODS MAYONNAISE 250G,5,2021-11-07 16:31:28,2.63,401007.0,510.0,2550.0,Kurunegala
540407,40011,MALIBAN LEMON PUFF 200G,4,2021-11-08 10:17:25,1.08,401168.0,210.0,840.0,Ampara
540408,40055,LIFEBUOY SOAP 100G,15,2021-11-09 12:26:09,0.7,401055.0,135.0,2025.0,Anuradhapura
540409,40049,ROZA PASTA MACARONI 400G,15,2021-11-10 12:54:19,1.62,401030.0,315.0,4725.0,Galle
540410,40011,MALIBAN LEMON PUFF 200G,3,2021-11-10 17:46:48,1.08,401001.0,210.0,630.0,Kandy
540411,40008,MUNCHEE LEMON PUFF 200G,6,2021-11-13 14:05:25,1.08,401044.0,210.0,1260.0,Kandy
540412,40028,BAIRAHA CHICKEN 1KG,5,2021-11-13 15:39:32,7.81,401119.0,1515.0,7575.0,Kegalle
540413,40071,MA MA NOODLES 5 PACK,2,2021-11-13 16:17:40,2.16,401017.0,420.0,840.0,Matara
540414,40042,MARINA COCONUT OIL 1L,6,2021-11-13 16:39:01,5.13,401008.0,995.0,5970.0,Ratnapura
540415,40092,ARALIYA COCONUT MILK POWDER 300G,3,2021-11-14 20:39:28,3.76,401001.0,730.0,2190.0,Kegalle
540416,40016,LINK SAMAHAN BOX (100 PACKETS),4,2021-11-15 09:39:03,8.09,401176.0,1570.0,6280.0,Badulla
540417,40042,MARINA COCONUT OIL 1L,2,2021-11-16 12:00:12,5.13,401131.0,995.0,1990.0,Nuwara Eliya
540418,40086,FITS COOKING OIL 1L,3,2021-11-17 10:40:08,5.93,,1150.0,3450.0,Hambantota
540419,40057,VIM DISHWASH LIQUID 500ML,1,2021-11-17 15:18:08,2.42,401204.0,470.0,470.0,Jaffna
540420,40004,ZESTA TEA 400G,2,2021-11-19 15:08:11,5.64,401210.0,1095.0,2190.0,Kalutara
540421,40088,CARGILLS FRESH EGGS (10),6,2021-11-19 16:04:45,1.88,401127.0,365.0,2190.0,Ratnapura
540422,40003,DILMAH GREEN TEA 20 BAGS,1,2021-11-22 16:52:01,2.96,401096.0,575.0,575.0,Galle
540423,40005,WATAWALA TEA 400G,3,2021-11-23 09:25:49,4.2,401128.0,815.0,2445.0,Matale
540424,40009,MUNCHEE TIKIRI MARIE 80G,2,2021-11-23 12:48:34,0.39,401084.0,75.0,150.0,Matale
540425,40063,MILO 400G,8,2021-11-24 18:38:16,4.2,,815.0,6520.0,Colombo
540426,40089,KANDOS CHOCOLATE BAR 100G,8,2021-11-25 14:46:37,1.34,,260.0,2080.0,Ampara
540427,40052,WIJAYA ROASTED CURRY POWDER 250G,2,2021-11-25 15:44:52,2.16,401087.0,420.0,840.0,Moneragala
540428,40032,PRIMA STELLA NOODLES 400G,1,2021-11-25 15:45:24,1.52,,295.0,295.0,Nuwara Eliya
540429,40008,MUNCHEE LEMON PUFF 200G,12,2021-11-26 11:32:30,1.08,401019.0,210.0,2520.0,Colombo
540430,40057,VIM DISHWASH LIQUID 500ML,4,2021-11-26 19:00:26,2.42,401087.0,470.0,1880.0,Kurunegala
540431,40053,WIJAYA CHILLI POWDER 250G,1,2021-11-27 09:07:17,2.42,401023.0,470.0,470.0,Kurunegala
540432,40010,MALIBAN MARIE BISCUITS 400G,1,2021-11-27 13:54:58,1.88,401055.0,365.0,365.0,Colombo
540433,40005,WATAWALA TEA 400G,3,2021-11-29 12:06:47,4.2,,815.0,2445.0,Kandy
540434,40063,MILO 400G,3,2021-11-30 11:01:39,4.2,401014.0,815.0,2445.0,Ampara
540435,40001,DILMAH CEYLON TEA 500G,5,2021-11-30 12:23:29,6.47,401212.0,1255.0,6275.0,Badulla
540436,40007,MUNCHEE CHOCOLATE BISCUIT 200G,12,2021-11-30 17:39:00,1.19,401099.0,230.0,2760.0,Kegalle
540437,40016,LINK SAMAHAN BOX (100 PACKETS),2,2021-12-01 17:37:01,8.09,401163.0,1570.0,3140.0,Galle
540438,40001,DILMAH CEYLON TEA 500G,2,2021-12-04 19:36:53,6.47,401063.0,1255.0,2510.0,Moneragala
540439,40031,PRIMA KOTTU MEE CUP,10,2021-12-05 14:46:57,0.8,401080.0,155.0,1550.0,Colombo
540440,40076,CEYLON COLD STORES YOGHURT 80G,2,2021-12-06 09:36:12,0.49,401213.0,95.0,190.0,Nuwara Eliya
540441,40001,DILMAH CEYLON TEA 500G,6,2021-12-07 16:09:32,6.47,401150.0,1255.0,7530.0,Polonnaruwa
540442,40063,MILO 400G,8,2021-12-07 16:24:21,4.2,401127.0,815.0,6520.0,Batticaloa
540443,40079,CEYLON TOBACCO (CIGARETTES PACK),1,2021-12-09 16:38:12,6.47,401168.0,1255.0,1255.0,Kegalle
540444,40068,CLOSE UP TOOTHPASTE 120G,1,2021-12-09 19:53:14,1.26,401007.0,245.0,245.0,Matale
540445,40002,DILMAH EARL GREY TEA 50 BAGS,3,2021-12-11 16:43:24,4.59,401026.0,890.0,2670.0,Kegalle
540446,40040,SIGNAL TOOTHPASTE 120G,6,2021-12-11 20:33:02,1.24,401081.0,240.0,1440.0,Kurunegala
C540447,40018,MD MANGO CHUTNEY 400G,-1,2021-12-12 15:29:47,3.51,401150.0,680.0,-680.0,Kandy
540448,40015,SIDDHALEPA BALM 50G,2,2021-12-13 14:36:56,1.34,401147.0,260.0,520.0,Colombo
540449,40037,MOTHA STRAWBERRY JELLY 100G,3,2021-12-13 15:18:48,0.64,401099.0,125.0,375.0,Ampara
540450,40004,ZESTA TEA 400G,3,2021-12-16 11:53:38,5.64,401093.0,1095.0,3285.0,Colombo
540451,40019,ELEPHANT HOUSE GINGER BEER 1.5L,3,2021-12-18 17:05:45,2.16,401058.0,420.0,1260.0,Colombo
540452,40008,MUNCHEE LEMON PUFF 200G,2,2021-12-19 14:55:51,1.08,401006.0,210.0,420.0,Kalutara
540453,40052,WIJAYA ROASTED CURRY POWDER 250G,1,2021-12-20 20:11:58,2.16,,420.0,420.0,Nuwara Eliya
540454,40047,PELWATTE BUTTER 200G,12,2021-12-28 15:33:54,4.05,401088.0,785.0,9420.0,Galle
540455,40029,KIST TOMATO KETCHUP 400G,6,2021-12-29 20:03:05,2.42,401091.0,470.0,2820.0,Batticaloa
540456,40078,SOFTLOGIC COCONUT MILK 400ML,3,2021-12-30 09:46:42,1.73,401096.0,335.0,1005.0,Anuradhapura
540457,40022,ANCHOR MILK POWDER 400G,3,2021-12-30 09:48:57,6.19,401019.0,1200.0,3600.0,Kandy
540458,40015,SIDDHALEPA BALM 50G,2,2021-12-31 16:45:16,1.34,401041.0,260.0,520.0,Gampaha
540459,40066,PONDS TALCUM POWDER 100G,1,2021-12-31 18:08:39,2.04,401007.0,395.0,395.0,Galle
540460,40016,LINK SAMAHAN BOX (100 PACKETS),6,2022-01-01 09:08:59,5.47,401054.0,1640.0,9840.0,Colombo
540461,40047,PELWATTE BUTTER 200G,3,2022-01-08 11:15:28,2.73,401221.0,820.0,2460.0,Ratnapura
540462,40004,ZESTA TEA 400G,2,2022-01-08 11:39:17,3.82,401004.0,1145.0,2290.0,Kegalle
540463,40003,DILMAH GREEN TEA 20 BAGS,5,2022-01-10 15:16:34,2.0,401028.0,600.0,3000.0,Colombo
540464,40065,FAIR & LOVELY CREAM 50G,8,2022-01-10 17:53:55,1.17,,350.0,2800.0,Ratnapura
540465,40003,DILMAH GREEN TEA 20 BAGS,1,2022-01-10 17:58:30,2.0,401181.0,600.0,600.0,Kandy
540466,40020,ELEPHANT HOUSE CREAM SODA 1.5L,4,2022-01-11 13:22:02,1.45,401116.0,435.0,1740.0,Gampaha
540467,40033,HARISCHANDRA NOODLES 400G,10,2022-01-11 18:32:36,0.92,,275.0,2750.0,Matale
540468,40029,KIST TOMATO KETCHUP 400G,3,2022-01-12 08:16:45,1.63,401083.0,490.0,1470.0,Badulla
540469,40027,KEELLS CHICKEN SAUSAGES 500G,4,2022-01-12 10:22:14,3.45,401114.0,1035.0,4140.0,Badulla
540470,40012,MALIBAN CREAM CRACKER 500G,5,2022-01-12 14:35:57,1.53,401006.0,460.0,2300.0,Kalutara
540471,40014,SPA CEYLON HAND CREAM,4,2022-01-13 17:43:49,8.0,401037.0,2400.0,9600.0,Colombo
540472,40003,DILMAH GREEN TEA 20 BAGS,2,2022-01-13 17:54:28,2.0,,600.0,1200.0,Gampaha
540473,40008,MUNCHEE LEMON PUFF 200G,5,2022-01-15 09:35:28,0.73,401162.0,220.0,1100.0,Kurunegala
540474,40016,LINK SAMAHAN BOX (100 PACKETS),3,2022-01-15 17:51:34,5.47,401045.0,1640.0,4920.0,Colombo
540475,40060,SUNLIGHT SOAP 115G,3,2022-01-15 19:53:33,0.43,401157.0,130.0,390.0,Matara
540476,40002,DILMAH EARL GREY TEA 50 BAGS,1,2022-01-19 12:53:30,3.1,401018.0,930.0,930.0,Ampara
540477,40042,MARINA COCONUT OIL 1L,5,2022-01-19 19:52:26,3.45,401184.0,1035.0,5175.0,Colombo
540478,40001,DILMAH CEYLON TEA 500G,3,2022-01-23 16:20:41,4.37,,1310.0,3930.0,Galle
540479,40050,RANCRISP CASHEWS 50G,5,2022-01-25 18:06:34,1.27,401158.0,380.0,1900.0,Kalutara
540480,40009,MUNCHEE TIKIRI MARIE 80G,1,2022-01-27 20:36:20,0.25,401139.0,75.0,75.0,Vavuniya
540481,40011,MALIBAN LEMON PUFF 200G,5,2022-01-28 19:18:20,0.73,401027.0,220.0,1100.0,Puttalam
540482,40001,DILMAH CEYLON TEA 500G,6,2022-01-30 16:59:38,4.37,,1310.0,7860.0,Matara
540483,40074,ARALIYA WHITE RICE 5KG,3,2022-02-03 17:35:04,5.28,401042.0,1585.0,4755.0,Colombo
540484,40032,PRIMA STELLA NOODLES 400G,3,2022-02-05 10:30:05,1.02,401046.0,305.0,915.0,Colombo
540485,40052,WIJAYA ROASTED CURRY POWDER 250G,2,2022-02-07 12:21:59,1.45,401112.0,435.0,870.0,Polonnaruwa
540486,40051,LANKA SOY CHICKEN FLAVOUR 90G,15,2022-02-10 15:21:36,0.43,401043.0,130.0,1950.0,Trincomalee
540487,40022,ANCHOR MILK POWDER 400G,2,2022-02-10 15:50:01,4.18,401162.0,1255.0,2510.0,Colombo
540488,40020,ELEPHANT HOUSE CREAM SODA 1.5L,8,2022-02-13 20:37:08,1.45,401144.0,435.0,3480.0,Jaffna
540489,40001,DILMAH CEYLON TEA 500G,2,2022-02-16 12:35:53,4.37,401073.0,1310.0,2620.0,Gampaha
540490,40020,ELEPHANT HOUSE CREAM SODA 1.5L,3,2022-02-16 19:48:40,1.45,,435.0,1305.0,Batticaloa
540491,40047,PELWATTE BUTTER 200G,1,2022-02-17 12:29:59,2.73,401214.0,820.0,820.0,Hambantota
540492,40014,SPA CEYLON HAND CREAM,8,2022-02-17 15:06:39,8.0,401060.0,2400.0,19200.0,Colombo
540493,40063,MILO 400G,1,2022-02-18 17:10:32,2.83,401002.0,850.0,850.0,Kandy
540494,40069,ANCHOR BUTTER 200G,1,2022-02-18 20:52:27,2.83,401142.0,850.0,850.0,Matara
540495,40030,KIST MIXED FRUIT NECTAR 1L,5,2022-02-19 10:00:58,2.0,401181.0,600.0,3000.0,Colombo
540496,40002,DILMAH EARL GREY TEA 50 BAGS,4,2022-02-20 20:33:11,3.1,,930.0,3720.0,Colombo
540497,40080,COCA-COLA 1.5L,1,2022-02-21 18:56:07,1.27,401220.0,380.0,380.0,Kandy
540498,DELV,COURIER DELIVERY CHARGE,3,2022-02-23 10:59:55,3.0,401210.0,900.0,2700.0,Mannar
540499,40021,ELEPHANT HOUSE VANILLA ICE CREAM 1L,5,2022-02-27 13:27:46,2.92,,875.0,4375.0,Colombo
540500,40034,HARISCHANDRA COFFEE 100G,1,2022-02-27 14:27:44,1.38,401065.0,415.0,415.0,Moneragala
540501,40002,DILMAH EARL GREY TEA 50 BAGS,5,2022-02-27 15:16:07,3.1,401069.0,930.0,4650.0,Kegalle
540502,40008,MUNCHEE LEMON PUFF 200G,3,2022-02-28 08:58:54,0.73,401147.0,220.0,660.0,Ratnapura
540503,40063,MILO 400G,5,2022-02-28 11:47:12,2.83,401056.0,850.0,4250.0,Gampaha
540504,40079,CEYLON TOBACCO (CIGARETTES PACK),1,2022-03-03 08:11:58,4.37,401003.0,1310.0,1310.0,Gampaha
540505,40001,DILMAH CEYLON TEA 500G,2,2022-03-04 10:31:25,4.37,401091.0,1310.0,2620.0,Kandy
540506,40001,DILMAH CEYLON TEA 500G,3,2022-03-04 12:41:07,4.37,401157.0,1310.0,3930.0,Colombo
540507,40019,ELEPHANT HOUSE GINGER BEER 1.5L,10,2022-03-04 19:37:44,1.45,401204.0,435.0,4350.0,Polonnaruwa
540508,40029,KIST TOMATO KETCHUP 400G,3,2022-03-07 12:58:02,1.63,401084.0,490.0,1470.0,Colombo
540509,40092,ARALIYA COCONUT MILK POWDER 300G,3,2022-03-08 20:27:02,2.55,401086.0,765.0,2295.0,Kandy
540510,40091,USWATTE SPICES MIXED CURRY POWDER 100G,2,2022-03-11 15:32:21,0.8,401211.0,240.0,480.0,Colombo
540511,40034,HARISCHANDRA COFFEE 100G,2,2022-03-13 14:57:10,1.38,,415.0,830.0,Colombo
540512,40006,MUNCHEE SUPER CREAM CRACKER 500G,1,2022-03-14 16:36:44,1.63,401008.0,490.0,490.0,Galle
540513,40057,VIM DISHWASH LIQUID 500ML,2,2022-03-15 09:28:17,1.63,401124.0,490.0,980.0,Ratnapura
540514,40062,NESTOMALT 400G,1,2022-03-16 15:55:06,2.25,,675.0,675.0,Badulla
540515,40073,DELMEGE BASMATI RICE 5KG,3,2022-03-18 17:16:53,7.65,401082.0,2295.0,6885.0,Kandy
540516,40077,PILAWOOS FALOODA MIX 200G,2,2022-03-19 11:55:17,1.27,401161.0,380.0,760.0,Colombo
540517,40006,MUNCHEE SUPER CREAM CRACKER 500G,2,2022-03-21 13:00:13,1.63,401159.0,490.0,980.0,Badulla
540518,40029,KIST TOMATO KETCHUP 400G,1,2022-03-21 13:40:49,1.63,401117.0,490.0,490.0,Kandy
540519,40005,WATAWALA TEA 400G,3,2022-03-22 13:07:41,2.83,401138.0,850.0,2550.0,Colombo
540520,40043,ASTRA MARGARINE 250G,10,2022-03-23 10:46:13,1.45,401184.0,435.0,4350.0,Galle
540521,40002,DILMAH EARL GREY TEA 50 BAGS,5,2022-03-25 11:58:22,3.1,401086.0,930.0,4650.0,Gampaha
540522,40043,ASTRA MARGARINE 250G,1,2022-03-26 18:20:30,1.45,401007.0,435.0,435.0,Kalutara
540523,40016,LINK SAMAHAN BOX (100 PACKETS),2,2022-03-26 18:26:42,5.47,401119.0,1640.0,3280.0,Matara
540524,40001,DILMAH CEYLON TEA 500G,4,2022-03-28 09:24:35,4.37,401187.0,1310.0,5240.0,Moneragala
540525,40003,DILMAH GREEN TEA 20 BAGS,12,2022-03-28 20:13:25,2.0,,600.0,7200.0,Jaffna
540526,40087,CARGILLS MAGIC SAUSAGES 400G,6,2022-03-29 10:04:17,2.83,401013.0,850.0,5100.0,Ratnapura
540527,40065,FAIR & LOVELY CREAM 50G,1,2022-03-30 19:30:16,1.17,401076.0,350.0,350.0,Trincomalee
540528,40006,MUNCHEE SUPER CREAM CRACKER 500G,1,2022-03-31 13:06:03,1.63,401053.0,490.0,490.0,Batticaloa
540529,40007,MUNCHEE CHOCOLATE BISCUIT 200G,8,2022-04-04 14:51:49,0.8,401002.0,240.0,1920.0,Galle
540530,40071,MA MA NOODLES 5 PACK,8,2022-04-05 08:22:07,1.45,401028.0,435.0,3480.0,Anuradhapura
540531,40007,MUNCHEE CHOCOLATE BISCUIT 200G,2,2022-04-06 18:05:57,0.8,,240.0,480.0,Ratnapura
540532,40015,SIDDHALEPA BALM 50G,1,2022-04-07 19:35:48,0.92,,275.0,275.0,Ampara
540533,40064,HORLICKS 500G,3,2022-04-09 20:20:28,3.45,401073.0,1035.0,3105.0,Kalutara
540534,40012,MALIBAN CREAM CRACKER 500G,2,2022-04-10 10:03:56,1.53,,460.0,920.0,Ampara
540535,40005,WATAWALA TEA 400G,1,2022-04-11 09:57:04,2.83,401045.0,850.0,850.0,Kandy
540536,40009,MUNCHEE TIKIRI MARIE 80G,5,2022-04-11 18:25:30,0.25,401001.0,75.0,375.0,Kandy
540537,40014,SPA CEYLON HAND CREAM,1,2022-04-12 09:23:51,8.0,401022.0,2400.0,2400.0,Anuradhapura
540538,40005,WATAWALA TEA 400G,1,2022-04-13 14:14:20,2.83,401037.0,850.0,850.0,Gampaha
540539,40006,MUNCHEE SUPER CREAM CRACKER 500G,12,2022-04-16 19:06:56,1.63,401013.0,490.0,5880.0,Kurunegala
540540,40004,ZESTA TEA 400G,8,2022-04-20 13:07:21,3.82,401003.0,1145.0,9160.0,Badulla
540541,40008,MUNCHEE LEMON PUFF 200G,1,2022-04-21 14:25:38,0.73,401179.0,220.0,220.0,Colombo
540542,40023,RATHTHI MILK POWDER 400G,1,2022-04-25 13:23:25,4.0,401013.0,1200.0,1200.0,Colombo
540543,40019,ELEPHANT HOUSE GINGER BEER 1.5L,10,2022-04-25 14:05:18,1.45,401081.0,435.0,4350.0,Kegalle
540544,40031,PRIMA KOTTU MEE CUP,3,2022-05-01 14:56:20,0.55,401122.0,165.0,495.0,Puttalam
540545,40004,ZESTA TEA 400G,10,2022-05-06 11:35:09,3.82,401135.0,1145.0,11450.0,Anuradhapura
540546,40025,KOTMALE FRESH MILK 1L,1,2022-05-07 19:30:41,1.63,401196.0,490.0,490.0,Badulla
540547,40076,CEYLON COLD STORES YOGHURT 80G,4,2022-05-11 10:41:38,0.33,401076.0,100.0,400.0,Trincomalee
540548,40001,DILMAH CEYLON TEA 500G,3,2022-05-11 17:18:08,4.37,401109.0,1310.0,3930.0,Ampara
540549,40002,DILMAH EARL GREY TEA 50 BAGS,2,2022-05-14 14:09:04,3.1,401053.0,930.0,1860.0,Jaffna
540550,40008,MUNCHEE LEMON PUFF 200G,5,2022-05-15 19:43:24,0.73,,220.0,1100.0,Jaffna
540551,40071,MA MA NOODLES 5 PACK,6,2022-05-17 14:21:44,1.45,,435.0,2610.0,Batticaloa
540552,40041,BABY CHERAMY SOAP 90G,2,2022-05-17 17:24:48,0.52,401193.0,155.0,310.0,Gampaha
C540553,40001,DILMAH CEYLON TEA 500G,-10,2022-05-20 13:36:26,4.37,401034.0,1310.0,-13100.0,Kalutara
540554,40005,WATAWALA TEA 400G,2,2022-05-21 14:43:18,2.83,,850.0,1700.0,Batticaloa
540555,40011,MALIBAN LEMON PUFF 200G,2,2022-05-22 19:50:30,0.73,401089.0,220.0,440.0,Nuwara Eliya
540556,40027,KEELLS CHICKEN SAUSAGES 500G,5,2022-05-24 10:03:59,3.45,401203.0,1035.0,5175.0,Ratnapura
540557,40005,WATAWALA TEA 400G,1,2022-05-24 11:05:58,2.83,401019.0,850.0,850.0,Matale
540558,40007,MUNCHEE CHOCOLATE BISCUIT 200G,8,2022-05-28 09:06:00,0.8,401075.0,240.0,1920.0,Moneragala
540559,40068,CLOSE UP TOOTHPASTE 120G,1,2022-05-28 16:43:53,0.85,401012.0,255.0,255.0,Nuwara Eliya
540560,40004,ZESTA TEA 400G,4,2022-05-29 10:28:31,3.82,401173.0,1145.0,4580.0,Puttalam
540561,40012,MALIBAN CREAM CRACKER 500G,1,2022-05-30 11:40:16,1.53,401028.0,460.0,460.0,Puttalam
540562,40049,ROZA PASTA MACARONI 400G,3,2022-05-31 19:59:15,1.1,401003.0,330.0,990.0,Kegalle
540563,40048,EDINBOROUGH SOY SAUCE 400ML,2,2022-06-01 13:22:51,1.27,401206.0,380.0,760.0,Kegalle
540564,40026,KITHUL TREACLE 750ML,4,2022-06-01 13:51:59,6.55,,1965.0,7860.0,Jaffna
540565,40061,VELVET BEAUTY SOAP 100G,15,2022-06-01 17:19:06,0.55,401085.0,165.0,2475.0,Matara
540566,40023,RATHTHI MILK POWDER 400G,2,2022-06-01 20:43:53,4.0,401172.0,1200.0,2400.0,Gampaha
540567,40005,WATAWALA TEA 400G,3,2022-06-02 10:04:55,2.83,401032.0,850.0,2550.0,Matale
540568,40002,DILMAH EARL GREY TEA 50 BAGS,4,2022-06-02 16:06:16,3.1,401193.0,930.0,3720.0,Kandy
540569,40006,MUNCHEE SUPER CREAM CRACKER 500G,8,2022-06-03 20:41:32,1.63,401034.0,490.0,3920.0,Jaffna
540570,40046,MARMITE 100G,3,2022-06-04 14:16:19,2.73,401094.0,820.0,2460.0,Anuradhapura
540571,40033,HARISCHANDRA NOODLES 400G,1,2022-06-04 14:37:17,0.92,401190.0,275.0,275.0,Gampaha
540572,40015,SIDDHALEPA BALM 50G,8,2022-06-05 15:41:46,0.92,,275.0,2200.0,Matara
540573,40007,MUNCHEE CHOCOLATE BISCUIT 200G,12,2022-06-05 20:23:35,0.8,401062.0,240.0,2880.0,Trincomalee
540574,40079,CEYLON TOBACCO (CIGARETTES PACK),5,2022-06-08 17:15:10,4.37,401050.0,1310.0,6550.0,Kalutara
540575,40032,PRIMA STELLA NOODLES 400G,1,2022-06-08 20:41:10,1.02,,305.0,305.0,Colombo
540576,40071,MA MA NOODLES 5 PACK,2,2022-06-13 19:00:35,1.45,,435.0,870.0,Kandy
540577,40003,DILMAH GREEN TEA 20 BAGS,8,2022-06-14 13:27:29,2.0,,600.0,4800.0,Kalutara
540578,40032,PRIMA STELLA NOODLES 400G,3,2022-06-15 08:27:55,1.02,401191.0,305.0,915.0,Jaffna
540579,40043,ASTRA MARGARINE 250G,4,2022-06-18 16:25:57,1.45,401199.0,435.0,1740.0,Gampaha
540580,40002,DILMAH EARL GREY TEA 50 BAGS,15,2022-06-21 17:35:40,3.1,401125.0,930.0,13950.0,Kalutara
540581,40004,ZESTA TEA 400G,3,2022-06-21 19:33:49,3.82,401007.0,1145.0,3435.0,Jaffna
540582,40017,MD MIXED FRUIT JAM 500G,1,2022-06-24 08:05:09,2.37,401023.0,710.0,710.0,Kurunegala
540583,40005,WATAWALA TEA 400G,2,2022-06-25 11:24:04,2.83,401062.0,850.0,1700.0,Trincomalee
540584,40001,DILMAH CEYLON TEA 500G,5,2022-06-27 08:39:24,4.37,401022.0,1310.0,6550.0,Kalutara
540585,40005,WATAWALA TEA 400G,4,2022-06-28 15:15:44,2.83,401191.0,850.0,3400.0,Polonnaruwa
540586,40005,WATAWALA TEA 400G,1,2022-06-30 19:55:33,2.83,401028.0,850.0,850.0,Ratnapura
540587,40002,DILMAH EARL GREY TEA 50 BAGS,3,2022-07-02 09:35:43,3.1,401074.0,930.0,2790.0,Kegalle
540588,40049,ROZA PASTA MACARONI 400G,4,2022-07-04 11:01:01,1.1,401014.0,330.0,1320.0,Kurunegala
C540589,40003,DILMAH GREEN TEA 20 BAGS,-5,2022-07-04 16:35:20,2.0,,600.0,-3000.0,Colombo
540590,40006,MUNCHEE SUPER CREAM CRACKER 500G,15,2022-07-06 10:29:21,1.63,401075.0,490.0,7350.0,Moneragala
540591,40040,SIGNAL TOOTHPASTE 120G,4,2022-07-11 10:29:03,0.83,401097.0,250.0,1000.0,Ratnapura
540592,40008,MUNCHEE LEMON PUFF 200G,8,2022-07-11 16:26:00,0.73,401132.0,220.0,1760.0,Colombo
540593,40056,SUNSILK BLACK SHAMPOO 200ML,5,2022-07-13 18:48:56,2.0,401073.0,600.0,3000.0,Polonnaruwa
540594,40022,ANCHOR MILK POWDER 400G,2,2022-07-15 08:44:25,4.18,401072.0,1255.0,2510.0,Jaffna
540595,40012,MALIBAN CREAM CRACKER 500G,5,2022-07-15 13:26:41,1.53,401032.0,460.0,2300.0,Gampaha
540596,40023,RATHTHI MILK POWDER 400G,4,2022-07-15 18:09:04,4.0,401066.0,1200.0,4800.0,Mannar
540597,40009,MUNCHEE TIKIRI MARIE 80G,2,2022-07-17 09:56:51,0.25,401008.0,75.0,150.0,Ratnapura
540598,40007,MUNCHEE CHOCOLATE BISCUIT 200G,3,2022-07-18 16:29:48,0.8,401142.0,240.0,720.0,Kalutara
540599,40058,DIVA WASHING POWDER 1KG,2,2022-07-18 20:23:23,2.37,401016.0,710.0,1420.0,Nuwara Eliya
540600,40003,DILMAH GREEN TEA 20 BAGS,1,2022-07-19 09:35:41,2.0,401023.0,600.0,600.0,Colombo
540601,40054,PEARS BABY POWDER 100G,2,2022-07-19 19:46:51,0.92,401131.0,275.0,550.0,Ampara
540602,40043,ASTRA MARGARINE 250G,5,2022-07-21 14:44:39,1.45,401215.0,435.0,2175.0,Ratnapura
540603,40033,HARISCHANDRA NOODLES 400G,2,2022-07-22 13:47:28,0.92,401025.0,275.0,550.0,Trincomalee
540604,40013,SPA CEYLON SLEEP BODY LOTION,1,2022-07-25 15:13:45,12.73,401120.0,3820.0,3820.0,Jaffna
540605,40004,ZESTA TEA 400G,12,2022-07-27 17:02:21,3.82,401113.0,1145.0,13740.0,Kurunegala
540606,40057,VIM DISHWASH LIQUID 500ML,15,2022-07-28 14:49:48,1.63,401112.0,490.0,7350.0,Ratnapura
540607,40037,MOTHA STRAWBERRY JELLY 100G,2,2022-07-29 11:04:20,0.43,401146.0,130.0,260.0,Moneragala
540608,40003,DILMAH GREEN TEA 20 BAGS,2,2022-07-30 11:56:01,2.0,401061.0,600.0,1200.0,Anuradhapura
540609,40004,ZESTA TEA 400G,2,2022-08-05 09:46:28,3.82,401001.0,1145.0,2290.0,Galle
540610,40033,HARISCHANDRA NOODLES 400G,5,2022-08-05 19:13:28,0.92,401067.0,275.0,1375.0,Galle
540611,40044,HAPPY COW CHEESE 120G,1,2022-08-07 12:01:33,3.1,,930.0,930.0,Kalutara
540612,40022,ANCHOR MILK POWDER 400G,10,2022-08-08 18:32:44,4.18,401054.0,1255.0,12550.0,Colombo
540613,40051,LANKA SOY CHICKEN FLAVOUR 90G,1,2022-08-09 17:29:31,0.43,401112.0,130.0,130.0,Gampaha
540614,40051,LANKA SOY CHICKEN FLAVOUR 90G,2,2022-08-10 19:11:19,0.43,401072.0,130.0,260.0,Matara
540615,40001,DILMAH CEYLON TEA 500G,2,2022-08-13 20:44:30,4.37,,1310.0,2620.0,Ratnapura
540616,40007,MUNCHEE CHOCOLATE BISCUIT 200G,4,2022-08-18 09:05:39,0.8,401142.0,240.0,960.0,Anuradhapura
540617,40068,CLOSE UP TOOTHPASTE 120G,6,2022-08-19 15:35:39,0.85,401200.0,255.0,1530.0,Batticaloa
540618,40039,CLOGARD TOOTHPASTE 120G,1,2022-08-20 14:36:25,0.8,401073.0,240.0,240.0,Ratnapura
540619,40024,HIGHLAND MILK 1L,2,2022-08-20 15:55:12,1.45,401005.0,435.0,870.0,Matara
C540620,40002,DILMAH EARL GREY TEA 50 BAGS,-5,2022-08-21 13:36:18,3.1,401006.0,930.0,-4650.0,Colombo
540621,40007,MUNCHEE CHOCOLATE BISCUIT 200G,6,2022-08-21 15:53:41,0.8,401063.0,240.0,1440.0,Hambantota
540622,40005,WATAWALA TEA 400G,15,2022-08-22 14:32:23,2.83,401164.0,850.0,12750.0,Kandy
540623,40017,MD MIXED FRUIT JAM 500G,4,2022-08-31 18:37:24,2.37,401009.0,710.0,2840.0,Jaffna
540624,40055,LIFEBUOY SOAP 100G,2,2022-09-03 08:44:16,0.47,,140.0,280.0,Kalutara
540625,40052,WIJAYA ROASTED CURRY POWDER 250G,2,2022-09-04 18:49:54,1.45,401141.0,435.0,870.0,Gampaha
540626,40020,ELEPHANT HOUSE CREAM SODA 1.5L,15,2022-09-08 18:25:44,1.45,,435.0,6525.0,Ratnapura
540627,40006,MUNCHEE SUPER CREAM CRACKER 500G,1,2022-09-08 18:53:30,1.63,401013.0,490.0,490.0,Kurunegala
540628,40008,MUNCHEE LEMON PUFF 200G,1,2022-09-09 08:05:45,0.73,401166.0,220.0,220.0,Gampaha
540629,40001,DILMAH CEYLON TEA 500G,1,2022-09-09 13:14:06,4.37,401102.0,1310.0,1310.0,Colombo
540630,40092,ARALIYA COCONUT MILK POWDER 300G,5,2022-09-09 16:40:24,2.55,,765.0,3825.0,Colombo
540631,40045,PANADOL 100 TABLETS,8,2022-09-10 09:28:32,1.63,401183.0,490.0,3920.0,Colombo
540632,40001,DILMAH CEYLON TEA 500G,4,2022-09-13 09:05:52,4.37,401055.0,1310.0,5240.0,Jaffna
540633,40002,DILMAH EARL GREY TEA 50 BAGS,5,2022-09-16 08:53:37,3.1,,930.0,4650.0,Ratnapura
540634,40011,MALIBAN LEMON PUFF 200G,2,2022-09-16 12:38:02,0.73,401155.0,220.0,440.0,Batticaloa
540635,40031,PRIMA KOTTU MEE CUP,1,2022-09-22 08:25:08,0.55,,165.0,165.0,Trincomalee
540636,40040,SIGNAL TOOTHPASTE 120G,8,2022-09-22 12:14:16,0.83,401132.0,250.0,2000.0,Jaffna
540637,40076,CEYLON COLD STORES YOGHURT 80G,6,2022-09-24 12:57:26,0.33,401004.0,100.0,600.0,Matale
540638,40002,DILMAH EARL GREY TEA 50 BAGS,10,2022-09-25 17:41:46,3.1,401120.0,930.0,9300.0,Hambantota
540639,40001,DILMAH CEYLON TEA 500G,10,2022-09-28 16:47:56,4.37,401112.0,1310.0,13100.0,Nuwara Eliya
540640,40047,PELWATTE BUTTER 200G,5,2022-09-28 19:56:13,2.73,401199.0,820.0,4100.0,Gampaha
540641,40055,LIFEBUOY SOAP 100G,3,2022-09-29 19:03:39,0.47,401213.0,140.0,420.0,Kalutara
540642,40065,FAIR & LOVELY CREAM 50G,3,2022-09-30 09:47:33,1.17,401093.0,350.0,1050.0,Polonnaruwa
540643,40073,DELMEGE BASMATI RICE 5KG,1,2022-10-03 14:02:18,7.65,401020.0,2295.0,2295.0,Colombo
540644,40036,MAGGI COCONUT MILK POWDER 300G,3,2022-10-05 15:09:18,2.73,,820.0,2460.0,Gampaha
540645,40070,NESPRAY MILK POWDER 400G,2,2022-10-06 19:42:15,4.3,401076.0,1290.0,2580.0,Colombo
540646,40020,ELEPHANT HOUSE CREAM SODA 1.5L,1,2022-10-10 10:56:14,1.45,,435.0,435.0,Gampaha
540647,40049,ROZA PASTA MACARONI 400G,15,2022-10-10 18:04:15,1.1,401020.0,330.0,4950.0,Jaffna
540648,40015,SIDDHALEPA BALM 50G,1,2022-10-12 15:32:36,0.92,401012.0,275.0,275.0,Jaffna
540649,40006,MUNCHEE SUPER CREAM CRACKER 500G,2,2022-10-15 08:35:01,1.63,401007.0,490.0,980.0,Anuradhapura
540650,40002,DILMAH EARL GREY TEA 50 BAGS,4,2022-10-18 16:16:31,3.1,401158.0,930.0,3720.0,Colombo
540651,40033,HARISCHANDRA NOODLES 400G,2,2022-10-18 19:13:32,0.92,,275.0,550.0,Colombo
540652,40007,MUNCHEE CHOCOLATE BISCUIT 200G,3,2022-10-19 19:48:11,0.8,,240.0,720.0,Ratnapura
540653,40024,HIGHLAND MILK 1L,8,2022-10-21 18:58:36,1.45,401112.0,435.0,3480.0,Jaffna
540654,40039,CLOGARD TOOTHPASTE 120G,8,2022-10-22 08:40:05,0.8,401035.0,240.0,1920.0,Gampaha
540655,40020,ELEPHANT HOUSE CREAM SODA 1.5L,2,2022-10-23 12:03:50,1.45,,435.0,870.0,Matara
540656,40017,MD MIXED FRUIT JAM 500G,1,2022-10-24 18:40:42,2.37,401105.0,710.0,710.0,Gampaha
540657,40051,LANKA SOY CHICKEN FLAVOUR 90G,2,2022-10-26 16:57:01,0.43,401069.0,130.0,260.0,Hambantota
540658,40001,DILMAH CEYLON TEA 500G,3,2022-10-26 19:17:21,4.37,401054.0,1310.0,3930.0,Colombo
540659,40018,MD MANGO CHUTNEY 400G,5,2022-10-29 11:05:58,2.37,401190.0,710.0,3550.0,Gampaha
540660,40082,NECTO 1.5L,1,2022-10-31 16:58:37,1.27,,380.0,380.0,Galle
540661,40006,MUNCHEE SUPER CREAM CRACKER 500G,3,2022-11-05 12:13:52,1.63,401018.0,490.0,1470.0,Hambantota
540662,40023,RATHTHI MILK POWDER 400G,8,2022-11-06 11:50:55,4.0,401001.0,1200.0,9600.0,Gampaha
540663,40002,DILMAH EARL GREY TEA 50 BAGS,10,2022-11-09 20:31:42,3.1,401215.0,930.0,9300.0,Badulla
540664,40004,ZESTA TEA 400G,4,2022-11-12 10:29:00,3.82,401133.0,1145.0,4580.0,Jaffna
540665,40011,MALIBAN LEMON PUFF 200G,10,2022-11-12 12:46:46,0.73,401183.0,220.0,2200.0,Gampaha
540666,40005,WATAWALA TEA 400G,2,2022-11-12 12:55:50,2.83,401192.0,850.0,1700.0,Kalutara
540667,40001,DILMAH CEYLON TEA 500G,1,2022-11-13 13:54:53,4.37,,1310.0,1310.0,Colombo
540668,40013,SPA CEYLON SLEEP BODY LOTION,4,2022-11-15 11:18:04,12.73,401076.0,3820.0,15280.0,Kurunegala
540669,40047,PELWATTE BUTTER 200G,2,2022-11-16 08:05:44,2.73,401001.0,820.0,1640.0,Puttalam
540670,40005,WATAWALA TEA 400G,8,2022-11-16 08:54:14,2.83,401089.0,850.0,6800.0,Colombo
540671,40018,MD MANGO CHUTNEY 400G,1,2022-11-16 15:31:15,2.37,401032.0,710.0,710.0,Polonnaruwa
540672,40003,DILMAH GREEN TEA 20 BAGS,2,2022-11-20 09:14:00,2.0,401034.0,600.0,1200.0,Colombo
540673,40029,KIST TOMATO KETCHUP 400G,2,2022-11-21 10:16:14,1.63,401125.0,490.0,980.0,Colombo
540674,40010,MALIBAN MARIE BISCUITS 400G,3,2022-11-21 17:18:30,1.27,,380.0,1140.0,Colombo
540675,40070,NESPRAY MILK POWDER 400G,2,2022-11-24 14:35:01,4.3,401027.0,1290.0,2580.0,Jaffna
540676,40026,KITHUL TREACLE 750ML,20,2022-11-24 18:04:49,6.55,401136.0,1965.0,39300.0,Moneragala
540677,40067,COLGATE TOOTHPASTE 120G,2,2022-11-25 12:04:19,0.87,401022.0,260.0,520.0,Matale
540678,40021,ELEPHANT HOUSE VANILLA ICE CREAM 1L,3,2022-11-26 11:35:39,2.92,401216.0,875.0,2625.0,Colombo
540679,40022,ANCHOR MILK POWDER 400G,5,2022-11-26 12:54:37,4.18,401009.0,1255.0,6275.0,Anuradhapura
540680,40002,DILMAH EARL GREY TEA 50 BAGS,4,2022-11-26 19:28:53,3.1,401071.0,930.0,3720.0,Badulla
540681,40035,CBL SAMAPOSHA 200G,1,2022-11-27 13:55:00,0.65,401162.0,195.0,195.0,Anuradhapura
540682,40088,CARGILLS FRESH EGGS (10),6,2022-11-29 19:01:00,1.27,401153.0,380.0,2280.0,Kandy
540683,40071,MA MA NOODLES 5 PACK,5,2022-11-30 19:59:22,1.45,401105.0,435.0,2175.0,Moneragala
540684,40021,ELEPHANT HOUSE VANILLA ICE CREAM 1L,4,2022-12-01 20:35:59,2.92,401213.0,875.0,3500.0,Nuwara Eliya
540685,40087,CARGILLS MAGIC SAUSAGES 400G,3,2022-12-02 15:15:39,2.83,401114.0,850.0,2550.0,Colombo
540686,40070,NESPRAY MILK POWDER 400G,1,2022-12-02 17:19:01,4.3,401167.0,1290.0,1290.0,Ratnapura
540687,40002,DILMAH EARL GREY TEA 50 BAGS,10,2022-12-03 10:33:42,3.1,401031.0,930.0,9300.0,Ampara
540688,40051,LANKA SOY CHICKEN FLAVOUR 90G,1,2022-12-03 14:47:28,0.43,401178.0,130.0,130.0,Kandy
540689,40023,RATHTHI MILK POWDER 400G,12,2022-12-05 09:40:20,4.0,401012.0,1200.0,14400.0,Anuradhapura
540690,40007,MUNCHEE CHOCOLATE BISCUIT 200G,1,2022-12-05 10:42:56,0.8,,240.0,240.0,Kalutara
540691,40020,ELEPHANT HOUSE CREAM SODA 1.5L,6,2022-12-06 08:02:23,1.45,401138.0,435.0,2610.0,Colombo
540692,40034,HARISCHANDRA COFFEE 100G,8,2022-12-06 14:29:23,1.38,401094.0,415.0,3320.0,Hambantota
540693,40034,HARISCHANDRA COFFEE 100G,4,2022-12-07 13:22:30,1.38,401155.0,415.0,1660.0,Kandy
540694,40032,PRIMA STELLA NOODLES 400G,6,2022-12-07 17:36:37,1.02,401078.0,305.0,1830.0,Polonnaruwa
540695,40048,EDINBOROUGH SOY SAUCE 400ML,2,2022-12-09 09:57:03,1.27,401173.0,380.0,760.0,Kalutara
540696,40010,MALIBAN MARIE BISCUITS 400G,8,2022-12-09 11:32:12,1.27,401028.0,380.0,3040.0,Kurunegala
540697,40070,NESPRAY MILK POWDER 400G,3,2022-12-11 18:33:06,4.3,401184.0,1290.0,3870.0,Puttalam
540698,40077,PILAWOOS FALOODA MIX 200G,4,2022-12-12 17:06:23,1.27,401040.0,380.0,1520.0,Ratnapura
540699,40026,KITHUL TREACLE 750ML,10,2022-12-15 13:48:54,6.55,401131.0,1965.0,19650.0,Gampaha
540700,40014,SPA CEYLON HAND CREAM,20,2022-12-16 08:59:26,8.0,401188.0,2400.0,48000.0,Kandy
540701,40003,DILMAH GREEN TEA 20 BAGS,4,2022-12-17 09:03:36,2.0,401141.0,600.0,2400.0,Kalutara
540702,40019,ELEPHANT HOUSE GINGER BEER 1.5L,3,2022-12-18 16:57:18,1.45,401003.0,435.0,1305.0,Kandy
540703,40010,MALIBAN MARIE BISCUITS 400G,2,2022-12-18 19:16:20,1.27,401108.0,380.0,760.0,Colombo
540704,40002,DILMAH EARL GREY TEA 50 BAGS,1,2022-12-21 12:25:07,3.1,401004.0,930.0,930.0,Colombo
540705,40011,MALIBAN LEMON PUFF 200G,3,2022-12-22 16:44:05,0.73,401172.0,220.0,660.0,Kurunegala
540706,40052,WIJAYA ROASTED CURRY POWDER 250G,2,2022-12-23 13:01:57,1.45,401059.0,435.0,870.0,Nuwara Eliya
540707,40009,MUNCHEE TIKIRI MARIE 80G,3,2022-12-23 18:22:43,0.25,,75.0,225.0,Jaffna
540708,40037,MOTHA STRAWBERRY JELLY 100G,1,2022-12-24 12:08:35,0.43,401082.0,130.0,130.0,Anuradhapura
540709,40014,SPA CEYLON HAND CREAM,3,2022-12-26 18:03:36,8.0,401051.0,2400.0,7200.0,Ratnapura
540710,40001,DILMAH CEYLON TEA 500G,3,2022-12-27 09:03:44,4.37,,1310.0,3930.0,Anuradhapura
540711,40005,WATAWALA TEA 400G,8,2022-12-28 09:06:16,2.83,401144.0,850.0,6800.0,Anuradhapura
540712,40081,SPRITE 1.5L,6,2022-12-29 11:55:59,1.27,,380.0,2280.0,Colombo
540713,40086,FITS COOKING OIL 1L,1,2022-12-29 16:03:33,4.0,,1200.0,1200.0,Anuradhapura
540714,40016,LINK SAMAHAN BOX (100 PACKETS),3,2022-12-30 12:44:31,5.47,401054.0,1640.0,4920.0,Colombo
540715,40008,MUNCHEE LEMON PUFF 200G,4,2023-01-01 08:40:19,0.73,401013.0,230.0,920.0,Gampaha
540716,40004,ZESTA TEA 400G,2,2023-01-01 08:51:53,3.81,401202.0,1200.0,2400.0,Colombo
540717,40025,KOTMALE FRESH MILK 1L,3,2023-01-01 09:33:21,1.63,401047.0,515.0,1545.0,Gampaha
540718,40059,SURF EXCEL 1KG,2,2023-01-01 17:48:08,3.08,401132.0,970.0,1940.0,Kegalle
540719,40017,MD MIXED FRUIT JAM 500G,2,2023-01-01 19:30:09,2.35,401096.0,740.0,1480.0,Colombo
540720,40042,MARINA COCONUT OIL 1L,10,2023-01-02 12:44:35,3.44,401115.0,1085.0,10850.0,Colombo
540721,40001,DILMAH CEYLON TEA 500G,6,2023-01-03 16:46:55,4.35,401044.0,1370.0,8220.0,Colombo
540722,40039,CLOGARD TOOTHPASTE 120G,1,2023-01-04 16:17:26,0.79,401036.0,250.0,250.0,Kalutara
540723,40007,MUNCHEE CHOCOLATE BISCUIT 200G,6,2023-01-06 19:28:56,0.79,,250.0,1500.0,Matara
540724,40003,DILMAH GREEN TEA 20 BAGS,2,2023-01-09 17:11:30,2.0,401010.0,630.0,1260.0,Ampara
540725,40023,RATHTHI MILK POWDER 400G,2,2023-01-11 18:23:55,3.98,401161.0,1255.0,2510.0,Kalutara
540726,40059,SURF EXCEL 1KG,4,2023-01-11 18:56:57,3.08,401022.0,970.0,3880.0,Polonnaruwa
540727,40039,CLOGARD TOOTHPASTE 120G,3,2023-01-12 12:29:33,0.79,401113.0,250.0,750.0,Gampaha
540728,40014,SPA CEYLON HAND CREAM,1,2023-01-15 14:18:04,7.97,401219.0,2510.0,2510.0,Anuradhapura
540729,40003,DILMAH GREEN TEA 20 BAGS,3,2023-01-17 19:21:39,2.0,401022.0,630.0,1890.0,Anuradhapura
540730,40039,CLOGARD TOOTHPASTE 120G,1,2023-01-19 13:20:44,0.79,401088.0,250.0,250.0,Matara
540731,40005,WATAWALA TEA 400G,2,2023-01-20 12:42:22,2.83,401089.0,890.0,1780.0,Gampaha
540732,40055,LIFEBUOY SOAP 100G,3,2023-01-22 20:07:27,0.48,401142.0,150.0,450.0,Galle
540733,40056,SUNSILK BLACK SHAMPOO 200ML,3,2023-01-29 12:26:42,2.0,,630.0,1890.0,Matara
540734,40001,DILMAH CEYLON TEA 500G,5,2023-01-29 13:16:15,4.35,401143.0,1370.0,6850.0,Anuradhapura
540735,40049,ROZA PASTA MACARONI 400G,3,2023-01-30 09:07:41,1.08,401020.0,340.0,1020.0,Kalutara
540736,40007,MUNCHEE CHOCOLATE BISCUIT 200G,5,2023-01-31 10:02:59,0.79,401079.0,250.0,1250.0,Kalutara
540737,40037,MOTHA STRAWBERRY JELLY 100G,4,2023-02-02 20:45:03,0.43,401136.0,135.0,540.0,Hambantota
540738,40068,CLOSE UP TOOTHPASTE 120G,1,2023-02-03 08:20:03,0.86,401127.0,270.0,270.0,Matale
540739,40060,SUNLIGHT SOAP 115G,1,2023-02-03 16:38:12,0.43,401081.0,135.0,135.0,Puttalam
540740,40008,MUNCHEE LEMON PUFF 200G,1,2023-02-04 20:27:05,0.73,401196.0,230.0,230.0,Matara
540741,40011,MALIBAN LEMON PUFF 200G,8,2023-02-05 08:04:40,0.73,,230.0,1840.0,Kandy
540742,40063,MILO 400G,1,2023-02-08 09:11:24,2.83,401036.0,890.0,890.0,Trincomalee
540743,40016,LINK SAMAHAN BOX (100 PACKETS),4,2023-02-08 14:13:05,5.43,401194.0,1710.0,6840.0,Galle
540744,40037,MOTHA STRAWBERRY JELLY 100G,5,2023-02-08 18:29:25,0.43,,135.0,675.0,Matale
540745,40077,PILAWOOS FALOODA MIX 200G,3,2023-02-12 08:22:04,1.27,,400.0,1200.0,Colombo
540746,40005,WATAWALA TEA 400G,3,2023-02-13 08:41:59,2.83,401159.0,890.0,2670.0,Polonnaruwa
540747,40020,ELEPHANT HOUSE CREAM SODA 1.5L,2,2023-02-13 16:08:47,1.44,401005.0,455.0,910.0,Kalutara
540748,40037,MOTHA STRAWBERRY JELLY 100G,8,2023-02-14 14:31:44,0.43,,135.0,1080.0,Colombo
540749,40028,BAIRAHA CHICKEN 1KG,4,2023-02-14 19:20:43,5.25,401073.0,1655.0,6620.0,Gampaha
540750,40025,KOTMALE FRESH MILK 1L,2,2023-02-15 10:06:07,1.63,401001.0,515.0,1030.0,Gampaha
540751,40072,FUN FOODS MAYONNAISE 250G,3,2023-02-15 12:53:37,1.78,401018.0,560.0,1680.0,Kandy
540752,40015,SIDDHALEPA BALM 50G,4,2023-02-16 17:43:53,0.9,401078.0,285.0,1140.0,Kalutara
540753,40006,MUNCHEE SUPER CREAM CRACKER 500G,1,2023-02-19 19:43:42,1.63,401062.0,515.0,515.0,Colombo
540754,40026,KITHUL TREACLE 750ML,4,2023-02-20 12:40:46,6.52,401093.0,2055.0,8220.0,Gampaha
540755,40010,MALIBAN MARIE BISCUITS 400G,8,2023-02-20 16:14:29,1.27,401091.0,400.0,3200.0,Mannar
540756,40007,MUNCHEE CHOCOLATE BISCUIT 200G,3,2023-02-20 18:36:26,0.79,401036.0,250.0,750.0,Batticaloa
540757,40021,ELEPHANT HOUSE VANILLA ICE CREAM 1L,4,2023-02-20 19:08:25,2.9,401018.0,915.0,3660.0,Matara
540758,40004,ZESTA TEA 400G,3,2023-02-21 09:18:26,3.81,,1200.0,3600.0,Ratnapura
540759,40013,SPA CEYLON SLEEP BODY LOTION,8,2023-02-22 12:26:06,12.68,401056.0,3995.0,31960.0,Moneragala
540760,40078,SOFTLOGIC COCONUT MILK 400ML,2,2023-02-25 19:03:26,1.16,401197.0,365.0,730.0,Colombo
540761,40041,BABY CHERAMY SOAP 90G,3,2023-02-26 09:15:19,0.51,401038.0,160.0,480.0,Galle
540762,40009,MUNCHEE TIKIRI MARIE 80G,1,2023-02-28 11:25:40,0.25,401123.0,80.0,80.0,Colombo
540763,40023,RATHTHI MILK POWDER 400G,1,2023-02-28 19:40:37,3.98,401046.0,1255.0,1255.0,Colombo
540764,40026,KITHUL TREACLE 750ML,2,2023-03-01 16:28:26,6.52,401137.0,2055.0,4110.0,Colombo
540765,40013,SPA CEYLON SLEEP BODY LOTION,2,2023-03-02 09:19:35,12.68,401008.0,3995.0,7990.0,Kandy
540766,40007,MUNCHEE CHOCOLATE BISCUIT 200G,3,2023-03-02 09:43:20,0.79,401082.0,250.0,750.0,Kurunegala
540767,40051,LANKA SOY CHICKEN FLAVOUR 90G,2,2023-03-03 13:57:47,0.43,401217.0,135.0,270.0,Kegalle
540768,40029,KIST TOMATO KETCHUP 400G,3,2023-03-03 16:06:23,1.63,401097.0,515.0,1545.0,Mannar
540769,40002,DILMAH EARL GREY TEA 50 BAGS,2,2023-03-03 17:29:52,3.08,401140.0,970.0,1940.0,Kegalle
540770,40035,CBL SAMAPOSHA 200G,4,2023-03-04 13:48:49,0.65,401167.0,205.0,820.0,Colombo
540771,40008,MUNCHEE LEMON PUFF 200G,2,2023-03-04 19:06:19,0.73,401048.0,230.0,460.0,Badulla
540772,40068,CLOSE UP TOOTHPASTE 120G,6,2023-03-07 18:33:27,0.86,401006.0,270.0,1620.0,Ratnapura
540773,40023,RATHTHI MILK POWDER 400G,1,2023-03-15 11:41:18,3.98,401214.0,1255.0,1255.0,Kalutara
540774,40009,MUNCHEE TIKIRI MARIE 80G,2,2023-03-15 19:53:53,0.25,401202.0,80.0,160.0,Gampaha
540775,40003,DILMAH GREEN TEA 20 BAGS,3,2023-03-16 08:51:22,2.0,,630.0,1890.0,Jaffna
540776,40083,BOGAWANTALAWA TEA 400G,2,2023-03-16 18:42:02,3.25,401186.0,1025.0,2050.0,Colombo
540777,40053,WIJAYA CHILLI POWDER 250G,2,2023-03-16 20:31:42,1.63,,515.0,1030.0,Colombo
540778,40024,HIGHLAND MILK 1L,10,2023-03-18 17:20:22,1.44,401208.0,455.0,4550.0,Ampara
540779,40027,KEELLS CHICKEN SAUSAGES 500G,2,2023-03-19 08:29:20,3.44,401101.0,1085.0,2170.0,Batticaloa
540780,40075,RANMUTHU RICE 5KG,1,2023-03-19 16:37:29,5.43,401195.0,1710.0,1710.0,Matale
540781,40088,CARGILLS FRESH EGGS (10),2,2023-03-20 13:09:41,1.27,401200.0,400.0,800.0,Kandy
540782,40090,RITZBURY CHOCOLATE BAR 100G,2,2023-03-21 17:23:02,0.94,401025.0,295.0,590.0,Ampara
540783,40091,USWATTE SPICES MIXED CURRY POWDER 100G,3,2023-03-21 19:42:17,0.79,401167.0,250.0,750.0,Jaffna
540784,40004,ZESTA TEA 400G,2,2023-03-22 14:49:46,3.81,401085.0,1200.0,2400.0,Kalutara
540785,40024,HIGHLAND MILK 1L,12,2023-03-22 18:15:17,1.44,,455.0,5460.0,Anuradhapura
540786,40022,ANCHOR MILK POWDER 400G,3,2023-03-24 09:03:50,4.16,401119.0,1310.0,3930.0,Colombo
540787,40026,KITHUL TREACLE 750ML,2,2023-03-24 13:52:06,6.52,401182.0,2055.0,4110.0,Moneragala
540788,40056,SUNSILK BLACK SHAMPOO 200ML,1,2023-03-24 17:53:40,2.0,401044.0,630.0,630.0,Puttalam
540789,40042,MARINA COCONUT OIL 1L,3,2023-03-26 20:06:05,3.44,401005.0,1085.0,3255.0,Jaffna
540790,40045,PANADOL 100 TABLETS,6,2023-03-26 20:18:41,1.63,401179.0,515.0,3090.0,Colombo
540791,40005,WATAWALA TEA 400G,3,2023-03-29 20:41:03,2.83,401035.0,890.0,2670.0,Jaffna
540792,40031,PRIMA KOTTU MEE CUP,5,2023-04-01 08:27:22,0.54,,170.0,850.0,Ratnapura
540793,40011,MALIBAN LEMON PUFF 200G,5,2023-04-03 09:11:00,0.73,401136.0,230.0,1150.0,Ratnapura
C540794,40003,DILMAH GREEN TEA 20 BAGS,-8,2023-04-05 14:03:23,2.0,401214.0,630.0,-5040.0,Trincomalee
540795,40007,MUNCHEE CHOCOLATE BISCUIT 200G,5,2023-04-07 08:30:26,0.79,401071.0,250.0,1250.0,Colombo
540796,40035,CBL SAMAPOSHA 200G,3,2023-04-07 15:58:40,0.65,401212.0,205.0,615.0,Colombo
540797,40088,CARGILLS FRESH EGGS (10),15,2023-04-07 16:00:45,1.27,401023.0,400.0,6000.0,Galle
540798,40003,DILMAH GREEN TEA 20 BAGS,4,2023-04-08 16:00:43,2.0,,630.0,2520.0,Ampara
540799,40016,LINK SAMAHAN BOX (100 PACKETS),1,2023-04-13 14:25:52,5.43,401184.0,1710.0,1710.0,Gampaha
540800,40072,FUN FOODS MAYONNAISE 250G,1,2023-04-14 11:16:26,1.78,401005.0,560.0,560.0,Kegalle
540801,40006,MUNCHEE SUPER CREAM CRACKER 500G,2,2023-04-14 17:22:52,1.63,401207.0,515.0,1030.0,Kalutara
540802,40001,DILMAH CEYLON TEA 500G,4,2023-04-14 17:37:37,4.35,401030.0,1370.0,5480.0,Kurunegala
540803,40013,SPA CEYLON SLEEP BODY LOTION,15,2023-04-15 11:18:57,12.68,,3995.0,59925.0,Kandy
540804,40004,ZESTA TEA 400G,2,2023-04-16 09:28:36,3.81,401046.0,1200.0,2400.0,Matara
540805,40013,SPA CEYLON SLEEP BODY LOTION,3,2023-04-17 11:34:43,12.68,,3995.0,11985.0,Kegalle
540806,40062,NESTOMALT 400G,3,2023-04-17 16:13:39,2.25,401219.0,710.0,2130.0,Kurunegala
540807,40022,ANCHOR MILK POWDER 400G,2,2023-04-17 16:38:37,4.16,401180.0,1310.0,2620.0,Matara
540808,40082,NECTO 1.5L,5,2023-04-18 08:51:11,1.27,401095.0,400.0,2000.0,Gampaha
540809,40035,CBL SAMAPOSHA 200G,8,2023-04-18 17:01:45,0.65,401114.0,205.0,1640.0,Kandy
540810,40041,BABY CHERAMY SOAP 90G,1,2023-04-19 13:28:43,0.51,401071.0,160.0,160.0,Moneragala
540811,40002,DILMAH EARL GREY TEA 50 BAGS,12,2023-04-19 20:24:55,3.08,401141.0,970.0,11640.0,Jaffna
540812,40010,MALIBAN MARIE BISCUITS 400G,2,2023-04-21 19:47:52,1.27,401030.0,400.0,800.0,Gampaha
540813,40057,VIM DISHWASH LIQUID 500ML,4,2023-04-22 10:54:10,1.63,,515.0,2060.0,Puttalam
540814,40002,DILMAH EARL GREY TEA 50 BAGS,8,2023-04-22 13:22:16,3.08,401166.0,970.0,7760.0,Gampaha
540815,40029,KIST TOMATO KETCHUP 400G,6,2023-04-23 12:58:30,1.63,401028.0,515.0,3090.0,Batticaloa
540816,40027,KEELLS CHICKEN SAUSAGES 500G,5,2023-04-24 20:31:51,3.44,401185.0,1085.0,5425.0,Colombo
540817,40022,ANCHOR MILK POWDER 400G,1,2023-04-25 08:28:21,4.16,401172.0,1310.0,1310.0,Moneragala
540818,40090,RITZBURY CHOCOLATE BAR 100G,3,2023-04-25 15:24:11,0.94,401108.0,295.0,885.0,Jaffna
540819,40006,MUNCHEE SUPER CREAM CRACKER 500G,3,2023-04-27 09:55:46,1.63,401014.0,515.0,1545.0,Galle
540820,40016,LINK SAMAHAN BOX (100 PACKETS),2,2023-04-27 13:46:01,5.43,,1710.0,3420.0,Anuradhapura
540821,40017,MD MIXED FRUIT JAM 500G,2,2023-04-28 11:20:52,2.35,401146.0,740.0,1480.0,Gampaha
540822,40046,MARMITE 100G,2,2023-04-28 18:26:49,2.71,,855.0,1710.0,Kurunegala
540823,40054,PEARS BABY POWDER 100G,3,2023-04-28 19:24:35,0.9,401049.0,285.0,855.0,Hambantota
540824,40016,LINK SAMAHAN BOX (100 PACKETS),1,2023-04-28 19:41:52,5.43,401214.0,1710.0,1710.0,Galle
540825,40069,ANCHOR BUTTER 200G,4,2023-04-29 12:34:38,2.83,401210.0,890.0,3560.0,Colombo
540826,40052,WIJAYA ROASTED CURRY POWDER 250G,3,2023-04-29 19:16:31,1.44,401064.0,455.0,1365.0,Gampaha
540827,40009,MUNCHEE TIKIRI MARIE 80G,1,2023-04-30 16:07:51,0.25,401018.0,80.0,80.0,Ratnapura
540828,40067,COLGATE TOOTHPASTE 120G,6,2023-05-03 12:41:19,0.87,,275.0,1650.0,Trincomalee
540829,40068,CLOSE UP TOOTHPASTE 120G,6,2023-05-04 14:30:32,0.86,401056.0,270.0,1620.0,Galle
540830,40061,VELVET BEAUTY SOAP 100G,6,2023-05-04 17:15:40,0.54,401010.0,170.0,1020.0,Colombo
540831,40016,LINK SAMAHAN BOX (100 PACKETS),5,2023-05-04 18:50:20,5.43,401158.0,1710.0,8550.0,Kandy
540832,40045,PANADOL 100 TABLETS,3,2023-05-06 08:23:50,1.63,401159.0,515.0,1545.0,Jaffna
540833,40011,MALIBAN LEMON PUFF 200G,4,2023-05-10 20:40:09,0.73,401073.0,230.0,920.0,Galle
540834,40014,SPA CEYLON HAND CREAM,6,2023-05-11 09:13:16,7.97,401172.0,2510.0,15060.0,Nuwara Eliya
540835,40029,KIST TOMATO KETCHUP 400G,1,2023-05-13 19:34:03,1.63,,515.0,515.0,Kandy
540836,40014,SPA CEYLON HAND CREAM,5,2023-05-15 16:45:14,7.97,401091.0,2510.0,12550.0,Colombo
540837,40070,NESPRAY MILK POWDER 400G,10,2023-05-18 17:09:24,4.27,401162.0,1345.0,13450.0,Kurunegala
540838,40029,KIST TOMATO KETCHUP 400G,1,2023-05-19 16:30:24,1.63,401019.0,515.0,515.0,Nuwara Eliya
540839,40020,ELEPHANT HOUSE CREAM SODA 1.5L,2,2023-05-20 19:10:13,1.44,401160.0,455.0,910.0,Gampaha
540840,40009,MUNCHEE TIKIRI MARIE 80G,1,2023-05-21 09:47:41,0.25,401036.0,80.0,80.0,Anuradhapura
C540841,40070,NESPRAY MILK POWDER 400G,-1,2023-05-22 18:27:49,4.27,401087.0,1345.0,-1345.0,Colombo
540842,40003,DILMAH GREEN TEA 20 BAGS,2,2023-05-22 20:39:32,2.0,401006.0,630.0,1260.0,Ampara
540843,40073,DELMEGE BASMATI RICE 5KG,8,2023-05-23 11:54:37,7.6,401077.0,2395.0,19160.0,Gampaha
540844,40047,PELWATTE BUTTER 200G,2,2023-05-24 10:09:14,2.71,401049.0,855.0,1710.0,Ampara
540845,40038,MOTHA FALUDA MIX 100G,1,2023-05-24 17:39:02,0.73,401149.0,230.0,230.0,Matara
540846,40003,DILMAH GREEN TEA 20 BAGS,4,2023-05-27 09:35:40,2.0,401066.0,630.0,2520.0,Puttalam
540847,40006,MUNCHEE SUPER CREAM CRACKER 500G,3,2023-05-27 17:37:40,1.63,401037.0,515.0,1545.0,Kegalle
540848,40033,HARISCHANDRA NOODLES 400G,4,2023-05-28 17:57:29,0.9,,285.0,1140.0,Colombo
540849,40071,MA MA NOODLES 5 PACK,2,2023-06-01 18:26:22,1.44,401209.0,455.0,910.0,Mannar
540850,40043,ASTRA MARGARINE 250G,1,2023-06-02 10:13:40,1.44,401004.0,455.0,455.0,Gampaha
540851,40010,MALIBAN MARIE BISCUITS 400G,4,2023-06-03 19:46:00,1.27,401001.0,400.0,1600.0,Kegalle
540852,40077,PILAWOOS FALOODA MIX 200G,2,2023-06-04 17:46:54,1.27,401215.0,400.0,800.0,Kurunegala
540853,40015,SIDDHALEPA BALM 50G,8,2023-06-05 17:13:56,0.9,,285.0,2280.0,Kegalle
540854,40033,HARISCHANDRA NOODLES 400G,3,2023-06-06 10:34:04,0.9,,285.0,855.0,Moneragala
540855,40001,DILMAH CEYLON TEA 500G,15,2023-06-06 15:39:21,4.35,401221.0,1370.0,20550.0,Ampara
540856,40013,SPA CEYLON SLEEP BODY LOTION,2,2023-06-07 16:25:06,12.68,401030.0,3995.0,7990.0,Ratnapura
540857,40006,MUNCHEE SUPER CREAM CRACKER 500G,1,2023-06-09 14:44:54,1.63,401094.0,515.0,515.0,Galle
540858,40038,MOTHA FALUDA MIX 100G,2,2023-06-10 18:43:21,0.73,401174.0,230.0,460.0,Colombo
540859,40083,BOGAWANTALAWA TEA 400G,10,2023-06-10 18:50:33,3.25,401025.0,1025.0,10250.0,Galle
540860,40036,MAGGI COCONUT MILK POWDER 300G,1,2023-06-11 09:18:20,2.71,401008.0,855.0,855.0,Gampaha
540861,40032,PRIMA STELLA NOODLES 400G,1,2023-06-13 08:57:05,1.02,401089.0,320.0,320.0,Galle
540862,40068,CLOSE UP TOOTHPASTE 120G,4,2023-06-13 20:04:01,0.86,401052.0,270.0,1080.0,Matale
C540863,40001,DILMAH CEYLON TEA 500G,-4,2023-06-16 12:44:56,4.35,401115.0,1370.0,-5480.0,Kegalle
540864,40017,MD MIXED FRUIT JAM 500G,3,2023-06-16 16:08:59,2.35,401200.0,740.0,2220.0,Kandy
540865,40007,MUNCHEE CHOCOLATE BISCUIT 200G,5,2023-06-18 12:53:30,0.79,401009.0,250.0,1250.0,Colombo
540866,40028,BAIRAHA CHICKEN 1KG,3,2023-06-19 09:32:14,5.25,401022.0,1655.0,4965.0,Kurunegala
540867,40052,WIJAYA ROASTED CURRY POWDER 250G,2,2023-06-21 12:32:15,1.44,401077.0,455.0,910.0,Puttalam
540868,40007,MUNCHEE CHOCOLATE BISCUIT 200G,3,2023-06-23 14:05:53,0.79,401120.0,250.0,750.0,Kalutara
540869,40018,MD MANGO CHUTNEY 400G,2,2023-06-24 13:19:13,2.35,401043.0,740.0,1480.0,Moneragala
540870,40041,BABY CHERAMY SOAP 90G,2,2023-06-25 18:58:27,0.51,401117.0,160.0,320.0,Kandy
540871,40010,MALIBAN MARIE BISCUITS 400G,1,2023-06-26 08:02:31,1.27,401001.0,400.0,400.0,Puttalam
540872,40012,MALIBAN CREAM CRACKER 500G,2,2023-06-28 08:59:53,1.52,,480.0,960.0,Galle
540873,40002,DILMAH EARL GREY TEA 50 BAGS,3,2023-06-28 15:12:52,3.08,401057.0,970.0,2910.0,Gampaha
540874,40011,MALIBAN LEMON PUFF 200G,8,2023-06-28 16:56:08,0.73,,230.0,1840.0,Colombo
540875,40029,KIST TOMATO KETCHUP 400G,8,2023-07-03 10:09:35,1.63,,515.0,4120.0,Kurunegala
540876,40006,MUNCHEE SUPER CREAM CRACKER 500G,4,2023-07-03 20:18:06,1.63,,515.0,2060.0,Colombo
540877,40026,KITHUL TREACLE 750ML,2,2023-07-04 12:35:26,6.52,401059.0,2055.0,4110.0,Galle
540878,40025,KOTMALE FRESH MILK 1L,2,2023-07-08 19:39:45,1.63,,515.0,1030.0,Mullaitivu
540879,40010,MALIBAN MARIE BISCUITS 400G,2,2023-07-09 13:07:18,1.27,401147.0,400.0,800.0,Ratnapura
540880,DELV,COURIER DELIVERY CHARGE,6,2023-07-09 18:55:22,3.0,401069.0,945.0,5670.0,Matara
540881,40003,DILMAH GREEN TEA 20 BAGS,4,2023-07-09 19:49:58,2.0,401007.0,630.0,2520.0,Ampara
540882,40045,PANADOL 100 TABLETS,4,2023-07-10 10:43:20,1.63,401063.0,515.0,2060.0,Colombo
540883,40061,VELVET BEAUTY SOAP 100G,6,2023-07-11 12:29:45,0.54,,170.0,1020.0,Hambantota
540884,40009,MUNCHEE TIKIRI MARIE 80G,6,2023-07-11 20:52:10,0.25,,80.0,480.0,Colombo
540885,40044,HAPPY COW CHEESE 120G,2,2023-07-14 17:11:33,3.08,401094.0,970.0,1940.0,Kalutara
540886,40002,DILMAH EARL GREY TEA 50 BAGS,2,2023-07-16 11:54:44,3.08,401050.0,970.0,1940.0,Kurunegala
540887,40061,VELVET BEAUTY SOAP 100G,4,2023-07-17 10:52:17,0.54,401044.0,170.0,680.0,Kurunegala
540888,40037,MOTHA STRAWBERRY JELLY 100G,4,2023-07-18 12:21:51,0.43,401207.0,135.0,540.0,Ampara
540889,40051,LANKA SOY CHICKEN FLAVOUR 90G,3,2023-07-19 14:43:46,0.43,401219.0,135.0,405.0,Jaffna
540890,40030,KIST MIXED FRUIT NECTAR 1L,6,2023-07-20 08:19:49,2.0,401064.0,630.0,3780.0,Hambantota
540891,40004,ZESTA TEA 400G,4,2023-07-20 08:24:30,3.81,401140.0,1200.0,4800.0,Galle
540892,40015,SIDDHALEPA BALM 50G,2,2023-07-21 18:31:02,0.9,401061.0,285.0,570.0,Kurunegala
540893,40004,ZESTA TEA 400G,4,2023-07-22 14:36:39,3.81,401055.0,1200.0,4800.0,Ratnapura
540894,40023,RATHTHI MILK POWDER 400G,1,2023-07-22 16:14:02,3.98,401186.0,1255.0,1255.0,Kurunegala
540895,40011,MALIBAN LEMON PUFF 200G,3,2023-07-23 20:45:02,0.73,401030.0,230.0,690.0,Jaffna
540896,40048,EDINBOROUGH SOY SAUCE 400ML,12,2023-07-24 11:01:11,1.27,,400.0,4800.0,Gampaha
540897,40005,WATAWALA TEA 400G,5,2023-07-24 11:05:14,2.83,401104.0,890.0,4450.0,Colombo
540898,40070,NESPRAY MILK POWDER 400G,8,2023-07-24 19:08:13,4.27,401184.0,1345.0,10760.0,Kilinochchi
540899,40047,PELWATTE BUTTER 200G,2,2023-07-25 11:32:27,2.71,401019.0,855.0,1710.0,Colombo
540900,40034,HARISCHANDRA COFFEE 100G,1,2023-07-25 16:31:05,1.38,401102.0,435.0,435.0,Ratnapura
540901,40001,DILMAH CEYLON TEA 500G,6,2023-07-25 17:14:35,4.35,,1370.0,8220.0,Galle
540902,40005,WATAWALA TEA 400G,20,2023-07-25 18:12:23,2.83,401202.0,890.0,17800.0,Kegalle
540903,40010,MALIBAN MARIE BISCUITS 400G,1,2023-07-26 14:12:45,1.27,401001.0,400.0,400.0,Colombo
540904,40055,LIFEBUOY SOAP 100G,6,2023-07-27 17:56:20,0.48,401086.0,150.0,900.0,Trincomalee
540905,40078,SOFTLOGIC COCONUT MILK 400ML,2,2023-07-28 14:48:54,1.16,401140.0,365.0,730.0,Colombo
540906,40008,MUNCHEE LEMON PUFF 200G,4,2023-08-03 10:08:14,0.73,401099.0,230.0,920.0,Kurunegala
540907,40007,MUNCHEE CHOCOLATE BISCUIT 200G,2,2023-08-04 08:33:47,0.79,401079.0,250.0,500.0,Kurunegala
540908,40001,DILMAH CEYLON TEA 500G,3,2023-08-04 10:24:59,4.35,401118.0,1370.0,4110.0,Anuradhapura
540909,40046,MARMITE 100G,2,2023-08-05 18:40:48,2.71,401028.0,855.0,1710.0,Polonnaruwa
540910,40026,KITHUL TREACLE 750ML,10,2023-08-06 09:14:45,6.52,401017.0,2055.0,20550.0,Kandy
540911,40001,DILMAH CEYLON TEA 500G,1,2023-08-08 12:44:48,4.35,401008.0,1370.0,1370.0,Gampaha
540912,40027,KEELLS CHICKEN SAUSAGES 500G,5,2023-08-09 11:40:17,3.44,401071.0,1085.0,5425.0,Anuradhapura
540913,40002,DILMAH EARL GREY TEA 50 BAGS,3,2023-08-10 08:44:54,3.08,401117.0,970.0,2910.0,Jaffna
540914,40051,LANKA SOY CHICKEN FLAVOUR 90G,15,2023-08-10 20:52:09,0.43,401202.0,135.0,2025.0,Trincomalee
540915,40002,DILMAH EARL GREY TEA 50 BAGS,4,2023-08-12 13:58:11,3.08,401047.0,970.0,3880.0,Gampaha
540916,40031,PRIMA KOTTU MEE CUP,3,2023-08-15 08:26:59,0.54,401147.0,170.0,510.0,Gampaha
540917,40032,PRIMA STELLA NOODLES 400G,5,2023-08-15 11:33:03,1.02,,320.0,1600.0,Anuradhapura
540918,40031,PRIMA KOTTU MEE CUP,3,2023-08-16 17:30:54,0.54,401083.0,170.0,510.0,Kandy
540919,40036,MAGGI COCONUT MILK POWDER 300G,3,2023-08-17 11:58:23,2.71,401101.0,855.0,2565.0,Trincomalee
540920,40005,WATAWALA TEA 400G,2,2023-08-19 12:56:12,2.83,401011.0,890.0,1780.0,Anuradhapura
540921,40001,DILMAH CEYLON TEA 500G,8,2023-08-19 19:17:37,4.35,,1370.0,10960.0,Badulla
540922,40071,MA MA NOODLES 5 PACK,3,2023-08-21 16:33:11,1.44,401084.0,455.0,1365.0,Kandy
540923,40001,DILMAH CEYLON TEA 500G,1,2023-08-25 09:59:05,4.35,401047.0,1370.0,1370.0,Kandy
540924,40041,BABY CHERAMY SOAP 90G,2,2023-08-25 19:59:01,0.51,401170.0,160.0,320.0,Colombo
540925,40020,ELEPHANT HOUSE CREAM SODA 1.5L,15,2023-08-26 17:10:51,1.44,401098.0,455.0,6825.0,Ratnapura
540926,40005,WATAWALA TEA 400G,2,2023-08-27 09:15:49,2.83,401148.0,890.0,1780.0,Gampaha
540927,40088,CARGILLS FRESH EGGS (10),4,2023-08-28 16:06:54,1.27,401087.0,400.0,1600.0,Kalutara
540928,40054,PEARS BABY POWDER 100G,3,2023-08-31 10:32:37,0.9,401124.0,285.0,855.0,Hambantota
540929,40033,HARISCHANDRA NOODLES 400G,1,2023-09-01 18:52:34,0.9,401018.0,285.0,285.0,Ratnapura
540930,40021,ELEPHANT HOUSE VANILLA ICE CREAM 1L,2,2023-09-02 16:11:51,2.9,401135.0,915.0,1830.0,Ratnapura
540931,40090,RITZBURY CHOCOLATE BAR 100G,1,2023-09-04 18:23:33,0.94,401145.0,295.0,295.0,Badulla
540932,40080,COCA-COLA 1.5L,6,2023-09-06 09:02:29,1.27,401208.0,400.0,2400.0,Matara
540933,40065,FAIR & LOVELY CREAM 50G,3,2023-09-06 10:10:10,1.16,401024.0,365.0,1095.0,Nuwara Eliya
540934,40014,SPA CEYLON HAND CREAM,1,2023-09-06 10:32:22,7.97,401198.0,2510.0,2510.0,Galle
540935,40001,DILMAH CEYLON TEA 500G,12,2023-09-06 12:01:23,4.35,401173.0,1370.0,16440.0,Galle
540936,40003,DILMAH GREEN TEA 20 BAGS,2,2023-09-06 13:12:43,2.0,401037.0,630.0,1260.0,Kurunegala
540937,40020,ELEPHANT HOUSE CREAM SODA 1.5L,2,2023-09-07 16:45:28,1.44,401184.0,455.0,910.0,Kegalle
540938,40007,MUNCHEE CHOCOLATE BISCUIT 200G,5,2023-09-09 12:01:18,0.79,401021.0,250.0,1250.0,Matara
540939,40004,ZESTA TEA 400G,2,2023-09-09 14:14:01,3.81,401133.0,1200.0,2400.0,Kandy
540940,40005,WATAWALA TEA 400G,6,2023-09-10 20:12:13,2.83,401005.0,890.0,5340.0,Puttalam
540941,40002,DILMAH EARL GREY TEA 50 BAGS,2,2023-09-11 12:13:43,3.08,401041.0,970.0,1940.0,Gampaha
540942,40005,WATAWALA TEA 400G,3,2023-09-11 18:45:53,2.83,401190.0,890.0,2670.0,Hambantota
540943,40003,DILMAH GREEN TEA 20 BAGS,2,2023-09-12 11:43:31,2.0,401201.0,630.0,1260.0,Puttalam
540944,40009,MUNCHEE TIKIRI MARIE 80G,2,2023-09-12 12:09:00,0.25,401009.0,80.0,160.0,Colombo
540945,40063,MILO 400G,10,2023-09-14 10:52:48,2.83,401167.0,890.0,8900.0,Galle
540946,40021,ELEPHANT HOUSE VANILLA ICE CREAM 1L,4,2023-09-14 14:32:27,2.9,401073.0,915.0,3660.0,Kandy
540947,40037,MOTHA STRAWBERRY JELLY 100G,2,2023-09-14 18:59:52,0.43,401197.0,135.0,270.0,Ratnapura
540948,40001,DILMAH CEYLON TEA 500G,2,2023-09-14 20:51:32,4.35,,1370.0,2740.0,Galle
540949,40016,LINK SAMAHAN BOX (100 PACKETS),4,2023-09-14 20:55:21,5.43,401139.0,1710.0,6840.0,Trincomalee
540950,40065,FAIR & LOVELY CREAM 50G,1,2023-09-17 15:33:59,1.16,401007.0,365.0,365.0,Gampaha
540951,40050,RANCRISP CASHEWS 50G,4,2023-09-18 09:00:02,1.27,,400.0,1600.0,Batticaloa
540952,40001,DILMAH CEYLON TEA 500G,2,2023-09-18 09:20:22,4.35,401087.0,1370.0,2740.0,Gampaha
540953,40001,DILMAH CEYLON TEA 500G,1,2023-09-20 18:47:52,4.35,,1370.0,1370.0,Matale
540954,40001,DILMAH CEYLON TEA 500G,1,2023-09-21 18:47:16,4.35,401021.0,1370.0,1370.0,Gampaha
540955,40001,DILMAH CEYLON TEA 500G,1,2023-09-21 20:34:12,4.35,401135.0,1370.0,1370.0,Batticaloa
540956,40001,DILMAH CEYLON TEA 500G,5,2023-09-26 17:38:53,4.35,,1370.0,6850.0,Kurunegala
540957,DELV,COURIER DELIVERY CHARGE,12,2023-09-26 18:34:20,3.0,,945.0,11340.0,Matara
540958,40009,MUNCHEE TIKIRI MARIE 80G,6,2023-10-01 13:24:52,0.25,401121.0,80.0,480.0,Galle
C540959,40007,MUNCHEE CHOCOLATE BISCUIT 200G,-2,2023-10-04 12:33:26,0.79,401038.0,250.0,-500.0,Colombo
540960,40005,WATAWALA TEA 400G,8,2023-10-04 14:17:31,2.83,401201.0,890.0,7120.0,Ampara
540961,40060,SUNLIGHT SOAP 115G,3,2023-10-04 17:27:41,0.43,,135.0,405.0,Matara
540962,40029,KIST TOMATO KETCHUP 400G,5,2023-10-08 19:02:01,1.63,401050.0,515.0,2575.0,Galle
540963,40007,MUNCHEE CHOCOLATE BISCUIT 200G,3,2023-10-09 13:56:05,0.79,,250.0,750.0,Colombo
540964,40001,DILMAH CEYLON TEA 500G,2,2023-10-09 15:12:59,4.35,401001.0,1370.0,2740.0,Jaffna
540965,40001,DILMAH CEYLON TEA 500G,6,2023-10-11 15:33:33,4.35,401049.0,1370.0,8220.0,Ratnapura
540966,40008,MUNCHEE LEMON PUFF 200G,2,2023-10-12 13:14:08,0.73,,230.0,460.0,Colombo
540967,40002,DILMAH EARL GREY TEA 50 BAGS,2,2023-10-15 08:59:47,3.08,,970.0,1940.0,Galle
540968,40008,MUNCHEE LEMON PUFF 200G,3,2023-10-15 18:33:38,0.73,401139.0,230.0,690.0,Matara
540969,40014,SPA CEYLON HAND CREAM,2,2023-10-18 11:19:45,7.97,401184.0,2510.0,5020.0,Anuradhapura
540970,40011,MALIBAN LEMON PUFF 200G,1,2023-10-18 19:47:22,0.73,401145.0,230.0,230.0,Colombo
540971,40001,DILMAH CEYLON TEA 500G,2,2023-10-19 18:37:26,4.35,401035.0,1370.0,2740.0,Gampaha
540972,40001,DILMAH CEYLON TEA 500G,5,2023-10-20 13:53:42,4.35,,1370.0,6850.0,Kandy
540973,40008,MUNCHEE LEMON PUFF 200G,2,2023-10-21 09:54:16,0.73,401132.0,230.0,460.0,Kalutara
540974,40026,KITHUL TREACLE 750ML,2,2023-10-24 10:21:04,6.52,401205.0,2055.0,4110.0,Kalutara
540975,40056,SUNSILK BLACK SHAMPOO 200ML,6,2023-10-24 13:19:16,2.0,401031.0,630.0,3780.0,Gampaha
540976,40026,KITHUL TREACLE 750ML,2,2023-10-24 15:08:40,6.52,401135.0,2055.0,4110.0,Colombo
540977,40073,DELMEGE BASMATI RICE 5KG,12,2023-10-24 16:00:54,7.6,401054.0,2395.0,28740.0,Ratnapura
540978,40012,MALIBAN CREAM CRACKER 500G,2,2023-10-25 13:32:17,1.52,401148.0,480.0,960.0,Colombo
540979,40002,DILMAH EARL GREY TEA 50 BAGS,1,2023-10-26 09:59:41,3.08,401046.0,970.0,970.0,Ampara
540980,40078,SOFTLOGIC COCONUT MILK 400ML,2,2023-10-27 08:05:04,1.16,,365.0,730.0,Anuradhapura
540981,40069,ANCHOR BUTTER 200G,8,2023-10-29 09:49:26,2.83,,890.0,7120.0,Kurunegala
540982,40014,SPA CEYLON HAND CREAM,5,2023-10-29 10:05:48,7.97,,2510.0,12550.0,Kandy
540983,40076,CEYLON COLD STORES YOGHURT 80G,2,2023-10-31 10:47:41,0.33,401192.0,105.0,210.0,Kegalle
540984,40079,CEYLON TOBACCO (CIGARETTES PACK),1,2023-11-03 09:17:34,4.35,401112.0,1370.0,1370.0,Colombo
540985,40045,PANADOL 100 TABLETS,3,2023-11-03 17:32:54,1.63,,515.0,1545.0,Galle
540986,40010,MALIBAN MARIE BISCUITS 400G,12,2023-11-07 14:54:29,1.27,401140.0,400.0,4800.0,Colombo
540987,40023,RATHTHI MILK POWDER 400G,1,2023-11-08 08:46:45,3.98,401173.0,1255.0,1255.0,Colombo
540988,40001,DILMAH CEYLON TEA 500G,1,2023-11-09 11:18:17,4.35,401152.0,1370.0,1370.0,Puttalam
540989,40001,DILMAH CEYLON TEA 500G,5,2023-11-09 14:22:14,4.35,401176.0,1370.0,6850.0,Kurunegala
540990,40069,ANCHOR BUTTER 200G,8,2023-11-10 11:48:14,2.83,401106.0,890.0,7120.0,Kurunegala
540991,40002,DILMAH EARL GREY TEA 50 BAGS,2,2023-11-10 13:41:05,3.08,401063.0,970.0,1940.0,Kandy
540992,40005,WATAWALA TEA 400G,2,2023-11-11 13:25:21,2.83,401209.0,890.0,1780.0,Gampaha
540993,40003,DILMAH GREEN TEA 20 BAGS,2,2023-11-13 13:46:29,2.0,401074.0,630.0,1260.0,Matale
540994,40012,MALIBAN CREAM CRACKER 500G,4,2023-11-13 17:00:53,1.52,401082.0,480.0,1920.0,Colombo
540995,40058,DIVA WASHING POWDER 1KG,3,2023-11-15 08:18:14,2.35,401137.0,740.0,2220.0,Colombo
540996,40004,ZESTA TEA 400G,4,2023-11-17 12:12:50,3.81,401126.0,1200.0,4800.0,Gampaha
540997,40004,ZESTA TEA 400G,3,2023-11-17 18:34:39,3.81,,1200.0,3600.0,Gampaha
540998,40083,BOGAWANTALAWA TEA 400G,3,2023-11-17 19:17:29,3.25,401187.0,1025.0,3075.0,Batticaloa
540999,40003,DILMAH GREEN TEA 20 BAGS,8,2023-11-17 20:30:17,2.0,401147.0,630.0,5040.0,Ampara
541000,40057,VIM DISHWASH LIQUID 500ML,1,2023-11-20 11:36:39,1.63,401163.0,515.0,515.0,Nuwara Eliya
541001,40090,RITZBURY CHOCOLATE BAR 100G,20,2023-11-20 15:51:46,0.94,401182.0,295.0,5900.0,Kurunegala
541002,40014,SPA CEYLON HAND CREAM,1,2023-11-21 09:32:21,7.97,401044.0,2510.0,2510.0,Nuwara Eliya
541003,40003,DILMAH GREEN TEA 20 BAGS,6,2023-11-21 15:38:40,2.0,401182.0,630.0,3780.0,Kandy
541004,40024,HIGHLAND MILK 1L,2,2023-11-22 12:32:10,1.44,,455.0,910.0,Ampara
541005,40018,MD MANGO CHUTNEY 400G,3,2023-11-23 09:01:21,2.35,401102.0,740.0,2220.0,Polonnaruwa
541006,40089,KANDOS CHOCOLATE BAR 100G,6,2023-11-25 18:15:37,0.9,401168.0,285.0,1710.0,Kandy
541007,40025,KOTMALE FRESH MILK 1L,1,2023-11-26 13:22:58,1.63,401081.0,515.0,515.0,Trincomalee
541008,40047,PELWATTE BUTTER 200G,3,2023-11-26 19:54:24,2.71,401115.0,855.0,2565.0,Ampara
541009,40027,KEELLS CHICKEN SAUSAGES 500G,2,2023-11-27 13:56:56,3.44,401195.0,1085.0,2170.0,Colombo
541010,40017,MD MIXED FRUIT JAM 500G,8,2023-11-30 11:44:39,2.35,401008.0,740.0,5920.0,Matale
541011,40003,DILMAH GREEN TEA 20 BAGS,15,2023-12-01 08:47:16,2.0,,630.0,9450.0,Gampaha
541012,40022,ANCHOR MILK POWDER 400G,2,2023-12-01 13:56:25,4.16,401093.0,1310.0,2620.0,Kandy
541013,40065,FAIR & LOVELY CREAM 50G,3,2023-12-01 16:02:44,1.16,401037.0,365.0,1095.0,Matale
541014,40056,SUNSILK BLACK SHAMPOO 200ML,1,2023-12-01 18:29:01,2.0,401021.0,630.0,630.0,Ratnapura
541015,40025,KOTMALE FRESH MILK 1L,2,2023-12-02 12:19:20,1.63,401148.0,515.0,1030.0,Gampaha
541016,40043,ASTRA MARGARINE 250G,3,2023-12-02 14:12:47,1.44,401211.0,455.0,1365.0,Gampaha
541017,40032,PRIMA STELLA NOODLES 400G,3,2023-12-02 19:04:06,1.02,401054.0,320.0,960.0,Gampaha
541018,40051,LANKA SOY CHICKEN FLAVOUR 90G,5,2023-12-03 16:38:50,0.43,401117.0,135.0,675.0,Matale
541019,40018,MD MANGO CHUTNEY 400G,1,2023-12-04 15:08:17,2.35,401088.0,740.0,740.0,Kegalle
541020,40001,DILMAH CEYLON TEA 500G,6,2023-12-04 19:07:10,4.35,401101.0,1370.0,8220.0,Ratnapura
541021,40054,PEARS BABY POWDER 100G,6,2023-12-06 12:52:41,0.9,401070.0,285.0,1710.0,Kurunegala
541022,40060,SUNLIGHT SOAP 115G,3,2023-12-06 14:50:50,0.43,401002.0,135.0,405.0,Galle
541023,40002,DILMAH EARL GREY TEA 50 BAGS,8,2023-12-07 15:23:16,3.08,401131.0,970.0,7760.0,Kandy
541024,40001,DILMAH CEYLON TEA 500G,2,2023-12-08 13:57:57,4.35,401124.0,1370.0,2740.0,Mullaitivu
541025,40007,MUNCHEE CHOCOLATE BISCUIT 200G,1,2023-12-08 15:44:26,0.79,401028.0,250.0,250.0,Ampara
541026,40092,ARALIYA COCONUT MILK POWDER 300G,4,2023-12-09 12:16:28,2.54,401009.0,800.0,3200.0,Anuradhapura
541027,40081,SPRITE 1.5L,2,2023-12-09 18:40:54,1.27,401037.0,400.0,800.0,Badulla
541028,40032,PRIMA STELLA NOODLES 400G,1,2023-12-11 08:24:45,1.02,,320.0,320.0,Hambantota
541029,40021,ELEPHANT HOUSE VANILLA ICE CREAM 1L,4,2023-12-12 15:19:28,2.9,401009.0,915.0,3660.0,Colombo
541030,40048,EDINBOROUGH SOY SAUCE 400ML,4,2023-12-12 20:18:46,1.27,401010.0,400.0,1600.0,Kalutara
541031,40003,DILMAH GREEN TEA 20 BAGS,2,2023-12-13 13:40:43,2.0,401088.0,630.0,1260.0,Jaffna
541032,40066,PONDS TALCUM POWDER 100G,1,2023-12-13 17:22:12,1.38,401003.0,435.0,435.0,Hambantota
541033,40043,ASTRA MARGARINE 250G,2,2023-12-14 13:43:32,1.44,401090.0,455.0,910.0,Kalutara
541034,40068,CLOSE UP TOOTHPASTE 120G,2,2023-12-15 12:07:23,0.86,401110.0,270.0,540.0,Gampaha
541035,40052,WIJAYA ROASTED CURRY POWDER 250G,1,2023-12-15 12:35:06,1.44,,455.0,455.0,Kalutara
541036,40010,MALIBAN MARIE BISCUITS 400G,4,2023-12-16 08:02:42,1.27,401167.0,400.0,1600.0,Moneragala
541037,40068,CLOSE UP TOOTHPASTE 120G,3,2023-12-18 12:17:59,0.86,401206.0,270.0,810.0,Ampara
541038,40083,BOGAWANTALAWA TEA 400G,3,2023-12-19 09:21:29,3.25,401174.0,1025.0,3075.0,Gampaha
541039,40021,ELEPHANT HOUSE VANILLA ICE CREAM 1L,3,2023-12-19 12:53:09,2.9,401008.0,915.0,2745.0,Hambantota
541040,40031,PRIMA KOTTU MEE CUP,15,2023-12-20 17:41:38,0.54,401061.0,170.0,2550.0,Badulla
541041,40011,MALIBAN LEMON PUFF 200G,2,2023-12-21 09:59:08,0.73,401008.0,230.0,460.0,Polonnaruwa
541042,40001,DILMAH CEYLON TEA 500G,1,2023-12-21 10:37:44,4.35,401123.0,1370.0,1370.0,Kalutara
541043,40084,AKBAR TEA 400G,3,2023-12-21 18:30:17,2.54,401089.0,800.0,2400.0,Jaffna
541044,40021,ELEPHANT HOUSE VANILLA ICE CREAM 1L,4,2023-12-22 08:39:50,2.9,401049.0,915.0,3660.0,Kalutara
541045,40035,CBL SAMAPOSHA 200G,2,2023-12-23 12:48:44,0.65,401003.0,205.0,410.0,Galle
541046,40078,SOFTLOGIC COCONUT MILK 400ML,1,2023-12-24 10:58:11,1.16,401193.0,365.0,365.0,Gampaha
541047,40021,ELEPHANT HOUSE VANILLA ICE CREAM 1L,6,2023-12-24 12:31:00,2.9,401130.0,915.0,5490.0,Kurunegala
541048,40061,VELVET BEAUTY SOAP 100G,5,2023-12-24 18:17:40,0.54,,170.0,850.0,Colombo
541049,40010,MALIBAN MARIE BISCUITS 400G,10,2023-12-25 12:21:38,1.27,401120.0,400.0,4000.0,Kurunegala
541050,40043,ASTRA MARGARINE 250G,1,2023-12-25 20:41:28,1.44,401001.0,455.0,455.0,Galle
541051,40014,SPA CEYLON HAND CREAM,1,2023-12-26 10:30:03,7.97,401121.0,2510.0,2510.0,Polonnaruwa
541052,40031,PRIMA KOTTU MEE CUP,6,2023-12-26 14:43:35,0.54,401185.0,170.0,1020.0,Hambantota
541053,40013,SPA CEYLON SLEEP BODY LOTION,6,2023-12-27 09:33:12,12.68,401027.0,3995.0,23970.0,Colombo
541054,40004,ZESTA TEA 400G,1,2023-12-29 08:54:23,3.81,401056.0,1200.0,1200.0,Colombo
541055,40036,MAGGI COCONUT MILK POWDER 300G,5,2023-12-29 11:40:38,2.71,401155.0,855.0,4275.0,Mullaitivu
541056,40001,DILMAH CEYLON TEA 500G,1,2023-12-29 13:39:48,4.35,,1370.0,1370.0,Kegalle
541057,40083,BOGAWANTALAWA TEA 400G,2,2023-12-29 17:01:23,3.25,401169.0,1025.0,2050.0,Kegalle
541058,40005,WATAWALA TEA 400G,4,2023-12-30 17:29:24,2.83,401210.0,890.0,3560.0,Vavuniya
541059,40019,ELEPHANT HOUSE GINGER BEER 1.5L,2,2023-12-31 09:13:18,1.44,401034.0,455.0,910.0,Colombo
541060,40046,MARMITE 100G,2,2023-12-31 13:05:47,2.71,401154.0,855.0,1710.0,Kurunegala
541061,40042,MARINA COCONUT OIL 1L,1,2024-01-02 16:28:46,3.72,,1135.0,1135.0,Kandy
541062,40043,ASTRA MARGARINE 250G,2,2024-01-03 08:52:25,1.56,401184.0,475.0,950.0,Colombo
541063,40001,DILMAH CEYLON TEA 500G,1,2024-01-03 11:01:20,4.69,401045.0,1430.0,1430.0,Kalutara
541064,40048,EDINBOROUGH SOY SAUCE 400ML,2,2024-01-03 18:58:35,1.36,401203.0,415.0,830.0,Badulla
541065,40022,ANCHOR MILK POWDER 400G,1,2024-01-04 11:12:04,4.49,401166.0,1370.0,1370.0,Ampara
541066,40011,MALIBAN LEMON PUFF 200G,3,2024-01-04 12:01:09,0.79,401001.0,240.0,720.0,Jaffna
541067,40004,ZESTA TEA 400G,1,2024-01-05 17:15:52,4.1,401110.0,1250.0,1250.0,Kandy
541068,40079,CEYLON TOBACCO (CIGARETTES PACK),6,2024-01-07 20:17:45,4.69,401049.0,1430.0,8580.0,Kalutara
541069,40034,HARISCHANDRA COFFEE 100G,2,2024-01-10 08:26:43,1.49,401131.0,455.0,910.0,Badulla
541070,40048,EDINBOROUGH SOY SAUCE 400ML,4,2024-01-10 12:33:28,1.36,401015.0,415.0,1660.0,Kalutara
541071,40020,ELEPHANT HOUSE CREAM SODA 1.5L,3,2024-01-11 19:06:39,1.56,401107.0,475.0,1425.0,Colombo
541072,40081,SPRITE 1.5L,6,2024-01-12 13:47:06,1.36,401205.0,415.0,2490.0,Kalutara
541073,40046,MARMITE 100G,10,2024-01-13 08:16:18,2.93,401062.0,895.0,8950.0,Ratnapura
541074,40001,DILMAH CEYLON TEA 500G,1,2024-01-14 19:29:42,4.69,401146.0,1430.0,1430.0,Kegalle
541075,40089,KANDOS CHOCOLATE BAR 100G,8,2024-01-15 12:03:22,0.98,,300.0,2400.0,Batticaloa
541076,40007,MUNCHEE CHOCOLATE BISCUIT 200G,2,2024-01-16 08:12:50,0.85,401005.0,260.0,520.0,Polonnaruwa
541077,40005,WATAWALA TEA 400G,2,2024-01-17 09:30:29,3.05,401017.0,930.0,1860.0,Kalutara
541078,40060,SUNLIGHT SOAP 115G,2,2024-01-18 08:33:09,0.48,401077.0,145.0,290.0,Hambantota
541079,40001,DILMAH CEYLON TEA 500G,4,2024-01-19 13:51:49,4.69,401078.0,1430.0,5720.0,Kegalle
541080,40017,MD MIXED FRUIT JAM 500G,2,2024-01-19 14:32:12,2.54,401104.0,775.0,1550.0,Colombo
541081,40010,MALIBAN MARIE BISCUITS 400G,3,2024-01-22 14:20:45,1.36,401047.0,415.0,1245.0,Kalutara
541082,40057,VIM DISHWASH LIQUID 500ML,1,2024-01-22 16:25:30,1.75,401002.0,535.0,535.0,Kandy
541083,40008,MUNCHEE LEMON PUFF 200G,1,2024-01-23 13:46:11,0.79,401100.0,240.0,240.0,Puttalam
541084,40043,ASTRA MARGARINE 250G,4,2024-01-24 17:23:44,1.56,,475.0,1900.0,Matara
541085,40047,PELWATTE BUTTER 200G,2,2024-01-25 15:58:55,2.93,401221.0,895.0,1790.0,Batticaloa
541086,40091,USWATTE SPICES MIXED CURRY POWDER 100G,3,2024-01-26 20:19:21,0.85,401005.0,260.0,780.0,Colombo
541087,40004,ZESTA TEA 400G,3,2024-01-28 09:35:56,4.1,,1250.0,3750.0,Ratnapura
541088,40001,DILMAH CEYLON TEA 500G,5,2024-01-28 17:44:15,4.69,401134.0,1430.0,7150.0,Polonnaruwa
541089,40007,MUNCHEE CHOCOLATE BISCUIT 200G,2,2024-01-28 20:53:35,0.85,401013.0,260.0,520.0,Puttalam
541090,40080,COCA-COLA 1.5L,5,2024-01-29 15:17:02,1.36,401145.0,415.0,2075.0,Kurunegala
541091,40001,DILMAH CEYLON TEA 500G,4,2024-01-29 16:37:09,4.69,401155.0,1430.0,5720.0,Polonnaruwa
541092,40053,WIJAYA CHILLI POWDER 250G,2,2024-02-03 10:39:36,1.75,401133.0,535.0,1070.0,Kandy
541093,40001,DILMAH CEYLON TEA 500G,8,2024-02-05 17:43:32,4.69,401134.0,1430.0,11440.0,Jaffna
541094,40003,DILMAH GREEN TEA 20 BAGS,4,2024-02-06 15:23:22,2.15,401202.0,655.0,2620.0,Vavuniya
541095,40006,MUNCHEE SUPER CREAM CRACKER 500G,1,2024-02-08 19:14:36,1.75,401035.0,535.0,535.0,Batticaloa
541096,40050,RANCRISP CASHEWS 50G,1,2024-02-10 09:43:42,1.36,401038.0,415.0,415.0,Colombo
541097,40016,LINK SAMAHAN BOX (100 PACKETS),4,2024-02-10 11:15:43,5.87,401139.0,1790.0,7160.0,Gampaha
541098,40016,LINK SAMAHAN BOX (100 PACKETS),2,2024-02-10 20:45:25,5.87,401006.0,1790.0,3580.0,Gampaha
541099,40055,LIFEBUOY SOAP 100G,4,2024-02-11 12:41:04,0.51,401219.0,155.0,620.0,Kegalle
541100,40003,DILMAH GREEN TEA 20 BAGS,2,2024-02-12 14:08:55,2.15,401114.0,655.0,1310.0,Colombo
541101,40035,CBL SAMAPOSHA 200G,8,2024-02-13 16:39:03,0.7,401135.0,215.0,1720.0,Kurunegala
541102,40054,PEARS BABY POWDER 100G,2,2024-02-14 14:30:23,0.98,401166.0,300.0,600.0,Gampaha
541103,40005,WATAWALA TEA 400G,3,2024-02-15 10:21:35,3.05,401018.0,930.0,2790.0,Colombo
541104,40078,SOFTLOGIC COCONUT MILK 400ML,3,2024-02-16 13:34:11,1.25,401192.0,380.0,1140.0,Gampaha
541105,40025,KOTMALE FRESH MILK 1L,4,2024-02-16 17:50:13,1.75,401035.0,535.0,2140.0,Kalutara
541106,40055,LIFEBUOY SOAP 100G,1,2024-02-17 12:49:32,0.51,,155.0,155.0,Colombo
541107,40020,ELEPHANT HOUSE CREAM SODA 1.5L,4,2024-02-18 10:15:36,1.56,,475.0,1900.0,Hambantota
541108,40061,VELVET BEAUTY SOAP 100G,2,2024-02-18 13:08:35,0.59,401042.0,180.0,360.0,Anuradhapura
541109,40024,HIGHLAND MILK 1L,5,2024-02-21 14:45:38,1.56,,475.0,2375.0,Colombo
541110,40022,ANCHOR MILK POWDER 400G,5,2024-02-22 16:08:01,4.49,,1370.0,6850.0,Vavuniya
541111,40008,MUNCHEE LEMON PUFF 200G,12,2024-02-23 20:40:46,0.79,401144.0,240.0,2880.0,Gampaha
541112,40022,ANCHOR MILK POWDER 400G,4,2024-02-28 13:53:37,4.49,401039.0,1370.0,5480.0,Kurunegala
541113,40074,ARALIYA WHITE RICE 5KG,3,2024-03-02 20:59:23,5.67,401025.0,1730.0,5190.0,Jaffna
541114,40087,CARGILLS MAGIC SAUSAGES 400G,10,2024-03-05 18:29:53,3.05,401042.0,930.0,9300.0,Kandy
541115,40036,MAGGI COCONUT MILK POWDER 300G,8,2024-03-08 20:46:33,2.93,,895.0,7160.0,Anuradhapura
541116,40016,LINK SAMAHAN BOX (100 PACKETS),4,2024-03-09 09:41:19,5.87,401202.0,1790.0,7160.0,Matale
541117,40001,DILMAH CEYLON TEA 500G,2,2024-03-09 10:43:07,4.69,401037.0,1430.0,2860.0,Ratnapura
541118,40004,ZESTA TEA 400G,5,2024-03-09 16:09:29,4.1,401068.0,1250.0,6250.0,Hambantota
541119,40015,SIDDHALEPA BALM 50G,2,2024-03-11 19:02:35,0.98,401005.0,300.0,600.0,Colombo
541120,40014,SPA CEYLON HAND CREAM,4,2024-03-12 08:50:57,8.61,401065.0,2625.0,10500.0,Moneragala
541121,40002,DILMAH EARL GREY TEA 50 BAGS,3,2024-03-12 18:50:44,3.33,401148.0,1015.0,3045.0,Colombo
541122,40064,HORLICKS 500G,5,2024-03-13 15:46:58,3.72,401016.0,1135.0,5675.0,Ampara
541123,40001,DILMAH CEYLON TEA 500G,5,2024-03-14 15:25:02,4.69,401220.0,1430.0,7150.0,Colombo
541124,40044,HAPPY COW CHEESE 120G,5,2024-03-15 16:19:52,3.33,,1015.0,5075.0,Polonnaruwa
541125,40001,DILMAH CEYLON TEA 500G,8,2024-03-17 13:34:48,4.69,401213.0,1430.0,11440.0,Kandy
541126,40038,MOTHA FALUDA MIX 100G,2,2024-03-17 14:12:59,0.79,401034.0,240.0,480.0,Galle
541127,40001,DILMAH CEYLON TEA 500G,3,2024-03-19 11:14:26,4.69,401049.0,1430.0,4290.0,Trincomalee
541128,40010,MALIBAN MARIE BISCUITS 400G,15,2024-03-20 19:30:31,1.36,401003.0,415.0,6225.0,Nuwara Eliya
541129,40035,CBL SAMAPOSHA 200G,6,2024-03-20 19:48:10,0.7,401049.0,215.0,1290.0,Colombo
541130,40040,SIGNAL TOOTHPASTE 120G,2,2024-03-22 08:57:16,0.9,401212.0,275.0,550.0,Batticaloa
541131,40044,HAPPY COW CHEESE 120G,6,2024-03-22 16:59:52,3.33,401198.0,1015.0,6090.0,Kandy
541132,40029,KIST TOMATO KETCHUP 400G,2,2024-03-24 11:10:16,1.75,401141.0,535.0,1070.0,Galle
541133,40001,DILMAH CEYLON TEA 500G,1,2024-03-26 10:21:48,4.69,401005.0,1430.0,1430.0,Kalutara
541134,40005,WATAWALA TEA 400G,1,2024-03-28 08:22:21,3.05,401056.0,930.0,930.0,Kurunegala
541135,40058,DIVA WASHING POWDER 1KG,2,2024-03-28 09:04:34,2.54,401085.0,775.0,1550.0,Kalutara
541136,40060,SUNLIGHT SOAP 115G,6,2024-03-28 18:02:20,0.48,401001.0,145.0,870.0,Colombo
541137,40001,DILMAH CEYLON TEA 500G,2,2024-03-28 19:00:58,4.69,401050.0,1430.0,2860.0,Kandy
541138,40002,DILMAH EARL GREY TEA 50 BAGS,4,2024-03-31 14:08:36,3.33,401023.0,1015.0,4060.0,Anuradhapura
541139,40015,SIDDHALEPA BALM 50G,2,2024-03-31 15:54:44,0.98,401035.0,300.0,600.0,Kalutara
541140,40001,DILMAH CEYLON TEA 500G,12,2024-04-01 09:51:40,4.69,401109.0,1430.0,17160.0,Gampaha
541141,40004,ZESTA TEA 400G,8,2024-04-01 17:58:03,4.1,401169.0,1250.0,10000.0,Matara
541142,40056,SUNSILK BLACK SHAMPOO 200ML,5,2024-04-01 18:49:19,2.15,401074.0,655.0,3275.0,Kurunegala
541143,40015,SIDDHALEPA BALM 50G,4,2024-04-02 19:23:52,0.98,401114.0,300.0,1200.0,Badulla
541144,40003,DILMAH GREEN TEA 20 BAGS,1,2024-04-03 08:49:04,2.15,401031.0,655.0,655.0,Colombo
541145,40064,HORLICKS 500G,5,2024-04-03 09:54:06,3.72,401010.0,1135.0,5675.0,Moneragala
541146,40012,MALIBAN CREAM CRACKER 500G,1,2024-04-03 17:26:45,1.64,401193.0,500.0,500.0,Galle
541147,40001,DILMAH CEYLON TEA 500G,15,2024-04-05 08:39:54,4.69,401041.0,1430.0,21450.0,Ampara
541148,40023,RATHTHI MILK POWDER 400G,6,2024-04-08 09:21:32,4.3,401109.0,1310.0,7860.0,Gampaha
541149,DELV,COURIER DELIVERY CHARGE,4,2024-04-09 14:25:51,3.0,401191.0,915.0,3660.0,Kandy
541150,40089,KANDOS CHOCOLATE BAR 100G,3,2024-04-09 16:48:40,0.98,401187.0,300.0,900.0,Gampaha
541151,40016,LINK SAMAHAN BOX (100 PACKETS),2,2024-04-10 16:32:01,5.87,,1790.0,3580.0,Colombo
541152,40005,WATAWALA TEA 400G,3,2024-04-10 17:02:17,3.05,401005.0,930.0,2790.0,Colombo
541153,40053,WIJAYA CHILLI POWDER 250G,3,2024-04-13 15:38:04,1.75,401163.0,535.0,1605.0,Kurunegala
541154,40007,MUNCHEE CHOCOLATE BISCUIT 200G,2,2024-04-13 17:16:54,0.85,401024.0,260.0,520.0,Galle
541155,40070,NESPRAY MILK POWDER 400G,2,2024-04-14 08:27:11,4.61,401007.0,1405.0,2810.0,Ratnapura
541156,40001,DILMAH CEYLON TEA 500G,2,2024-04-14 19:12:23,4.69,401004.0,1430.0,2860.0,Jaffna
541157,40008,MUNCHEE LEMON PUFF 200G,3,2024-04-16 09:00:13,0.79,401030.0,240.0,720.0,Matara
541158,40091,USWATTE SPICES MIXED CURRY POWDER 100G,8,2024-04-16 18:31:54,0.85,,260.0,2080.0,Matara
541159,40055,LIFEBUOY SOAP 100G,3,2024-04-16 19:16:36,0.51,401003.0,155.0,465.0,Jaffna
541160,40002,DILMAH EARL GREY TEA 50 BAGS,1,2024-04-17 09:53:24,3.33,401103.0,1015.0,1015.0,Colombo
541161,40043,ASTRA MARGARINE 250G,1,2024-04-17 10:40:10,1.56,401121.0,475.0,475.0,Nuwara Eliya
541162,DELV,COURIER DELIVERY CHARGE,1,2024-04-18 13:01:07,3.0,,915.0,915.0,Moneragala
541163,40004,ZESTA TEA 400G,2,2024-04-19 13:34:45,4.1,401038.0,1250.0,2500.0,Ratnapura
541164,40003,DILMAH GREEN TEA 20 BAGS,6,2024-04-20 14:14:37,2.15,401018.0,655.0,3930.0,Anuradhapura
541165,40005,WATAWALA TEA 400G,2,2024-04-20 20:40:43,3.05,,930.0,1860.0,Kalutara
541166,40043,ASTRA MARGARINE 250G,5,2024-04-21 14:18:04,1.56,,475.0,2375.0,Gampaha
541167,40026,KITHUL TREACLE 750ML,2,2024-04-21 16:53:39,7.03,401025.0,2145.0,4290.0,Gampaha
541168,40039,CLOGARD TOOTHPASTE 120G,2,2024-04-23 15:54:28,0.85,401190.0,260.0,520.0,Kurunegala
541169,40051,LANKA SOY CHICKEN FLAVOUR 90G,2,2024-04-24 20:50:05,0.48,,145.0,290.0,Jaffna
541170,40007,MUNCHEE CHOCOLATE BISCUIT 200G,3,2024-04-26 16:09:15,0.85,401049.0,260.0,780.0,Kandy
541171,40010,MALIBAN MARIE BISCUITS 400G,1,2024-04-27 16:33:40,1.36,401013.0,415.0,415.0,Polonnaruwa
541172,40090,RITZBURY CHOCOLATE BAR 100G,3,2024-04-28 17:04:36,1.02,,310.0,930.0,Ratnapura
541173,40033,HARISCHANDRA NOODLES 400G,1,2024-04-29 09:23:25,0.98,,300.0,300.0,Galle
541174,40001,DILMAH CEYLON TEA 500G,4,2024-05-02 10:15:46,4.69,,1430.0,5720.0,Ampara
541175,40004,ZESTA TEA 400G,5,2024-05-02 11:17:49,4.1,401212.0,1250.0,6250.0,Kurunegala
541176,40014,SPA CEYLON HAND CREAM,2,2024-05-03 12:14:33,8.61,401015.0,2625.0,5250.0,Mullaitivu
541177,40052,WIJAYA ROASTED CURRY POWDER 250G,6,2024-05-03 16:52:31,1.56,401011.0,475.0,2850.0,Ratnapura
541178,40010,MALIBAN MARIE BISCUITS 400G,1,2024-05-03 20:25:59,1.36,401003.0,415.0,415.0,Polonnaruwa
541179,40010,MALIBAN MARIE BISCUITS 400G,10,2024-05-04 09:55:50,1.36,401021.0,415.0,4150.0,Colombo
541180,40087,CARGILLS MAGIC SAUSAGES 400G,4,2024-05-04 11:56:26,3.05,401190.0,930.0,3720.0,Hambantota
541181,40015,SIDDHALEPA BALM 50G,4,2024-05-05 08:51:14,0.98,401064.0,300.0,1200.0,Nuwara Eliya
541182,40020,ELEPHANT HOUSE CREAM SODA 1.5L,4,2024-05-07 14:28:25,1.56,401016.0,475.0,1900.0,Ratnapura
541183,40055,LIFEBUOY SOAP 100G,4,2024-05-08 12:14:36,0.51,401061.0,155.0,620.0,Ratnapura
541184,40019,ELEPHANT HOUSE GINGER BEER 1.5L,3,2024-05-09 10:46:12,1.56,401131.0,475.0,1425.0,Mannar
541185,40009,MUNCHEE TIKIRI MARIE 80G,1,2024-05-09 11:53:22,0.28,,85.0,85.0,Polonnaruwa
541186,40088,CARGILLS FRESH EGGS (10),3,2024-05-09 12:49:15,1.36,401156.0,415.0,1245.0,Kurunegala
541187,40018,MD MANGO CHUTNEY 400G,2,2024-05-09 13:21:52,2.54,401070.0,775.0,1550.0,Kurunegala
541188,40033,HARISCHANDRA NOODLES 400G,1,2024-05-09 17:56:35,0.98,401173.0,300.0,300.0,Polonnaruwa
541189,40013,SPA CEYLON SLEEP BODY LOTION,3,2024-05-10 10:47:59,13.69,401080.0,4175.0,12525.0,Matara
541190,40015,SIDDHALEPA BALM 50G,1,2024-05-11 14:16:09,0.98,401190.0,300.0,300.0,Colombo
541191,40042,MARINA COCONUT OIL 1L,12,2024-05-14 14:27:16,3.72,401137.0,1135.0,13620.0,Kandy
541192,40014,SPA CEYLON HAND CREAM,5,2024-05-14 16:56:47,8.61,401006.0,2625.0,13125.0,Batticaloa
541193,40024,HIGHLAND MILK 1L,2,2024-05-15 10:29:17,1.56,401202.0,475.0,950.0,Ampara
541194,40019,ELEPHANT HOUSE GINGER BEER 1.5L,2,2024-05-17 17:00:34,1.56,401037.0,475.0,950.0,Matara
541195,40014,SPA CEYLON HAND CREAM,4,2024-05-20 16:23:38,8.61,401121.0,2625.0,10500.0,Matara
541196,40030,KIST MIXED FRUIT NECTAR 1L,1,2024-05-21 18:06:07,2.15,401187.0,655.0,655.0,Ampara
541197,40020,ELEPHANT HOUSE CREAM SODA 1.5L,2,2024-05-22 16:39:25,1.56,401181.0,475.0,950.0,Moneragala
541198,40021,ELEPHANT HOUSE VANILLA ICE CREAM 1L,2,2024-05-22 19:28:34,3.13,401213.0,955.0,1910.0,Anuradhapura
541199,40057,VIM DISHWASH LIQUID 500ML,3,2024-05-23 14:37:19,1.75,401001.0,535.0,1605.0,Hambantota
541200,40048,EDINBOROUGH SOY SAUCE 400ML,1,2024-05-25 11:14:33,1.36,401042.0,415.0,415.0,Colombo
541201,40036,MAGGI COCONUT MILK POWDER 300G,3,2024-05-25 17:33:18,2.93,401069.0,895.0,2685.0,Ampara
541202,40002,DILMAH EARL GREY TEA 50 BAGS,6,2024-05-25 18:37:11,3.33,,1015.0,6090.0,Colombo
541203,40065,FAIR & LOVELY CREAM 50G,8,2024-05-27 10:51:44,1.25,401143.0,380.0,3040.0,Ampara
541204,40007,MUNCHEE CHOCOLATE BISCUIT 200G,1,2024-05-27 12:26:22,0.85,401137.0,260.0,260.0,Matara
541205,40077,PILAWOOS FALOODA MIX 200G,5,2024-05-31 10:08:54,1.36,401147.0,415.0,2075.0,Batticaloa
541206,40088,CARGILLS FRESH EGGS (10),8,2024-06-01 11:10:36,1.36,401123.0,415.0,3320.0,Galle
541207,40051,LANKA SOY CHICKEN FLAVOUR 90G,3,2024-06-02 08:59:35,0.48,401063.0,145.0,435.0,Jaffna
541208,40012,MALIBAN CREAM CRACKER 500G,2,2024-06-02 10:46:16,1.64,401009.0,500.0,1000.0,Kalutara
541209,40001,DILMAH CEYLON TEA 500G,2,2024-06-03 12:55:31,4.69,401066.0,1430.0,2860.0,Gampaha
541210,40079,CEYLON TOBACCO (CIGARETTES PACK),2,2024-06-04 14:15:55,4.69,401070.0,1430.0,2860.0,Ampara
541211,40008,MUNCHEE LEMON PUFF 200G,8,2024-06-06 13:39:57,0.79,401090.0,240.0,1920.0,Vavuniya
541212,40023,RATHTHI MILK POWDER 400G,12,2024-06-07 10:45:49,4.3,401085.0,1310.0,15720.0,Kalutara
541213,40080,COCA-COLA 1.5L,4,2024-06-08 16:33:24,1.36,401132.0,415.0,1660.0,Colombo
541214,40053,WIJAYA CHILLI POWDER 250G,12,2024-06-11 18:06:19,1.75,401056.0,535.0,6420.0,Ratnapura
541215,40019,ELEPHANT HOUSE GINGER BEER 1.5L,20,2024-06-12 14:03:50,1.56,401145.0,475.0,9500.0,Kandy
541216,40002,DILMAH EARL GREY TEA 50 BAGS,1,2024-06-13 17:44:45,3.33,401041.0,1015.0,1015.0,Ratnapura
541217,40034,HARISCHANDRA COFFEE 100G,2,2024-06-15 13:36:12,1.49,401129.0,455.0,910.0,Kurunegala
541218,40008,MUNCHEE LEMON PUFF 200G,5,2024-06-16 08:35:23,0.79,401100.0,240.0,1200.0,Ampara
541219,40021,ELEPHANT HOUSE VANILLA ICE CREAM 1L,5,2024-06-16 12:27:47,3.13,401095.0,955.0,4775.0,Kurunegala
541220,40017,MD MIXED FRUIT JAM 500G,5,2024-06-19 09:54:05,2.54,401040.0,775.0,3875.0,Colombo
541221,40021,ELEPHANT HOUSE VANILLA ICE CREAM 1L,8,2024-06-20 20:57:29,3.13,401014.0,955.0,7640.0,Gampaha
541222,40045,PANADOL 100 TABLETS,2,2024-06-23 10:17:09,1.75,,535.0,1070.0,Kandy
541223,40030,KIST MIXED FRUIT NECTAR 1L,10,2024-06-24 14:24:57,2.15,401024.0,655.0,6550.0,Kilinochchi
541224,40047,PELWATTE BUTTER 200G,2,2024-06-24 14:44:07,2.93,401010.0,895.0,1790.0,Vavuniya
541225,40009,MUNCHEE TIKIRI MARIE 80G,3,2024-06-26 14:39:24,0.28,,85.0,255.0,Colombo
541226,40008,MUNCHEE LEMON PUFF 200G,1,2024-06-28 11:47:47,0.79,401077.0,240.0,240.0,Gampaha
541227,40084,AKBAR TEA 400G,8,2024-06-28 15:05:06,2.74,,835.0,6680.0,Moneragala
541228,40004,ZESTA TEA 400G,15,2024-06-29 12:26:31,4.1,401015.0,1250.0,18750.0,Polonnaruwa
541229,40046,MARMITE 100G,2,2024-06-29 16:21:26,2.93,401162.0,895.0,1790.0,Kegalle
541230,40058,DIVA WASHING POWDER 1KG,1,2024-06-30 08:14:25,2.54,,775.0,775.0,Batticaloa
541231,40008,MUNCHEE LEMON PUFF 200G,5,2024-06-30 11:02:41,0.79,401122.0,240.0,1200.0,Hambantota
541232,40006,MUNCHEE SUPER CREAM CRACKER 500G,2,2024-06-30 17:04:25,1.75,401012.0,535.0,1070.0,Badulla
541233,40008,MUNCHEE LEMON PUFF 200G,10,2024-07-01 17:28:58,0.79,401002.0,240.0,2400.0,Colombo
541234,40002,DILMAH EARL GREY TEA 50 BAGS,2,2024-07-04 17:21:39,3.33,401170.0,1015.0,2030.0,Nuwara Eliya
541235,40014,SPA CEYLON HAND CREAM,1,2024-07-04 20:25:48,8.61,401013.0,2625.0,2625.0,Ratnapura
541236,40014,SPA CEYLON HAND CREAM,6,2024-07-05 15:40:27,8.61,401052.0,2625.0,15750.0,Kegalle
541237,40007,MUNCHEE CHOCOLATE BISCUIT 200G,1,2024-07-06 16:40:26,0.85,401210.0,260.0,260.0,Galle
541238,DELV,COURIER DELIVERY CHARGE,3,2024-07-07 20:23:46,3.0,401091.0,915.0,2745.0,Colombo
541239,40004,ZESTA TEA 400G,2,2024-07-08 19:44:15,4.1,401008.0,1250.0,2500.0,Moneragala
541240,40071,MA MA NOODLES 5 PACK,3,2024-07-09 20:44:38,1.56,401033.0,475.0,1425.0,Kegalle
541241,40046,MARMITE 100G,1,2024-07-10 11:28:12,2.93,401221.0,895.0,895.0,Matara
541242,40059,SURF EXCEL 1KG,1,2024-07-10 16:02:44,3.33,,1015.0,1015.0,Gampaha
541243,40074,ARALIYA WHITE RICE 5KG,4,2024-07-12 14:21:54,5.67,401096.0,1730.0,6920.0,Polonnaruwa
541244,40036,MAGGI COCONUT MILK POWDER 300G,2,2024-07-12 18:24:35,2.93,401191.0,895.0,1790.0,Colombo
541245,40033,HARISCHANDRA NOODLES 400G,6,2024-07-14 10:14:46,0.98,401180.0,300.0,1800.0,Ratnapura
541246,40041,BABY CHERAMY SOAP 90G,2,2024-07-14 17:28:59,0.54,401073.0,165.0,330.0,Matale
541247,40062,NESTOMALT 400G,2,2024-07-14 18:28:24,2.43,401110.0,740.0,1480.0,Kandy
541248,40047,PELWATTE BUTTER 200G,4,2024-07-16 11:10:03,2.93,401076.0,895.0,3580.0,Badulla
541249,40069,ANCHOR BUTTER 200G,1,2024-07-17 11:04:08,3.05,,930.0,930.0,Anuradhapura
541250,40011,MALIBAN LEMON PUFF 200G,5,2024-07-17 19:22:36,0.79,,240.0,1200.0,Galle
541251,40034,HARISCHANDRA COFFEE 100G,3,2024-07-18 12:33:24,1.49,401061.0,455.0,1365.0,Colombo
541252,40017,MD MIXED FRUIT JAM 500G,4,2024-07-19 10:03:25,2.54,401221.0,775.0,3100.0,Polonnaruwa
541253,40066,PONDS TALCUM POWDER 100G,3,2024-07-19 14:48:02,1.49,401013.0,455.0,1365.0,Colombo
541254,40005,WATAWALA TEA 400G,4,2024-07-19 18:03:02,3.05,401189.0,930.0,3720.0,Ratnapura
541255,40024,HIGHLAND MILK 1L,6,2024-07-21 08:58:23,1.56,,475.0,2850.0,Matara
541256,40024,HIGHLAND MILK 1L,2,2024-07-27 10:51:04,1.56,401006.0,475.0,950.0,Ampara
541257,40057,VIM DISHWASH LIQUID 500ML,3,2024-07-27 16:19:28,1.75,401173.0,535.0,1605.0,Gampaha
C541258,40021,ELEPHANT HOUSE VANILLA ICE CREAM 1L,-1,2024-07-29 10:03:07,3.13,401145.0,955.0,-955.0,Gampaha
541259,40084,AKBAR TEA 400G,1,2024-07-30 09:48:23,2.74,401088.0,835.0,835.0,Galle
541260,40001,DILMAH CEYLON TEA 500G,2,2024-07-30 11:00:15,4.69,401079.0,1430.0,2860.0,Kegalle
541261,40061,VELVET BEAUTY SOAP 100G,4,2024-07-30 16:37:17,0.59,401136.0,180.0,720.0,Badulla
541262,40011,MALIBAN LEMON PUFF 200G,1,2024-08-02 09:06:56,0.79,,240.0,240.0,Kandy
541263,40036,MAGGI COCONUT MILK POWDER 300G,2,2024-08-02 13:20:34,2.93,,895.0,1790.0,Nuwara Eliya
541264,40007,MUNCHEE CHOCOLATE BISCUIT 200G,1,2024-08-03 14:23:59,0.85,,260.0,260.0,Colombo
541265,40042,MARINA COCONUT OIL 1L,5,2024-08-04 14:49:51,3.72,,1135.0,5675.0,Nuwara Eliya
541266,40003,DILMAH GREEN TEA 20 BAGS,5,2024-08-06 18:42:24,2.15,401136.0,655.0,3275.0,Ampara
541267,40025,KOTMALE FRESH MILK 1L,3,2024-08-07 08:25:07,1.75,401212.0,535.0,1605.0,Kegalle
541268,40003,DILMAH GREEN TEA 20 BAGS,3,2024-08-08 10:20:36,2.15,401207.0,655.0,1965.0,Colombo
541269,40006,MUNCHEE SUPER CREAM CRACKER 500G,4,2024-08-09 20:32:33,1.75,401158.0,535.0,2140.0,Kegalle
541270,40034,HARISCHANDRA COFFEE 100G,12,2024-08-11 14:54:00,1.49,401104.0,455.0,5460.0,Matara
541271,40002,DILMAH EARL GREY TEA 50 BAGS,1,2024-08-12 08:00:16,3.33,401071.0,1015.0,1015.0,Nuwara Eliya
541272,40015,SIDDHALEPA BALM 50G,12,2024-08-13 11:19:19,0.98,401044.0,300.0,3600.0,Galle
541273,40016,LINK SAMAHAN BOX (100 PACKETS),12,2024-08-13 20:42:41,5.87,401214.0,1790.0,21480.0,Colombo
541274,40031,PRIMA KOTTU MEE CUP,1,2024-08-15 10:50:42,0.59,401006.0,180.0,180.0,Gampaha
541275,40029,KIST TOMATO KETCHUP 400G,12,2024-08-16 13:59:30,1.75,401079.0,535.0,6420.0,Kandy
541276,40066,PONDS TALCUM POWDER 100G,3,2024-08-16 16:05:11,1.49,401166.0,455.0,1365.0,Matara
541277,40045,PANADOL 100 TABLETS,3,2024-08-17 20:42:49,1.75,401210.0,535.0,1605.0,Ampara
541278,40029,KIST TOMATO KETCHUP 400G,4,2024-08-23 18:31:58,1.75,401178.0,535.0,2140.0,Gampaha
541279,40034,HARISCHANDRA COFFEE 100G,12,2024-08-26 13:49:36,1.49,,455.0,5460.0,Kalutara
541280,40029,KIST TOMATO KETCHUP 400G,2,2024-08-27 08:24:00,1.75,401217.0,535.0,1070.0,Colombo
541281,40002,DILMAH EARL GREY TEA 50 BAGS,12,2024-08-28 15:52:23,3.33,401030.0,1015.0,12180.0,Colombo
541282,40088,CARGILLS FRESH EGGS (10),3,2024-08-29 11:03:57,1.36,401078.0,415.0,1245.0,Gampaha
541283,40014,SPA CEYLON HAND CREAM,3,2024-08-29 14:48:17,8.61,401020.0,2625.0,7875.0,Kalutara
541284,40046,MARMITE 100G,1,2024-08-30 11:18:21,2.93,,895.0,895.0,Vavuniya
541285,40032,PRIMA STELLA NOODLES 400G,2,2024-08-30 17:29:57,1.1,401100.0,335.0,670.0,Galle
541286,40001,DILMAH CEYLON TEA 500G,2,2024-08-31 19:21:48,4.69,401068.0,1430.0,2860.0,Anuradhapura
541287,40004,ZESTA TEA 400G,4,2024-09-01 09:02:17,4.1,401005.0,1250.0,5000.0,Jaffna
541288,40069,ANCHOR BUTTER 200G,3,2024-09-01 10:57:52,3.05,401201.0,930.0,2790.0,Colombo
541289,40025,KOTMALE FRESH MILK 1L,1,2024-09-02 13:50:34,1.75,401065.0,535.0,535.0,Kilinochchi
541290,40011,MALIBAN LEMON PUFF 200G,4,2024-09-02 18:17:41,0.79,401058.0,240.0,960.0,Ratnapura
541291,40009,MUNCHEE TIKIRI MARIE 80G,3,2024-09-04 16:02:06,0.28,401068.0,85.0,255.0,Badulla
541292,40030,KIST MIXED FRUIT NECTAR 1L,2,2024-09-06 08:29:05,2.15,401121.0,655.0,1310.0,Anuradhapura
541293,40029,KIST TOMATO KETCHUP 400G,4,2024-09-07 18:39:30,1.75,401021.0,535.0,2140.0,Hambantota
541294,40003,DILMAH GREEN TEA 20 BAGS,8,2024-09-08 17:58:30,2.15,,655.0,5240.0,Anuradhapura
541295,40001,DILMAH CEYLON TEA 500G,2,2024-09-10 11:38:17,4.69,401014.0,1430.0,2860.0,Colombo
541296,40014,SPA CEYLON HAND CREAM,2,2024-09-12 10:16:48,8.61,401142.0,2625.0,5250.0,Polonnaruwa
541297,40004,ZESTA TEA 400G,3,2024-09-12 20:06:53,4.1,401007.0,1250.0,3750.0,Badulla
541298,40037,MOTHA STRAWBERRY JELLY 100G,15,2024-09-13 20:52:09,0.48,401202.0,145.0,2175.0,Badulla
541299,40002,DILMAH EARL GREY TEA 50 BAGS,5,2024-09-14 15:35:05,3.33,401055.0,1015.0,5075.0,Badulla
541300,40076,CEYLON COLD STORES YOGHURT 80G,1,2024-09-14 16:53:28,0.34,401095.0,105.0,105.0,Kandy
541301,40013,SPA CEYLON SLEEP BODY LOTION,6,2024-09-15 12:53:14,13.69,401089.0,4175.0,25050.0,Badulla
541302,40034,HARISCHANDRA COFFEE 100G,3,2024-09-16 18:36:28,1.49,,455.0,1365.0,Colombo
541303,40042,MARINA COCONUT OIL 1L,3,2024-09-18 08:07:01,3.72,401138.0,1135.0,3405.0,Moneragala
541304,40002,DILMAH EARL GREY TEA 50 BAGS,8,2024-09-19 09:49:28,3.33,401144.0,1015.0,8120.0,Matara
541305,40010,MALIBAN MARIE BISCUITS 400G,3,2024-09-19 13:33:34,1.36,401217.0,415.0,1245.0,Kalutara
541306,40078,SOFTLOGIC COCONUT MILK 400ML,1,2024-09-21 10:09:16,1.25,401155.0,380.0,380.0,Kurunegala
541307,40004,ZESTA TEA 400G,1,2024-09-22 17:59:55,4.1,401009.0,1250.0,1250.0,Badulla
541308,40005,WATAWALA TEA 400G,6,2024-09-23 15:27:47,3.05,401037.0,930.0,5580.0,Kandy
541309,40078,SOFTLOGIC COCONUT MILK 400ML,10,2024-09-23 20:38:58,1.25,401220.0,380.0,3800.0,Anuradhapura
541310,40020,ELEPHANT HOUSE CREAM SODA 1.5L,4,2024-09-26 20:08:40,1.56,401035.0,475.0,1900.0,Kurunegala
541311,40011,MALIBAN LEMON PUFF 200G,10,2024-09-28 13:25:53,0.79,,240.0,2400.0,Nuwara Eliya
541312,40031,PRIMA KOTTU MEE CUP,4,2024-09-30 20:26:23,0.59,401201.0,180.0,720.0,Kandy
541313,40045,PANADOL 100 TABLETS,2,2024-10-01 11:26:08,1.75,401083.0,535.0,1070.0,Gampaha
541314,40002,DILMAH EARL GREY TEA 50 BAGS,2,2024-10-02 15:03:06,3.33,401219.0,1015.0,2030.0,Gampaha
541315,40002,DILMAH EARL GREY TEA 50 BAGS,2,2024-10-03 11:54:06,3.33,401085.0,1015.0,2030.0,Colombo
541316,40081,SPRITE 1.5L,4,2024-10-05 08:32:17,1.36,401039.0,415.0,1660.0,Kegalle
541317,40074,ARALIYA WHITE RICE 5KG,5,2024-10-06 09:00:11,5.67,401109.0,1730.0,8650.0,Gampaha
541318,40002,DILMAH EARL GREY TEA 50 BAGS,2,2024-10-09 11:17:15,3.33,401037.0,1015.0,2030.0,Badulla
541319,40032,PRIMA STELLA NOODLES 400G,5,2024-10-10 10:39:53,1.1,401126.0,335.0,1675.0,Moneragala
541320,40011,MALIBAN LEMON PUFF 200G,3,2024-10-10 12:04:10,0.79,401051.0,240.0,720.0,Kurunegala
541321,40019,ELEPHANT HOUSE GINGER BEER 1.5L,6,2024-10-11 09:05:55,1.56,401189.0,475.0,2850.0,Kalutara
541322,40084,AKBAR TEA 400G,4,2024-10-14 11:26:12,2.74,401055.0,835.0,3340.0,Vavuniya
541323,40039,CLOGARD TOOTHPASTE 120G,2,2024-10-14 15:27:04,0.85,401104.0,260.0,520.0,Badulla
541324,40071,MA MA NOODLES 5 PACK,6,2024-10-16 13:31:51,1.56,401218.0,475.0,2850.0,Gampaha
541325,40081,SPRITE 1.5L,1,2024-10-20 09:48:01,1.36,401215.0,415.0,415.0,Batticaloa
541326,40029,KIST TOMATO KETCHUP 400G,5,2024-10-20 14:21:08,1.75,401009.0,535.0,2675.0,Kandy
541327,40004,ZESTA TEA 400G,4,2024-10-21 10:29:24,4.1,401003.0,1250.0,5000.0,Ratnapura
541328,40014,SPA CEYLON HAND CREAM,1,2024-10-23 11:21:03,8.61,,2625.0,2625.0,Colombo
541329,40016,LINK SAMAHAN BOX (100 PACKETS),4,2024-10-23 14:18:55,5.87,,1790.0,7160.0,Gampaha
541330,40073,DELMEGE BASMATI RICE 5KG,2,2024-10-24 10:56:55,8.21,401088.0,2505.0,5010.0,Badulla
541331,40064,HORLICKS 500G,2,2024-10-26 10:37:15,3.72,401147.0,1135.0,2270.0,Hambantota
541332,40005,WATAWALA TEA 400G,1,2024-10-27 08:30:07,3.05,401194.0,930.0,930.0,Galle
541333,40015,SIDDHALEPA BALM 50G,5,2024-10-28 20:19:53,0.98,,300.0,1500.0,Polonnaruwa
541334,40021,ELEPHANT HOUSE VANILLA ICE CREAM 1L,15,2024-10-30 12:35:32,3.13,401046.0,955.0,14325.0,Matara
541335,40053,WIJAYA CHILLI POWDER 250G,1,2024-11-01 18:08:21,1.75,401152.0,535.0,535.0,Nuwara Eliya
541336,40050,RANCRISP CASHEWS 50G,6,2024-11-03 14:38:23,1.36,401012.0,415.0,2490.0,Moneragala
541337,40032,PRIMA STELLA NOODLES 400G,8,2024-11-03 16:30:26,1.1,,335.0,2680.0,Kurunegala
541338,40040,SIGNAL TOOTHPASTE 120G,3,2024-11-08 11:07:14,0.9,,275.0,825.0,Ratnapura
541339,40071,MA MA NOODLES 5 PACK,3,2024-11-08 11:40:51,1.56,401176.0,475.0,1425.0,Colombo
541340,40087,CARGILLS MAGIC SAUSAGES 400G,2,2024-11-09 20:45:15,3.05,401102.0,930.0,1860.0,Badulla
541341,40045,PANADOL 100 TABLETS,2,2024-11-10 08:22:06,1.75,401147.0,535.0,1070.0,Gampaha
541342,40031,PRIMA KOTTU MEE CUP,15,2024-11-11 14:17:15,0.59,401187.0,180.0,2700.0,Kalutara
541343,40075,RANMUTHU RICE 5KG,12,2024-11-12 20:41:59,5.87,,1790.0,21480.0,Polonnaruwa
541344,40001,DILMAH CEYLON TEA 500G,6,2024-11-13 15:49:13,4.69,401111.0,1430.0,8580.0,Kalutara
541345,40036,MAGGI COCONUT MILK POWDER 300G,1,2024-11-14 09:04:54,2.93,401188.0,895.0,895.0,Matara
541346,40008,MUNCHEE LEMON PUFF 200G,4,2024-11-14 13:18:43,0.79,401146.0,240.0,960.0,Trincomalee
541347,40060,SUNLIGHT SOAP 115G,4,2024-11-16 16:16:26,0.48,,145.0,580.0,Anuradhapura
541348,40005,WATAWALA TEA 400G,2,2024-11-19 08:47:53,3.05,401081.0,930.0,1860.0,Ratnapura
541349,40002,DILMAH EARL GREY TEA 50 BAGS,1,2024-11-20 08:34:04,3.33,401080.0,1015.0,1015.0,Matara
541350,40023,RATHTHI MILK POWDER 400G,3,2024-11-21 11:25:53,4.3,401011.0,1310.0,3930.0,Polonnaruwa
541351,40031,PRIMA KOTTU MEE CUP,2,2024-11-21 13:03:55,0.59,401054.0,180.0,360.0,Gampaha
541352,DELV,COURIER DELIVERY CHARGE,5,2024-11-21 15:24:40,3.0,401130.0,915.0,4575.0,Mannar
541353,40003,DILMAH GREEN TEA 20 BAGS,5,2024-11-22 11:43:52,2.15,401012.0,655.0,3275.0,Badulla
541354,40036,MAGGI COCONUT MILK POWDER 300G,2,2024-11-22 12:40:10,2.93,401207.0,895.0,1790.0,Kandy
541355,40001,DILMAH CEYLON TEA 500G,10,2024-11-24 16:21:08,4.69,401197.0,1430.0,14300.0,Gampaha
541356,40033,HARISCHANDRA NOODLES 400G,2,2024-11-24 17:46:14,0.98,401103.0,300.0,600.0,Gampaha
541357,40057,VIM DISHWASH LIQUID 500ML,2,2024-11-25 09:26:08,1.75,401219.0,535.0,1070.0,Batticaloa
541358,40020,ELEPHANT HOUSE CREAM SODA 1.5L,3,2024-11-25 19:06:03,1.56,401102.0,475.0,1425.0,Colombo
541359,40001,DILMAH CEYLON TEA 500G,3,2024-11-26 13:22:20,4.69,401204.0,1430.0,4290.0,Colombo
541360,40013,SPA CEYLON SLEEP BODY LOTION,1,2024-11-29 10:09:01,13.69,401067.0,4175.0,4175.0,Ampara
541361,40025,KOTMALE FRESH MILK 1L,2,2024-11-29 12:53:09,1.75,,535.0,1070.0,Gampaha
541362,40078,SOFTLOGIC COCONUT MILK 400ML,6,2024-11-29 19:36:45,1.25,401160.0,380.0,2280.0,Moneragala
541363,40001,DILMAH CEYLON TEA 500G,15,2024-11-30 14:18:38,4.69,401066.0,1430.0,21450.0,Badulla
541364,40092,ARALIYA COCONUT MILK POWDER 300G,1,2024-12-01 13:48:43,2.74,,835.0,835.0,Kandy
541365,40088,CARGILLS FRESH EGGS (10),10,2024-12-01 13:59:01,1.36,401087.0,415.0,4150.0,Gampaha
541366,40016,LINK SAMAHAN BOX (100 PACKETS),8,2024-12-03 10:29:54,5.87,401136.0,1790.0,14320.0,Matara
541367,40062,NESTOMALT 400G,1,2024-12-04 17:17:25,2.43,401063.0,740.0,740.0,Kandy
541368,40088,CARGILLS FRESH EGGS (10),3,2024-12-04 19:40:44,1.36,,415.0,1245.0,Polonnaruwa
541369,40001,DILMAH CEYLON TEA 500G,6,2024-12-08 12:50:15,4.69,401038.0,1430.0,8580.0,Colombo
541370,40001,DILMAH CEYLON TEA 500G,3,2024-12-08 19:36:04,4.69,401057.0,1430.0,4290.0,Matale
541371,40014,SPA CEYLON HAND CREAM,3,2024-12-09 10:03:00,8.61,401005.0,2625.0,7875.0,Kandy
541372,40003,DILMAH GREEN TEA 20 BAGS,1,2024-12-09 14:37:13,2.15,401002.0,655.0,655.0,Kalutara
541373,40028,BAIRAHA CHICKEN 1KG,4,2024-12-10 11:17:41,5.67,401017.0,1730.0,6920.0,Trincomalee
541374,40040,SIGNAL TOOTHPASTE 120G,3,2024-12-10 14:09:19,0.9,401063.0,275.0,825.0,Gampaha
541375,40003,DILMAH GREEN TEA 20 BAGS,6,2024-12-10 20:38:01,2.15,401120.0,655.0,3930.0,Kurunegala
541376,40038,MOTHA FALUDA MIX 100G,2,2024-12-11 08:54:31,0.79,,240.0,480.0,Kurunegala
541377,40009,MUNCHEE TIKIRI MARIE 80G,2,2024-12-11 17:48:53,0.28,401206.0,85.0,170.0,Galle
541378,40052,WIJAYA ROASTED CURRY POWDER 250G,1,2024-12-13 10:24:53,1.56,401143.0,475.0,475.0,Moneragala
541379,40012,MALIBAN CREAM CRACKER 500G,6,2024-12-13 16:42:42,1.64,401044.0,500.0,3000.0,Gampaha
541380,40009,MUNCHEE TIKIRI MARIE 80G,2,2024-12-13 18:32:21,0.28,401030.0,85.0,170.0,Kandy
541381,40001,DILMAH CEYLON TEA 500G,10,2024-12-14 14:31:25,4.69,401221.0,1430.0,14300.0,Matara
541382,40001,DILMAH CEYLON TEA 500G,3,2024-12-15 15:33:02,4.69,401185.0,1430.0,4290.0,Anuradhapura
541383,40039,CLOGARD TOOTHPASTE 120G,5,2024-12-15 19:12:00,0.85,401100.0,260.0,1300.0,Hambantota
541384,40036,MAGGI COCONUT MILK POWDER 300G,6,2024-12-16 09:23:15,2.93,,895.0,5370.0,Moneragala
541385,40066,PONDS TALCUM POWDER 100G,12,2024-12-16 16:15:34,1.49,401182.0,455.0,5460.0,Badulla
541386,40001,DILMAH CEYLON TEA 500G,2,2024-12-17 13:55:05,4.69,401149.0,1430.0,2860.0,Colombo
541387,40019,ELEPHANT HOUSE GINGER BEER 1.5L,2,2024-12-18 09:20:12,1.56,401129.0,475.0,950.0,Polonnaruwa
541388,40057,VIM DISHWASH LIQUID 500ML,8,2024-12-18 11:04:23,1.75,401168.0,535.0,4280.0,Colombo
541389,40048,EDINBOROUGH SOY SAUCE 400ML,4,2024-12-19 09:57:26,1.36,,415.0,1660.0,Nuwara Eliya
541390,40006,MUNCHEE SUPER CREAM CRACKER 500G,1,2024-12-20 18:42:14,1.75,401141.0,535.0,535.0,Anuradhapura
541391,40014,SPA CEYLON HAND CREAM,12,2024-12-21 10:27:23,8.61,,2625.0,31500.0,Matara
541392,40004,ZESTA TEA 400G,2,2024-12-21 19:07:44,4.1,401142.0,1250.0,2500.0,Kalutara
541393,40007,MUNCHEE CHOCOLATE BISCUIT 200G,6,2024-12-23 10:56:28,0.85,401112.0,260.0,1560.0,Matara
541394,40010,MALIBAN MARIE BISCUITS 400G,2,2024-12-24 13:04:18,1.36,401097.0,415.0,830.0,Kalutara
541395,40001,DILMAH CEYLON TEA 500G,4,2024-12-24 13:52:58,4.69,401133.0,1430.0,5720.0,Colombo
541396,40006,MUNCHEE SUPER CREAM CRACKER 500G,8,2024-12-25 12:03:10,1.75,401088.0,535.0,4280.0,Kegalle
541397,40006,MUNCHEE SUPER CREAM CRACKER 500G,2,2024-12-29 14:31:39,1.75,401167.0,535.0,1070.0,Kalutara
541398,40032,PRIMA STELLA NOODLES 400G,1,2024-12-29 16:29:37,1.1,401157.0,335.0,335.0,Kurunegala
541399,40001,DILMAH CEYLON TEA 500G,5,2024-12-29 19:10:50,4.69,401112.0,1430.0,7150.0,Polonnaruwa
541400,40008,MUNCHEE LEMON PUFF 200G,2,2024-12-29 19:22:07,0.79,,240.0,480.0,Jaffna
541401,40044,HAPPY COW CHEESE 120G,5,2024-12-30 18:02:19,3.33,401002.0,1015.0,5075.0,Trincomalee
541402,40008,MUNCHEE LEMON PUFF 200G,3,2024-12-31 17:08:08,0.79,401114.0,240.0,720.0,Galle
541403,40070,NESPRAY MILK POWDER 400G,2,2025-01-05 13:56:02,4.95,,1470.0,2940.0,Polonnaruwa
541404,40091,USWATTE SPICES MIXED CURRY POWDER 100G,3,2025-01-05 15:57:35,0.93,401014.0,275.0,825.0,Matale
541405,40053,WIJAYA CHILLI POWDER 250G,5,2025-01-06 09:03:21,1.89,401144.0,560.0,2800.0,Kalutara
541406,40033,HARISCHANDRA NOODLES 400G,2,2025-01-06 17:05:59,1.04,401200.0,310.0,620.0,Gampaha
541407,40057,VIM DISHWASH LIQUID 500ML,2,2025-01-08 11:28:53,1.89,401134.0,560.0,1120.0,Gampaha
541408,40014,SPA CEYLON HAND CREAM,4,2025-01-08 14:09:32,9.23,401129.0,2740.0,10960.0,Ampara
541409,DELV,COURIER DELIVERY CHARGE,3,2025-01-09 09:13:16,3.0,401159.0,891.0,2673.0,Kurunegala
541410,40029,KIST TOMATO KETCHUP 400G,6,2025-01-10 08:03:44,1.89,401029.0,560.0,3360.0,Anuradhapura
541411,40020,ELEPHANT HOUSE CREAM SODA 1.5L,3,2025-01-12 13:27:06,1.68,401044.0,500.0,1500.0,Hambantota
541412,40027,KEELLS CHICKEN SAUSAGES 500G,5,2025-01-13 14:18:40,3.99,401199.0,1185.0,5925.0,Trincomalee
541413,40011,MALIBAN LEMON PUFF 200G,3,2025-01-13 14:37:50,0.84,401061.0,250.0,750.0,Anuradhapura
541414,40059,SURF EXCEL 1KG,3,2025-01-14 18:58:24,3.57,401208.0,1060.0,3180.0,Colombo
541415,40009,MUNCHEE TIKIRI MARIE 80G,4,2025-01-15 12:07:31,0.29,401132.0,85.0,340.0,Gampaha
541416,40029,KIST TOMATO KETCHUP 400G,12,2025-01-15 13:18:00,1.89,401215.0,560.0,6720.0,Jaffna
541417,40001,DILMAH CEYLON TEA 500G,4,2025-01-15 19:25:58,5.03,401084.0,1495.0,5980.0,Gampaha
541418,40005,WATAWALA TEA 400G,6,2025-01-16 19:39:06,3.27,401210.0,970.0,5820.0,Colombo
541419,40001,DILMAH CEYLON TEA 500G,20,2025-01-19 15:35:40,5.03,401142.0,1495.0,29900.0,Badulla
541420,40080,COCA-COLA 1.5L,2,2025-01-20 16:19:34,1.46,401004.0,435.0,870.0,Puttalam
541421,40054,PEARS BABY POWDER 100G,1,2025-01-22 08:43:45,1.04,401003.0,310.0,310.0,Kalutara
541422,40062,NESTOMALT 400G,8,2025-01-23 12:05:16,2.61,401012.0,775.0,6200.0,Ratnapura
541423,40006,MUNCHEE SUPER CREAM CRACKER 500G,1,2025-01-23 14:18:51,1.89,401008.0,560.0,560.0,Kalutara
541424,40003,DILMAH GREEN TEA 20 BAGS,2,2025-01-24 08:26:24,2.31,401154.0,685.0,1370.0,Mannar
541425,40035,CBL SAMAPOSHA 200G,8,2025-01-24 09:22:51,0.76,401130.0,225.0,1800.0,Kegalle
541426,40060,SUNLIGHT SOAP 115G,2,2025-01-24 11:09:44,0.51,401204.0,150.0,300.0,Kegalle
541427,40001,DILMAH CEYLON TEA 500G,2,2025-01-25 13:34:20,5.03,401213.0,1495.0,2990.0,Nuwara Eliya
541428,40002,DILMAH EARL GREY TEA 50 BAGS,4,2025-01-26 14:22:34,3.57,401144.0,1060.0,4240.0,Colombo
541429,40018,MD MANGO CHUTNEY 400G,4,2025-01-28 09:34:26,2.73,401213.0,810.0,3240.0,Kurunegala
541430,40010,MALIBAN MARIE BISCUITS 400G,6,2025-01-28 16:42:02,1.46,401136.0,435.0,2610.0,Mannar
541431,40019,ELEPHANT HOUSE GINGER BEER 1.5L,4,2025-01-29 08:50:11,1.68,401154.0,500.0,2000.0,Nuwara Eliya
541432,40001,DILMAH CEYLON TEA 500G,3,2025-01-29 11:46:31,5.03,,1495.0,4485.0,Kegalle
541433,40032,PRIMA STELLA NOODLES 400G,6,2025-01-30 11:38:17,1.18,401017.0,350.0,2100.0,Colombo
541434,40016,LINK SAMAHAN BOX (100 PACKETS),4,2025-01-31 11:18:52,6.3,401146.0,1870.0,7480.0,Ratnapura
541435,40017,MD MIXED FRUIT JAM 500G,2,2025-01-31 19:53:03,2.73,401123.0,810.0,1620.0,Gampaha
541436,40068,CLOSE UP TOOTHPASTE 120G,8,2025-02-01 09:55:30,0.99,401192.0,295.0,2360.0,Matale
541437,40031,PRIMA KOTTU MEE CUP,3,2025-02-02 17:22:44,0.62,401056.0,185.0,555.0,Kalutara
541438,40024,HIGHLAND MILK 1L,4,2025-02-03 19:26:30,1.68,,500.0,2000.0,Kandy
541439,40044,HAPPY COW CHEESE 120G,3,2025-02-04 10:45:59,3.57,401169.0,1060.0,3180.0,Kegalle
541440,40031,PRIMA KOTTU MEE CUP,2,2025-02-06 13:09:42,0.62,401066.0,185.0,370.0,Badulla
541441,40054,PEARS BABY POWDER 100G,6,2025-02-06 17:02:22,1.04,,310.0,1860.0,Hambantota
541442,40004,ZESTA TEA 400G,4,2025-02-06 17:45:52,4.41,,1310.0,5240.0,Matara
541443,40004,ZESTA TEA 400G,1,2025-02-10 19:23:17,4.41,401199.0,1310.0,1310.0,Kurunegala
541444,40091,USWATTE SPICES MIXED CURRY POWDER 100G,5,2025-02-12 09:28:55,0.93,401058.0,275.0,1375.0,Kurunegala
541445,40008,MUNCHEE LEMON PUFF 200G,2,2025-02-13 15:38:32,0.84,401092.0,250.0,500.0,Colombo
541446,40079,CEYLON TOBACCO (CIGARETTES PACK),2,2025-02-14 17:12:28,5.03,,1495.0,2990.0,Colombo
541447,40004,ZESTA TEA 400G,1,2025-02-15 08:22:41,4.41,401105.0,1310.0,1310.0,Gampaha
541448,40009,MUNCHEE TIKIRI MARIE 80G,2,2025-02-15 14:24:45,0.29,401023.0,85.0,170.0,Batticaloa
541449,40015,SIDDHALEPA BALM 50G,5,2025-02-15 14:49:42,1.04,401204.0,310.0,1550.0,Gampaha
541450,40045,PANADOL 100 TABLETS,1,2025-02-16 14:00:48,1.89,401045.0,560.0,560.0,Jaffna
541451,40007,MUNCHEE CHOCOLATE BISCUIT 200G,4,2025-02-19 16:52:07,0.93,,275.0,1100.0,Jaffna
541452,40069,ANCHOR BUTTER 200G,15,2025-02-20 09:04:43,3.27,401006.0,970.0,14550.0,Kegalle
541453,40015,SIDDHALEPA BALM 50G,3,2025-02-20 13:06:32,1.04,401029.0,310.0,930.0,Jaffna
541454,40011,MALIBAN LEMON PUFF 200G,3,2025-02-21 12:15:02,0.84,401004.0,250.0,750.0,Hambantota
541455,40037,MOTHA STRAWBERRY JELLY 100G,8,2025-02-23 13:55:21,0.51,401199.0,150.0,1200.0,Ratnapura
541456,40054,PEARS BABY POWDER 100G,1,2025-02-25 13:53:13,1.04,401069.0,310.0,310.0,Colombo
541457,40025,KOTMALE FRESH MILK 1L,20,2025-02-25 14:17:51,1.89,401073.0,560.0,11200.0,Colombo
541458,40002,DILMAH EARL GREY TEA 50 BAGS,10,2025-02-27 14:45:30,3.57,401047.0,1060.0,10600.0,Kegalle
541459,40054,PEARS BABY POWDER 100G,3,2025-02-27 20:28:19,1.04,401007.0,310.0,930.0,Gampaha
541460,40004,ZESTA TEA 400G,5,2025-02-28 19:34:25,4.41,401070.0,1310.0,6550.0,Mannar
C541461,40009,MUNCHEE TIKIRI MARIE 80G,-6,2025-03-01 08:10:05,0.29,401046.0,85.0,-510.0,Gampaha
541462,40030,KIST MIXED FRUIT NECTAR 1L,1,2025-03-01 15:26:47,2.31,401177.0,685.0,685.0,Matara
541463,40020,ELEPHANT HOUSE CREAM SODA 1.5L,1,2025-03-02 08:08:12,1.68,401197.0,500.0,500.0,Matara
541464,40085,RANFAT COOKING OIL 1L,8,2025-03-02 16:55:18,4.83,401145.0,1435.0,11480.0,Galle
541465,40004,ZESTA TEA 400G,5,2025-03-02 18:58:12,4.41,401044.0,1310.0,6550.0,Badulla
C541466,40056,SUNSILK BLACK SHAMPOO 200ML,-3,2025-03-03 16:07:44,2.31,401155.0,685.0,-2055.0,Ratnapura
541467,40021,ELEPHANT HOUSE VANILLA ICE CREAM 1L,5,2025-03-03 20:20:49,3.35,401042.0,995.0,4975.0,Kurunegala
541468,40001,DILMAH CEYLON TEA 500G,2,2025-03-04 15:35:12,5.03,401002.0,1495.0,2990.0,Puttalam
541469,40001,DILMAH CEYLON TEA 500G,8,2025-03-05 11:47:46,5.03,401173.0,1495.0,11960.0,Colombo
541470,40005,WATAWALA TEA 400G,3,2025-03-05 15:54:50,3.27,401016.0,970.0,2910.0,Ratnapura
541471,40003,DILMAH GREEN TEA 20 BAGS,2,2025-03-07 14:42:08,2.31,401008.0,685.0,1370.0,Hambantota
541472,40003,DILMAH GREEN TEA 20 BAGS,20,2025-03-08 13:00:03,2.31,401212.0,685.0,13700.0,Kurunegala
541473,40001,DILMAH CEYLON TEA 500G,1,2025-03-10 12:27:06,5.03,401150.0,1495.0,1495.0,Gampaha
541474,40056,SUNSILK BLACK SHAMPOO 200ML,8,2025-03-11 16:33:54,2.31,401023.0,685.0,5480.0,Kurunegala
541475,40001,DILMAH CEYLON TEA 500G,4,2025-03-13 17:53:29,5.03,,1495.0,5980.0,Puttalam
541476,40051,LANKA SOY CHICKEN FLAVOUR 90G,1,2025-03-15 18:29:05,0.51,401081.0,150.0,150.0,Kilinochchi
541477,40040,SIGNAL TOOTHPASTE 120G,5,2025-03-20 08:25:16,0.96,401084.0,285.0,1425.0,Badulla
541478,40078,SOFTLOGIC COCONUT MILK 400ML,4,2025-03-21 19:51:40,1.35,401045.0,400.0,1600.0,Nuwara Eliya
541479,40032,PRIMA STELLA NOODLES 400G,10,2025-03-22 18:38:14,1.18,,350.0,3500.0,Colombo
541480,40045,PANADOL 100 TABLETS,5,2025-03-23 12:41:26,1.89,401011.0,560.0,2800.0,Polonnaruwa
541481,40006,MUNCHEE SUPER CREAM CRACKER 500G,5,2025-03-25 11:04:36,1.89,401026.0,560.0,2800.0,Gampaha
541482,40043,ASTRA MARGARINE 250G,1,2025-03-25 12:07:55,1.68,,500.0,500.0,Kilinochchi
541483,40026,KITHUL TREACLE 750ML,8,2025-03-26 14:31:41,7.56,401115.0,2245.0,17960.0,Puttalam
541484,40002,DILMAH EARL GREY TEA 50 BAGS,4,2025-03-28 15:36:40,3.57,401040.0,1060.0,4240.0,Badulla
541485,40007,MUNCHEE CHOCOLATE BISCUIT 200G,3,2025-03-30 10:38:46,0.93,,275.0,825.0,Gampaha
541486,40067,COLGATE TOOTHPASTE 120G,1,2025-03-31 16:39:41,1.01,,300.0,300.0,Gampaha
541487,40059,SURF EXCEL 1KG,2,2025-03-31 19:37:25,3.57,401119.0,1060.0,2120.0,Polonnaruwa
541488,40041,BABY CHERAMY SOAP 90G,1,2025-04-01 14:30:44,0.59,,175.0,175.0,Polonnaruwa
541489,40001,DILMAH CEYLON TEA 500G,6,2025-04-01 20:52:31,5.03,,1495.0,8970.0,Gampaha
541490,40018,MD MANGO CHUTNEY 400G,2,2025-04-04 10:24:37,2.73,401170.0,810.0,1620.0,Kandy
541491,40003,DILMAH GREEN TEA 20 BAGS,8,2025-04-04 10:54:17,2.31,,685.0,5480.0,Gampaha
541492,40004,ZESTA TEA 400G,5,2025-04-04 10:55:50,4.41,401176.0,1310.0,6550.0,Hambantota
541493,40002,DILMAH EARL GREY TEA 50 BAGS,1,2025-04-04 18:25:53,3.57,401084.0,1060.0,1060.0,Gampaha
541494,40019,ELEPHANT HOUSE GINGER BEER 1.5L,8,2025-04-05 13:58:03,1.68,401137.0,500.0,4000.0,Anuradhapura
541495,40031,PRIMA KOTTU MEE CUP,15,2025-04-05 14:04:14,0.62,401083.0,185.0,2775.0,Kurunegala
541496,40055,LIFEBUOY SOAP 100G,4,2025-04-06 19:20:00,0.54,401003.0,160.0,640.0,Kandy
541497,40028,BAIRAHA CHICKEN 1KG,3,2025-04-06 19:34:45,6.08,401115.0,1805.0,5415.0,Jaffna
541498,40018,MD MANGO CHUTNEY 400G,1,2025-04-07 13:56:23,2.73,,810.0,810.0,Kandy
541499,40023,RATHTHI MILK POWDER 400G,6,2025-04-08 19:07:48,4.61,401090.0,1370.0,8220.0,Colombo
541500,40079,CEYLON TOBACCO (CIGARETTES PACK),12,2025-04-09 09:05:19,5.03,401211.0,1495.0,17940.0,Gampaha
541501,40079,CEYLON TOBACCO (CIGARETTES PACK),5,2025-04-09 11:03:49,5.03,401144.0,1495.0,7475.0,Jaffna
541502,40011,MALIBAN LEMON PUFF 200G,3,2025-04-09 14:02:14,0.84,401003.0,250.0,750.0,Kandy
541503,40019,ELEPHANT HOUSE GINGER BEER 1.5L,1,2025-04-10 12:30:39,1.68,401208.0,500.0,500.0,Kegalle
541504,40046,MARMITE 100G,5,2025-04-10 13:47:47,3.15,401214.0,935.0,4675.0,Gampaha
541505,40001,DILMAH CEYLON TEA 500G,2,2025-04-11 17:02:52,5.03,401080.0,1495.0,2990.0,Gampaha
541506,40008,MUNCHEE LEMON PUFF 200G,2,2025-04-12 12:04:38,0.84,401039.0,250.0,500.0,Colombo
541507,40004,ZESTA TEA 400G,1,2025-04-13 09:31:17,4.41,401042.0,1310.0,1310.0,Batticaloa
541508,40005,WATAWALA TEA 400G,2,2025-04-13 17:40:14,3.27,401029.0,970.0,1940.0,Batticaloa
541509,40043,ASTRA MARGARINE 250G,6,2025-04-14 13:01:49,1.68,401042.0,500.0,3000.0,Hambantota
541510,40031,PRIMA KOTTU MEE CUP,1,2025-04-15 14:44:33,0.62,401019.0,185.0,185.0,Matale
541511,40002,DILMAH EARL GREY TEA 50 BAGS,2,2025-04-17 12:16:44,3.57,401036.0,1060.0,2120.0,Matale
541512,40048,EDINBOROUGH SOY SAUCE 400ML,10,2025-04-17 18:10:02,1.46,401090.0,435.0,4350.0,Colombo
541513,40051,LANKA SOY CHICKEN FLAVOUR 90G,5,2025-04-18 14:03:30,0.51,401130.0,150.0,750.0,Polonnaruwa
541514,40002,DILMAH EARL GREY TEA 50 BAGS,3,2025-04-18 15:13:22,3.57,401132.0,1060.0,3180.0,Ratnapura
541515,40077,PILAWOOS FALOODA MIX 200G,2,2025-04-18 16:32:40,1.46,401087.0,435.0,870.0,Polonnaruwa
541516,40041,BABY CHERAMY SOAP 90G,3,2025-04-19 11:14:45,0.59,401046.0,175.0,525.0,Gampaha
541517,40009,MUNCHEE TIKIRI MARIE 80G,1,2025-04-19 15:35:49,0.29,401154.0,85.0,85.0,Jaffna
541518,40005,WATAWALA TEA 400G,6,2025-04-19 20:47:24,3.27,401163.0,970.0,5820.0,Galle
541519,40007,MUNCHEE CHOCOLATE BISCUIT 200G,1,2025-04-20 09:11:42,0.93,401096.0,275.0,275.0,Galle
541520,40007,MUNCHEE CHOCOLATE BISCUIT 200G,2,2025-04-20 13:44:00,0.93,401004.0,275.0,550.0,Matara
541521,DELV,COURIER DELIVERY CHARGE,4,2025-04-21 11:11:26,3.0,401033.0,891.0,3564.0,Ratnapura
541522,40086,FITS COOKING OIL 1L,1,2025-04-23 08:51:37,4.61,401032.0,1370.0,1370.0,Badulla
541523,40037,MOTHA STRAWBERRY JELLY 100G,12,2025-04-23 13:45:36,0.51,401101.0,150.0,1800.0,Batticaloa
541524,40013,SPA CEYLON SLEEP BODY LOTION,8,2025-04-23 14:45:41,14.68,401174.0,4360.0,34880.0,Kalutara
541525,40016,LINK SAMAHAN BOX (100 PACKETS),5,2025-04-25 14:21:13,6.3,,1870.0,9350.0,Kandy
541526,40001,DILMAH CEYLON TEA 500G,6,2025-04-25 15:11:55,5.03,401091.0,1495.0,8970.0,Colombo
541527,40002,DILMAH EARL GREY TEA 50 BAGS,4,2025-04-25 15:34:46,3.57,401063.0,1060.0,4240.0,Polonnaruwa
541528,40019,ELEPHANT HOUSE GINGER BEER 1.5L,2,2025-04-25 15:52:23,1.68,401196.0,500.0,1000.0,Polonnaruwa
541529,40012,MALIBAN CREAM CRACKER 500G,3,2025-04-26 18:15:00,1.77,401070.0,525.0,1575.0,Mullaitivu
541530,40081,SPRITE 1.5L,3,2025-04-26 19:51:07,1.46,401067.0,435.0,1305.0,Kandy
541531,40001,DILMAH CEYLON TEA 500G,3,2025-04-28 16:45:57,5.03,401024.0,1495.0,4485.0,Colombo
541532,40039,CLOGARD TOOTHPASTE 120G,5,2025-05-04 13:47:34,0.93,401143.0,275.0,1375.0,Colombo
541533,40009,MUNCHEE TIKIRI MARIE 80G,2,2025-05-04 19:29:12,0.29,401083.0,85.0,170.0,Matara
541534,40001,DILMAH CEYLON TEA 500G,2,2025-05-05 16:41:30,5.03,,1495.0,2990.0,Matale
541535,40003,DILMAH GREEN TEA 20 BAGS,5,2025-05-06 17:01:00,2.31,401021.0,685.0,3425.0,Kegalle
541536,40001,DILMAH CEYLON TEA 500G,4,2025-05-06 18:27:20,5.03,401017.0,1495.0,5980.0,Badulla
541537,40018,MD MANGO CHUTNEY 400G,2,2025-05-07 18:51:50,2.73,401210.0,810.0,1620.0,Batticaloa
541538,40013,SPA CEYLON SLEEP BODY LOTION,12,2025-05-08 11:53:09,14.68,,4360.0,52320.0,Kurunegala
541539,40056,SUNSILK BLACK SHAMPOO 200ML,1,2025-05-09 15:14:25,2.31,401173.0,685.0,685.0,Polonnaruwa
541540,40046,MARMITE 100G,15,2025-05-10 15:26:25,3.15,401129.0,935.0,14025.0,Colombo
541541,40007,MUNCHEE CHOCOLATE BISCUIT 200G,1,2025-05-11 12:41:59,0.93,401052.0,275.0,275.0,Moneragala
541542,40014,SPA CEYLON HAND CREAM,8,2025-05-11 20:42:46,9.23,401068.0,2740.0,21920.0,Kandy
541543,40004,ZESTA TEA 400G,2,2025-05-13 16:37:00,4.41,401158.0,1310.0,2620.0,Kalutara
541544,40010,MALIBAN MARIE BISCUITS 400G,4,2025-05-15 12:38:50,1.46,,435.0,1740.0,Badulla
541545,40020,ELEPHANT HOUSE CREAM SODA 1.5L,2,2025-05-16 16:23:22,1.68,401172.0,500.0,1000.0,Matara
541546,40041,BABY CHERAMY SOAP 90G,2,2025-05-16 18:41:48,0.59,401126.0,175.0,350.0,Trincomalee
541547,40013,SPA CEYLON SLEEP BODY LOTION,2,2025-05-17 12:15:58,14.68,401020.0,4360.0,8720.0,Colombo
541548,40016,LINK SAMAHAN BOX (100 PACKETS),2,2025-05-17 20:40:29,6.3,401162.0,1870.0,3740.0,Kalutara
541549,40003,DILMAH GREEN TEA 20 BAGS,3,2025-05-18 13:23:29,2.31,,685.0,2055.0,Jaffna
541550,40031,PRIMA KOTTU MEE CUP,4,2025-05-18 16:17:49,0.62,401112.0,185.0,740.0,Kandy
541551,40032,PRIMA STELLA NOODLES 400G,3,2025-05-20 13:19:37,1.18,401141.0,350.0,1050.0,Gampaha
541552,40091,USWATTE SPICES MIXED CURRY POWDER 100G,3,2025-05-20 15:33:38,0.93,401138.0,275.0,825.0,Colombo
541553,40082,NECTO 1.5L,5,2025-05-21 15:55:24,1.46,401028.0,435.0,2175.0,Kandy
541554,40030,KIST MIXED FRUIT NECTAR 1L,4,2025-05-23 13:16:30,2.31,401030.0,685.0,2740.0,Gampaha
541555,40010,MALIBAN MARIE BISCUITS 400G,4,2025-05-25 19:16:27,1.46,401031.0,435.0,1740.0,Gampaha
541556,40007,MUNCHEE CHOCOLATE BISCUIT 200G,6,2025-05-26 20:55:57,0.93,401001.0,275.0,1650.0,Matara
541557,40007,MUNCHEE CHOCOLATE BISCUIT 200G,3,2025-05-27 10:38:27,0.93,401011.0,275.0,825.0,Kegalle
541558,40008,MUNCHEE LEMON PUFF 200G,5,2025-05-27 16:37:47,0.84,401211.0,250.0,1250.0,Kandy
541559,40032,PRIMA STELLA NOODLES 400G,5,2025-05-29 17:38:00,1.18,401113.0,350.0,1750.0,Colombo
541560,40044,HAPPY COW CHEESE 120G,8,2025-06-01 16:29:03,3.57,,1060.0,8480.0,Kegalle
541561,40002,DILMAH EARL GREY TEA 50 BAGS,8,2025-06-01 20:02:07,3.57,401035.0,1060.0,8480.0,Matara
541562,40005,WATAWALA TEA 400G,4,2025-06-03 08:49:06,3.27,401103.0,970.0,3880.0,Colombo
541563,40002,DILMAH EARL GREY TEA 50 BAGS,4,2025-06-04 18:48:35,3.57,,1060.0,4240.0,Mullaitivu
541564,40038,MOTHA FALUDA MIX 100G,3,2025-06-04 19:51:33,0.84,401059.0,250.0,750.0,Colombo
541565,40004,ZESTA TEA 400G,1,2025-06-05 13:17:35,4.41,401094.0,1310.0,1310.0,Colombo
541566,40026,KITHUL TREACLE 750ML,3,2025-06-05 13:36:37,7.56,401134.0,2245.0,6735.0,Kurunegala
541567,40003,DILMAH GREEN TEA 20 BAGS,5,2025-06-06 19:31:25,2.31,401060.0,685.0,3425.0,Kandy
541568,40072,FUN FOODS MAYONNAISE 250G,6,2025-06-08 17:03:46,2.05,401107.0,610.0,3660.0,Badulla
541569,40005,WATAWALA TEA 400G,6,2025-06-10 08:28:43,3.27,401188.0,970.0,5820.0,Kandy
541570,40009,MUNCHEE TIKIRI MARIE 80G,2,2025-06-10 09:46:57,0.29,401021.0,85.0,170.0,Kilinochchi
541571,40051,LANKA SOY CHICKEN FLAVOUR 90G,8,2025-06-10 12:54:25,0.51,401113.0,150.0,1200.0,Mannar
541572,40051,LANKA SOY CHICKEN FLAVOUR 90G,4,2025-06-12 14:12:58,0.51,,150.0,600.0,Anuradhapura
541573,40063,MILO 400G,1,2025-06-13 08:20:17,3.27,401204.0,970.0,970.0,Colombo
541574,40052,WIJAYA ROASTED CURRY POWDER 250G,2,2025-06-14 09:10:42,1.68,401009.0,500.0,1000.0,Gampaha
541575,40038,MOTHA FALUDA MIX 100G,2,2025-06-14 16:24:53,0.84,,250.0,500.0,Kalutara
541576,40053,WIJAYA CHILLI POWDER 250G,5,2025-06-14 19:19:46,1.89,401112.0,560.0,2800.0,Trincomalee
541577,40005,WATAWALA TEA 400G,2,2025-06-14 20:01:20,3.27,401100.0,970.0,1940.0,Ratnapura
541578,40001,DILMAH CEYLON TEA 500G,4,2025-06-16 08:57:33,5.03,401048.0,1495.0,5980.0,Ratnapura
541579,40001,DILMAH CEYLON TEA 500G,3,2025-06-19 16:22:05,5.03,,1495.0,4485.0,Kegalle
541580,40064,HORLICKS 500G,5,2025-06-20 12:22:07,3.99,401171.0,1185.0,5925.0,Kalutara
541581,40008,MUNCHEE LEMON PUFF 200G,1,2025-06-20 15:37:31,0.84,401074.0,250.0,250.0,Jaffna
541582,40070,NESPRAY MILK POWDER 400G,6,2025-06-22 08:07:15,4.95,401020.0,1470.0,8820.0,Kandy
541583,40003,DILMAH GREEN TEA 20 BAGS,12,2025-06-22 12:20:43,2.31,401137.0,685.0,8220.0,Matara
541584,40088,CARGILLS FRESH EGGS (10),4,2025-06-24 10:50:44,1.46,401195.0,435.0,1740.0,Vavuniya
541585,40060,SUNLIGHT SOAP 115G,5,2025-06-25 15:36:48,0.51,401119.0,150.0,750.0,Kurunegala
541586,40004,ZESTA TEA 400G,2,2025-06-26 20:16:44,4.41,401126.0,1310.0,2620.0,Ratnapura
541587,40074,ARALIYA WHITE RICE 5KG,3,2025-06-27 11:07:23,6.08,401045.0,1805.0,5415.0,Puttalam
541588,40002,DILMAH EARL GREY TEA 50 BAGS,5,2025-06-29 17:11:52,3.57,,1060.0,5300.0,Galle
541589,40005,WATAWALA TEA 400G,2,2025-07-01 08:41:51,3.27,401160.0,970.0,1940.0,Jaffna
541590,40023,RATHTHI MILK POWDER 400G,15,2025-07-01 15:49:18,4.61,,1370.0,20550.0,Colombo
541591,40001,DILMAH CEYLON TEA 500G,2,2025-07-03 12:40:29,5.03,,1495.0,2990.0,Kandy
541592,40035,CBL SAMAPOSHA 200G,1,2025-07-04 14:00:07,0.76,,225.0,225.0,Jaffna
541593,40010,MALIBAN MARIE BISCUITS 400G,4,2025-07-05 10:47:03,1.46,401168.0,435.0,1740.0,Matara
541594,40017,MD MIXED FRUIT JAM 500G,1,2025-07-06 13:41:23,2.73,401021.0,810.0,810.0,Kandy
541595,40003,DILMAH GREEN TEA 20 BAGS,6,2025-07-07 20:12:04,2.31,401174.0,685.0,4110.0,Kandy
541596,40004,ZESTA TEA 400G,5,2025-07-09 09:14:17,4.41,401049.0,1310.0,6550.0,Kurunegala
541597,40008,MUNCHEE LEMON PUFF 200G,1,2025-07-09 20:09:31,0.84,401216.0,250.0,250.0,Colombo
541598,40003,DILMAH GREEN TEA 20 BAGS,1,2025-07-10 08:38:45,2.31,401123.0,685.0,685.0,Kandy
541599,40040,SIGNAL TOOTHPASTE 120G,3,2025-07-10 17:14:34,0.96,401217.0,285.0,855.0,Gampaha
541600,40040,SIGNAL TOOTHPASTE 120G,3,2025-07-12 11:14:35,0.96,401209.0,285.0,855.0,Ratnapura
541601,40009,MUNCHEE TIKIRI MARIE 80G,5,2025-07-13 09:43:14,0.29,,85.0,425.0,Ratnapura
541602,40008,MUNCHEE LEMON PUFF 200G,4,2025-07-13 10:43:16,0.84,401036.0,250.0,1000.0,Polonnaruwa
541603,40027,KEELLS CHICKEN SAUSAGES 500G,2,2025-07-15 13:31:55,3.99,401124.0,1185.0,2370.0,Kandy
541604,40055,LIFEBUOY SOAP 100G,6,2025-07-17 09:18:28,0.54,,160.0,960.0,Trincomalee
541605,40045,PANADOL 100 TABLETS,2,2025-07-17 11:11:54,1.89,,560.0,1120.0,Kalutara
541606,DELV,COURIER DELIVERY CHARGE,5,2025-07-18 10:28:27,3.0,401113.0,891.0,4455.0,Kandy
541607,40001,DILMAH CEYLON TEA 500G,8,2025-07-18 19:04:20,5.03,,1495.0,11960.0,Kilinochchi
541608,40011,MALIBAN LEMON PUFF 200G,8,2025-07-19 13:58:28,0.84,,250.0,2000.0,Colombo
541609,40003,DILMAH GREEN TEA 20 BAGS,8,2025-07-19 17:53:16,2.31,,685.0,5480.0,Colombo
541610,40006,MUNCHEE SUPER CREAM CRACKER 500G,2,2025-07-21 13:17:59,1.89,401051.0,560.0,1120.0,Moneragala
541611,40066,PONDS TALCUM POWDER 100G,5,2025-07-21 16:37:50,1.6,401002.0,475.0,2375.0,Kurunegala
541612,40022,ANCHOR MILK POWDER 400G,2,2025-07-21 18:23:36,4.83,401165.0,1435.0,2870.0,Puttalam
541613,40047,PELWATTE BUTTER 200G,15,2025-07-27 08:12:43,3.15,401116.0,935.0,14025.0,Hambantota
541614,40006,MUNCHEE SUPER CREAM CRACKER 500G,4,2025-07-27 16:09:47,1.89,,560.0,2240.0,Puttalam
541615,40022,ANCHOR MILK POWDER 400G,10,2025-07-28 18:06:54,4.83,401001.0,1435.0,14350.0,Colombo
541616,40022,ANCHOR MILK POWDER 400G,8,2025-07-29 12:37:11,4.83,401003.0,1435.0,11480.0,Puttalam
541617,40010,MALIBAN MARIE BISCUITS 400G,5,2025-07-30 14:12:05,1.46,,435.0,2175.0,Kurunegala
541618,40075,RANMUTHU RICE 5KG,2,2025-07-31 10:23:49,6.3,401003.0,1870.0,3740.0,Badulla
541619,40007,MUNCHEE CHOCOLATE BISCUIT 200G,4,2025-07-31 15:51:54,0.93,401134.0,275.0,1100.0,Gampaha
541620,40014,SPA CEYLON HAND CREAM,4,2025-08-04 18:46:42,9.23,401219.0,2740.0,10960.0,Matale
541621,40003,DILMAH GREEN TEA 20 BAGS,3,2025-08-05 12:25:01,2.31,,685.0,2055.0,Colombo
541622,40049,ROZA PASTA MACARONI 400G,3,2025-08-06 15:03:14,1.26,401103.0,375.0,1125.0,Ratnapura
541623,40001,DILMAH CEYLON TEA 500G,2,2025-08-07 15:21:12,5.03,401006.0,1495.0,2990.0,Badulla
541624,40018,MD MANGO CHUTNEY 400G,4,2025-08-07 17:09:14,2.73,401180.0,810.0,3240.0,Batticaloa
541625,40043,ASTRA MARGARINE 250G,2,2025-08-08 11:18:21,1.68,401216.0,500.0,1000.0,Kandy
541626,40079,CEYLON TOBACCO (CIGARETTES PACK),12,2025-08-09 10:34:23,5.03,401003.0,1495.0,17940.0,Ratnapura
541627,40002,DILMAH EARL GREY TEA 50 BAGS,4,2025-08-13 15:10:49,3.57,401174.0,1060.0,4240.0,Moneragala
541628,40004,ZESTA TEA 400G,12,2025-08-13 19:10:51,4.41,401003.0,1310.0,15720.0,Batticaloa
541629,40034,HARISCHANDRA COFFEE 100G,1,2025-08-14 15:06:07,1.6,401013.0,475.0,475.0,Jaffna
541630,40037,MOTHA STRAWBERRY JELLY 100G,1,2025-08-16 15:01:01,0.51,,150.0,150.0,Anuradhapura
541631,40003,DILMAH GREEN TEA 20 BAGS,1,2025-08-17 17:31:19,2.31,401064.0,685.0,685.0,Kandy
541632,40003,DILMAH GREEN TEA 20 BAGS,3,2025-08-17 20:35:17,2.31,,685.0,2055.0,Jaffna
541633,40001,DILMAH CEYLON TEA 500G,15,2025-08-19 08:17:58,5.03,401151.0,1495.0,22425.0,Ampara
541634,40061,VELVET BEAUTY SOAP 100G,5,2025-08-19 09:58:13,0.62,401070.0,185.0,925.0,Matale
541635,40039,CLOGARD TOOTHPASTE 120G,5,2025-08-20 08:04:28,0.93,401010.0,275.0,1375.0,Jaffna
541636,40010,MALIBAN MARIE BISCUITS 400G,3,2025-08-20 09:26:24,1.46,401174.0,435.0,1305.0,Colombo
541637,40082,NECTO 1.5L,1,2025-08-20 19:05:23,1.46,401195.0,435.0,435.0,Ratnapura
541638,40001,DILMAH CEYLON TEA 500G,3,2025-08-21 16:43:34,5.03,401076.0,1495.0,4485.0,Colombo
541639,40031,PRIMA KOTTU MEE CUP,2,2025-08-22 08:18:08,0.62,,185.0,370.0,Nuwara Eliya
541640,40065,FAIR & LOVELY CREAM 50G,3,2025-08-23 19:22:45,1.35,401145.0,400.0,1200.0,Ratnapura
541641,40037,MOTHA STRAWBERRY JELLY 100G,3,2025-08-24 17:52:43,0.51,401182.0,150.0,450.0,Gampaha
541642,DELV,COURIER DELIVERY CHARGE,1,2025-08-26 10:39:58,3.0,401126.0,891.0,891.0,Matara
541643,40004,ZESTA TEA 400G,2,2025-08-27 18:50:34,4.41,401186.0,1310.0,2620.0,Jaffna
541644,40062,NESTOMALT 400G,3,2025-08-28 12:04:28,2.61,,775.0,2325.0,Colombo
541645,40023,RATHTHI MILK POWDER 400G,6,2025-08-28 12:27:17,4.61,401186.0,1370.0,8220.0,Colombo
541646,40074,ARALIYA WHITE RICE 5KG,3,2025-08-28 13:20:35,6.08,,1805.0,5415.0,Kandy
541647,40059,SURF EXCEL 1KG,2,2025-08-29 08:28:47,3.57,401021.0,1060.0,2120.0,Batticaloa
541648,40036,MAGGI COCONUT MILK POWDER 300G,5,2025-09-01 13:25:56,3.15,401019.0,935.0,4675.0,Hambantota
541649,40061,VELVET BEAUTY SOAP 100G,8,2025-09-02 11:16:29,0.62,401018.0,185.0,1480.0,Ratnapura
541650,40003,DILMAH GREEN TEA 20 BAGS,1,2025-09-02 13:03:01,2.31,401001.0,685.0,685.0,Matale
541651,40004,ZESTA TEA 400G,1,2025-09-02 16:34:49,4.41,401216.0,1310.0,1310.0,Gampaha
541652,40003,DILMAH GREEN TEA 20 BAGS,1,2025-09-04 14:17:58,2.31,,685.0,685.0,Kandy
541653,40044,HAPPY COW CHEESE 120G,4,2025-09-04 16:48:23,3.57,401139.0,1060.0,4240.0,Kurunegala
541654,40046,MARMITE 100G,3,2025-09-04 17:42:32,3.15,401014.0,935.0,2805.0,Mullaitivu
541655,40033,HARISCHANDRA NOODLES 400G,6,2025-09-07 14:44:24,1.04,401048.0,310.0,1860.0,Galle
541656,40010,MALIBAN MARIE BISCUITS 400G,5,2025-09-09 12:53:25,1.46,401022.0,435.0,2175.0,Jaffna
541657,40003,DILMAH GREEN TEA 20 BAGS,3,2025-09-10 12:21:12,2.31,401172.0,685.0,2055.0,Moneragala
541658,40001,DILMAH CEYLON TEA 500G,6,2025-09-10 13:58:16,5.03,401216.0,1495.0,8970.0,Jaffna
541659,40004,ZESTA TEA 400G,4,2025-09-11 11:24:16,4.41,401012.0,1310.0,5240.0,Kandy
541660,40023,RATHTHI MILK POWDER 400G,5,2025-09-11 13:39:45,4.61,401202.0,1370.0,6850.0,Jaffna
541661,40010,MALIBAN MARIE BISCUITS 400G,15,2025-09-13 14:15:06,1.46,401019.0,435.0,6525.0,Kegalle
541662,40040,SIGNAL TOOTHPASTE 120G,2,2025-09-14 19:06:23,0.96,401171.0,285.0,570.0,Matara
541663,40001,DILMAH CEYLON TEA 500G,2,2025-09-18 10:18:05,5.03,401100.0,1495.0,2990.0,Anuradhapura
541664,40086,FITS COOKING OIL 1L,3,2025-09-21 10:27:28,4.61,401021.0,1370.0,4110.0,Kandy
541665,40027,KEELLS CHICKEN SAUSAGES 500G,6,2025-09-23 14:30:44,3.99,401038.0,1185.0,7110.0,Hambantota
541666,40028,BAIRAHA CHICKEN 1KG,2,2025-09-23 14:47:51,6.08,401188.0,1805.0,3610.0,Hambantota
541667,40021,ELEPHANT HOUSE VANILLA ICE CREAM 1L,4,2025-09-25 16:57:46,3.35,401129.0,995.0,3980.0,Gampaha
541668,40009,MUNCHEE TIKIRI MARIE 80G,2,2025-09-26 08:42:07,0.29,401143.0,85.0,170.0,Moneragala
541669,40002,DILMAH EARL GREY TEA 50 BAGS,10,2025-09-26 10:13:20,3.57,,1060.0,10600.0,Galle
541670,40055,LIFEBUOY SOAP 100G,4,2025-09-27 10:15:37,0.54,401005.0,160.0,640.0,Gampaha
541671,40091,USWATTE SPICES MIXED CURRY POWDER 100G,4,2025-09-27 19:50:37,0.93,401106.0,275.0,1100.0,Nuwara Eliya
541672,40037,MOTHA STRAWBERRY JELLY 100G,5,2025-09-28 17:22:15,0.51,401130.0,150.0,750.0,Colombo
541673,40017,MD MIXED FRUIT JAM 500G,4,2025-10-01 11:16:51,2.73,401122.0,810.0,3240.0,Gampaha
541674,40090,RITZBURY CHOCOLATE BAR 100G,3,2025-10-01 11:22:20,1.09,401221.0,325.0,975.0,Gampaha
541675,40016,LINK SAMAHAN BOX (100 PACKETS),1,2025-10-01 18:02:46,6.3,,1870.0,1870.0,Gampaha
541676,40041,BABY CHERAMY SOAP 90G,5,2025-10-05 18:04:54,0.59,401003.0,175.0,875.0,Colombo
C541677,40015,SIDDHALEPA BALM 50G,-1,2025-10-06 15:00:10,1.04,401154.0,310.0,-310.0,Gampaha
541678,40016,LINK SAMAHAN BOX (100 PACKETS),4,2025-10-06 15:39:44,6.3,,1870.0,7480.0,Colombo
541679,40002,DILMAH EARL GREY TEA 50 BAGS,5,2025-10-08 08:15:23,3.57,,1060.0,5300.0,Ampara
541680,40030,KIST MIXED FRUIT NECTAR 1L,1,2025-10-08 12:44:16,2.31,401035.0,685.0,685.0,Batticaloa
541681,40011,MALIBAN LEMON PUFF 200G,2,2025-10-09 08:46:52,0.84,401011.0,250.0,500.0,Jaffna
541682,40003,DILMAH GREEN TEA 20 BAGS,3,2025-10-09 10:22:53,2.31,401004.0,685.0,2055.0,Matara
541683,40030,KIST MIXED FRUIT NECTAR 1L,2,2025-10-09 16:02:02,2.31,,685.0,1370.0,Ampara
541684,40009,MUNCHEE TIKIRI MARIE 80G,2,2025-10-09 16:19:11,0.29,,85.0,170.0,Ratnapura
541685,40046,MARMITE 100G,2,2025-10-09 16:55:40,3.15,401202.0,935.0,1870.0,Anuradhapura
541686,40033,HARISCHANDRA NOODLES 400G,4,2025-10-10 08:04:15,1.04,401100.0,310.0,1240.0,Puttalam
541687,40011,MALIBAN LEMON PUFF 200G,1,2025-10-11 20:20:31,0.84,,250.0,250.0,Galle
541688,40023,RATHTHI MILK POWDER 400G,5,2025-10-12 13:38:41,4.61,401142.0,1370.0,6850.0,Anuradhapura
541689,40001,DILMAH CEYLON TEA 500G,5,2025-10-13 13:57:22,5.03,401061.0,1495.0,7475.0,Ratnapura
541690,40044,HAPPY COW CHEESE 120G,6,2025-10-13 15:13:10,3.57,,1060.0,6360.0,Matale
541691,40068,CLOSE UP TOOTHPASTE 120G,2,2025-10-15 15:29:15,0.99,401194.0,295.0,590.0,Kalutara
541692,40074,ARALIYA WHITE RICE 5KG,5,2025-10-17 08:10:07,6.08,401179.0,1805.0,9025.0,Colombo
541693,40022,ANCHOR MILK POWDER 400G,4,2025-10-18 15:12:40,4.83,401209.0,1435.0,5740.0,Galle
541694,40063,MILO 400G,4,2025-10-18 19:08:52,3.27,401017.0,970.0,3880.0,Kandy
541695,40026,KITHUL TREACLE 750ML,1,2025-10-19 08:17:27,7.56,401133.0,2245.0,2245.0,Galle
541696,40092,ARALIYA COCONUT MILK POWDER 300G,1,2025-10-19 11:19:51,2.93,401056.0,870.0,870.0,Colombo
541697,40001,DILMAH CEYLON TEA 500G,2,2025-10-19 14:14:16,5.03,401136.0,1495.0,2990.0,Jaffna
541698,40036,MAGGI COCONUT MILK POWDER 300G,4,2025-10-20 11:34:15,3.15,401060.0,935.0,3740.0,Trincomalee
541699,40016,LINK SAMAHAN BOX (100 PACKETS),12,2025-10-22 16:31:48,6.3,401077.0,1870.0,22440.0,Kandy
541700,40004,ZESTA TEA 400G,5,2025-10-24 13:31:05,4.41,401220.0,1310.0,6550.0,Kalutara
541701,40001,DILMAH CEYLON TEA 500G,3,2025-10-25 16:39:38,5.03,,1495.0,4485.0,Galle
541702,40023,RATHTHI MILK POWDER 400G,3,2025-10-26 08:04:48,4.61,401027.0,1370.0,4110.0,Moneragala
541703,40023,RATHTHI MILK POWDER 400G,1,2025-10-27 09:07:41,4.61,401051.0,1370.0,1370.0,Anuradhapura
541704,40022,ANCHOR MILK POWDER 400G,6,2025-10-28 19:06:31,4.83,401194.0,1435.0,8610.0,Anuradhapura
541705,40011,MALIBAN LEMON PUFF 200G,2,2025-10-30 17:47:12,0.84,,250.0,500.0,Galle
541706,40006,MUNCHEE SUPER CREAM CRACKER 500G,4,2025-10-31 08:00:24,1.89,,560.0,2240.0,Gampaha
541707,40009,MUNCHEE TIKIRI MARIE 80G,6,2025-11-01 14:09:54,0.29,401095.0,85.0,510.0,Jaffna
541708,40062,NESTOMALT 400G,6,2025-11-02 11:31:30,2.61,401128.0,775.0,4650.0,Colombo
541709,40049,ROZA PASTA MACARONI 400G,2,2025-11-02 13:24:40,1.26,401127.0,375.0,750.0,Badulla
541710,40042,MARINA COCONUT OIL 1L,8,2025-11-02 18:01:33,3.99,401214.0,1185.0,9480.0,Colombo
541711,40002,DILMAH EARL GREY TEA 50 BAGS,3,2025-11-02 20:44:31,3.57,401030.0,1060.0,3180.0,Polonnaruwa
541712,40083,BOGAWANTALAWA TEA 400G,4,2025-11-03 13:00:07,3.77,,1120.0,4480.0,Jaffna
541713,40070,NESPRAY MILK POWDER 400G,1,2025-11-04 16:16:37,4.95,,1470.0,1470.0,Polonnaruwa
541714,40067,COLGATE TOOTHPASTE 120G,2,2025-11-04 18:38:25,1.01,401143.0,300.0,600.0,Gampaha
541715,40036,MAGGI COCONUT MILK POWDER 300G,5,2025-11-05 14:38:11,3.15,401043.0,935.0,4675.0,Batticaloa
541716,40062,NESTOMALT 400G,1,2025-11-08 10:30:43,2.61,,775.0,775.0,Colombo
541717,40073,DELMEGE BASMATI RICE 5KG,2,2025-11-09 12:39:11,8.8,401016.0,2615.0,5230.0,Kurunegala
541718,40058,DIVA WASHING POWDER 1KG,5,2025-11-12 09:24:19,2.73,401019.0,810.0,4050.0,Hambantota
541719,40085,RANFAT COOKING OIL 1L,6,2025-11-12 10:56:15,4.83,,1435.0,8610.0,Badulla
541720,40028,BAIRAHA CHICKEN 1KG,10,2025-11-12 17:13:15,6.08,401191.0,1805.0,18050.0,Gampaha
541721,40019,ELEPHANT HOUSE GINGER BEER 1.5L,5,2025-11-14 11:49:22,1.68,401003.0,500.0,2500.0,Gampaha
541722,40029,KIST TOMATO KETCHUP 400G,3,2025-11-14 15:13:09,1.89,401190.0,560.0,1680.0,Mannar
541723,40011,MALIBAN LEMON PUFF 200G,1,2025-11-14 17:34:40,0.84,401067.0,250.0,250.0,Kilinochchi
541724,40022,ANCHOR MILK POWDER 400G,4,2025-11-15 09:30:52,4.83,401014.0,1435.0,5740.0,Gampaha
541725,40019,ELEPHANT HOUSE GINGER BEER 1.5L,20,2025-11-15 10:35:04,1.68,401022.0,500.0,10000.0,Anuradhapura
541726,40089,KANDOS CHOCOLATE BAR 100G,3,2025-11-16 13:39:26,1.04,401146.0,310.0,930.0,Ratnapura
541727,40079,CEYLON TOBACCO (CIGARETTES PACK),1,2025-11-16 13:49:08,5.03,401096.0,1495.0,1495.0,Colombo
541728,40018,MD MANGO CHUTNEY 400G,4,2025-11-17 13:24:06,2.73,,810.0,3240.0,Ampara
541729,40002,DILMAH EARL GREY TEA 50 BAGS,2,2025-11-19 19:59:16,3.57,401026.0,1060.0,2120.0,Nuwara Eliya
541730,40018,MD MANGO CHUTNEY 400G,1,2025-11-20 10:34:44,2.73,401029.0,810.0,810.0,Badulla
541731,40019,ELEPHANT HOUSE GINGER BEER 1.5L,3,2025-11-20 14:38:08,1.68,401119.0,500.0,1500.0,Nuwara Eliya
541732,40043,ASTRA MARGARINE 250G,4,2025-11-20 16:42:59,1.68,,500.0,2000.0,Colombo
541733,40002,DILMAH EARL GREY TEA 50 BAGS,4,2025-11-22 09:53:59,3.57,401218.0,1060.0,4240.0,Kurunegala
541734,40056,SUNSILK BLACK SHAMPOO 200ML,5,2025-11-23 17:54:33,2.31,401023.0,685.0,3425.0,Colombo
541735,40002,DILMAH EARL GREY TEA 50 BAGS,2,2025-11-24 20:19:44,3.57,401170.0,1060.0,2120.0,Gampaha
541736,40072,FUN FOODS MAYONNAISE 250G,4,2025-11-26 09:55:32,2.05,,610.0,2440.0,Kandy
541737,40059,SURF EXCEL 1KG,15,2025-11-26 11:45:00,3.57,,1060.0,15900.0,Gampaha
541738,40017,MD MIXED FRUIT JAM 500G,1,2025-11-26 15:15:28,2.73,,810.0,810.0,Gampaha
541739,40002,DILMAH EARL GREY TEA 50 BAGS,5,2025-11-26 17:12:34,3.57,401202.0,1060.0,5300.0,Galle
541740,40036,MAGGI COCONUT MILK POWDER 300G,4,2025-11-27 11:26:25,3.15,401019.0,935.0,3740.0,Colombo
541741,40016,LINK SAMAHAN BOX (100 PACKETS),1,2025-11-27 16:44:51,6.3,401133.0,1870.0,1870.0,Ampara
541742,40006,MUNCHEE SUPER CREAM CRACKER 500G,3,2025-11-28 15:49:21,1.89,401013.0,560.0,1680.0,Gampaha
541743,40004,ZESTA TEA 400G,3,2025-11-28 18:15:03,4.41,401044.0,1310.0,3930.0,Kandy
541744,40001,DILMAH CEYLON TEA 500G,4,2025-11-28 19:56:02,5.03,401012.0,1495.0,5980.0,Colombo
541745,40029,KIST TOMATO KETCHUP 400G,1,2025-12-01 09:50:41,1.89,401197.0,560.0,560.0,Kandy
541746,40079,CEYLON TOBACCO (CIGARETTES PACK),8,2025-12-01 11:35:31,5.03,401119.0,1495.0,11960.0,Vavuniya
541747,40062,NESTOMALT 400G,2,2025-12-02 16:38:04,2.61,401028.0,775.0,1550.0,Nuwara Eliya
541748,40001,DILMAH CEYLON TEA 500G,1,2025-12-02 19:37:21,5.03,,1495.0,1495.0,Hambantota
541749,40008,MUNCHEE LEMON PUFF 200G,2,2025-12-03 09:44:25,0.84,401016.0,250.0,500.0,Galle
541750,40069,ANCHOR BUTTER 200G,10,2025-12-04 09:45:37,3.27,,970.0,9700.0,Galle
541751,40023,RATHTHI MILK POWDER 400G,1,2025-12-05 14:58:17,4.61,401016.0,1370.0,1370.0,Kandy
541752,40038,MOTHA FALUDA MIX 100G,3,2025-12-06 17:24:50,0.84,,250.0,750.0,Anuradhapura
541753,40017,MD MIXED FRUIT JAM 500G,4,2025-12-06 18:07:54,2.73,401116.0,810.0,3240.0,Ratnapura
541754,40030,KIST MIXED FRUIT NECTAR 1L,1,2025-12-07 14:33:28,2.31,401096.0,685.0,685.0,Galle
541755,40001,DILMAH CEYLON TEA 500G,4,2025-12-09 09:13:03,5.03,401118.0,1495.0,5980.0,Kurunegala
541756,40050,RANCRISP CASHEWS 50G,1,2025-12-09 11:23:37,1.46,401107.0,435.0,435.0,Gampaha
541757,40038,MOTHA FALUDA MIX 100G,10,2025-12-09 11:52:46,0.84,401078.0,250.0,2500.0,Vavuniya
541758,40019,ELEPHANT HOUSE GINGER BEER 1.5L,2,2025-12-10 12:17:00,1.68,401022.0,500.0,1000.0,Trincomalee
541759,40001,DILMAH CEYLON TEA 500G,8,2025-12-10 16:29:16,5.03,401091.0,1495.0,11960.0,Badulla
541760,40049,ROZA PASTA MACARONI 400G,6,2025-12-10 16:42:34,1.26,,375.0,2250.0,Kegalle
541761,40014,SPA CEYLON HAND CREAM,1,2025-12-12 19:09:30,9.23,401066.0,2740.0,2740.0,Colombo
541762,40014,SPA CEYLON HAND CREAM,6,2025-12-13 09:29:35,9.23,401211.0,2740.0,16440.0,Kalutara
541763,40010,MALIBAN MARIE BISCUITS 400G,8,2025-12-13 11:50:17,1.46,401015.0,435.0,3480.0,Ampara
541764,40066,PONDS TALCUM POWDER 100G,10,2025-12-13 14:39:59,1.6,401074.0,475.0,4750.0,Puttalam
541765,40001,DILMAH CEYLON TEA 500G,3,2025-12-14 15:00:58,5.03,401147.0,1495.0,4485.0,Kurunegala
541766,40055,LIFEBUOY SOAP 100G,5,2025-12-14 19:12:25,0.54,401087.0,160.0,800.0,Moneragala
541767,40018,MD MANGO CHUTNEY 400G,2,2025-12-14 20:06:25,2.73,401131.0,810.0,1620.0,Gampaha
541768,40010,MALIBAN MARIE BISCUITS 400G,4,2025-12-14 20:37:17,1.46,401012.0,435.0,1740.0,Kandy
541769,40007,MUNCHEE CHOCOLATE BISCUIT 200G,3,2025-12-15 11:51:11,0.93,401055.0,275.0,825.0,Gampaha
541770,40074,ARALIYA WHITE RICE 5KG,5,2025-12-17 09:42:40,6.08,401090.0,1805.0,9025.0,Badulla
541771,40002,DILMAH EARL GREY TEA 50 BAGS,3,2025-12-18 14:17:27,3.57,401007.0,1060.0,3180.0,Gampaha
541772,40077,PILAWOOS FALOODA MIX 200G,5,2025-12-18 16:41:52,1.46,401082.0,435.0,2175.0,Kalutara
541773,40079,CEYLON TOBACCO (CIGARETTES PACK),12,2025-12-19 13:13:34,5.03,,1495.0,17940.0,Anuradhapura
541774,40004,ZESTA TEA 400G,4,2025-12-19 17:27:55,4.41,401089.0,1310.0,5240.0,Kegalle
541775,40049,ROZA PASTA MACARONI 400G,4,2025-12-20 12:41:05,1.26,401017.0,375.0,1500.0,Puttalam
541776,40006,MUNCHEE SUPER CREAM CRACKER 500G,1,2025-12-20 16:27:46,1.89,401178.0,560.0,560.0,Badulla
541777,40017,MD MIXED FRUIT JAM 500G,2,2025-12-21 10:15:09,2.73,401211.0,810.0,1620.0,Matara
541778,40007,MUNCHEE CHOCOLATE BISCUIT 200G,4,2025-12-21 20:55:26,0.93,401069.0,275.0,1100.0,Galle
541779,40048,EDINBOROUGH SOY SAUCE 400ML,4,2025-12-22 14:00:23,1.46,401018.0,435.0,1740.0,Ampara
541780,40002,DILMAH EARL GREY TEA 50 BAGS,4,2025-12-22 14:45:47,3.57,401084.0,1060.0,4240.0,Matara
541781,40050,RANCRISP CASHEWS 50G,3,2025-12-22 17:57:15,1.46,401007.0,435.0,1305.0,Gampaha
541782,40066,PONDS TALCUM POWDER 100G,5,2025-12-23 08:31:39,1.6,401075.0,475.0,2375.0,Trincomalee
541783,40010,MALIBAN MARIE BISCUITS 400G,4,2025-12-25 09:33:33,1.46,401181.0,435.0,1740.0,Matale
541784,40090,RITZBURY CHOCOLATE BAR 100G,1,2025-12-26 15:41:41,1.09,401175.0,325.0,325.0,Colombo
541785,40056,SUNSILK BLACK SHAMPOO 200ML,6,2025-12-27 13:56:53,2.31,401152.0,685.0,4110.0,Kandy
541786,40031,PRIMA KOTTU MEE CUP,6,2025-12-29 13:06:09,0.62,401082.0,185.0,1110.0,Polonnaruwa
541787,40019,ELEPHANT HOUSE GINGER BEER 1.5L,6,2025-12-29 20:16:42,1.68,401011.0,500.0,3000.0,Puttalam
C541788,40002,DILMAH EARL GREY TEA 50 BAGS,-1,2025-12-30 18:19:38,3.57,401026.0,1060.0,-1060.0,Kilinochchi
541789,40019,ELEPHANT HOUSE GINGER BEER 1.5L,4,2025-12-31 18:21:54,1.68,401051.0,500.0,2000.0,Polonnaruwa
541790,40060,SUNLIGHT SOAP 115G,8,2026-01-01 10:23:52,0.52,,155.0,1240.0,Jaffna
541791,40013,SPA CEYLON SLEEP BODY LOTION,2,2026-01-02 10:29:23,15.28,401090.0,4560.0,9120.0,Badulla
541792,40047,PELWATTE BUTTER 200G,3,2026-01-02 10:49:55,3.27,401041.0,975.0,2925.0,Gampaha
541793,40034,HARISCHANDRA COFFEE 100G,8,2026-01-02 17:25:12,1.66,401025.0,495.0,3960.0,Kalutara
541794,40078,SOFTLOGIC COCONUT MILK 400ML,5,2026-01-02 20:04:49,1.39,,415.0,2075.0,Kegalle
541795,40001,DILMAH CEYLON TEA 500G,8,2026-01-03 09:13:11,5.24,401174.0,1565.0,12520.0,Badulla
541796,40015,SIDDHALEPA BALM 50G,4,2026-01-03 17:41:55,1.09,401075.0,325.0,1300.0,Colombo
541797,40012,MALIBAN CREAM CRACKER 500G,2,2026-01-05 12:17:49,1.83,,545.0,1090.0,Gampaha
541798,40028,BAIRAHA CHICKEN 1KG,8,2026-01-06 20:52:29,6.33,401028.0,1890.0,15120.0,Colombo
541799,40036,MAGGI COCONUT MILK POWDER 300G,15,2026-01-08 13:22:12,3.27,401126.0,975.0,14625.0,Matara
541800,40045,PANADOL 100 TABLETS,4,2026-01-08 14:47:39,1.96,401017.0,585.0,2340.0,Galle
541801,40067,COLGATE TOOTHPASTE 120G,6,2026-01-09 13:02:19,1.06,401034.0,315.0,1890.0,Nuwara Eliya
541802,40015,SIDDHALEPA BALM 50G,3,2026-01-09 15:28:10,1.09,401012.0,325.0,975.0,Batticaloa
541803,40083,BOGAWANTALAWA TEA 400G,6,2026-01-11 09:14:20,3.92,401009.0,1170.0,7020.0,Gampaha
541804,40089,KANDOS CHOCOLATE BAR 100G,2,2026-01-11 10:45:45,1.09,401145.0,325.0,650.0,Anuradhapura
541805,40086,FITS COOKING OIL 1L,1,2026-01-11 13:46:29,4.79,401154.0,1430.0,1430.0,Gampaha
541806,40090,RITZBURY CHOCOLATE BAR 100G,4,2026-01-12 15:04:43,1.14,401024.0,340.0,1360.0,Nuwara Eliya
541807,40005,WATAWALA TEA 400G,2,2026-01-13 11:27:30,3.4,401024.0,1015.0,2030.0,Moneragala
541808,40034,HARISCHANDRA COFFEE 100G,5,2026-01-14 16:04:33,1.66,401198.0,495.0,2475.0,Ratnapura
541809,40011,MALIBAN LEMON PUFF 200G,2,2026-01-18 09:19:57,0.87,401036.0,260.0,520.0,Vavuniya
541810,40006,MUNCHEE SUPER CREAM CRACKER 500G,1,2026-01-21 15:05:20,1.96,401047.0,585.0,585.0,Ratnapura
541811,40026,KITHUL TREACLE 750ML,4,2026-01-21 16:05:24,7.86,401015.0,2345.0,9380.0,Kandy
541812,40034,HARISCHANDRA COFFEE 100G,2,2026-01-22 14:09:34,1.66,401185.0,495.0,990.0,Ampara
541813,40035,CBL SAMAPOSHA 200G,1,2026-01-24 15:54:31,0.79,401059.0,235.0,235.0,Jaffna
541814,40046,MARMITE 100G,3,2026-01-24 16:18:20,3.27,401221.0,975.0,2925.0,Kalutara
541815,40002,DILMAH EARL GREY TEA 50 BAGS,3,2026-01-25 12:59:02,3.7,401006.0,1105.0,3315.0,Colombo
541816,40004,ZESTA TEA 400G,3,2026-01-25 18:43:18,4.57,401164.0,1365.0,4095.0,Moneragala
541817,40016,LINK SAMAHAN BOX (100 PACKETS),8,2026-01-27 11:18:39,6.55,401198.0,1955.0,15640.0,Galle
541818,40035,CBL SAMAPOSHA 200G,2,2026-01-27 20:05:47,0.79,401028.0,235.0,470.0,Colombo
541819,40014,SPA CEYLON HAND CREAM,4,2026-01-28 11:12:30,9.6,401039.0,2865.0,11460.0,Colombo
541820,40042,MARINA COCONUT OIL 1L,6,2026-02-02 11:05:20,4.14,401166.0,1235.0,7410.0,Gampaha
541821,40065,FAIR & LOVELY CREAM 50G,6,2026-02-04 16:39:29,1.39,401083.0,415.0,2490.0,Ampara
541822,40002,DILMAH EARL GREY TEA 50 BAGS,2,2026-02-08 15:23:56,3.7,401175.0,1105.0,2210.0,Nuwara Eliya
541823,40041,BABY CHERAMY SOAP 90G,12,2026-02-09 15:39:48,0.6,401152.0,180.0,2160.0,Trincomalee
541824,40030,KIST MIXED FRUIT NECTAR 1L,5,2026-02-09 15:50:07,2.4,,715.0,3575.0,Kandy
541825,40001,DILMAH CEYLON TEA 500G,4,2026-02-10 13:49:06,5.24,,1565.0,6260.0,Matale
541826,40078,SOFTLOGIC COCONUT MILK 400ML,5,2026-02-10 14:28:41,1.39,,415.0,2075.0,Hambantota
541827,40008,MUNCHEE LEMON PUFF 200G,1,2026-02-11 10:01:23,0.87,401174.0,260.0,260.0,Gampaha
541828,40026,KITHUL TREACLE 750ML,2,2026-02-12 20:30:02,7.86,401068.0,2345.0,4690.0,Trincomalee
541829,40029,KIST TOMATO KETCHUP 400G,12,2026-02-13 19:22:00,1.96,401092.0,585.0,7020.0,Jaffna
541830,40007,MUNCHEE CHOCOLATE BISCUIT 200G,8,2026-02-13 20:24:28,0.95,401148.0,285.0,2280.0,Galle
541831,40043,ASTRA MARGARINE 250G,4,2026-02-14 14:19:19,1.74,401002.0,520.0,2080.0,Galle
541832,40013,SPA CEYLON SLEEP BODY LOTION,3,2026-02-15 16:10:48,15.28,401029.0,4560.0,13680.0,Gampaha
541833,40013,SPA CEYLON SLEEP BODY LOTION,2,2026-02-15 16:21:54,15.28,,4560.0,9120.0,Gampaha
541834,40049,ROZA PASTA MACARONI 400G,1,2026-02-16 12:31:21,1.31,401184.0,390.0,390.0,Jaffna
541835,40030,KIST MIXED FRUIT NECTAR 1L,6,2026-02-21 10:40:02,2.4,401008.0,715.0,4290.0,Badulla
541836,40003,DILMAH GREEN TEA 20 BAGS,3,2026-02-22 10:22:04,2.4,,715.0,2145.0,Hambantota
541837,40005,WATAWALA TEA 400G,1,2026-02-22 14:26:33,3.4,,1015.0,1015.0,Trincomalee
541838,40090,RITZBURY CHOCOLATE BAR 100G,2,2026-02-23 09:18:19,1.14,401030.0,340.0,680.0,Colombo
541839,40002,DILMAH EARL GREY TEA 50 BAGS,2,2026-02-23 12:03:52,3.7,401165.0,1105.0,2210.0,Nuwara Eliya
541840,40061,VELVET BEAUTY SOAP 100G,6,2026-02-23 15:35:38,0.65,401064.0,195.0,1170.0,Vavuniya
C541841,40015,SIDDHALEPA BALM 50G,-5,2026-02-24 13:48:32,1.09,401002.0,325.0,-1625.0,Galle
541842,40017,MD MIXED FRUIT JAM 500G,6,2026-02-25 15:27:57,2.83,401204.0,845.0,5070.0,Gampaha
541843,40073,DELMEGE BASMATI RICE 5KG,2,2026-02-28 20:58:11,9.16,401080.0,2735.0,5470.0,Colombo
541844,40038,MOTHA FALUDA MIX 100G,5,2026-03-01 09:22:52,0.87,401033.0,260.0,1300.0,Colombo
541845,40003,DILMAH GREEN TEA 20 BAGS,1,2026-03-01 10:32:13,2.4,401051.0,715.0,715.0,Colombo
541846,40039,CLOGARD TOOTHPASTE 120G,2,2026-03-01 12:52:29,0.95,401184.0,285.0,570.0,Anuradhapura
541847,DELV,COURIER DELIVERY CHARGE,2,2026-03-02 17:05:57,3.0,401109.0,895.5,1791.0,Puttalam
541848,40025,KOTMALE FRESH MILK 1L,1,2026-03-04 09:57:00,1.96,401032.0,585.0,585.0,Gampaha
541849,40063,MILO 400G,1,2026-03-05 08:51:28,3.4,401021.0,1015.0,1015.0,Badulla
541850,40090,RITZBURY CHOCOLATE BAR 100G,15,2026-03-06 10:52:56,1.14,401046.0,340.0,5100.0,Colombo
541851,40014,SPA CEYLON HAND CREAM,1,2026-03-06 20:27:58,9.6,401184.0,2865.0,2865.0,Matale
541852,40014,SPA CEYLON HAND CREAM,3,2026-03-10 16:15:09,9.6,401208.0,2865.0,8595.0,Hambantota
541853,40044,HAPPY COW CHEESE 120G,1,2026-03-10 19:25:24,3.7,401095.0,1105.0,1105.0,Polonnaruwa
541854,40002,DILMAH EARL GREY TEA 50 BAGS,3,2026-03-11 12:44:31,3.7,401154.0,1105.0,3315.0,Matale
541855,40092,ARALIYA COCONUT MILK POWDER 300G,4,2026-03-11 12:56:43,3.05,401018.0,910.0,3640.0,Kandy
541856,40088,CARGILLS FRESH EGGS (10),2,2026-03-13 10:17:11,1.52,401126.0,455.0,910.0,Moneragala
541857,40040,SIGNAL TOOTHPASTE 120G,1,2026-03-13 19:08:04,1.01,,300.0,300.0,Puttalam
541858,40025,KOTMALE FRESH MILK 1L,5,2026-03-14 16:34:16,1.96,401042.0,585.0,2925.0,Puttalam
541859,40085,RANFAT COOKING OIL 1L,5,2026-03-16 15:18:11,5.03,401018.0,1500.0,7500.0,Gampaha
541860,40001,DILMAH CEYLON TEA 500G,4,2026-03-17 12:16:27,5.24,401067.0,1565.0,6260.0,Puttalam
541861,40016,LINK SAMAHAN BOX (100 PACKETS),3,2026-03-19 15:48:25,6.55,401126.0,1955.0,5865.0,Colombo
541862,40019,ELEPHANT HOUSE GINGER BEER 1.5L,2,2026-03-20 14:08:16,1.74,401078.0,520.0,1040.0,Trincomalee
541863,40071,MA MA NOODLES 5 PACK,5,2026-03-21 11:57:09,1.74,401062.0,520.0,2600.0,Colombo
541864,40071,MA MA NOODLES 5 PACK,4,2026-03-21 12:57:42,1.74,401085.0,520.0,2080.0,Polonnaruwa
541865,40065,FAIR & LOVELY CREAM 50G,3,2026-03-21 18:50:05,1.39,401148.0,415.0,1245.0,Hambantota
541866,40048,EDINBOROUGH SOY SAUCE 400ML,1,2026-03-22 12:32:18,1.52,401177.0,455.0,455.0,Colombo
541867,40002,DILMAH EARL GREY TEA 50 BAGS,3,2026-03-23 12:52:49,3.7,401004.0,1105.0,3315.0,Colombo
541868,40036,MAGGI COCONUT MILK POWDER 300G,2,2026-03-25 08:27:11,3.27,,975.0,1950.0,Badulla
541869,DELV,COURIER DELIVERY CHARGE,4,2026-03-25 13:16:23,3.0,401009.0,895.5,3582.0,Hambantota
541870,40001,DILMAH CEYLON TEA 500G,3,2026-03-25 19:24:42,5.24,401159.0,1565.0,4695.0,Kurunegala
541871,40012,MALIBAN CREAM CRACKER 500G,3,2026-03-26 13:08:44,1.83,401122.0,545.0,1635.0,Matara
541872,40017,MD MIXED FRUIT JAM 500G,1,2026-03-28 16:57:46,2.83,401049.0,845.0,845.0,Anuradhapura
541873,40071,MA MA NOODLES 5 PACK,20,2026-03-29 16:52:43,1.74,401221.0,520.0,10400.0,Galle
541874,40027,KEELLS CHICKEN SAUSAGES 500G,3,2026-03-30 16:25:48,4.14,401135.0,1235.0,3705.0,Jaffna
541875,40011,MALIBAN LEMON PUFF 200G,1,2026-04-01 13:11:48,0.87,401010.0,260.0,260.0,Kandy
541876,40050,RANCRISP CASHEWS 50G,10,2026-04-04 10:46:38,1.52,401026.0,455.0,4550.0,Vavuniya
541877,40003,DILMAH GREEN TEA 20 BAGS,3,2026-04-04 20:04:44,2.4,401159.0,715.0,2145.0,Jaffna
541878,40069,ANCHOR BUTTER 200G,5,2026-04-06 08:59:42,3.4,401183.0,1015.0,5075.0,Kurunegala
541879,40013,SPA CEYLON SLEEP BODY LOTION,4,2026-04-07 08:13:58,15.28,401086.0,4560.0,18240.0,Kandy
541880,40091,USWATTE SPICES MIXED CURRY POWDER 100G,1,2026-04-07 09:17:05,0.95,401104.0,285.0,285.0,Gampaha
541881,40048,EDINBOROUGH SOY SAUCE 400ML,5,2026-04-07 10:09:55,1.52,401100.0,455.0,2275.0,Colombo
541882,40058,DIVA WASHING POWDER 1KG,2,2026-04-07 15:27:28,2.83,401110.0,845.0,1690.0,Galle
541883,40010,MALIBAN MARIE BISCUITS 400G,15,2026-04-07 19:46:04,1.52,401129.0,455.0,6825.0,Kegalle
541884,40006,MUNCHEE SUPER CREAM CRACKER 500G,5,2026-04-07 20:45:23,1.96,401006.0,585.0,2925.0,Trincomalee
541885,40005,WATAWALA TEA 400G,2,2026-04-08 12:05:25,3.4,401135.0,1015.0,2030.0,Ampara
541886,40013,SPA CEYLON SLEEP BODY LOTION,20,2026-04-08 18:46:23,15.28,401095.0,4560.0,91200.0,Kurunegala
541887,40003,DILMAH GREEN TEA 20 BAGS,2,2026-04-09 20:39:52,2.4,401089.0,715.0,1430.0,Mannar
INV8001,40030,KIST MIXED FRUIT NECTAR 1L,3,2026-04-10 10:00:00,1.84,4001.0,550.0,1650.0,Colombo
INV8002,40024,HIGHLAND MILK 1L,5,2026-04-10 11:30:00,1.34,4002.0,400.0,2000.0,Gampaha
541888,40046,MARMITE 100G,6,2026-04-10 14:36:39,3.27,401026.0,975.0,5850.0,Trincomalee
541889,40033,HARISCHANDRA NOODLES 400G,6,2026-04-10 17:59:51,1.09,,325.0,1950.0,Kalutara
INV8003,40047,PELWATTE BUTTER 200G,2,2026-04-11 09:15:00,2.51,4003.0,750.0,1500.0,Kalutara
541890,40039,CLOGARD TOOTHPASTE 120G,1,2026-04-11 10:04:06,0.95,401165.0,285.0,285.0,Mannar
541891,40017,MD MIXED FRUIT JAM 500G,2,2026-04-11 12:45:34,2.83,401159.0,845.0,1690.0,Galle
541892,40049,ROZA PASTA MACARONI 400G,2,2026-04-11 13:04:42,1.31,401045.0,390.0,780.0,Colombo
INV8004,40048,EDINBOROUGH SOY SAUCE 400ML,1,2026-04-11 14:45:00,1.17,4004.0,350.0,350.0,Kandy
541893,40006,MUNCHEE SUPER CREAM CRACKER 500G,1,2026-04-12 09:33:20,1.96,401140.0,585.0,585.0,Colombo
541894,40017,MD MIXED FRUIT JAM 500G,3,2026-04-12 13:52:14,2.83,401050.0,845.0,2535.0,Ratnapura
INV8005,40049,ROZA PASTA MACARONI 400G,4,2026-04-12 16:20:00,1.01,4005.0,300.0,1200.0,Matale
INV8006,40050,RANCRISP CASHEWS 50G,10,2026-04-12 17:10:00,1.17,4006.0,350.0,3500.0,Nuwara Eliya
541895,40009,MUNCHEE TIKIRI MARIE 80G,3,2026-04-12 19:44:18,0.3,401185.0,90.0,270.0,Galle
INV8007,40038,MOTHA FALUDA MIX 100G,5,2026-04-13 10:05:00,0.67,4001.0,200.0,1000.0,Colombo
INV8008,40009,MUNCHEE TIKIRI MARIE 80G,20,2026-04-13 12:40:00,0.23,4007.0,70.0,1400.0,Galle
INV8009,40021,ELEPHANT HOUSE VANILLA ICE CREAM 1L,2,2026-04-14 08:50:00,2.68,4008.0,800.0,1600.0,Gampaha
541896,40035,CBL SAMAPOSHA 200G,1,2026-04-17 11:56:18,0.79,401014.0,235.0,235.0,Kilinochchi
541897,40059,SURF EXCEL 1KG,1,2026-04-17 12:09:58,3.7,401006.0,1105.0,1105.0,Vavuniya
541898,40075,RANMUTHU RICE 5KG,3,2026-04-18 09:21:16,6.55,401078.0,1955.0,5865.0,Colombo
541899,40050,RANCRISP CASHEWS 50G,3,2026-04-18 12:48:23,1.52,401045.0,455.0,1365.0,Jaffna
541900,40001,DILMAH CEYLON TEA 500G,1,2026-04-19 14:44:53,5.24,401019.0,1565.0,1565.0,Hambantota
541901,40037,MOTHA STRAWBERRY JELLY 100G,8,2026-04-20 20:29:20,0.52,401001.0,155.0,1240.0,Badulla
541902,40023,RATHTHI MILK POWDER 400G,1,2026-04-21 20:14:08,4.79,,1430.0,1430.0,Gampaha
541903,40010,MALIBAN MARIE BISCUITS 400G,3,2026-04-24 14:37:20,1.52,401028.0,455.0,1365.0,Trincomalee
541904,40090,RITZBURY CHOCOLATE BAR 100G,2,2026-04-24 15:06:55,1.14,,340.0,680.0,Kurunegala
541905,40047,PELWATTE BUTTER 200G,1,2026-04-24 20:58:17,3.27,401112.0,975.0,975.0,Kurunegala
541906,40013,SPA CEYLON SLEEP BODY LOTION,4,2026-04-25 19:52:26,15.28,,4560.0,18240.0,Colombo
541907,40025,KOTMALE FRESH MILK 1L,3,2026-04-26 15:33:05,1.96,401114.0,585.0,1755.0,Puttalam
541908,40053,WIJAYA CHILLI POWDER 250G,8,2026-04-28 14:05:15,1.96,401119.0,585.0,4680.0,Gampaha
541909,40005,WATAWALA TEA 400G,10,2026-04-28 20:56:13,3.4,401091.0,1015.0,10150.0,Kalutara
541910,40060,SUNLIGHT SOAP 115G,2,2026-04-29 08:58:22,0.52,401127.0,155.0,310.0,Jaffna
541911,40026,KITHUL TREACLE 750ML,6,2026-04-29 20:08:49,7.86,401125.0,2345.0,14070.0,Colombo
541912,40017,MD MIXED FRUIT JAM 500G,1,2026-04-30 10:27:36,2.83,401148.0,845.0,845.0,Colombo
541913,40006,MUNCHEE SUPER CREAM CRACKER 500G,10,2026-04-30 12:35:30,1.96,,585.0,5850.0,Colombo
541914,40018,MD MANGO CHUTNEY 400G,4,2026-04-30 15:45:57,2.83,401016.0,845.0,3380.0,Jaffna
541915,40003,DILMAH GREEN TEA 20 BAGS,10,2026-05-01 11:44:31,2.4,401117.0,715.0,7150.0,Gampaha
541916,40079,CEYLON TOBACCO (CIGARETTES PACK),2,2026-05-02 16:23:25,5.24,,1565.0,3130.0,Galle
541917,40057,VIM DISHWASH LIQUID 500ML,12,2026-05-03 16:25:11,1.96,401079.0,585.0,7020.0,Gampaha
541918,40027,KEELLS CHICKEN SAUSAGES 500G,3,2026-05-03 18:41:27,4.14,401096.0,1235.0,3705.0,Kegalle
541919,40003,DILMAH GREEN TEA 20 BAGS,8,2026-05-03 19:57:10,2.4,,715.0,5720.0,Colombo
541920,40015,SIDDHALEPA BALM 50G,8,2026-05-05 10:37:07,1.09,401060.0,325.0,2600.0,Ratnapura
541921,40035,CBL SAMAPOSHA 200G,4,2026-05-05 16:08:34,0.79,,235.0,940.0,Kalutara
541922,40092,ARALIYA COCONUT MILK POWDER 300G,10,2026-05-07 08:32:33,3.05,401062.0,910.0,9100.0,Mannar
541923,40008,MUNCHEE LEMON PUFF 200G,1,2026-05-07 09:32:11,0.87,,260.0,260.0,Kurunegala
541924,40009,MUNCHEE TIKIRI MARIE 80G,1,2026-05-07 18:18:58,0.3,,90.0,90.0,Hambantota
541925,40032,PRIMA STELLA NOODLES 400G,2,2026-05-08 15:36:07,1.22,401048.0,365.0,730.0,Matara
541926,40010,MALIBAN MARIE BISCUITS 400G,6,2026-05-08 17:52:09,1.52,401122.0,455.0,2730.0,Batticaloa
541927,40014,SPA CEYLON HAND CREAM,2,2026-05-09 18:20:28,9.6,401009.0,2865.0,5730.0,Colombo
541928,40092,ARALIYA COCONUT MILK POWDER 300G,10,2026-05-10 14:54:49,3.05,401012.0,910.0,9100.0,Moneragala
541929,40046,MARMITE 100G,5,2026-05-11 08:35:15,3.27,401151.0,975.0,4875.0,Kandy
541930,40013,SPA CEYLON SLEEP BODY LOTION,10,2026-05-11 13:12:22,15.28,401099.0,4560.0,45600.0,Ampara
541931,40068,CLOSE UP TOOTHPASTE 120G,1,2026-05-11 15:53:34,1.02,401082.0,305.0,305.0,Kalutara
541932,40088,CARGILLS FRESH EGGS (10),4,2026-05-11 17:00:36,1.52,401207.0,455.0,1820.0,Kurunegala
541933,40002,DILMAH EARL GREY TEA 50 BAGS,4,2026-05-12 09:02:08,3.7,401044.0,1105.0,4420.0,Gampaha
541934,40012,MALIBAN CREAM CRACKER 500G,4,2026-05-12 13:16:50,1.83,,545.0,2180.0,Puttalam
541935,40035,CBL SAMAPOSHA 200G,12,2026-05-12 16:48:39,0.79,401005.0,235.0,2820.0,Kandy
541936,40013,SPA CEYLON SLEEP BODY LOTION,8,2026-05-17 08:59:50,15.28,401004.0,4560.0,36480.0,Colombo
541937,40088,CARGILLS FRESH EGGS (10),3,2026-05-17 11:08:03,1.52,401162.0,455.0,1365.0,Ratnapura
541938,40002,DILMAH EARL GREY TEA 50 BAGS,1,2026-05-17 15:33:05,3.7,,1105.0,1105.0,Gampaha
541939,40001,DILMAH CEYLON TEA 500G,4,2026-05-18 08:48:48,5.24,401171.0,1565.0,6260.0,Gampaha
541940,40012,MALIBAN CREAM CRACKER 500G,2,2026-05-19 17:52:16,1.83,401219.0,545.0,1090.0,Colombo
541941,40006,MUNCHEE SUPER CREAM CRACKER 500G,12,2026-05-21 09:46:09,1.96,401183.0,585.0,7020.0,Gampaha
541942,40007,MUNCHEE CHOCOLATE BISCUIT 200G,2,2026-05-22 09:08:09,0.95,401158.0,285.0,570.0,Kurunegala
541943,40071,MA MA NOODLES 5 PACK,2,2026-05-22 12:39:52,1.74,401178.0,520.0,1040.0,Jaffna
541944,40056,SUNSILK BLACK SHAMPOO 200ML,8,2026-05-23 12:52:27,2.4,401053.0,715.0,5720.0,Kurunegala
C541945,40031,PRIMA KOTTU MEE CUP,-3,2026-05-24 15:54:42,0.65,401132.0,195.0,-585.0,Matara
541946,40004,ZESTA TEA 400G,1,2026-05-25 12:16:21,4.57,401026.0,1365.0,1365.0,Matara
541947,40091,USWATTE SPICES MIXED CURRY POWDER 100G,4,2026-05-26 11:35:27,0.95,401147.0,285.0,1140.0,Ratnapura
541948,40056,SUNSILK BLACK SHAMPOO 200ML,3,2026-05-26 12:34:27,2.4,401001.0,715.0,2145.0,Ratnapura
541949,40086,FITS COOKING OIL 1L,5,2026-05-26 15:52:53,4.79,401013.0,1430.0,7150.0,Kandy
541950,40024,HIGHLAND MILK 1L,1,2026-05-27 16:56:17,1.74,401115.0,520.0,520.0,Galle
541951,40046,MARMITE 100G,6,2026-05-27 19:49:33,3.27,,975.0,5850.0,Ratnapura
541952,40014,SPA CEYLON HAND CREAM,1,2026-05-27 20:31:22,9.6,401134.0,2865.0,2865.0,Puttalam
541953,40021,ELEPHANT HOUSE VANILLA ICE CREAM 1L,2,2026-05-30 08:16:12,3.48,401056.0,1040.0,2080.0,Badulla
541954,40018,MD MANGO CHUTNEY 400G,1,2026-05-30 19:41:38,2.83,401022.0,845.0,845.0,Batticaloa
541955,40067,COLGATE TOOTHPASTE 120G,1,2026-05-31 15:40:53,1.06,401173.0,315.0,315.0,Matara
541956,40033,HARISCHANDRA NOODLES 400G,1,2026-05-31 20:21:12,1.09,,325.0,325.0,Colombo
541957,40003,DILMAH GREEN TEA 20 BAGS,10,2026-06-01 12:47:52,2.4,401154.0,715.0,7150.0,Kilinochchi
541958,40003,DILMAH GREEN TEA 20 BAGS,3,2026-06-02 18:35:52,2.4,401024.0,715.0,2145.0,Gampaha
541959,40005,WATAWALA TEA 400G,2,2026-06-04 10:00:51,3.4,,1015.0,2030.0,Gampaha
541960,40008,MUNCHEE LEMON PUFF 200G,3,2026-06-04 15:58:33,0.87,401102.0,260.0,780.0,Colombo
541961,40009,MUNCHEE TIKIRI MARIE 80G,4,2026-06-05 18:58:05,0.3,401041.0,90.0,360.0,Colombo
541962,40052,WIJAYA ROASTED CURRY POWDER 250G,2,2026-06-06 08:52:48,1.74,401033.0,520.0,1040.0,Ampara
541963,40031,PRIMA KOTTU MEE CUP,10,2026-06-08 10:28:53,0.65,401040.0,195.0,1950.0,Kandy
541964,40081,SPRITE 1.5L,2,2026-06-08 12:39:26,1.52,401144.0,455.0,910.0,Badulla
541965,40092,ARALIYA COCONUT MILK POWDER 300G,10,2026-06-08 19:30:30,3.05,401047.0,910.0,9100.0,Hambantota
541966,40004,ZESTA TEA 400G,4,2026-06-10 19:39:49,4.57,401215.0,1365.0,5460.0,Kandy
541967,40028,BAIRAHA CHICKEN 1KG,5,2026-06-10 20:49:06,6.33,401008.0,1890.0,9450.0,Kalutara
541968,40069,ANCHOR BUTTER 200G,2,2026-06-12 11:13:50,3.4,401110.0,1015.0,2030.0,Gampaha
541969,40019,ELEPHANT HOUSE GINGER BEER 1.5L,2,2026-06-12 16:11:05,1.74,401110.0,520.0,1040.0,Nuwara Eliya
541970,40016,LINK SAMAHAN BOX (100 PACKETS),3,2026-06-12 19:17:08,6.55,,1955.0,5865.0,Vavuniya
541971,40036,MAGGI COCONUT MILK POWDER 300G,4,2026-06-12 19:30:18,3.27,401093.0,975.0,3900.0,Galle
541972,40062,NESTOMALT 400G,3,2026-06-13 11:50:02,2.7,401053.0,805.0,2415.0,Trincomalee
541973,40082,NECTO 1.5L,2,2026-06-13 16:45:42,1.52,401118.0,455.0,910.0,Gampaha
541974,40027,KEELLS CHICKEN SAUSAGES 500G,6,2026-06-13 17:33:27,4.14,401004.0,1235.0,7410.0,Kalutara
541975,40002,DILMAH EARL GREY TEA 50 BAGS,3,2026-06-17 18:58:03,3.7,401105.0,1105.0,3315.0,Colombo
541976,40092,ARALIYA COCONUT MILK POWDER 300G,5,2026-06-18 09:00:12,3.05,401027.0,910.0,4550.0,Kandy
541977,40082,NECTO 1.5L,3,2026-06-19 19:06:04,1.52,,455.0,1365.0,Galle
541978,40019,ELEPHANT HOUSE GINGER BEER 1.5L,1,2026-06-20 15:25:01,1.74,401142.0,520.0,520.0,Moneragala
541979,40021,ELEPHANT HOUSE VANILLA ICE CREAM 1L,1,2026-06-21 13:52:10,3.48,401210.0,1040.0,1040.0,Kegalle
541980,40031,PRIMA KOTTU MEE CUP,3,2026-06-22 09:10:43,0.65,401210.0,195.0,585.0,Nuwara Eliya
541981,40013,SPA CEYLON SLEEP BODY LOTION,6,2026-06-22 14:29:21,15.28,401007.0,4560.0,27360.0,Gampaha
541982,40039,CLOGARD TOOTHPASTE 120G,2,2026-06-22 17:16:51,0.95,401028.0,285.0,570.0,Anuradhapura
541983,40076,CEYLON COLD STORES YOGHURT 80G,1,2026-06-24 16:42:52,0.39,401186.0,115.0,115.0,Kalutara
541984,40001,DILMAH CEYLON TEA 500G,2,2026-06-25 08:18:29,5.24,,1565.0,3130.0,Hambantota
541985,40018,MD MANGO CHUTNEY 400G,3,2026-06-25 12:00:40,2.83,401129.0,845.0,2535.0,Badulla
541986,40015,SIDDHALEPA BALM 50G,5,2026-06-25 18:52:14,1.09,401199.0,325.0,1625.0,Badulla
541987,40039,CLOGARD TOOTHPASTE 120G,10,2026-06-28 10:25:38,0.95,401019.0,285.0,2850.0,Ampara
541988,DELV,COURIER DELIVERY CHARGE,3,2026-06-28 14:22:30,3.0,,895.5,2686.5,Gampaha
541989,40015,SIDDHALEPA BALM 50G,5,2026-06-28 20:57:16,1.09,401034.0,325.0,1625.0,Ampara
541990,40003,DILMAH GREEN TEA 20 BAGS,1,2026-06-29 14:02:48,2.4,401075.0,715.0,715.0,Kalutara
541991,40022,ANCHOR MILK POWDER 400G,2,2026-06-30 11:14:11,5.03,401069.0,1500.0,3000.0,Colombo
