InvoiceNo,CustomerID,InvoiceDate,Quantity,UnitPrice,Description,District,Total_Price_LKR
EH-2022000001,20157,2022-01-01 15:37:51,1,4440,Bluetooth Earbuds,Matale,4440
EH-2022000001,20157,2022-01-01 15:37:51,2,1000,Extension Cord (4-Socket),Matale,2000
EH-2022000001,20157,2022-01-01 15:37:51,1,7480,Sony Bluetooth Speaker,Matale,7480
EH-2022000002,20162,2022-01-01 17:41:47,1,8410,itel Feature Phone,Ratnapura,8410
EH-2022000002,20162,2022-01-01 17:41:47,1,36620,Singer LED TV 32-inch,Ratnapura,36620
EH-2022000003,20062,2022-01-01 19:06:41,1,19340,Panasonic Inverter 700VA,Colombo,19340
EH-2022000003,20062,2022-01-01 19:06:41,1,900,Rechargeable LED Bulb,Colombo,900
EH-2022000003,20062,2022-01-01 19:06:41,1,2080,Laptop Cooling Pad,Colombo,2080
EH-2022000004,20187,2022-01-02 17:19:44,1,8660,itel Feature Phone,Gampaha,8660
EH-2022000005,20168,2022-01-02 19:44:44,1,4740,Bluetooth Earbuds,Gampaha,4740
EH-2022000005,20168,2022-01-02 19:44:44,2,3380,Power Bank 10000mAh,Gampaha,6760
EH-2022000006,20024,2022-01-02 20:31:21,1,2080,Laptop Cooling Pad,Colombo,2080
EH-2022000007,20025,2022-01-06 14:16:02,1,65670,Singer LED TV 43-inch,Colombo,65670
EH-2022000007,20025,2022-01-06 14:16:02,2,3940,Philips Electric Kettle,Colombo,7880
EH-2022000007,20025,2022-01-06 14:16:02,1,22380,Inverter Battery 12V 100Ah,Colombo,22380
EH-2022000008,20053,2022-01-06 14:49:32,1,4520,Bluetooth Earbuds,Ratnapura,4520
EH-2022000009,20077,2022-01-06 15:09:10,2,1000,Extension Cord (4-Socket),Matale,2000
EH-2022000009,20077,2022-01-06 15:09:10,1,3140,Power Bank 10000mAh,Matale,3140
EH-2022000010,20057,2022-01-06 17:16:13,1,950,Extension Cord (4-Socket),Gampaha,950
EH-2022000011,20005,2022-01-06 19:37:50,1,33470,Singer LED TV 32-inch,Colombo,33470
EH-2022000011,20005,2022-01-06 19:37:50,1,4500,Bluetooth Earbuds,Colombo,4500
EH-2022000012,20243,2022-01-07 12:06:49,1,36910,Singer LED TV 32-inch,Colombo,36910
EH-2022000012,20243,2022-01-07 12:06:49,1,41650,Xiaomi Redmi 12 Smartphone,Colombo,41650
EH-2022000013,20044,2022-01-07 12:28:45,2,830,Rechargeable LED Bulb,Jaffna,1660
EH-2022000013,20044,2022-01-07 12:28:45,1,6580,Innovex Rice Cooker 1.8L,Jaffna,6580
EH-2022000013,20044,2022-01-07 12:28:45,1,960,Extension Cord (4-Socket),Jaffna,960
EH-2022000014,20057,2022-01-07 20:26:05,2,3060,Power Bank 10000mAh,Gampaha,6120
EH-2022000014,20057,2022-01-07 20:26:05,1,4450,Bluetooth Earbuds,Gampaha,4450
EH-2022000014,20057,2022-01-07 20:26:05,1,2140,Laptop Cooling Pad,Gampaha,2140
EH-2022000015,20015,2022-01-08 15:47:35,1,2150,Laptop Cooling Pad,Colombo,2150
EH-2022000015,20015,2022-01-08 15:47:35,2,3380,Solar Lantern (Rechargeable),Colombo,6760
EH-2022000016,20187,2022-01-09 10:28:52,1,1000,Extension Cord (4-Socket),Gampaha,1000
EH-2022000016,20187,2022-01-09 10:28:52,1,62170,Samsung Galaxy A14 Smartphone,Gampaha,62170
EH-2022000016,20187,2022-01-09 10:28:52,1,3860,Philips Electric Kettle,Gampaha,3860
EH-2022000017,20064,2022-01-09 19:26:35,1,840,Rechargeable LED Bulb,Colombo,840
EH-2022000017,20064,2022-01-09 19:26:35,1,41280,Xiaomi Redmi 12 Smartphone,Colombo,41280
EH-2022000018,20153,2022-01-10 19:10:18,1,4600,National Table Fan 16-inch,Colombo,4600
EH-2022000018,20153,2022-01-10 19:10:18,2,3660,Solar Lantern (Rechargeable),Colombo,7320
EH-2022000018,20153,2022-01-10 19:10:18,1,6360,Innovex Rice Cooker 1.8L,Colombo,6360
EH-2022000019,20084,2022-01-11 18:45:06,1,1400,Gas Cooker Adapter (LPG-saver),Kandy,1400
EH-2022000019,20084,2022-01-11 18:45:06,2,870,Rechargeable LED Bulb,Kandy,1740
EH-2022000019,20084,2022-01-11 18:45:06,1,8080,itel Feature Phone,Kandy,8080
EH-2022000020,20022,2022-01-12 10:28:34,2,910,Extension Cord (4-Socket),Matale,1820
EH-2022000020,20022,2022-01-12 10:28:34,1,3400,Solar Lantern (Rechargeable),Matale,3400
EH-2022000021,20231,2022-01-12 10:57:48,2,910,Extension Cord (4-Socket),Colombo,1820
EH-2022000021,20231,2022-01-12 10:57:48,1,6570,Innovex Rice Cooker 1.8L,Colombo,6570
EH-2022000021,20231,2022-01-12 10:57:48,1,18970,Panasonic Inverter 700VA,Colombo,18970
EH-2022000022,20162,2022-01-12 11:15:31,1,4500,Bluetooth Earbuds,Ratnapura,4500
EH-2022000022,20162,2022-01-12 11:15:31,1,42130,Xiaomi Redmi 12 Smartphone,Ratnapura,42130
EH-2022000022,20162,2022-01-12 11:15:31,1,4890,National Table Fan 16-inch,Ratnapura,4890
EH-2022000023,20207,2022-01-12 16:35:35,1,4650,National Table Fan 16-inch,Colombo,4650
EH-2022000024,20231,2022-01-14 11:57:19,1,8220,itel Feature Phone,Colombo,8220
EH-2022000024,20231,2022-01-14 11:57:19,1,66480,Samsung Galaxy A14 Smartphone,Colombo,66480
EH-2022000024,20231,2022-01-14 11:57:19,1,90990,Kelvinator Refrigerator 190L,Colombo,90990
EH-2022000025,20192,2022-01-14 16:39:58,1,3730,Philips Electric Kettle,Kurunegala,3730
EH-2022000025,20192,2022-01-14 16:39:58,1,17810,Panasonic Inverter 700VA,Kurunegala,17810
EH-2022000025,20192,2022-01-14 16:39:58,2,3090,Power Bank 10000mAh,Kurunegala,6180
EH-2022000026,20115,2022-01-15 09:30:18,1,59210,Singer LED TV 43-inch,Gampaha,59210
EH-2022000026,20115,2022-01-15 09:30:18,2,3380,Power Bank 10000mAh,Gampaha,6760
EH-2022000027,20019,2022-01-16 16:54:04,1,4990,Abans Blender 400W,Gampaha,4990
EH-2022000027,20019,2022-01-16 16:54:04,2,3370,Solar Lantern (Rechargeable),Gampaha,6740
EH-2022000028,20024,2022-01-18 08:30:42,3,870,Rechargeable LED Bulb,Colombo,2610
EH-2022000028,20024,2022-01-18 08:30:42,1,34300,Singer LED TV 32-inch,Colombo,34300
EH-2022000028,20024,2022-01-18 08:30:42,1,8960,itel Feature Phone,Colombo,8960
EH-2022000029,20012,2022-01-19 10:26:27,2,3330,Solar Lantern (Rechargeable),Colombo,6660
EH-2022000030,20030,2022-01-19 11:56:39,2,3060,Power Bank 10000mAh,Colombo,6120
EH-2022000031,20053,2022-01-19 15:02:16,3,840,Rechargeable LED Bulb,Ratnapura,2520
EH-2022000032,20093,2022-01-19 17:10:28,1,18910,Panasonic Inverter 700VA,Anuradhapura,18910
EH-2022000033,20179,2022-01-19 20:09:42,2,3700,Philips Electric Kettle,Gampaha,7400
EH-2022000033,20179,2022-01-19 20:09:42,1,8460,itel Feature Phone,Gampaha,8460
EH-2022000033,20179,2022-01-19 20:09:42,1,68140,Samsung Galaxy A14 Smartphone,Gampaha,68140
EH-2022000034,20071,2022-01-20 16:13:53,1,21200,Inverter Battery 12V 100Ah,Kalutara,21200
EH-2022000034,20071,2022-01-20 16:13:53,2,1000,Extension Cord (4-Socket),Kalutara,2000
EH-2022000034,20071,2022-01-20 16:13:53,1,4890,National Table Fan 16-inch,Kalutara,4890
EH-2022000035,20157,2022-01-20 18:34:06,1,36890,Singer LED TV 32-inch,Matale,36890
EH-2022000036,20022,2022-01-20 18:48:04,1,33740,Singer LED TV 32-inch,Matale,33740
EH-2022000037,20062,2022-01-20 18:48:32,1,8130,itel Feature Phone,Colombo,8130
EH-2022000037,20062,2022-01-20 18:48:32,2,3380,Power Bank 10000mAh,Colombo,6760
EH-2022000038,20220,2022-01-21 16:48:01,2,920,Extension Cord (4-Socket),Matara,1840
EH-2022000039,20231,2022-01-21 19:56:27,2,820,Rechargeable LED Bulb,Colombo,1640
EH-2022000039,20231,2022-01-21 19:56:27,2,3350,Power Bank 10000mAh,Colombo,6700
EH-2022000039,20231,2022-01-21 19:56:27,1,4910,National Table Fan 16-inch,Colombo,4910
EH-2022000040,20222,2022-01-22 14:59:29,2,3330,Solar Lantern (Rechargeable),Matara,6660
EH-2022000041,20097,2022-01-25 09:56:12,2,3720,Philips Electric Kettle,Matale,7440
EH-2022000041,20097,2022-01-25 09:56:12,1,6310,Innovex Rice Cooker 1.8L,Matale,6310
EH-2022000042,20234,2022-01-25 18:30:22,1,3380,Power Bank 10000mAh,Galle,3380
EH-2022000043,20252,2022-01-26 11:41:26,1,89370,Kelvinator Refrigerator 190L,Badulla,89370
EH-2022000044,20045,2022-01-26 12:32:30,1,6830,Innovex Rice Cooker 1.8L,Colombo,6830
EH-2022000044,20045,2022-01-26 12:32:30,1,4460,Bluetooth Earbuds,Colombo,4460
EH-2022000045,20097,2022-01-27 10:00:59,1,3090,Power Bank 10000mAh,Matale,3090
EH-2022000045,20097,2022-01-27 10:00:59,1,4390,Bluetooth Earbuds,Matale,4390
EH-2022000046,20051,2022-01-27 12:47:29,1,19310,Panasonic Inverter 700VA,Gampaha,19310
EH-2022000046,20051,2022-01-27 12:47:29,1,4870,National Table Fan 16-inch,Gampaha,4870
EH-2022000046,20051,2022-01-27 12:47:29,1,920,Extension Cord (4-Socket),Gampaha,920
EH-2022000047,20227,2022-01-28 17:00:52,1,810,Rechargeable LED Bulb,Colombo,810
EH-2022000047,20227,2022-01-28 17:00:52,1,63500,Samsung Galaxy A14 Smartphone,Colombo,63500
EH-2022000047,20227,2022-01-28 17:00:52,1,63100,Singer LED TV 43-inch,Colombo,63100
EH-2022000048,20099,2022-01-28 18:57:52,1,840,Rechargeable LED Bulb,Kalutara,840
EH-2022000048,20099,2022-01-28 18:57:52,1,64220,Samsung Galaxy A14 Smartphone,Kalutara,64220
EH-2022000049,20240,2022-01-28 20:52:44,1,1440,Gas Cooker Adapter (LPG-saver),Gampaha,1440
EH-2022000049,20240,2022-01-28 20:52:44,3,870,Rechargeable LED Bulb,Gampaha,2610
EH-2022000050,20220,2022-01-29 15:22:52,1,4500,Bluetooth Earbuds,Matara,4500
EH-2022000050,20220,2022-01-29 15:22:52,1,6480,Innovex Rice Cooker 1.8L,Matara,6480
EH-2022000050,20220,2022-01-29 15:22:52,3,810,Rechargeable LED Bulb,Matara,2430
EH-2022000051,20112,2022-01-30 14:38:07,3,830,Rechargeable LED Bulb,Gampaha,2490
EH-2022000051,20112,2022-01-30 14:38:07,2,3410,Solar Lantern (Rechargeable),Gampaha,6820
EH-2022000052,20209,2022-01-30 16:00:37,1,4740,National Table Fan 16-inch,Ratnapura,4740
EH-2022000053,20243,2022-01-30 19:15:52,1,1410,Gas Cooker Adapter (LPG-saver),Colombo,1410
EH-2022000053,20243,2022-01-30 19:15:52,1,7310,Sony Bluetooth Speaker,Colombo,7310
EH-2022000053,20243,2022-01-30 19:15:52,1,5330,Abans Blender 400W,Colombo,5330
EH-2022000054,20132,2022-01-31 10:18:17,1,59000,Singer LED TV 43-inch,Kandy,59000
EH-2022000054,20132,2022-01-31 10:18:17,1,2140,Laptop Cooling Pad,Kandy,2140
EH-2022000055,20220,2022-01-31 16:46:35,2,3470,Solar Lantern (Rechargeable),Matara,6940
EH-2022000055,20220,2022-01-31 16:46:35,1,5220,Abans Blender 400W,Matara,5220
EH-2022000056,20108,2022-01-31 20:06:11,1,4830,National Table Fan 16-inch,Batticaloa,4830
EH-2022000057,20226,2022-02-01 09:07:54,1,6850,Innovex Rice Cooker 1.8L,Galle,6850
EH-2022000057,20226,2022-02-01 09:07:54,1,6990,Sony Bluetooth Speaker,Galle,6990
EH-2022000058,20108,2022-02-02 10:14:34,1,66980,Samsung Galaxy A14 Smartphone,Batticaloa,66980
EH-2022000059,20057,2022-02-04 13:02:21,2,940,Extension Cord (4-Socket),Gampaha,1880
EH-2022000060,20053,2022-02-04 19:53:22,1,6670,Innovex Rice Cooker 1.8L,Ratnapura,6670
EH-2022000061,20162,2022-02-05 13:35:14,1,4670,Bluetooth Earbuds,Ratnapura,4670
EH-2022000061,20162,2022-02-05 13:35:14,1,18660,Panasonic Inverter 700VA,Ratnapura,18660
EH-2022000061,20162,2022-02-05 13:35:14,1,61530,Singer LED TV 43-inch,Ratnapura,61530
EH-2022000062,20057,2022-02-05 15:32:50,1,7250,Sony Bluetooth Speaker,Gampaha,7250
EH-2022000063,20114,2022-02-05 15:56:12,1,4880,National Table Fan 16-inch,Ratnapura,4880
EH-2022000063,20114,2022-02-05 15:56:12,1,87070,Kelvinator Refrigerator 190L,Ratnapura,87070
EH-2022000063,20114,2022-02-05 15:56:12,1,5300,Abans Blender 400W,Ratnapura,5300
EH-2022000064,20237,2022-02-05 17:46:29,1,8540,itel Feature Phone,Kandy,8540
EH-2022000065,20231,2022-02-05 18:19:50,1,4960,National Table Fan 16-inch,Colombo,4960
EH-2022000066,20191,2022-02-05 19:24:46,1,17670,Panasonic Inverter 700VA,Galle,17670
EH-2022000066,20191,2022-02-05 19:24:46,1,4410,Bluetooth Earbuds,Galle,4410
EH-2022000066,20191,2022-02-05 19:24:46,1,3360,Solar Lantern (Rechargeable),Galle,3360
EH-2022000067,20110,2022-02-06 09:31:36,1,8630,itel Feature Phone,Matale,8630
EH-2022000067,20110,2022-02-06 09:31:36,1,63580,Samsung Galaxy A14 Smartphone,Matale,63580
EH-2022000067,20110,2022-02-06 09:31:36,1,5070,National Table Fan 16-inch,Matale,5070
EH-2022000068,20150,2022-02-06 12:02:48,1,1000,Extension Cord (4-Socket),Ratnapura,1000
EH-2022000068,20150,2022-02-06 12:02:48,1,5410,Abans Blender 400W,Ratnapura,5410
EH-2022000068,20150,2022-02-06 12:02:48,1,4570,National Table Fan 16-inch,Ratnapura,4570
EH-2022000069,20220,2022-02-08 08:25:57,1,36350,Singer LED TV 32-inch,Matara,36350
EH-2022000069,20220,2022-02-08 08:25:57,1,93070,Kelvinator Refrigerator 190L,Matara,93070
EH-2022000070,20105,2022-02-08 08:28:52,1,122670,LG Washing Machine 7kg,Anuradhapura,122670
EH-2022000070,20105,2022-02-08 08:28:52,2,3040,Power Bank 10000mAh,Anuradhapura,6080
EH-2022000071,20105,2022-02-08 15:01:17,1,66960,Samsung Galaxy A14 Smartphone,Anuradhapura,66960
EH-2022000072,20212,2022-02-08 17:52:19,1,3070,Power Bank 10000mAh,Kurunegala,3070
EH-2022000073,20165,2022-02-09 18:15:12,2,980,Extension Cord (4-Socket),Jaffna,1960
EH-2022000073,20165,2022-02-09 18:15:12,1,7500,Sony Bluetooth Speaker,Jaffna,7500
EH-2022000073,20165,2022-02-09 18:15:12,1,22620,Inverter Battery 12V 100Ah,Jaffna,22620
EH-2022000074,20123,2022-02-09 19:39:33,1,126220,LG Washing Machine 7kg,Colombo,126220
EH-2022000075,20058,2022-02-11 09:34:47,1,21330,Inverter Battery 12V 100Ah,Galle,21330
EH-2022000076,20115,2022-02-11 14:46:41,1,8650,itel Feature Phone,Gampaha,8650
EH-2022000076,20115,2022-02-11 14:46:41,1,59930,Singer LED TV 43-inch,Gampaha,59930
EH-2022000076,20115,2022-02-11 14:46:41,1,62830,Samsung Galaxy A14 Smartphone,Gampaha,62830
EH-2022000077,20057,2022-02-11 16:27:03,1,8500,itel Feature Phone,Gampaha,8500
EH-2022000078,20216,2022-02-12 16:17:39,1,63330,Samsung Galaxy A14 Smartphone,Colombo,63330
EH-2022000079,20177,2022-02-14 09:34:25,1,4280,Bluetooth Earbuds,Gampaha,4280
EH-2022000080,20149,2022-02-14 13:30:33,1,5380,Abans Blender 400W,Kurunegala,5380
EH-2022000080,20149,2022-02-14 13:30:33,1,4900,National Table Fan 16-inch,Kurunegala,4900
EH-2022000080,20149,2022-02-14 13:30:33,1,34520,Singer LED TV 32-inch,Kurunegala,34520
EH-2022000081,20108,2022-02-15 10:06:42,1,3210,Power Bank 10000mAh,Batticaloa,3210
EH-2022000082,20241,2022-02-15 10:50:05,2,930,Extension Cord (4-Socket),Colombo,1860
EH-2022000082,20241,2022-02-15 10:50:05,1,90970,Kelvinator Refrigerator 190L,Colombo,90970
EH-2022000083,20106,2022-02-16 11:31:25,1,7170,Sony Bluetooth Speaker,Colombo,7170
EH-2022000083,20106,2022-02-16 11:31:25,2,1000,Extension Cord (4-Socket),Colombo,2000
EH-2022000084,20058,2022-02-16 13:51:42,3,820,Rechargeable LED Bulb,Galle,2460
EH-2022000084,20058,2022-02-16 13:51:42,1,67750,Samsung Galaxy A14 Smartphone,Galle,67750
EH-2022000084,20058,2022-02-16 13:51:42,1,63450,Singer LED TV 43-inch,Galle,63450
EH-2022000085,20053,2022-02-20 20:02:25,1,127590,LG Washing Machine 7kg,Ratnapura,127590
EH-2022000085,20053,2022-02-20 20:02:25,2,870,Rechargeable LED Bulb,Ratnapura,1740
EH-2022000086,20247,2022-02-21 16:32:38,1,42370,Xiaomi Redmi 12 Smartphone,Kurunegala,42370
EH-2022000086,20247,2022-02-21 16:32:38,1,64120,Samsung Galaxy A14 Smartphone,Kurunegala,64120
EH-2022000086,20247,2022-02-21 16:32:38,1,3490,Solar Lantern (Rechargeable),Kurunegala,3490
EH-2022000087,20069,2022-02-21 19:54:05,1,4890,National Table Fan 16-inch,Kurunegala,4890
EH-2022000087,20069,2022-02-21 19:54:05,1,18870,Panasonic Inverter 700VA,Kurunegala,18870
EH-2022000088,20213,2022-02-22 10:01:04,1,2170,Laptop Cooling Pad,Gampaha,2170
EH-2022000089,20131,2022-02-22 13:06:26,1,2220,Laptop Cooling Pad,Colombo,2220
EH-2022000089,20131,2022-02-22 13:06:26,1,63410,Samsung Galaxy A14 Smartphone,Colombo,63410
EH-2022000089,20131,2022-02-22 13:06:26,1,1510,Gas Cooker Adapter (LPG-saver),Colombo,1510
EH-2022000090,20259,2022-02-23 10:29:09,1,3130,Power Bank 10000mAh,Kurunegala,3130
EH-2022000091,20072,2022-02-23 11:23:23,2,3350,Solar Lantern (Rechargeable),Kurunegala,6700
EH-2022000091,20072,2022-02-23 11:23:23,1,2010,Laptop Cooling Pad,Kurunegala,2010
EH-2022000092,20045,2022-02-23 17:37:46,2,3380,Solar Lantern (Rechargeable),Colombo,6760
EH-2022000092,20045,2022-02-23 17:37:46,1,5200,Abans Blender 400W,Colombo,5200
EH-2022000093,20229,2022-02-24 10:43:14,3,900,Rechargeable LED Bulb,Colombo,2700
EH-2022000093,20229,2022-02-24 10:43:14,1,65590,Singer LED TV 43-inch,Colombo,65590
EH-2022000094,20071,2022-02-24 12:33:47,1,34260,Singer LED TV 32-inch,Kalutara,34260
EH-2022000094,20071,2022-02-24 12:33:47,1,4750,National Table Fan 16-inch,Kalutara,4750
EH-2022000094,20071,2022-02-24 12:33:47,1,4540,Bluetooth Earbuds,Kalutara,4540
EH-2022000095,20186,2022-02-24 20:15:15,2,3350,Solar Lantern (Rechargeable),Kandy,6700
EH-2022000095,20186,2022-02-24 20:15:15,2,3710,Philips Electric Kettle,Kandy,7420
EH-2022000095,20186,2022-02-24 20:15:15,1,40410,Xiaomi Redmi 12 Smartphone,Kandy,40410
EH-2022000096,20017,2022-02-25 18:02:16,1,5210,Abans Blender 400W,Colombo,5210
EH-2022000096,20017,2022-02-25 18:02:16,2,900,Extension Cord (4-Socket),Colombo,1800
EH-2022000096,20017,2022-02-25 18:02:16,1,3210,Power Bank 10000mAh,Colombo,3210
EH-2022000097,20002,2022-02-27 16:51:38,1,5220,Abans Blender 400W,Colombo,5220
EH-2022000098,20216,2022-03-01 16:27:40,2,1000,Extension Cord (4-Socket),Colombo,2000
EH-2022000098,20216,2022-03-01 16:27:40,2,3370,Power Bank 10000mAh,Colombo,6740
EH-2022000099,20231,2022-03-03 17:18:54,2,1050,Rechargeable LED Bulb,Colombo,2100
EH-2022000099,20231,2022-03-03 17:18:54,1,1670,Gas Cooker Adapter (LPG-saver),Colombo,1670
EH-2022000100,20245,2022-03-04 15:58:00,2,3830,Philips Electric Kettle,Gampaha,7660
EH-2022000100,20245,2022-03-04 15:58:00,1,4560,Bluetooth Earbuds,Gampaha,4560
EH-2022000101,20057,2022-03-05 18:00:28,1,1000,Rechargeable LED Bulb,Gampaha,1000
EH-2022000101,20057,2022-03-05 18:00:28,1,25830,Inverter Battery 12V 100Ah,Gampaha,25830
EH-2022000101,20057,2022-03-05 18:00:28,1,40360,Xiaomi Redmi 12 Smartphone,Gampaha,40360
EH-2022000102,20162,2022-03-08 12:58:38,1,22550,Panasonic Inverter 700VA,Ratnapura,22550
EH-2022000102,20162,2022-03-08 12:58:38,1,1100,Rechargeable LED Bulb,Ratnapura,1100
EH-2022000102,20162,2022-03-08 12:58:38,2,4290,Solar Lantern (Rechargeable),Ratnapura,8580
EH-2022000103,20019,2022-03-08 17:14:03,1,1740,Gas Cooker Adapter (LPG-saver),Gampaha,1740
EH-2022000104,20084,2022-03-09 20:29:13,1,21140,Panasonic Inverter 700VA,Kandy,21140
EH-2022000104,20084,2022-03-09 20:29:13,1,4840,National Table Fan 16-inch,Kandy,4840
EH-2022000104,20084,2022-03-09 20:29:13,1,5200,Abans Blender 400W,Kandy,5200
EH-2022000105,20061,2022-03-09 20:40:43,1,1010,Extension Cord (4-Socket),Kandy,1010
EH-2022000105,20061,2022-03-09 20:40:43,1,68120,Samsung Galaxy A14 Smartphone,Kandy,68120
EH-2022000105,20061,2022-03-09 20:40:43,2,3940,Solar Lantern (Rechargeable),Kandy,7880
EH-2022000106,20220,2022-03-10 16:08:13,2,3630,Power Bank 10000mAh,Matara,7260
EH-2022000107,20240,2022-03-11 18:38:49,1,22500,Inverter Battery 12V 100Ah,Gampaha,22500
EH-2022000107,20240,2022-03-11 18:38:49,2,4080,Solar Lantern (Rechargeable),Gampaha,8160
EH-2022000108,20184,2022-03-11 20:08:57,1,25380,Inverter Battery 12V 100Ah,Colombo,25380
EH-2022000108,20184,2022-03-11 20:08:57,2,1020,Rechargeable LED Bulb,Colombo,2040
EH-2022000108,20184,2022-03-11 20:08:57,2,3720,Philips Electric Kettle,Colombo,7440
EH-2022000109,20220,2022-03-14 16:23:59,1,8150,itel Feature Phone,Matara,8150
EH-2022000110,20044,2022-03-14 20:32:27,1,68770,Samsung Galaxy A14 Smartphone,Jaffna,68770
EH-2022000111,20086,2022-03-16 17:55:28,2,3810,Power Bank 10000mAh,Galle,7620
EH-2022000111,20086,2022-03-16 17:55:28,1,22390,Panasonic Inverter 700VA,Galle,22390
EH-2022000111,20086,2022-03-16 17:55:28,1,3970,Solar Lantern (Rechargeable),Galle,3970
EH-2022000112,20220,2022-03-18 09:02:17,1,1010,Rechargeable LED Bulb,Matara,1010
EH-2022000112,20220,2022-03-18 09:02:17,1,5040,Abans Blender 400W,Matara,5040
EH-2022000113,20041,2022-03-18 12:06:46,1,27420,Inverter Battery 12V 100Ah,Colombo,27420
EH-2022000113,20041,2022-03-18 12:06:46,2,3810,Power Bank 10000mAh,Colombo,7620
EH-2022000113,20041,2022-03-18 12:06:46,1,7410,Sony Bluetooth Speaker,Colombo,7410
EH-2022000114,20018,2022-03-18 12:31:21,1,20540,Panasonic Inverter 700VA,Kandy,20540
EH-2022000114,20018,2022-03-18 12:31:21,1,1710,Gas Cooker Adapter (LPG-saver),Kandy,1710
EH-2022000114,20018,2022-03-18 12:31:21,2,3870,Power Bank 10000mAh,Kandy,7740
EH-2022000115,20030,2022-03-18 16:54:50,1,8290,itel Feature Phone,Colombo,8290
EH-2022000115,20030,2022-03-18 16:54:50,1,3680,Power Bank 10000mAh,Colombo,3680
EH-2022000116,20026,2022-03-20 13:12:43,1,940,Extension Cord (4-Socket),Jaffna,940
EH-2022000117,20222,2022-03-22 11:52:02,1,44110,Xiaomi Redmi 12 Smartphone,Matara,44110
EH-2022000117,20222,2022-03-22 11:52:02,1,2110,Laptop Cooling Pad,Matara,2110
EH-2022000118,20071,2022-03-22 12:53:52,1,34250,Singer LED TV 32-inch,Kalutara,34250
EH-2022000119,20244,2022-03-24 17:30:21,1,930,Extension Cord (4-Socket),Gampaha,930
EH-2022000120,20212,2022-03-24 20:48:30,1,850,Rechargeable LED Bulb,Kurunegala,850
EH-2022000121,20077,2022-03-25 10:03:33,1,1580,Gas Cooker Adapter (LPG-saver),Matale,1580
EH-2022000121,20077,2022-03-25 10:03:33,2,4220,Solar Lantern (Rechargeable),Matale,8440
EH-2022000122,20254,2022-03-25 16:56:43,1,3690,Philips Electric Kettle,Colombo,3690
EH-2022000122,20254,2022-03-25 16:56:43,3,940,Rechargeable LED Bulb,Colombo,2820
EH-2022000122,20254,2022-03-25 16:56:43,1,4030,Solar Lantern (Rechargeable),Colombo,4030
EH-2022000123,20015,2022-03-25 17:41:12,1,26070,Inverter Battery 12V 100Ah,Colombo,26070
EH-2022000124,20061,2022-03-25 19:32:17,1,8710,itel Feature Phone,Kandy,8710
EH-2022000125,20117,2022-03-25 19:33:09,3,1070,Rechargeable LED Bulb,Jaffna,3210
EH-2022000125,20117,2022-03-25 19:33:09,2,970,Extension Cord (4-Socket),Jaffna,1940
EH-2022000125,20117,2022-03-25 19:33:09,1,35730,Singer LED TV 32-inch,Jaffna,35730
EH-2022000126,20220,2022-03-25 20:38:44,2,3470,Power Bank 10000mAh,Matara,6940
EH-2022000126,20220,2022-03-25 20:38:44,1,3880,Philips Electric Kettle,Matara,3880
EH-2022000126,20220,2022-03-25 20:38:44,1,5020,National Table Fan 16-inch,Matara,5020
EH-2022000127,20049,2022-03-26 17:22:51,1,28740,Inverter Battery 12V 100Ah,Colombo,28740
EH-2022000128,20212,2022-04-04 10:03:51,1,5140,Abans Blender 400W,Kurunegala,5140
EH-2022000128,20212,2022-04-04 10:03:51,1,4650,National Table Fan 16-inch,Kurunegala,4650
EH-2022000129,20229,2022-04-04 17:04:38,1,132450,LG Washing Machine 7kg,Colombo,132450
EH-2022000129,20229,2022-04-04 17:04:38,1,1760,Gas Cooker Adapter (LPG-saver),Colombo,1760
EH-2022000130,20219,2022-04-07 14:02:02,1,1790,Gas Cooker Adapter (LPG-saver),Kandy,1790
EH-2022000131,20069,2022-04-09 13:41:17,2,3770,Power Bank 10000mAh,Kurunegala,7540
EH-2022000131,20069,2022-04-09 13:41:17,1,3880,Philips Electric Kettle,Kurunegala,3880
EH-2022000131,20069,2022-04-09 13:41:17,1,960,Extension Cord (4-Socket),Kurunegala,960
EH-2022000132,20017,2022-04-10 17:00:29,1,3650,Philips Electric Kettle,Colombo,3650
EH-2022000133,20057,2022-04-10 18:09:18,2,3220,Power Bank 10000mAh,Gampaha,6440
EH-2022000134,20159,2022-04-12 08:36:27,1,4950,National Table Fan 16-inch,Matara,4950
EH-2022000134,20159,2022-04-12 08:36:27,1,4270,Solar Lantern (Rechargeable),Matara,4270
EH-2022000135,20036,2022-04-15 17:02:35,1,24910,Inverter Battery 12V 100Ah,Colombo,24910
EH-2022000135,20036,2022-04-15 17:02:35,1,3820,Power Bank 10000mAh,Colombo,3820
EH-2022000136,20044,2022-04-16 18:50:03,1,920,Rechargeable LED Bulb,Jaffna,920
EH-2022000137,20071,2022-04-19 12:08:42,1,3830,Solar Lantern (Rechargeable),Kalutara,3830
EH-2022000137,20071,2022-04-19 12:08:42,1,7400,Sony Bluetooth Speaker,Kalutara,7400
EH-2022000138,20071,2022-04-20 09:23:21,2,3620,Philips Electric Kettle,Kalutara,7240
EH-2022000138,20071,2022-04-20 09:23:21,1,27730,Inverter Battery 12V 100Ah,Kalutara,27730
EH-2022000138,20071,2022-04-20 09:23:21,1,1660,Gas Cooker Adapter (LPG-saver),Kalutara,1660
EH-2022000139,20157,2022-04-21 14:27:15,1,19250,Panasonic Inverter 700VA,Matale,19250
EH-2022000140,20216,2022-04-25 17:11:59,2,1000,Rechargeable LED Bulb,Colombo,2000
EH-2022000141,20052,2022-04-26 11:43:16,1,27760,Inverter Battery 12V 100Ah,Gampaha,27760
EH-2022000142,20222,2022-04-29 18:03:40,2,4050,Power Bank 10000mAh,Matara,8100
EH-2022000142,20222,2022-04-29 18:03:40,3,1040,Rechargeable LED Bulb,Matara,3120
EH-2022000143,20244,2022-05-02 19:25:49,1,4240,Solar Lantern (Rechargeable),Gampaha,4240
EH-2022000143,20244,2022-05-02 19:25:49,1,4790,National Table Fan 16-inch,Gampaha,4790
EH-2022000143,20244,2022-05-02 19:25:49,1,63150,Singer LED TV 43-inch,Gampaha,63150
EH-2022000144,20035,2022-05-04 15:09:32,1,5330,Abans Blender 400W,Colombo,5330
EH-2022000145,20126,2022-05-05 10:45:35,1,23990,Inverter Battery 12V 100Ah,Puttalam,23990
EH-2022000145,20126,2022-05-05 10:45:35,1,4610,Bluetooth Earbuds,Puttalam,4610
EH-2022000145,20126,2022-05-05 10:45:35,2,1090,Rechargeable LED Bulb,Puttalam,2180
EH-2022000146,20162,2022-05-05 19:23:50,1,5030,Abans Blender 400W,Ratnapura,5030
EH-2022000146,20162,2022-05-05 19:23:50,1,3620,Philips Electric Kettle,Ratnapura,3620
EH-2022000147,20235,2022-05-13 16:47:13,1,92310,Kelvinator Refrigerator 190L,Colombo,92310
EH-2022000147,20235,2022-05-13 16:47:13,1,19430,Panasonic Inverter 700VA,Colombo,19430
EH-2022000147,20235,2022-05-13 16:47:13,1,930,Extension Cord (4-Socket),Colombo,930
EH-2022000148,20053,2022-05-13 17:07:28,1,36660,Singer LED TV 32-inch,Ratnapura,36660
EH-2022000148,20053,2022-05-13 17:07:28,1,7140,Sony Bluetooth Speaker,Ratnapura,7140
EH-2022000148,20053,2022-05-13 17:07:28,1,4140,Solar Lantern (Rechargeable),Ratnapura,4140
EH-2022000149,20128,2022-05-15 09:41:08,1,3670,Philips Electric Kettle,Matara,3670
EH-2022000149,20128,2022-05-15 09:41:08,1,4820,National Table Fan 16-inch,Matara,4820
EH-2022000149,20128,2022-05-15 09:41:08,1,24620,Inverter Battery 12V 100Ah,Matara,24620
EH-2022000150,20044,2022-05-16 09:04:25,1,990,Rechargeable LED Bulb,Jaffna,990
EH-2022000151,20206,2022-05-17 18:12:11,1,3530,Power Bank 10000mAh,Colombo,3530
EH-2022000152,20011,2022-05-19 09:16:30,1,22490,Inverter Battery 12V 100Ah,Ratnapura,22490
EH-2022000152,20011,2022-05-19 09:16:30,1,2150,Laptop Cooling Pad,Ratnapura,2150
EH-2022000153,20247,2022-05-20 12:25:07,1,34960,Singer LED TV 32-inch,Kurunegala,34960
EH-2022000154,20095,2022-05-21 15:46:16,1,950,Extension Cord (4-Socket),Kurunegala,950
EH-2022000155,20091,2022-06-02 15:04:23,2,960,Extension Cord (4-Socket),Colombo,1920
EH-2022000156,20096,2022-06-05 18:38:44,2,4390,Solar Lantern (Rechargeable),Ratnapura,8780
EH-2022000157,20149,2022-06-08 19:41:24,1,20030,Panasonic Inverter 700VA,Kurunegala,20030
EH-2022000157,20149,2022-06-08 19:41:24,3,1020,Rechargeable LED Bulb,Kurunegala,3060
EH-2022000157,20149,2022-06-08 19:41:24,1,58950,Singer LED TV 43-inch,Kurunegala,58950
EH-2022000158,20204,2022-06-09 19:48:30,1,63010,Samsung Galaxy A14 Smartphone,Colombo,63010
EH-2022000159,20017,2022-06-16 16:35:02,1,25750,Inverter Battery 12V 100Ah,Colombo,25750
EH-2022000159,20017,2022-06-16 16:35:02,1,4690,National Table Fan 16-inch,Colombo,4690
EH-2022000160,20107,2022-06-18 16:54:19,1,5030,National Table Fan 16-inch,Gampaha,5030
EH-2022000161,20022,2022-06-19 11:59:51,1,1110,Rechargeable LED Bulb,Matale,1110
EH-2022000162,20234,2022-06-21 20:27:26,1,3630,Solar Lantern (Rechargeable),Galle,3630
EH-2022000163,20121,2022-06-22 08:29:30,1,6730,Innovex Rice Cooker 1.8L,Gampaha,6730
EH-2022000164,20156,2022-06-23 15:59:52,2,3670,Power Bank 10000mAh,Ratnapura,7340
EH-2022000164,20156,2022-06-23 15:59:52,1,8600,itel Feature Phone,Ratnapura,8600
EH-2022000165,20220,2022-06-26 20:26:27,1,4130,Solar Lantern (Rechargeable),Matara,4130
EH-2022000165,20220,2022-06-26 20:26:27,1,5280,Abans Blender 400W,Matara,5280
EH-2022000165,20220,2022-06-26 20:26:27,1,6220,Innovex Rice Cooker 1.8L,Matara,6220
EH-2022000166,20125,2022-06-30 18:21:47,1,1020,Rechargeable LED Bulb,Kurunegala,1020
EH-2022000167,20187,2022-07-01 15:19:03,2,3690,Philips Electric Kettle,Gampaha,7380
EH-2022000168,20187,2022-07-03 20:18:15,1,5010,National Table Fan 16-inch,Gampaha,5010
EH-2022000168,20187,2022-07-03 20:18:15,1,43280,Xiaomi Redmi 12 Smartphone,Gampaha,43280
EH-2022000169,20115,2022-07-05 09:05:06,1,4240,Solar Lantern (Rechargeable),Gampaha,4240
EH-2022000169,20115,2022-07-05 09:05:06,1,7020,Sony Bluetooth Speaker,Gampaha,7020
EH-2022000170,20071,2022-07-10 12:03:39,1,20380,Panasonic Inverter 700VA,Kalutara,20380
EH-2022000170,20071,2022-07-10 12:03:39,3,900,Rechargeable LED Bulb,Kalutara,2700
EH-2022000170,20071,2022-07-10 12:03:39,1,34910,Singer LED TV 32-inch,Kalutara,34910
EH-2022000171,20094,2022-07-15 13:14:49,1,4370,Solar Lantern (Rechargeable),Kandy,4370
EH-2022000171,20094,2022-07-15 13:14:49,1,7200,Sony Bluetooth Speaker,Kandy,7200
EH-2022000171,20094,2022-07-15 13:14:49,1,4780,National Table Fan 16-inch,Kandy,4780
EH-2022000172,20064,2022-07-16 18:41:51,1,4720,National Table Fan 16-inch,Colombo,4720
EH-2022000173,20053,2022-07-19 10:10:16,2,910,Extension Cord (4-Socket),Ratnapura,1820
EH-2022000173,20053,2022-07-19 10:10:16,1,1750,Gas Cooker Adapter (LPG-saver),Ratnapura,1750
EH-2022000174,20162,2022-07-20 10:07:15,1,1080,Rechargeable LED Bulb,Ratnapura,1080
EH-2022000174,20162,2022-07-20 10:07:15,1,26580,Inverter Battery 12V 100Ah,Ratnapura,26580
EH-2022000175,20164,2022-07-21 20:11:27,1,960,Rechargeable LED Bulb,Gampaha,960
EH-2022000175,20164,2022-07-21 20:11:27,1,20420,Panasonic Inverter 700VA,Gampaha,20420
EH-2022000176,20124,2022-07-22 08:39:52,1,1660,Gas Cooker Adapter (LPG-saver),Batticaloa,1660
EH-2022000176,20124,2022-07-22 08:39:52,1,4020,Solar Lantern (Rechargeable),Batticaloa,4020
EH-2022000177,20231,2022-07-22 16:20:59,2,4280,Solar Lantern (Rechargeable),Colombo,8560
EH-2022000177,20231,2022-07-22 16:20:59,1,22380,Panasonic Inverter 700VA,Colombo,22380
EH-2022000177,20231,2022-07-22 16:20:59,1,24010,Inverter Battery 12V 100Ah,Colombo,24010
EH-2022000178,20080,2022-07-29 12:13:50,1,43710,Xiaomi Redmi 12 Smartphone,Kalutara,43710
EH-2022000178,20080,2022-07-29 12:13:50,1,6650,Innovex Rice Cooker 1.8L,Kalutara,6650
EH-2022000178,20080,2022-07-29 12:13:50,2,900,Extension Cord (4-Socket),Kalutara,1800
EH-2022000179,20231,2022-07-29 18:37:06,3,940,Rechargeable LED Bulb,Colombo,2820
EH-2022000179,20231,2022-07-29 18:37:06,1,34470,Singer LED TV 32-inch,Colombo,34470
EH-2022000180,20108,2022-08-03 10:07:17,1,1770,Gas Cooker Adapter (LPG-saver),Batticaloa,1770
EH-2022000180,20108,2022-08-03 10:07:17,1,6260,Innovex Rice Cooker 1.8L,Batticaloa,6260
EH-2022000181,20213,2022-08-05 14:13:56,2,4060,Solar Lantern (Rechargeable),Gampaha,8120
EH-2022000181,20213,2022-08-05 14:13:56,1,21750,Panasonic Inverter 700VA,Gampaha,21750
EH-2022000182,20071,2022-08-05 17:41:28,1,41190,Xiaomi Redmi 12 Smartphone,Kalutara,41190
EH-2022000183,20187,2022-08-05 18:10:36,2,4450,Solar Lantern (Rechargeable),Gampaha,8900
EH-2022000183,20187,2022-08-05 18:10:36,1,4550,Bluetooth Earbuds,Gampaha,4550
EH-2022000183,20187,2022-08-05 18:10:36,1,3330,Power Bank 10000mAh,Gampaha,3330
EH-2022000184,20101,2022-08-06 13:54:26,1,5030,National Table Fan 16-inch,Colombo,5030
EH-2022000184,20101,2022-08-06 13:54:26,1,6590,Innovex Rice Cooker 1.8L,Colombo,6590
EH-2022000185,20048,2022-08-07 16:45:04,2,1040,Rechargeable LED Bulb,Colombo,2080
EH-2022000185,20048,2022-08-07 16:45:04,1,62690,Samsung Galaxy A14 Smartphone,Colombo,62690
EH-2022000185,20048,2022-08-07 16:45:04,2,980,Extension Cord (4-Socket),Colombo,1960
EH-2022000186,20082,2022-08-10 12:25:00,1,22630,Panasonic Inverter 700VA,Kurunegala,22630
EH-2022000186,20082,2022-08-10 12:25:00,2,1050,Rechargeable LED Bulb,Kurunegala,2100
EH-2022000186,20082,2022-08-10 12:25:00,1,4690,Bluetooth Earbuds,Kurunegala,4690
EH-2022000187,20231,2022-08-10 18:59:07,2,1080,Rechargeable LED Bulb,Colombo,2160
EH-2022000188,20162,2022-08-10 20:23:27,2,3840,Philips Electric Kettle,Ratnapura,7680
EH-2022000188,20162,2022-08-10 20:23:27,2,1080,Rechargeable LED Bulb,Ratnapura,2160
EH-2022000189,20025,2022-08-12 08:05:41,2,3980,Solar Lantern (Rechargeable),Colombo,7960
EH-2022000189,20025,2022-08-12 08:05:41,1,1830,Gas Cooker Adapter (LPG-saver),Colombo,1830
EH-2022000189,20025,2022-08-12 08:05:41,2,1010,Rechargeable LED Bulb,Colombo,2020
EH-2022000190,20001,2022-08-15 17:37:03,1,7180,Sony Bluetooth Speaker,Colombo,7180
EH-2022000190,20001,2022-08-15 17:37:03,3,980,Rechargeable LED Bulb,Colombo,2940
EH-2022000191,20024,2022-08-16 09:21:02,1,27630,Inverter Battery 12V 100Ah,Colombo,27630
EH-2022000192,20233,2022-08-16 18:06:44,1,4530,Solar Lantern (Rechargeable),Colombo,4530
EH-2022000193,20001,2022-08-17 20:48:33,1,4530,Bluetooth Earbuds,Colombo,4530
EH-2022000193,20001,2022-08-17 20:48:33,1,1630,Gas Cooker Adapter (LPG-saver),Colombo,1630
EH-2022000194,20098,2022-08-20 13:27:11,1,3510,Power Bank 10000mAh,Colombo,3510
EH-2022000194,20098,2022-08-20 13:27:11,1,4960,National Table Fan 16-inch,Colombo,4960
EH-2022000195,20231,2022-08-21 09:57:37,1,6210,Innovex Rice Cooker 1.8L,Colombo,6210
EH-2022000195,20231,2022-08-21 09:57:37,1,21490,Panasonic Inverter 700VA,Colombo,21490
EH-2022000195,20231,2022-08-21 09:57:37,1,92620,Kelvinator Refrigerator 190L,Colombo,92620
EH-2022000196,20165,2022-08-22 16:36:50,1,3800,Power Bank 10000mAh,Jaffna,3800
EH-2022000197,20048,2022-08-27 09:55:29,1,4540,Bluetooth Earbuds,Colombo,4540
EH-2022000197,20048,2022-08-27 09:55:29,1,7050,Sony Bluetooth Speaker,Colombo,7050
EH-2022000197,20048,2022-08-27 09:55:29,1,5150,Abans Blender 400W,Colombo,5150
EH-2022000198,20135,2022-08-28 19:52:34,1,23730,Inverter Battery 12V 100Ah,Gampaha,23730
EH-2022000198,20135,2022-08-28 19:52:34,1,5290,Abans Blender 400W,Gampaha,5290
EH-2022000198,20135,2022-08-28 19:52:34,3,1050,Rechargeable LED Bulb,Gampaha,3150
EH-2022000199,20058,2022-08-29 15:16:11,2,960,Rechargeable LED Bulb,Galle,1920
EH-2022000200,20192,2022-08-30 16:49:43,1,4150,Solar Lantern (Rechargeable),Kurunegala,4150
EH-2022000200,20192,2022-08-30 16:49:43,1,4520,Bluetooth Earbuds,Kurunegala,4520
EH-2022000200,20192,2022-08-30 16:49:43,3,900,Rechargeable LED Bulb,Kurunegala,2700
EH-2022000201,20222,2022-08-30 19:43:19,1,22600,Inverter Battery 12V 100Ah,Matara,22600
EH-2022000202,20062,2022-09-01 12:45:24,1,35760,Singer LED TV 32-inch,Colombo,35760
EH-2022000203,20042,2022-09-02 18:49:59,2,3820,Solar Lantern (Rechargeable),Gampaha,7640
EH-2022000203,20042,2022-09-02 18:49:59,2,3990,Power Bank 10000mAh,Gampaha,7980
EH-2022000203,20042,2022-09-02 18:49:59,1,67560,Samsung Galaxy A14 Smartphone,Gampaha,67560
EH-2022000204,20173,2022-09-02 19:11:50,1,4720,National Table Fan 16-inch,Gampaha,4720
EH-2022000204,20173,2022-09-02 19:11:50,2,3750,Solar Lantern (Rechargeable),Gampaha,7500
EH-2022000204,20173,2022-09-02 19:11:50,1,22000,Panasonic Inverter 700VA,Gampaha,22000
EH-2022000205,20057,2022-09-03 11:35:41,1,21100,Panasonic Inverter 700VA,Gampaha,21100
EH-2022000205,20057,2022-09-03 11:35:41,2,930,Extension Cord (4-Socket),Gampaha,1860
EH-2022000206,20214,2022-09-03 13:45:13,1,20200,Panasonic Inverter 700VA,Colombo,20200
EH-2022000207,20142,2022-09-06 15:35:25,3,890,Rechargeable LED Bulb,Gampaha,2670
EH-2022000208,20057,2022-09-07 15:14:09,1,8980,itel Feature Phone,Gampaha,8980
EH-2022000208,20057,2022-09-07 15:14:09,3,1030,Rechargeable LED Bulb,Gampaha,3090
EH-2022000208,20057,2022-09-07 15:14:09,1,20420,Panasonic Inverter 700VA,Gampaha,20420
EH-2022000209,20089,2022-09-08 17:06:59,2,1030,Rechargeable LED Bulb,Colombo,2060
EH-2022000209,20089,2022-09-08 17:06:59,1,2030,Laptop Cooling Pad,Colombo,2030
EH-2022000209,20089,2022-09-08 17:06:59,1,4480,Solar Lantern (Rechargeable),Colombo,4480
EH-2022000210,20212,2022-09-10 15:40:54,1,4370,Solar Lantern (Rechargeable),Kurunegala,4370
EH-2022000210,20212,2022-09-10 15:40:54,1,62750,Samsung Galaxy A14 Smartphone,Kurunegala,62750
EH-2022000211,20220,2022-09-11 12:32:20,1,25130,Inverter Battery 12V 100Ah,Matara,25130
EH-2022000211,20220,2022-09-11 12:32:20,1,4020,Solar Lantern (Rechargeable),Matara,4020
EH-2022000211,20220,2022-09-11 12:32:20,1,8410,itel Feature Phone,Matara,8410
EH-2022000212,20080,2022-09-16 12:20:30,1,940,Rechargeable LED Bulb,Kalutara,940
EH-2022000213,20244,2022-09-16 18:46:25,1,43110,Xiaomi Redmi 12 Smartphone,Gampaha,43110
EH-2022000214,20057,2022-09-16 20:17:36,1,4870,National Table Fan 16-inch,Gampaha,4870
EH-2022000215,20193,2022-09-19 18:08:30,1,1590,Gas Cooker Adapter (LPG-saver),Colombo,1590
EH-2022000215,20193,2022-09-19 18:08:30,2,920,Extension Cord (4-Socket),Colombo,1840
EH-2022000216,20193,2022-09-20 10:25:57,2,3810,Power Bank 10000mAh,Colombo,7620
EH-2022000216,20193,2022-09-20 10:25:57,1,940,Extension Cord (4-Socket),Colombo,940
EH-2022000216,20193,2022-09-20 10:25:57,2,3630,Solar Lantern (Rechargeable),Colombo,7260
EH-2022000217,20181,2022-09-20 15:31:56,2,3890,Solar Lantern (Rechargeable),Gampaha,7780
EH-2022000217,20181,2022-09-20 15:31:56,1,5400,Abans Blender 400W,Gampaha,5400
EH-2022000217,20181,2022-09-20 15:31:56,1,4680,National Table Fan 16-inch,Gampaha,4680
EH-2022000218,20019,2022-09-20 19:28:14,1,4690,National Table Fan 16-inch,Gampaha,4690
EH-2022000219,20048,2022-09-22 12:05:32,1,4570,Bluetooth Earbuds,Colombo,4570
EH-2022000219,20048,2022-09-22 12:05:32,2,930,Rechargeable LED Bulb,Colombo,1860
EH-2022000220,20222,2022-09-22 13:22:03,1,4050,Power Bank 10000mAh,Matara,4050
EH-2022000221,20115,2022-09-24 08:11:18,1,26610,Inverter Battery 12V 100Ah,Gampaha,26610
EH-2022000222,20208,2022-09-24 19:21:56,1,3670,Philips Electric Kettle,Gampaha,3670
EH-2022000222,20208,2022-09-24 19:21:56,1,5480,Abans Blender 400W,Gampaha,5480
EH-2022000222,20208,2022-09-24 19:21:56,2,1020,Rechargeable LED Bulb,Gampaha,2040
EH-2022000223,20126,2022-09-27 11:51:28,1,20480,Panasonic Inverter 700VA,Puttalam,20480
EH-2022000223,20126,2022-09-27 11:51:28,1,3660,Power Bank 10000mAh,Puttalam,3660
EH-2022000223,20126,2022-09-27 11:51:28,2,950,Rechargeable LED Bulb,Puttalam,1900
EH-2022000224,20057,2022-09-28 08:32:49,1,4150,Solar Lantern (Rechargeable),Gampaha,4150
EH-2022000224,20057,2022-09-28 08:32:49,1,6870,Sony Bluetooth Speaker,Gampaha,6870
EH-2022000224,20057,2022-09-28 08:32:49,1,4500,Bluetooth Earbuds,Gampaha,4500
EH-2022000225,20162,2022-09-29 16:09:51,2,3900,Solar Lantern (Rechargeable),Ratnapura,7800
EH-2022000225,20162,2022-09-29 16:09:51,1,990,Extension Cord (4-Socket),Ratnapura,990
EH-2022000226,20169,2022-09-30 13:53:57,1,3860,Solar Lantern (Rechargeable),Kalutara,3860
EH-2022000226,20169,2022-09-30 13:53:57,2,3720,Philips Electric Kettle,Kalutara,7440
EH-2022000227,20045,2022-10-01 10:42:16,1,4440,Bluetooth Earbuds,Colombo,4440
EH-2022000227,20045,2022-10-01 10:42:16,2,3220,Power Bank 10000mAh,Colombo,6440
EH-2022000228,20106,2022-10-02 16:57:30,1,3150,Power Bank 10000mAh,Colombo,3150
EH-2022000228,20106,2022-10-02 16:57:30,1,18280,Panasonic Inverter 700VA,Colombo,18280
EH-2022000229,20053,2022-10-02 18:08:08,1,35300,Singer LED TV 32-inch,Ratnapura,35300
EH-2022000230,20193,2022-10-03 12:58:27,1,41620,Xiaomi Redmi 12 Smartphone,Colombo,41620
EH-2022000231,20047,2022-10-03 18:46:06,1,61630,Singer LED TV 43-inch,Matara,61630
EH-2022000232,20115,2022-10-05 11:50:39,2,990,Extension Cord (4-Socket),Gampaha,1980
EH-2022000232,20115,2022-10-05 11:50:39,1,7420,Sony Bluetooth Speaker,Gampaha,7420
EH-2022000232,20115,2022-10-05 11:50:39,1,8330,itel Feature Phone,Gampaha,8330
EH-2022000233,20080,2022-10-07 12:57:26,1,128620,LG Washing Machine 7kg,Kalutara,128620
EH-2022000233,20080,2022-10-07 12:57:26,1,61590,Singer LED TV 43-inch,Kalutara,61590
EH-2022000233,20080,2022-10-07 12:57:26,2,3260,Power Bank 10000mAh,Kalutara,6520
EH-2022000234,20058,2022-10-07 17:32:55,1,4580,Bluetooth Earbuds,Galle,4580
EH-2022000234,20058,2022-10-07 17:32:55,2,3230,Power Bank 10000mAh,Galle,6460
EH-2022000234,20058,2022-10-07 17:32:55,1,3990,Philips Electric Kettle,Galle,3990
EH-2022000235,20039,2022-10-07 17:40:39,1,7080,Sony Bluetooth Speaker,Kalutara,7080
EH-2022000235,20039,2022-10-07 17:40:39,1,920,Extension Cord (4-Socket),Kalutara,920
EH-2022000236,20230,2022-10-07 18:42:50,1,42830,Xiaomi Redmi 12 Smartphone,Gampaha,42830
EH-2022000236,20230,2022-10-07 18:42:50,1,5420,Abans Blender 400W,Gampaha,5420
EH-2022000237,20100,2022-10-08 12:36:43,1,8230,itel Feature Phone,Gampaha,8230
EH-2022000237,20100,2022-10-08 12:36:43,1,4590,National Table Fan 16-inch,Gampaha,4590
EH-2022000237,20100,2022-10-08 12:36:43,1,2000,Laptop Cooling Pad,Gampaha,2000
EH-2022000238,20121,2022-10-08 12:56:32,1,22030,Inverter Battery 12V 100Ah,Gampaha,22030
EH-2022000239,20222,2022-10-08 13:23:33,2,880,Rechargeable LED Bulb,Matara,1760
EH-2022000239,20222,2022-10-08 13:23:33,1,8140,itel Feature Phone,Matara,8140
EH-2022000239,20222,2022-10-08 13:23:33,1,41510,Xiaomi Redmi 12 Smartphone,Matara,41510
EH-2022000240,20104,2022-10-08 19:55:29,1,6370,Innovex Rice Cooker 1.8L,Ratnapura,6370
EH-2022000240,20104,2022-10-08 19:55:29,1,3040,Power Bank 10000mAh,Ratnapura,3040
EH-2022000241,20191,2022-10-09 17:26:09,1,36720,Singer LED TV 32-inch,Galle,36720
EH-2022000241,20191,2022-10-09 17:26:09,1,8680,itel Feature Phone,Galle,8680
EH-2022000242,20205,2022-10-09 18:04:46,1,17990,Panasonic Inverter 700VA,Kurunegala,17990
EH-2022000242,20205,2022-10-09 18:04:46,1,65320,Samsung Galaxy A14 Smartphone,Kurunegala,65320
EH-2022000242,20205,2022-10-09 18:04:46,1,6920,Sony Bluetooth Speaker,Kurunegala,6920
EH-2022000243,20122,2022-10-11 08:09:52,1,88610,Kelvinator Refrigerator 190L,Kandy,88610
EH-2022000243,20122,2022-10-11 08:09:52,1,21020,Inverter Battery 12V 100Ah,Kandy,21020
EH-2022000244,20071,2022-10-12 15:35:52,2,850,Rechargeable LED Bulb,Kalutara,1700
EH-2022000244,20071,2022-10-12 15:35:52,1,18160,Panasonic Inverter 700VA,Kalutara,18160
EH-2022000245,20245,2022-10-12 19:26:33,1,4990,Abans Blender 400W,Gampaha,4990
EH-2022000245,20245,2022-10-12 19:26:33,1,89470,Kelvinator Refrigerator 190L,Gampaha,89470
EH-2022000245,20245,2022-10-12 19:26:33,2,3850,Philips Electric Kettle,Gampaha,7700
EH-2022000246,20198,2022-10-13 11:49:32,1,6860,Innovex Rice Cooker 1.8L,Gampaha,6860
EH-2022000246,20198,2022-10-13 11:49:32,1,61560,Singer LED TV 43-inch,Gampaha,61560
EH-2022000246,20198,2022-10-13 11:49:32,1,880,Rechargeable LED Bulb,Gampaha,880
EH-2022000247,20136,2022-10-13 17:49:19,3,870,Rechargeable LED Bulb,Gampaha,2610
EH-2022000248,20193,2022-10-14 16:18:26,1,1450,Gas Cooker Adapter (LPG-saver),Colombo,1450
EH-2022000248,20193,2022-10-14 16:18:26,1,19530,Panasonic Inverter 700VA,Colombo,19530
EH-2022000248,20193,2022-10-14 16:18:26,1,8680,itel Feature Phone,Colombo,8680
EH-2022000249,20133,2022-10-14 18:54:28,2,980,Extension Cord (4-Socket),Batticaloa,1960
EH-2022000250,20136,2022-10-15 16:57:22,1,6240,Innovex Rice Cooker 1.8L,Gampaha,6240
EH-2022000251,20212,2022-10-15 18:43:46,2,3980,Philips Electric Kettle,Kurunegala,7960
EH-2022000252,20171,2022-10-17 09:12:00,1,3080,Power Bank 10000mAh,Ratnapura,3080
EH-2022000253,20106,2022-10-17 10:10:25,1,5510,Abans Blender 400W,Colombo,5510
EH-2022000253,20106,2022-10-17 10:10:25,1,42910,Xiaomi Redmi 12 Smartphone,Colombo,42910
EH-2022000254,20212,2022-10-18 19:31:40,1,880,Rechargeable LED Bulb,Kurunegala,880
EH-2022000255,20190,2022-10-21 16:24:32,1,8200,itel Feature Phone,Kandy,8200
EH-2022000256,20149,2022-10-21 17:28:11,1,6200,Innovex Rice Cooker 1.8L,Kurunegala,6200
EH-2022000256,20149,2022-10-21 17:28:11,1,2210,Laptop Cooling Pad,Kurunegala,2210
EH-2022000256,20149,2022-10-21 17:28:11,3,860,Rechargeable LED Bulb,Kurunegala,2580
EH-2022000257,20072,2022-10-22 13:50:25,1,22530,Inverter Battery 12V 100Ah,Kurunegala,22530
EH-2022000258,20212,2022-10-23 20:04:21,1,840,Rechargeable LED Bulb,Kurunegala,840
EH-2022000258,20212,2022-10-23 20:04:21,1,5010,Abans Blender 400W,Kurunegala,5010
EH-2022000259,20053,2022-10-24 18:07:42,1,4560,National Table Fan 16-inch,Ratnapura,4560
EH-2022000259,20053,2022-10-24 18:07:42,1,40710,Xiaomi Redmi 12 Smartphone,Ratnapura,40710
EH-2022000259,20053,2022-10-24 18:07:42,2,4000,Philips Electric Kettle,Ratnapura,8000
EH-2022000260,20105,2022-10-26 15:53:28,2,950,Extension Cord (4-Socket),Anuradhapura,1900
EH-2022000260,20105,2022-10-26 15:53:28,1,1380,Gas Cooker Adapter (LPG-saver),Anuradhapura,1380
EH-2022000260,20105,2022-10-26 15:53:28,1,61230,Singer LED TV 43-inch,Anuradhapura,61230
EH-2022000261,20229,2022-10-26 18:07:13,2,3910,Philips Electric Kettle,Colombo,7820
EH-2022000261,20229,2022-10-26 18:07:13,1,93860,Kelvinator Refrigerator 190L,Colombo,93860
EH-2022000262,20144,2022-10-26 19:07:53,1,2060,Laptop Cooling Pad,Colombo,2060
EH-2022000262,20144,2022-10-26 19:07:53,1,19370,Panasonic Inverter 700VA,Colombo,19370
EH-2022000263,20260,2022-10-26 19:17:46,1,8580,itel Feature Phone,Galle,8580
EH-2022000263,20260,2022-10-26 19:17:46,1,4560,National Table Fan 16-inch,Galle,4560
EH-2022000264,20097,2022-10-27 13:03:20,1,5090,Abans Blender 400W,Matale,5090
EH-2022000265,20115,2022-10-27 18:24:29,1,4620,Bluetooth Earbuds,Gampaha,4620
EH-2022000265,20115,2022-10-27 18:24:29,1,1410,Gas Cooker Adapter (LPG-saver),Gampaha,1410
EH-2022000265,20115,2022-10-27 18:24:29,1,5280,Abans Blender 400W,Gampaha,5280
EH-2022000266,20197,2022-10-28 09:49:19,1,4810,National Table Fan 16-inch,Colombo,4810
EH-2022000266,20197,2022-10-28 09:49:19,1,65430,Singer LED TV 43-inch,Colombo,65430
EH-2022000267,20220,2022-10-28 16:58:48,1,22220,Inverter Battery 12V 100Ah,Matara,22220
EH-2022000267,20220,2022-10-28 16:58:48,1,4630,Bluetooth Earbuds,Matara,4630
EH-2022000268,20191,2022-10-29 17:30:45,1,18860,Panasonic Inverter 700VA,Galle,18860
EH-2022000269,20121,2022-10-31 09:27:12,1,2220,Laptop Cooling Pad,Gampaha,2220
EH-2022000269,20121,2022-10-31 09:27:12,1,18460,Panasonic Inverter 700VA,Gampaha,18460
EH-2022000270,20086,2022-10-31 11:56:38,2,830,Rechargeable LED Bulb,Galle,1660
EH-2022000271,20048,2022-10-31 13:22:54,1,2200,Laptop Cooling Pad,Colombo,2200
EH-2022000272,20133,2022-10-31 18:27:19,1,42110,Xiaomi Redmi 12 Smartphone,Batticaloa,42110
EH-2022000272,20133,2022-10-31 18:27:19,1,19040,Panasonic Inverter 700VA,Batticaloa,19040
EH-2022000272,20133,2022-10-31 18:27:19,1,2080,Laptop Cooling Pad,Batticaloa,2080
EH-2022000273,20086,2022-10-31 19:18:04,1,63880,Samsung Galaxy A14 Smartphone,Galle,63880
EH-2022000273,20086,2022-10-31 19:18:04,1,3360,Power Bank 10000mAh,Galle,3360
EH-2022000274,20128,2022-11-01 10:49:24,1,5030,Abans Blender 400W,Matara,5030
EH-2022000274,20128,2022-11-01 10:49:24,1,17650,Panasonic Inverter 700VA,Matara,17650
EH-2022000275,20090,2022-11-01 10:54:17,1,8360,itel Feature Phone,Galle,8360
EH-2022000276,20243,2022-11-02 18:58:04,1,22430,Inverter Battery 12V 100Ah,Colombo,22430
EH-2022000276,20243,2022-11-02 18:58:04,1,41700,Xiaomi Redmi 12 Smartphone,Colombo,41700
EH-2022000277,20252,2022-11-02 19:36:17,1,3640,Philips Electric Kettle,Badulla,3640
EH-2022000277,20252,2022-11-02 19:36:17,1,19380,Panasonic Inverter 700VA,Badulla,19380
EH-2022000278,20004,2022-11-03 08:28:50,1,3300,Power Bank 10000mAh,Galle,3300
EH-2022000279,20053,2022-11-03 16:43:18,1,6190,Innovex Rice Cooker 1.8L,Ratnapura,6190
EH-2022000279,20053,2022-11-03 16:43:18,1,850,Rechargeable LED Bulb,Ratnapura,850
EH-2022000280,20036,2022-11-03 19:42:13,1,34460,Singer LED TV 32-inch,Colombo,34460
EH-2022000280,20036,2022-11-03 19:42:13,1,6750,Innovex Rice Cooker 1.8L,Colombo,6750
EH-2022000280,20036,2022-11-03 19:42:13,1,840,Rechargeable LED Bulb,Colombo,840
EH-2022000281,20045,2022-11-04 16:07:12,2,3280,Power Bank 10000mAh,Colombo,6560
EH-2022000282,20106,2022-11-05 10:06:31,1,18570,Panasonic Inverter 700VA,Colombo,18570
EH-2022000283,20096,2022-11-05 15:52:25,1,21570,Inverter Battery 12V 100Ah,Ratnapura,21570
EH-2022000283,20096,2022-11-05 15:52:25,1,18240,Panasonic Inverter 700VA,Ratnapura,18240
EH-2022000283,20096,2022-11-05 15:52:25,1,5030,Abans Blender 400W,Ratnapura,5030
EH-2022000284,20115,2022-11-05 17:12:14,1,42720,Xiaomi Redmi 12 Smartphone,Gampaha,42720
EH-2022000284,20115,2022-11-05 17:12:14,1,5130,Abans Blender 400W,Gampaha,5130
EH-2022000284,20115,2022-11-05 17:12:14,1,880,Rechargeable LED Bulb,Gampaha,880
EH-2022000285,20022,2022-11-05 19:40:40,1,6620,Innovex Rice Cooker 1.8L,Matale,6620
EH-2022000286,20001,2022-11-06 18:45:32,3,850,Rechargeable LED Bulb,Colombo,2550
EH-2022000286,20001,2022-11-06 18:45:32,1,42160,Xiaomi Redmi 12 Smartphone,Colombo,42160
EH-2022000287,20115,2022-11-07 12:43:06,1,68670,Samsung Galaxy A14 Smartphone,Gampaha,68670
EH-2022000287,20115,2022-11-07 12:43:06,1,4950,National Table Fan 16-inch,Gampaha,4950
EH-2022000287,20115,2022-11-07 12:43:06,1,7580,Sony Bluetooth Speaker,Gampaha,7580
EH-2022000288,20086,2022-11-07 17:53:48,1,20980,Inverter Battery 12V 100Ah,Galle,20980
EH-2022000289,20115,2022-11-08 08:28:47,1,3620,Solar Lantern (Rechargeable),Gampaha,3620
EH-2022000289,20115,2022-11-08 08:28:47,1,2010,Laptop Cooling Pad,Gampaha,2010
EH-2022000289,20115,2022-11-08 08:28:47,2,930,Extension Cord (4-Socket),Gampaha,1860
EH-2022000290,20057,2022-11-08 16:49:20,1,4920,National Table Fan 16-inch,Gampaha,4920
EH-2022000290,20057,2022-11-08 16:49:20,1,8430,itel Feature Phone,Gampaha,8430
EH-2022000291,20110,2022-11-09 11:46:50,1,22630,Inverter Battery 12V 100Ah,Matale,22630
EH-2022000291,20110,2022-11-09 11:46:50,1,127680,LG Washing Machine 7kg,Matale,127680
EH-2022000291,20110,2022-11-09 11:46:50,1,1460,Gas Cooker Adapter (LPG-saver),Matale,1460
EH-2022000292,20126,2022-11-09 12:12:31,1,67190,Samsung Galaxy A14 Smartphone,Puttalam,67190
EH-2022000292,20126,2022-11-09 12:12:31,1,4380,Bluetooth Earbuds,Puttalam,4380
EH-2022000293,20244,2022-11-10 19:15:28,1,87760,Kelvinator Refrigerator 190L,Gampaha,87760
EH-2022000294,20136,2022-11-10 19:34:41,1,22570,Inverter Battery 12V 100Ah,Gampaha,22570
EH-2022000294,20136,2022-11-10 19:34:41,1,34640,Singer LED TV 32-inch,Gampaha,34640
EH-2022000295,20222,2022-11-13 16:10:03,2,3880,Philips Electric Kettle,Matara,7760
EH-2022000295,20222,2022-11-13 16:10:03,1,4670,Bluetooth Earbuds,Matara,4670
EH-2022000295,20222,2022-11-13 16:10:03,1,8660,itel Feature Phone,Matara,8660
EH-2022000296,20096,2022-11-17 10:58:44,1,6540,Innovex Rice Cooker 1.8L,Ratnapura,6540
EH-2022000297,20212,2022-11-17 20:31:27,2,840,Rechargeable LED Bulb,Kurunegala,1680
EH-2022000297,20212,2022-11-17 20:31:27,2,3090,Power Bank 10000mAh,Kurunegala,6180
EH-2022000297,20212,2022-11-17 20:31:27,1,3900,Philips Electric Kettle,Kurunegala,3900
EH-2022000298,20022,2022-11-18 19:30:13,1,41790,Xiaomi Redmi 12 Smartphone,Matale,41790
EH-2022000299,20206,2022-11-19 14:15:08,1,4660,Bluetooth Earbuds,Colombo,4660
EH-2022000299,20206,2022-11-19 14:15:08,1,6500,Innovex Rice Cooker 1.8L,Colombo,6500
EH-2022000300,20198,2022-11-19 18:53:48,1,820,Rechargeable LED Bulb,Gampaha,820
EH-2022000301,20093,2022-11-22 16:22:27,1,3630,Philips Electric Kettle,Anuradhapura,3630
EH-2022000301,20093,2022-11-22 16:22:27,1,6660,Innovex Rice Cooker 1.8L,Anuradhapura,6660
EH-2022000302,20034,2022-11-23 14:13:12,1,880,Rechargeable LED Bulb,Badulla,880
EH-2022000303,20187,2022-11-24 09:19:10,2,3230,Power Bank 10000mAh,Gampaha,6460
EH-2022000304,20219,2022-11-25 13:40:59,2,990,Extension Cord (4-Socket),Kandy,1980
EH-2022000305,20121,2022-11-25 15:01:39,1,8990,itel Feature Phone,Gampaha,8990
EH-2022000305,20121,2022-11-25 15:01:39,1,3090,Power Bank 10000mAh,Gampaha,3090
EH-2022000305,20121,2022-11-25 15:01:39,1,5320,Abans Blender 400W,Gampaha,5320
EH-2022000306,20207,2022-11-25 19:39:02,1,4910,National Table Fan 16-inch,Colombo,4910
EH-2022000307,20119,2022-11-25 20:23:40,3,810,Rechargeable LED Bulb,Gampaha,2430
EH-2022000307,20119,2022-11-25 20:23:40,1,6280,Innovex Rice Cooker 1.8L,Gampaha,6280
EH-2022000307,20119,2022-11-25 20:23:40,1,8430,itel Feature Phone,Gampaha,8430
EH-2022000308,20222,2022-11-26 10:59:17,1,62250,Samsung Galaxy A14 Smartphone,Matara,62250
EH-2022000309,20202,2022-11-26 12:59:19,2,3150,Power Bank 10000mAh,Gampaha,6300
EH-2022000310,20231,2022-11-26 14:10:34,1,3860,Philips Electric Kettle,Colombo,3860
EH-2022000311,20021,2022-11-26 15:05:52,1,127510,LG Washing Machine 7kg,Colombo,127510
EH-2022000311,20021,2022-11-26 15:05:52,1,61760,Singer LED TV 43-inch,Colombo,61760
EH-2022000312,20082,2022-11-27 17:23:32,2,3700,Philips Electric Kettle,Kurunegala,7400
EH-2022000313,20106,2022-11-28 12:23:19,1,62510,Singer LED TV 43-inch,Colombo,62510
EH-2022000314,20209,2022-11-28 16:17:36,1,6500,Innovex Rice Cooker 1.8L,Ratnapura,6500
EH-2022000314,20209,2022-11-28 16:17:36,2,3050,Power Bank 10000mAh,Ratnapura,6100
EH-2022000315,20232,2022-11-28 19:18:36,1,3890,Philips Electric Kettle,Colombo,3890
EH-2022000316,20112,2022-11-30 19:29:34,1,5040,Abans Blender 400W,Gampaha,5040
EH-2022000316,20112,2022-11-30 19:29:34,1,22480,Inverter Battery 12V 100Ah,Gampaha,22480
EH-2022000317,20212,2022-12-01 14:02:03,1,6450,Innovex Rice Cooker 1.8L,Kurunegala,6450
EH-2022000317,20212,2022-12-01 14:02:03,1,960,Extension Cord (4-Socket),Kurunegala,960
EH-2022000317,20212,2022-12-01 14:02:03,1,4610,National Table Fan 16-inch,Kurunegala,4610
EH-2022000318,20102,2022-12-01 17:15:14,2,990,Extension Cord (4-Socket),Gampaha,1980
EH-2022000318,20102,2022-12-01 17:15:14,1,121460,LG Washing Machine 7kg,Gampaha,121460
EH-2022000319,20231,2022-12-01 18:45:57,1,18620,Panasonic Inverter 700VA,Colombo,18620
EH-2022000319,20231,2022-12-01 18:45:57,1,5080,Abans Blender 400W,Colombo,5080
EH-2022000319,20231,2022-12-01 18:45:57,1,3220,Power Bank 10000mAh,Colombo,3220
EH-2022000320,20031,2022-12-01 20:15:04,1,2110,Laptop Cooling Pad,Kurunegala,2110
EH-2022000321,20024,2022-12-02 11:31:36,1,970,Extension Cord (4-Socket),Colombo,970
EH-2022000321,20024,2022-12-02 11:31:36,2,4020,Philips Electric Kettle,Colombo,8040
EH-2022000322,20071,2022-12-02 18:13:30,1,5490,Abans Blender 400W,Kalutara,5490
EH-2022000322,20071,2022-12-02 18:13:30,2,930,Extension Cord (4-Socket),Kalutara,1860
EH-2022000322,20071,2022-12-02 18:13:30,1,5080,National Table Fan 16-inch,Kalutara,5080
EH-2022000323,20194,2022-12-02 19:09:44,1,5000,Abans Blender 400W,Kalutara,5000
EH-2022000323,20194,2022-12-02 19:09:44,1,4600,National Table Fan 16-inch,Kalutara,4600
EH-2022000323,20194,2022-12-02 19:09:44,1,68430,Samsung Galaxy A14 Smartphone,Kalutara,68430
EH-2022000324,20044,2022-12-03 10:31:31,1,7600,Sony Bluetooth Speaker,Jaffna,7600
EH-2022000324,20044,2022-12-03 10:31:31,1,4290,Bluetooth Earbuds,Jaffna,4290
EH-2022000324,20044,2022-12-03 10:31:31,2,3610,Philips Electric Kettle,Jaffna,7220
EH-2022000325,20115,2022-12-04 12:20:05,1,21140,Inverter Battery 12V 100Ah,Gampaha,21140
EH-2022000325,20115,2022-12-04 12:20:05,1,3240,Power Bank 10000mAh,Gampaha,3240
EH-2022000325,20115,2022-12-04 12:20:05,1,17640,Panasonic Inverter 700VA,Gampaha,17640
EH-2022000326,20021,2022-12-04 17:46:09,2,3680,Philips Electric Kettle,Colombo,7360
EH-2022000327,20128,2022-12-06 14:22:12,2,930,Extension Cord (4-Socket),Matara,1860
EH-2022000327,20128,2022-12-06 14:22:12,2,850,Rechargeable LED Bulb,Matara,1700
EH-2022000328,20129,2022-12-06 16:20:48,1,40120,Xiaomi Redmi 12 Smartphone,Colombo,40120
EH-2022000328,20129,2022-12-06 16:20:48,1,2120,Laptop Cooling Pad,Colombo,2120
EH-2022000328,20129,2022-12-06 16:20:48,1,114490,LG Washing Machine 7kg,Colombo,114490
EH-2022000329,20030,2022-12-07 13:47:29,3,870,Rechargeable LED Bulb,Colombo,2610
EH-2022000329,20030,2022-12-07 13:47:29,1,1010,Extension Cord (4-Socket),Colombo,1010
EH-2022000329,20030,2022-12-07 13:47:29,1,42500,Xiaomi Redmi 12 Smartphone,Colombo,42500
EH-2022000330,20062,2022-12-08 12:03:13,1,65340,Singer LED TV 43-inch,Colombo,65340
EH-2022000330,20062,2022-12-08 12:03:13,1,122180,LG Washing Machine 7kg,Colombo,122180
EH-2022000330,20062,2022-12-08 12:03:13,1,22010,Inverter Battery 12V 100Ah,Colombo,22010
EH-2022000331,20192,2022-12-08 14:57:21,1,6200,Innovex Rice Cooker 1.8L,Kurunegala,6200
EH-2022000331,20192,2022-12-08 14:57:21,1,19550,Panasonic Inverter 700VA,Kurunegala,19550
EH-2022000332,20053,2022-12-08 16:11:51,1,21970,Inverter Battery 12V 100Ah,Ratnapura,21970
EH-2022000333,20115,2022-12-08 18:21:29,1,7080,Sony Bluetooth Speaker,Gampaha,7080
EH-2022000333,20115,2022-12-08 18:21:29,1,4280,Bluetooth Earbuds,Gampaha,4280
EH-2022000333,20115,2022-12-08 18:21:29,1,120450,LG Washing Machine 7kg,Gampaha,120450
EH-2022000334,20005,2022-12-09 11:53:35,1,8390,itel Feature Phone,Colombo,8390
EH-2022000334,20005,2022-12-09 11:53:35,1,3810,Philips Electric Kettle,Colombo,3810
EH-2022000335,20192,2022-12-09 15:38:44,1,5240,Abans Blender 400W,Kurunegala,5240
EH-2022000335,20192,2022-12-09 15:38:44,1,34890,Singer LED TV 32-inch,Kurunegala,34890
EH-2022000335,20192,2022-12-09 15:38:44,1,4620,Bluetooth Earbuds,Kurunegala,4620
EH-2022000336,20096,2022-12-09 19:45:39,2,980,Extension Cord (4-Socket),Ratnapura,1960
EH-2022000336,20096,2022-12-09 19:45:39,1,120830,LG Washing Machine 7kg,Ratnapura,120830
EH-2022000336,20096,2022-12-09 19:45:39,1,16300,Panasonic Inverter 700VA,Ratnapura,16300
EH-2022000337,20057,2022-12-10 09:23:14,1,1440,Gas Cooker Adapter (LPG-saver),Gampaha,1440
EH-2022000338,20228,2022-12-10 14:07:46,2,3280,Power Bank 10000mAh,Gampaha,6560
EH-2022000338,20228,2022-12-10 14:07:46,1,6260,Innovex Rice Cooker 1.8L,Gampaha,6260
EH-2022000339,20086,2022-12-10 15:45:43,1,122850,LG Washing Machine 7kg,Galle,122850
EH-2022000339,20086,2022-12-10 15:45:43,1,890,Rechargeable LED Bulb,Galle,890
EH-2022000340,20072,2022-12-11 08:04:51,1,6570,Innovex Rice Cooker 1.8L,Kurunegala,6570
EH-2022000340,20072,2022-12-11 08:04:51,1,3260,Power Bank 10000mAh,Kurunegala,3260
EH-2022000341,20098,2022-12-13 12:54:45,1,2010,Laptop Cooling Pad,Colombo,2010
EH-2022000341,20098,2022-12-13 12:54:45,1,3280,Power Bank 10000mAh,Colombo,3280
EH-2022000342,20231,2022-12-13 18:50:39,1,62560,Samsung Galaxy A14 Smartphone,Colombo,62560
EH-2022000342,20231,2022-12-13 18:50:39,1,4960,National Table Fan 16-inch,Colombo,4960
EH-2022000343,20097,2022-12-14 17:45:56,2,3090,Power Bank 10000mAh,Matale,6180
EH-2022000344,20165,2022-12-14 18:55:06,1,4300,Bluetooth Earbuds,Jaffna,4300
EH-2022000345,20057,2022-12-15 12:30:53,1,79420,Kelvinator Refrigerator 190L,Gampaha,79420
EH-2022000345,20057,2022-12-15 12:30:53,1,3830,Philips Electric Kettle,Gampaha,3830
EH-2022000345,20057,2022-12-15 12:30:53,2,990,Extension Cord (4-Socket),Gampaha,1980
EH-2022000346,20236,2022-12-15 14:23:13,1,830,Rechargeable LED Bulb,Badulla,830
EH-2022000346,20236,2022-12-15 14:23:13,1,64310,Singer LED TV 43-inch,Badulla,64310
EH-2022000346,20236,2022-12-15 14:23:13,1,3790,Philips Electric Kettle,Badulla,3790
EH-2022000347,20019,2022-12-15 16:52:51,1,2220,Laptop Cooling Pad,Gampaha,2220
EH-2022000347,20019,2022-12-15 16:52:51,1,34300,Singer LED TV 32-inch,Gampaha,34300
EH-2022000347,20019,2022-12-15 16:52:51,1,4870,National Table Fan 16-inch,Gampaha,4870
EH-2022000348,20014,2022-12-15 18:31:29,1,6540,Innovex Rice Cooker 1.8L,Matara,6540
EH-2022000348,20014,2022-12-15 18:31:29,1,2220,Laptop Cooling Pad,Matara,2220
EH-2022000348,20014,2022-12-15 18:31:29,1,1400,Gas Cooker Adapter (LPG-saver),Matara,1400
EH-2022000349,20078,2022-12-16 17:13:38,1,130110,LG Washing Machine 7kg,Matara,130110
EH-2022000349,20078,2022-12-16 17:13:38,2,3670,Solar Lantern (Rechargeable),Matara,7340
EH-2022000349,20078,2022-12-16 17:13:38,1,53350,Singer LED TV 43-inch,Matara,53350
EH-2022000350,20244,2022-12-16 19:54:55,1,2160,Laptop Cooling Pad,Gampaha,2160
EH-2022000351,20057,2022-12-16 20:42:49,1,8200,itel Feature Phone,Gampaha,8200
EH-2022000351,20057,2022-12-16 20:42:49,1,4490,Bluetooth Earbuds,Gampaha,4490
EH-2022000351,20057,2022-12-16 20:42:49,2,940,Extension Cord (4-Socket),Gampaha,1880
EH-2022000352,20123,2022-12-17 09:36:36,1,36780,Singer LED TV 32-inch,Colombo,36780
EH-2022000352,20123,2022-12-17 09:36:36,2,3350,Power Bank 10000mAh,Colombo,6700
EH-2022000353,20244,2022-12-17 12:56:40,1,4940,National Table Fan 16-inch,Gampaha,4940
EH-2022000353,20244,2022-12-17 12:56:40,1,6710,Innovex Rice Cooker 1.8L,Gampaha,6710
EH-2022000354,20120,2022-12-17 16:47:16,1,8430,itel Feature Phone,Ratnapura,8430
EH-2022000354,20120,2022-12-17 16:47:16,3,890,Rechargeable LED Bulb,Ratnapura,2670
EH-2022000355,20222,2022-12-17 19:01:16,2,3770,Philips Electric Kettle,Matara,7540
EH-2022000355,20222,2022-12-17 19:01:16,2,3500,Solar Lantern (Rechargeable),Matara,7000
EH-2022000356,20081,2022-12-18 09:51:59,2,3390,Solar Lantern (Rechargeable),Colombo,6780
EH-2022000356,20081,2022-12-18 09:51:59,1,1480,Gas Cooker Adapter (LPG-saver),Colombo,1480
EH-2022000357,20220,2022-12-19 12:33:21,1,4930,National Table Fan 16-inch,Matara,4930
EH-2022000357,20220,2022-12-19 12:33:21,2,3810,Philips Electric Kettle,Matara,7620
EH-2022000358,20133,2022-12-19 13:50:21,1,6880,Innovex Rice Cooker 1.8L,Batticaloa,6880
EH-2022000358,20133,2022-12-19 13:50:21,1,910,Extension Cord (4-Socket),Batticaloa,910
EH-2022000359,20098,2022-12-20 11:30:24,1,8730,itel Feature Phone,Colombo,8730
EH-2022000359,20098,2022-12-20 11:30:24,1,4600,Bluetooth Earbuds,Colombo,4600
EH-2022000359,20098,2022-12-20 11:30:24,1,2190,Laptop Cooling Pad,Colombo,2190
EH-2022000360,20241,2022-12-20 11:58:44,2,3080,Power Bank 10000mAh,Colombo,6160
EH-2022000360,20241,2022-12-20 11:58:44,2,940,Extension Cord (4-Socket),Colombo,1880
EH-2022000361,20193,2022-12-21 08:21:36,1,2100,Laptop Cooling Pad,Colombo,2100
EH-2022000361,20193,2022-12-21 08:21:36,1,5460,Abans Blender 400W,Colombo,5460
EH-2022000361,20193,2022-12-21 08:21:36,1,16850,Panasonic Inverter 700VA,Colombo,16850
EH-2022000362,20033,2022-12-21 16:33:33,1,6910,Sony Bluetooth Speaker,Colombo,6910
EH-2022000362,20033,2022-12-21 16:33:33,1,3690,Solar Lantern (Rechargeable),Colombo,3690
EH-2022000363,20220,2022-12-21 18:11:55,1,4680,National Table Fan 16-inch,Matara,4680
EH-2022000363,20220,2022-12-21 18:11:55,1,57810,Samsung Galaxy A14 Smartphone,Matara,57810
EH-2022000363,20220,2022-12-21 18:11:55,1,7360,Sony Bluetooth Speaker,Matara,7360
EH-2022000364,20108,2022-12-22 10:52:28,1,66110,Samsung Galaxy A14 Smartphone,Batticaloa,66110
EH-2022000364,20108,2022-12-22 10:52:28,1,4900,National Table Fan 16-inch,Batticaloa,4900
EH-2022000365,20250,2022-12-22 17:45:28,2,910,Extension Cord (4-Socket),Kalutara,1820
EH-2022000365,20250,2022-12-22 17:45:28,1,3660,Philips Electric Kettle,Kalutara,3660
EH-2022000365,20250,2022-12-22 17:45:28,1,2220,Laptop Cooling Pad,Kalutara,2220
EH-2022000366,20247,2022-12-23 20:25:28,1,7050,Sony Bluetooth Speaker,Kurunegala,7050
EH-2022000366,20247,2022-12-23 20:25:28,1,4860,National Table Fan 16-inch,Kurunegala,4860
EH-2022000366,20247,2022-12-23 20:25:28,1,4330,Bluetooth Earbuds,Kurunegala,4330
EH-2022000367,20084,2022-12-24 08:59:39,1,2220,Laptop Cooling Pad,Kandy,2220
EH-2022000368,20071,2022-12-25 15:40:29,1,8910,itel Feature Phone,Kalutara,8910
EH-2022000368,20071,2022-12-25 15:40:29,1,19540,Panasonic Inverter 700VA,Kalutara,19540
EH-2022000368,20071,2022-12-25 15:40:29,1,6720,Innovex Rice Cooker 1.8L,Kalutara,6720
EH-2022000369,20164,2022-12-26 17:08:42,1,4700,Bluetooth Earbuds,Gampaha,4700
EH-2022000369,20164,2022-12-26 17:08:42,1,8490,itel Feature Phone,Gampaha,8490
EH-2022000370,20078,2022-12-27 15:04:23,1,18030,Panasonic Inverter 700VA,Matara,18030
EH-2022000370,20078,2022-12-27 15:04:23,3,810,Rechargeable LED Bulb,Matara,2430
EH-2022000371,20244,2022-12-27 16:40:16,1,31430,Singer LED TV 32-inch,Gampaha,31430
EH-2022000372,20062,2022-12-27 17:57:42,1,970,Extension Cord (4-Socket),Colombo,970
EH-2022000373,20043,2022-12-28 08:34:23,1,4720,Bluetooth Earbuds,Kurunegala,4720
EH-2022000373,20043,2022-12-28 08:34:23,1,6700,Innovex Rice Cooker 1.8L,Kurunegala,6700
EH-2022000373,20043,2022-12-28 08:34:23,1,5070,National Table Fan 16-inch,Kurunegala,5070
EH-2022000374,20071,2022-12-28 13:26:59,1,60060,Samsung Galaxy A14 Smartphone,Kalutara,60060
EH-2022000374,20071,2022-12-28 13:26:59,2,950,Extension Cord (4-Socket),Kalutara,1900
EH-2022000374,20071,2022-12-28 13:26:59,1,2130,Laptop Cooling Pad,Kalutara,2130
EH-2022000375,20053,2022-12-28 16:23:53,1,6430,Innovex Rice Cooker 1.8L,Ratnapura,6430
EH-2022000376,20053,2022-12-29 17:55:10,1,41060,Xiaomi Redmi 12 Smartphone,Ratnapura,41060
EH-2022000376,20053,2022-12-29 17:55:10,1,120310,LG Washing Machine 7kg,Ratnapura,120310
EH-2022000376,20053,2022-12-29 17:55:10,1,8780,itel Feature Phone,Ratnapura,8780
EH-2022000377,20044,2022-12-29 19:56:39,1,4620,Bluetooth Earbuds,Jaffna,4620
EH-2022000377,20044,2022-12-29 19:56:39,2,970,Extension Cord (4-Socket),Jaffna,1940
EH-2022000378,20169,2022-12-30 09:15:00,1,6930,Sony Bluetooth Speaker,Kalutara,6930
EH-2022000379,20108,2022-12-30 17:05:32,1,22800,Inverter Battery 12V 100Ah,Batticaloa,22800
EH-2022000379,20108,2022-12-30 17:05:32,2,4020,Philips Electric Kettle,Batticaloa,8040
EH-2022000380,20193,2022-12-31 10:56:39,1,8320,itel Feature Phone,Colombo,8320
EH-2022000380,20193,2022-12-31 10:56:39,1,5030,National Table Fan 16-inch,Colombo,5030
EH-2022000381,20220,2022-12-31 12:37:32,1,21150,Inverter Battery 12V 100Ah,Matara,21150
EH-2022000382,20136,2022-12-31 15:46:13,1,6200,Innovex Rice Cooker 1.8L,Gampaha,6200
EH-2022000383,20188,2022-12-31 16:57:41,3,870,Rechargeable LED Bulb,Trincomalee,2610
EH-2022000383,20188,2022-12-31 16:57:41,1,60220,Singer LED TV 43-inch,Trincomalee,60220
EH-2022000384,20079,2022-12-31 17:21:31,2,3450,Solar Lantern (Rechargeable),Gampaha,6900
EH-2022000384,20079,2022-12-31 17:21:31,1,23300,Inverter Battery 12V 100Ah,Gampaha,23300
EH-2022000384,20079,2022-12-31 17:21:31,1,94060,Kelvinator Refrigerator 190L,Gampaha,94060
EH-2022000385,20179,2022-12-31 18:28:09,1,87800,Kelvinator Refrigerator 190L,Gampaha,87800
EH-2022000385,20179,2022-12-31 18:28:09,1,4840,National Table Fan 16-inch,Gampaha,4840
EH-2022000385,20179,2022-12-31 18:28:09,1,2040,Laptop Cooling Pad,Gampaha,2040
EH-2022000386,20157,2022-12-31 19:55:42,1,4700,National Table Fan 16-inch,Matale,4700
EH-2022000386,20157,2022-12-31 19:55:42,1,16250,Panasonic Inverter 700VA,Matale,16250
EH-2023000387,20189,2023-01-01 08:18:49,1,3840,Solar Lantern (Rechargeable),Gampaha,3840
EH-2023000388,20226,2023-01-02 12:25:21,1,5370,National Table Fan 16-inch,Galle,5370
EH-2023000388,20226,2023-01-02 12:25:21,2,3840,Power Bank 10000mAh,Galle,7680
EH-2023000388,20226,2023-01-02 12:25:21,1,7290,Innovex Rice Cooker 1.8L,Galle,7290
EH-2023000389,20211,2023-01-02 14:26:40,1,3680,Power Bank 10000mAh,Gampaha,3680
EH-2023000389,20211,2023-01-02 14:26:40,1,5920,Abans Blender 400W,Gampaha,5920
EH-2023000389,20211,2023-01-02 14:26:40,1,4950,Bluetooth Earbuds,Gampaha,4950
EH-2023000390,20245,2023-01-02 15:48:14,1,5800,National Table Fan 16-inch,Gampaha,5800
EH-2023000390,20245,2023-01-02 15:48:14,1,4960,Bluetooth Earbuds,Gampaha,4960
EH-2023000390,20245,2023-01-02 15:48:14,1,4400,Philips Electric Kettle,Gampaha,4400
EH-2023000391,20054,2023-01-02 16:54:12,1,69290,Singer LED TV 43-inch,Colombo,69290
EH-2023000392,20154,2023-01-02 16:55:08,1,5660,National Table Fan 16-inch,Colombo,5660
EH-2023000393,20121,2023-01-02 18:40:03,1,103030,Kelvinator Refrigerator 190L,Gampaha,103030
EH-2023000393,20121,2023-01-02 18:40:03,1,21500,Panasonic Inverter 700VA,Gampaha,21500
EH-2023000393,20121,2023-01-02 18:40:03,1,8610,Sony Bluetooth Speaker,Gampaha,8610
EH-2023000394,20046,2023-01-03 13:23:29,1,950,Rechargeable LED Bulb,Kurunegala,950
EH-2023000394,20046,2023-01-03 13:23:29,1,6110,Abans Blender 400W,Kurunegala,6110
EH-2023000394,20046,2023-01-03 13:23:29,1,147290,LG Washing Machine 7kg,Kurunegala,147290
EH-2023000395,20033,2023-01-04 12:47:43,1,4110,Solar Lantern (Rechargeable),Colombo,4110
EH-2023000395,20033,2023-01-04 12:47:43,1,22030,Panasonic Inverter 700VA,Colombo,22030
EH-2023000396,20009,2023-01-04 14:21:14,1,24870,Inverter Battery 12V 100Ah,Colombo,24870
EH-2023000396,20009,2023-01-04 14:21:14,1,5200,Bluetooth Earbuds,Colombo,5200
EH-2023000397,20199,2023-01-04 18:33:42,1,1590,Gas Cooker Adapter (LPG-saver),Gampaha,1590
EH-2023000397,20199,2023-01-04 18:33:42,1,105670,Kelvinator Refrigerator 190L,Gampaha,105670
EH-2023000398,20153,2023-01-04 19:56:09,1,8540,Sony Bluetooth Speaker,Colombo,8540
EH-2023000398,20153,2023-01-04 19:56:09,2,4540,Philips Electric Kettle,Colombo,9080
EH-2023000399,20149,2023-01-05 16:02:09,1,5370,National Table Fan 16-inch,Kurunegala,5370
EH-2023000399,20149,2023-01-05 16:02:09,1,5770,Abans Blender 400W,Kurunegala,5770
EH-2023000399,20149,2023-01-05 16:02:09,1,1750,Gas Cooker Adapter (LPG-saver),Kurunegala,1750
EH-2023000400,20080,2023-01-06 15:37:04,1,47850,Xiaomi Redmi 12 Smartphone,Kalutara,47850
EH-2023000400,20080,2023-01-06 15:37:04,1,1090,Extension Cord (4-Socket),Kalutara,1090
EH-2023000401,20077,2023-01-06 17:54:06,1,1630,Gas Cooker Adapter (LPG-saver),Matale,1630
EH-2023000401,20077,2023-01-06 17:54:06,1,10190,itel Feature Phone,Matale,10190
EH-2023000402,20071,2023-01-08 13:53:23,1,7370,Innovex Rice Cooker 1.8L,Kalutara,7370
EH-2023000402,20071,2023-01-08 13:53:23,1,1700,Gas Cooker Adapter (LPG-saver),Kalutara,1700
EH-2023000403,20057,2023-01-08 17:05:58,1,5470,National Table Fan 16-inch,Gampaha,5470
EH-2023000403,20057,2023-01-08 17:05:58,1,107400,Kelvinator Refrigerator 190L,Gampaha,107400
EH-2023000403,20057,2023-01-08 17:05:58,1,950,Rechargeable LED Bulb,Gampaha,950
EH-2023000404,20223,2023-01-08 17:50:25,1,24090,Inverter Battery 12V 100Ah,Colombo,24090
EH-2023000404,20223,2023-01-08 17:50:25,1,3830,Power Bank 10000mAh,Colombo,3830
EH-2023000404,20223,2023-01-08 17:50:25,1,9470,itel Feature Phone,Colombo,9470
EH-2023000405,20247,2023-01-09 10:43:13,1,25620,Inverter Battery 12V 100Ah,Kurunegala,25620
EH-2023000406,20241,2023-01-09 18:45:49,1,3910,Solar Lantern (Rechargeable),Colombo,3910
EH-2023000406,20241,2023-01-09 18:45:49,1,48020,Xiaomi Redmi 12 Smartphone,Colombo,48020
EH-2023000407,20204,2023-01-10 11:02:43,1,5000,Bluetooth Earbuds,Colombo,5000
EH-2023000407,20204,2023-01-10 11:02:43,1,4020,Solar Lantern (Rechargeable),Colombo,4020
EH-2023000408,20019,2023-01-10 16:42:20,1,6250,Abans Blender 400W,Gampaha,6250
EH-2023000408,20019,2023-01-10 16:42:20,1,24120,Inverter Battery 12V 100Ah,Gampaha,24120
EH-2023000409,20175,2023-01-10 19:16:25,1,2460,Laptop Cooling Pad,Galle,2460
EH-2023000409,20175,2023-01-10 19:16:25,1,5530,National Table Fan 16-inch,Galle,5530
EH-2023000410,20165,2023-01-12 13:55:19,1,5700,Abans Blender 400W,Jaffna,5700
EH-2023000410,20165,2023-01-12 13:55:19,1,10150,itel Feature Phone,Jaffna,10150
EH-2023000410,20165,2023-01-12 13:55:19,2,1120,Extension Cord (4-Socket),Jaffna,2240
EH-2023000411,20203,2023-01-13 17:10:08,1,107560,Kelvinator Refrigerator 190L,Galle,107560
EH-2023000411,20203,2023-01-13 17:10:08,2,1070,Extension Cord (4-Socket),Galle,2140
EH-2023000412,20032,2023-01-13 18:44:38,1,5410,Bluetooth Earbuds,Gampaha,5410
EH-2023000412,20032,2023-01-13 18:44:38,1,21240,Panasonic Inverter 700VA,Gampaha,21240
EH-2023000413,20098,2023-01-13 18:59:02,1,48640,Xiaomi Redmi 12 Smartphone,Colombo,48640
EH-2023000413,20098,2023-01-13 18:59:02,1,20400,Panasonic Inverter 700VA,Colombo,20400
EH-2023000414,20078,2023-01-13 19:21:56,1,1700,Gas Cooker Adapter (LPG-saver),Matara,1700
EH-2023000415,20044,2023-01-14 13:18:46,1,47940,Xiaomi Redmi 12 Smartphone,Jaffna,47940
EH-2023000415,20044,2023-01-14 13:18:46,1,41210,Singer LED TV 32-inch,Jaffna,41210
EH-2023000416,20136,2023-01-15 10:13:27,1,73180,Singer LED TV 43-inch,Gampaha,73180
EH-2023000416,20136,2023-01-15 10:13:27,1,5490,National Table Fan 16-inch,Gampaha,5490
EH-2023000416,20136,2023-01-15 10:13:27,1,5410,Bluetooth Earbuds,Gampaha,5410
EH-2023000417,20187,2023-01-15 19:14:09,1,4560,Philips Electric Kettle,Gampaha,4560
EH-2023000418,20095,2023-01-16 10:22:29,2,4470,Philips Electric Kettle,Kurunegala,8940
EH-2023000418,20095,2023-01-16 10:22:29,1,9760,itel Feature Phone,Kurunegala,9760
EH-2023000418,20095,2023-01-16 10:22:29,1,74450,Samsung Galaxy A14 Smartphone,Kurunegala,74450
EH-2023000419,20019,2023-01-16 16:41:10,1,7160,Innovex Rice Cooker 1.8L,Gampaha,7160
EH-2023000419,20019,2023-01-16 16:41:10,1,107680,Kelvinator Refrigerator 190L,Gampaha,107680
EH-2023000419,20019,2023-01-16 16:41:10,1,8320,Sony Bluetooth Speaker,Gampaha,8320
EH-2023000420,20147,2023-01-16 19:27:07,1,6240,Abans Blender 400W,Colombo,6240
EH-2023000420,20147,2023-01-16 19:27:07,1,3870,Power Bank 10000mAh,Colombo,3870
EH-2023000421,20105,2023-01-17 09:43:06,1,1120,Extension Cord (4-Socket),Anuradhapura,1120
EH-2023000422,20220,2023-01-17 16:14:30,2,1140,Extension Cord (4-Socket),Matara,2280
EH-2023000423,20187,2023-01-17 19:35:04,1,1160,Extension Cord (4-Socket),Gampaha,1160
EH-2023000423,20187,2023-01-17 19:35:04,1,5830,Abans Blender 400W,Gampaha,5830
EH-2023000423,20187,2023-01-17 19:35:04,1,5230,Bluetooth Earbuds,Gampaha,5230
EH-2023000424,20156,2023-01-19 19:48:45,1,1590,Gas Cooker Adapter (LPG-saver),Ratnapura,1590
EH-2023000424,20156,2023-01-19 19:48:45,1,5470,Bluetooth Earbuds,Ratnapura,5470
EH-2023000424,20156,2023-01-19 19:48:45,1,21710,Panasonic Inverter 700VA,Ratnapura,21710
EH-2023000425,20115,2023-01-20 13:10:40,1,9910,itel Feature Phone,Gampaha,9910
EH-2023000426,20153,2023-01-20 14:46:54,2,940,Rechargeable LED Bulb,Colombo,1880
EH-2023000426,20153,2023-01-20 14:46:54,1,1040,Extension Cord (4-Socket),Colombo,1040
EH-2023000426,20153,2023-01-20 14:46:54,1,8180,Sony Bluetooth Speaker,Colombo,8180
EH-2023000427,20092,2023-01-20 18:16:05,2,3950,Solar Lantern (Rechargeable),Kandy,7900
EH-2023000427,20092,2023-01-20 18:16:05,1,1590,Gas Cooker Adapter (LPG-saver),Kandy,1590
EH-2023000427,20092,2023-01-20 18:16:05,1,9660,itel Feature Phone,Kandy,9660
EH-2023000428,20212,2023-01-20 19:38:50,1,41070,Singer LED TV 32-inch,Kurunegala,41070
EH-2023000428,20212,2023-01-20 19:38:50,1,2560,Laptop Cooling Pad,Kurunegala,2560
EH-2023000428,20212,2023-01-20 19:38:50,1,46880,Xiaomi Redmi 12 Smartphone,Kurunegala,46880
EH-2023000429,20198,2023-01-21 11:52:51,3,970,Rechargeable LED Bulb,Gampaha,2910
EH-2023000429,20198,2023-01-21 11:52:51,1,4980,Bluetooth Earbuds,Gampaha,4980
EH-2023000430,20048,2023-01-21 15:00:48,2,3570,Power Bank 10000mAh,Colombo,7140
EH-2023000431,20250,2023-01-22 16:42:59,2,4530,Philips Electric Kettle,Kalutara,9060
EH-2023000431,20250,2023-01-22 16:42:59,3,940,Rechargeable LED Bulb,Kalutara,2820
EH-2023000432,20085,2023-01-23 08:43:26,1,1140,Extension Cord (4-Socket),Gampaha,1140
EH-2023000432,20085,2023-01-23 08:43:26,1,7670,Innovex Rice Cooker 1.8L,Gampaha,7670
EH-2023000433,20162,2023-01-23 16:30:49,1,4190,Solar Lantern (Rechargeable),Ratnapura,4190
EH-2023000433,20162,2023-01-23 16:30:49,2,3880,Power Bank 10000mAh,Ratnapura,7760
EH-2023000434,20244,2023-01-23 17:10:36,2,4100,Solar Lantern (Rechargeable),Gampaha,8200
EH-2023000434,20244,2023-01-23 17:10:36,3,1020,Rechargeable LED Bulb,Gampaha,3060
EH-2023000435,20200,2023-01-23 17:46:58,1,9810,itel Feature Phone,Badulla,9810
EH-2023000436,20044,2023-01-23 18:47:13,1,9920,itel Feature Phone,Jaffna,9920
EH-2023000436,20044,2023-01-23 18:47:13,1,5850,Abans Blender 400W,Jaffna,5850
EH-2023000437,20037,2023-01-23 19:07:32,1,5430,National Table Fan 16-inch,Kandy,5430
EH-2023000437,20037,2023-01-23 19:07:32,1,105300,Kelvinator Refrigerator 190L,Kandy,105300
EH-2023000437,20037,2023-01-23 19:07:32,1,4280,Philips Electric Kettle,Kandy,4280
EH-2023000438,20182,2023-01-23 20:58:17,1,6250,Abans Blender 400W,Colombo,6250
EH-2023000438,20182,2023-01-23 20:58:17,1,49810,Xiaomi Redmi 12 Smartphone,Colombo,49810
EH-2023000438,20182,2023-01-23 20:58:17,1,8510,Sony Bluetooth Speaker,Colombo,8510
EH-2023000439,20062,2023-01-24 13:04:22,1,49520,Xiaomi Redmi 12 Smartphone,Colombo,49520
EH-2023000439,20062,2023-01-24 13:04:22,1,7440,Innovex Rice Cooker 1.8L,Colombo,7440
EH-2023000439,20062,2023-01-24 13:04:22,1,3890,Power Bank 10000mAh,Colombo,3890
EH-2023000440,20223,2023-01-25 16:34:36,1,7760,Innovex Rice Cooker 1.8L,Colombo,7760
EH-2023000440,20223,2023-01-25 16:34:36,1,5830,Abans Blender 400W,Colombo,5830
EH-2023000440,20223,2023-01-25 16:34:36,1,1750,Gas Cooker Adapter (LPG-saver),Colombo,1750
EH-2023000441,20165,2023-01-26 19:33:53,1,101830,Kelvinator Refrigerator 190L,Jaffna,101830
EH-2023000441,20165,2023-01-26 19:33:53,1,5160,Bluetooth Earbuds,Jaffna,5160
EH-2023000441,20165,2023-01-26 19:33:53,1,5940,Abans Blender 400W,Jaffna,5940
EH-2023000442,20133,2023-01-27 08:28:33,1,9450,itel Feature Phone,Batticaloa,9450
EH-2023000442,20133,2023-01-27 08:28:33,1,41010,Singer LED TV 32-inch,Batticaloa,41010
EH-2023000443,20057,2023-01-27 17:03:36,1,5170,Bluetooth Earbuds,Gampaha,5170
EH-2023000444,20115,2023-01-27 20:53:08,1,75210,Singer LED TV 43-inch,Gampaha,75210
EH-2023000444,20115,2023-01-27 20:53:08,1,1090,Extension Cord (4-Socket),Gampaha,1090
EH-2023000444,20115,2023-01-27 20:53:08,3,950,Rechargeable LED Bulb,Gampaha,2850
EH-2023000445,20115,2023-01-28 18:25:02,1,74020,Samsung Galaxy A14 Smartphone,Gampaha,74020
EH-2023000446,20072,2023-01-28 20:36:47,1,49570,Xiaomi Redmi 12 Smartphone,Kurunegala,49570
EH-2023000447,20105,2023-01-30 18:11:23,1,2520,Laptop Cooling Pad,Anuradhapura,2520
EH-2023000447,20105,2023-01-30 18:11:23,1,5250,National Table Fan 16-inch,Anuradhapura,5250
EH-2023000448,20192,2023-01-30 18:32:27,1,10130,itel Feature Phone,Kurunegala,10130
EH-2023000449,20173,2023-01-30 18:33:04,1,7650,Innovex Rice Cooker 1.8L,Gampaha,7650
EH-2023000449,20173,2023-01-30 18:33:04,2,4050,Solar Lantern (Rechargeable),Gampaha,8100
EH-2023000450,20209,2023-01-30 19:47:19,2,1040,Extension Cord (4-Socket),Ratnapura,2080
EH-2023000451,20214,2023-02-01 11:31:27,1,26270,Inverter Battery 12V 100Ah,Colombo,26270
EH-2023000451,20214,2023-02-01 11:31:27,1,138830,LG Washing Machine 7kg,Colombo,138830
EH-2023000451,20214,2023-02-01 11:31:27,2,4610,Philips Electric Kettle,Colombo,9220
EH-2023000452,20120,2023-02-03 09:41:35,1,41730,Singer LED TV 32-inch,Ratnapura,41730
EH-2023000452,20120,2023-02-03 09:41:35,2,1140,Extension Cord (4-Socket),Ratnapura,2280
EH-2023000452,20120,2023-02-03 09:41:35,1,3830,Power Bank 10000mAh,Ratnapura,3830
EH-2023000453,20005,2023-02-03 11:37:50,1,5660,National Table Fan 16-inch,Colombo,5660
EH-2023000453,20005,2023-02-03 11:37:50,2,4370,Philips Electric Kettle,Colombo,8740
EH-2023000453,20005,2023-02-03 11:37:50,2,4060,Solar Lantern (Rechargeable),Colombo,8120
EH-2023000454,20244,2023-02-03 17:37:27,1,3890,Power Bank 10000mAh,Gampaha,3890
EH-2023000454,20244,2023-02-03 17:37:27,2,1100,Extension Cord (4-Socket),Gampaha,2200
EH-2023000455,20122,2023-02-04 15:02:57,1,4380,Philips Electric Kettle,Kandy,4380
EH-2023000455,20122,2023-02-04 15:02:57,2,3950,Solar Lantern (Rechargeable),Kandy,7900
EH-2023000456,20153,2023-02-05 08:59:19,2,3550,Power Bank 10000mAh,Colombo,7100
EH-2023000456,20153,2023-02-05 08:59:19,1,9890,itel Feature Phone,Colombo,9890
EH-2023000457,20149,2023-02-05 16:47:25,1,20530,Panasonic Inverter 700VA,Kurunegala,20530
EH-2023000457,20149,2023-02-05 16:47:25,1,75430,Samsung Galaxy A14 Smartphone,Kurunegala,75430
EH-2023000457,20149,2023-02-05 16:47:25,2,1150,Extension Cord (4-Socket),Kurunegala,2300
EH-2023000458,20093,2023-02-05 19:20:15,1,7540,Innovex Rice Cooker 1.8L,Anuradhapura,7540
EH-2023000459,20072,2023-02-06 18:02:58,1,9850,itel Feature Phone,Kurunegala,9850
EH-2023000459,20072,2023-02-06 18:02:58,1,2400,Laptop Cooling Pad,Kurunegala,2400
EH-2023000460,20086,2023-02-08 08:44:01,1,5880,Abans Blender 400W,Galle,5880
EH-2023000461,20074,2023-02-08 15:13:27,1,21600,Panasonic Inverter 700VA,Anuradhapura,21600
EH-2023000461,20074,2023-02-08 15:13:27,1,1140,Extension Cord (4-Socket),Anuradhapura,1140
EH-2023000462,20049,2023-02-10 10:40:01,1,5770,National Table Fan 16-inch,Colombo,5770
EH-2023000463,20143,2023-02-10 12:53:46,1,4280,Philips Electric Kettle,Colombo,4280
EH-2023000463,20143,2023-02-10 12:53:46,1,72880,Singer LED TV 43-inch,Colombo,72880
EH-2023000463,20143,2023-02-10 12:53:46,1,3790,Power Bank 10000mAh,Colombo,3790
EH-2023000464,20231,2023-02-11 09:59:06,1,107190,Kelvinator Refrigerator 190L,Colombo,107190
EH-2023000464,20231,2023-02-11 09:59:06,1,2410,Laptop Cooling Pad,Colombo,2410
EH-2023000465,20022,2023-02-11 15:16:33,1,49620,Xiaomi Redmi 12 Smartphone,Matale,49620
EH-2023000465,20022,2023-02-11 15:16:33,1,21720,Panasonic Inverter 700VA,Matale,21720
EH-2023000465,20022,2023-02-11 15:16:33,1,139440,LG Washing Machine 7kg,Matale,139440
EH-2023000466,20123,2023-02-11 15:20:17,2,4530,Philips Electric Kettle,Colombo,9060
EH-2023000467,20139,2023-02-11 15:42:59,2,1120,Extension Cord (4-Socket),Kandy,2240
EH-2023000467,20139,2023-02-11 15:42:59,1,9690,itel Feature Phone,Kandy,9690
EH-2023000467,20139,2023-02-11 15:42:59,1,39110,Singer LED TV 32-inch,Kandy,39110
EH-2023000468,20192,2023-02-12 15:49:00,1,5690,Abans Blender 400W,Kurunegala,5690
EH-2023000469,20115,2023-02-13 17:16:32,1,73940,Samsung Galaxy A14 Smartphone,Gampaha,73940
EH-2023000470,20115,2023-02-13 19:37:14,1,1040,Extension Cord (4-Socket),Gampaha,1040
EH-2023000470,20115,2023-02-13 19:37:14,1,26100,Inverter Battery 12V 100Ah,Gampaha,26100
EH-2023000470,20115,2023-02-13 19:37:14,1,980,Rechargeable LED Bulb,Gampaha,980
EH-2023000471,20212,2023-02-14 14:42:45,1,3590,Power Bank 10000mAh,Kurunegala,3590
EH-2023000471,20212,2023-02-14 14:42:45,1,1700,Gas Cooker Adapter (LPG-saver),Kurunegala,1700
EH-2023000472,20087,2023-02-14 17:17:05,2,1100,Extension Cord (4-Socket),Gampaha,2200
EH-2023000473,20077,2023-02-15 09:54:44,1,5770,National Table Fan 16-inch,Matale,5770
EH-2023000474,20120,2023-02-15 13:44:11,2,3510,Power Bank 10000mAh,Ratnapura,7020
EH-2023000474,20120,2023-02-15 13:44:11,2,990,Rechargeable LED Bulb,Ratnapura,1980
EH-2023000474,20120,2023-02-15 13:44:11,1,2350,Laptop Cooling Pad,Ratnapura,2350
EH-2023000475,20187,2023-02-15 15:52:24,1,8660,Sony Bluetooth Speaker,Gampaha,8660
EH-2023000476,20128,2023-02-16 12:12:26,3,970,Rechargeable LED Bulb,Matara,2910
EH-2023000476,20128,2023-02-16 12:12:26,1,4920,Bluetooth Earbuds,Matara,4920
EH-2023000477,20212,2023-02-17 17:59:29,1,4110,Solar Lantern (Rechargeable),Kurunegala,4110
EH-2023000478,20079,2023-02-18 12:58:35,2,4430,Philips Electric Kettle,Gampaha,8860
EH-2023000479,20073,2023-02-18 16:09:59,1,5430,National Table Fan 16-inch,Colombo,5430
EH-2023000480,20068,2023-02-18 18:12:34,1,101130,Kelvinator Refrigerator 190L,Kandy,101130
EH-2023000480,20068,2023-02-18 18:12:34,1,4080,Solar Lantern (Rechargeable),Kandy,4080
EH-2023000481,20223,2023-02-21 10:54:01,1,5540,National Table Fan 16-inch,Colombo,5540
EH-2023000482,20150,2023-02-21 20:36:49,1,5800,National Table Fan 16-inch,Ratnapura,5800
EH-2023000482,20150,2023-02-21 20:36:49,1,3770,Power Bank 10000mAh,Ratnapura,3770
EH-2023000483,20053,2023-02-22 08:26:03,1,6070,Abans Blender 400W,Ratnapura,6070
EH-2023000483,20053,2023-02-22 08:26:03,2,4480,Philips Electric Kettle,Ratnapura,8960
EH-2023000484,20255,2023-02-22 15:01:57,1,5580,National Table Fan 16-inch,Colombo,5580
EH-2023000484,20255,2023-02-22 15:01:57,1,5240,Bluetooth Earbuds,Colombo,5240
EH-2023000484,20255,2023-02-22 15:01:57,1,25930,Inverter Battery 12V 100Ah,Colombo,25930
EH-2023000485,20229,2023-02-22 15:56:05,1,137880,LG Washing Machine 7kg,Colombo,137880
EH-2023000485,20229,2023-02-22 15:56:05,1,3620,Power Bank 10000mAh,Colombo,3620
EH-2023000485,20229,2023-02-22 15:56:05,1,5490,National Table Fan 16-inch,Colombo,5490
EH-2023000486,20119,2023-02-22 17:15:10,3,940,Rechargeable LED Bulb,Gampaha,2820
EH-2023000486,20119,2023-02-22 17:15:10,1,1090,Extension Cord (4-Socket),Gampaha,1090
EH-2023000486,20119,2023-02-22 17:15:10,1,10010,itel Feature Phone,Gampaha,10010
EH-2023000487,20185,2023-02-22 19:02:55,1,940,Rechargeable LED Bulb,Kandy,940
EH-2023000488,20050,2023-02-23 18:49:52,1,5570,National Table Fan 16-inch,Kalutara,5570
EH-2023000489,20096,2023-02-25 08:49:07,1,26690,Inverter Battery 12V 100Ah,Ratnapura,26690
EH-2023000489,20096,2023-02-25 08:49:07,1,1130,Extension Cord (4-Socket),Ratnapura,1130
EH-2023000489,20096,2023-02-25 08:49:07,1,5380,Bluetooth Earbuds,Ratnapura,5380
EH-2023000490,20133,2023-02-25 13:18:08,1,5840,National Table Fan 16-inch,Batticaloa,5840
EH-2023000490,20133,2023-02-25 13:18:08,1,5950,Abans Blender 400W,Batticaloa,5950
EH-2023000491,20078,2023-02-25 15:14:36,1,4370,Philips Electric Kettle,Matara,4370
EH-2023000491,20078,2023-02-25 15:14:36,1,6100,Abans Blender 400W,Matara,6100
EH-2023000492,20119,2023-02-25 15:25:19,1,4000,Solar Lantern (Rechargeable),Gampaha,4000
EH-2023000493,20071,2023-02-25 16:14:35,2,3950,Solar Lantern (Rechargeable),Kalutara,7900
EH-2023000494,20225,2023-02-26 20:45:00,2,930,Rechargeable LED Bulb,Galle,1860
EH-2023000494,20225,2023-02-26 20:45:00,1,48820,Xiaomi Redmi 12 Smartphone,Galle,48820
EH-2023000494,20225,2023-02-26 20:45:00,2,1080,Extension Cord (4-Socket),Galle,2160
EH-2023000495,20192,2023-02-27 17:14:11,1,6280,Abans Blender 400W,Kurunegala,6280
EH-2023000496,20136,2023-02-27 17:40:16,1,7180,Innovex Rice Cooker 1.8L,Gampaha,7180
EH-2023000496,20136,2023-02-27 17:40:16,1,9330,itel Feature Phone,Gampaha,9330
EH-2023000497,20093,2023-02-28 14:05:38,1,5720,National Table Fan 16-inch,Anuradhapura,5720
EH-2023000497,20093,2023-02-28 14:05:38,2,4090,Solar Lantern (Rechargeable),Anuradhapura,8180
EH-2023000498,20115,2023-02-28 15:43:25,1,1000,Rechargeable LED Bulb,Gampaha,1000
EH-2023000498,20115,2023-02-28 15:43:25,1,7680,Innovex Rice Cooker 1.8L,Gampaha,7680
EH-2023000498,20115,2023-02-28 15:43:25,1,21460,Panasonic Inverter 700VA,Gampaha,21460
EH-2023000499,20019,2023-02-28 17:23:52,1,5510,National Table Fan 16-inch,Gampaha,5510
EH-2023000500,20026,2023-02-28 20:13:54,2,940,Rechargeable LED Bulb,Jaffna,1880
EH-2023000500,20026,2023-02-28 20:13:54,1,5350,National Table Fan 16-inch,Jaffna,5350
EH-2023000501,20153,2023-03-02 17:49:32,1,76090,Samsung Galaxy A14 Smartphone,Colombo,76090
EH-2023000501,20153,2023-03-02 17:49:32,3,1010,Rechargeable LED Bulb,Colombo,3030
EH-2023000502,20092,2023-03-03 09:33:35,1,77040,Samsung Galaxy A14 Smartphone,Kandy,77040
EH-2023000502,20092,2023-03-03 09:33:35,1,73270,Singer LED TV 43-inch,Kandy,73270
EH-2023000502,20092,2023-03-03 09:33:35,2,3950,Solar Lantern (Rechargeable),Kandy,7900
EH-2023000503,20037,2023-03-03 09:53:31,1,8480,Sony Bluetooth Speaker,Kandy,8480
EH-2023000503,20037,2023-03-03 09:53:31,1,73150,Samsung Galaxy A14 Smartphone,Kandy,73150
EH-2023000504,20098,2023-03-03 16:13:34,1,10230,itel Feature Phone,Colombo,10230
EH-2023000505,20162,2023-03-03 16:59:05,1,7400,Innovex Rice Cooker 1.8L,Ratnapura,7400
EH-2023000505,20162,2023-03-03 16:59:05,1,69330,Singer LED TV 43-inch,Ratnapura,69330
EH-2023000506,20078,2023-03-04 17:37:15,1,5590,National Table Fan 16-inch,Matara,5590
EH-2023000506,20078,2023-03-04 17:37:15,1,26180,Inverter Battery 12V 100Ah,Matara,26180
EH-2023000506,20078,2023-03-04 17:37:15,1,39800,Singer LED TV 32-inch,Matara,39800
EH-2023000507,20121,2023-03-04 19:13:30,1,73080,Singer LED TV 43-inch,Gampaha,73080
EH-2023000507,20121,2023-03-04 19:13:30,1,21080,Panasonic Inverter 700VA,Gampaha,21080
EH-2023000507,20121,2023-03-04 19:13:30,1,9340,itel Feature Phone,Gampaha,9340
EH-2023000508,20057,2023-03-05 18:04:27,1,73520,Singer LED TV 43-inch,Gampaha,73520
EH-2023000508,20057,2023-03-05 18:04:27,1,73200,Samsung Galaxy A14 Smartphone,Gampaha,73200
EH-2023000508,20057,2023-03-05 18:04:27,1,7890,Sony Bluetooth Speaker,Gampaha,7890
EH-2023000509,20231,2023-03-06 16:22:52,1,1730,Gas Cooker Adapter (LPG-saver),Colombo,1730
EH-2023000509,20231,2023-03-06 16:22:52,2,1110,Extension Cord (4-Socket),Colombo,2220
EH-2023000509,20231,2023-03-06 16:22:52,1,4170,Philips Electric Kettle,Colombo,4170
EH-2023000510,20220,2023-03-06 19:40:11,1,47030,Xiaomi Redmi 12 Smartphone,Matara,47030
EH-2023000511,20086,2023-03-06 19:53:55,1,25080,Inverter Battery 12V 100Ah,Galle,25080
EH-2023000512,20244,2023-03-07 08:30:13,1,1620,Gas Cooker Adapter (LPG-saver),Gampaha,1620
EH-2023000512,20244,2023-03-07 08:30:13,1,39820,Singer LED TV 32-inch,Gampaha,39820
EH-2023000513,20193,2023-03-07 15:59:36,1,48090,Xiaomi Redmi 12 Smartphone,Colombo,48090
EH-2023000514,20031,2023-03-08 18:40:21,2,940,Rechargeable LED Bulb,Kurunegala,1880
EH-2023000514,20031,2023-03-08 18:40:21,2,1120,Extension Cord (4-Socket),Kurunegala,2240
EH-2023000514,20031,2023-03-08 18:40:21,2,4030,Solar Lantern (Rechargeable),Kurunegala,8060
EH-2023000515,20133,2023-03-08 20:31:59,1,5750,National Table Fan 16-inch,Batticaloa,5750
EH-2023000515,20133,2023-03-08 20:31:59,1,76720,Samsung Galaxy A14 Smartphone,Batticaloa,76720
EH-2023000515,20133,2023-03-08 20:31:59,1,1150,Extension Cord (4-Socket),Batticaloa,1150
EH-2023000516,20048,2023-03-09 15:22:51,1,5640,National Table Fan 16-inch,Colombo,5640
EH-2023000517,20133,2023-03-10 09:13:59,1,5360,Bluetooth Earbuds,Batticaloa,5360
EH-2023000517,20133,2023-03-10 09:13:59,1,48380,Xiaomi Redmi 12 Smartphone,Batticaloa,48380
EH-2023000517,20133,2023-03-10 09:13:59,1,4420,Philips Electric Kettle,Batticaloa,4420
EH-2023000518,20231,2023-03-10 17:07:08,1,9300,itel Feature Phone,Colombo,9300
EH-2023000518,20231,2023-03-10 17:07:08,1,48080,Xiaomi Redmi 12 Smartphone,Colombo,48080
EH-2023000519,20204,2023-03-10 18:06:12,2,1030,Rechargeable LED Bulb,Colombo,2060
EH-2023000519,20204,2023-03-10 18:06:12,1,20580,Panasonic Inverter 700VA,Colombo,20580
EH-2023000520,20123,2023-03-10 18:12:38,1,4410,Philips Electric Kettle,Colombo,4410
EH-2023000520,20123,2023-03-10 18:12:38,1,7870,Sony Bluetooth Speaker,Colombo,7870
EH-2023000521,20209,2023-03-10 18:44:31,1,5780,National Table Fan 16-inch,Ratnapura,5780
EH-2023000521,20209,2023-03-10 18:44:31,3,970,Rechargeable LED Bulb,Ratnapura,2910
EH-2023000522,20234,2023-03-11 09:14:12,1,2330,Laptop Cooling Pad,Galle,2330
EH-2023000522,20234,2023-03-11 09:14:12,1,5140,Bluetooth Earbuds,Galle,5140
EH-2023000523,20244,2023-03-11 18:08:34,2,4450,Philips Electric Kettle,Gampaha,8900
EH-2023000523,20244,2023-03-11 18:08:34,1,72730,Singer LED TV 43-inch,Gampaha,72730
EH-2023000524,20121,2023-03-12 17:39:21,1,2450,Laptop Cooling Pad,Gampaha,2450
EH-2023000525,20057,2023-03-13 16:02:56,1,6030,Abans Blender 400W,Gampaha,6030
EH-2023000526,20054,2023-03-13 17:18:03,1,40940,Singer LED TV 32-inch,Colombo,40940
EH-2023000527,20220,2023-03-14 10:45:10,1,5380,National Table Fan 16-inch,Matara,5380
EH-2023000528,20128,2023-03-14 11:39:04,1,1080,Extension Cord (4-Socket),Matara,1080
EH-2023000529,20011,2023-03-14 19:53:26,1,26000,Inverter Battery 12V 100Ah,Ratnapura,26000
EH-2023000530,20165,2023-03-14 19:57:30,1,4540,Philips Electric Kettle,Jaffna,4540
EH-2023000530,20165,2023-03-14 19:57:30,1,73620,Samsung Galaxy A14 Smartphone,Jaffna,73620
EH-2023000531,20248,2023-03-15 08:04:04,1,20350,Panasonic Inverter 700VA,Jaffna,20350
EH-2023000531,20248,2023-03-15 08:04:04,1,5990,Abans Blender 400W,Jaffna,5990
EH-2023000531,20248,2023-03-15 08:04:04,1,25860,Inverter Battery 12V 100Ah,Jaffna,25860
EH-2023000532,20006,2023-03-15 10:41:52,1,48670,Xiaomi Redmi 12 Smartphone,Gampaha,48670
EH-2023000533,20001,2023-03-15 11:11:25,1,5070,Bluetooth Earbuds,Colombo,5070
EH-2023000533,20001,2023-03-15 11:11:25,1,4110,Solar Lantern (Rechargeable),Colombo,4110
EH-2023000533,20001,2023-03-15 11:11:25,1,78870,Samsung Galaxy A14 Smartphone,Colombo,78870
EH-2023000534,20097,2023-03-15 12:24:45,1,1610,Gas Cooker Adapter (LPG-saver),Matale,1610
EH-2023000534,20097,2023-03-15 12:24:45,1,26290,Inverter Battery 12V 100Ah,Matale,26290
EH-2023000535,20059,2023-03-16 11:36:15,1,7620,Innovex Rice Cooker 1.8L,Kandy,7620
EH-2023000535,20059,2023-03-16 11:36:15,2,4520,Philips Electric Kettle,Kandy,9040
EH-2023000535,20059,2023-03-16 11:36:15,1,137670,LG Washing Machine 7kg,Kandy,137670
EH-2023000536,20220,2023-03-16 19:05:46,3,960,Rechargeable LED Bulb,Matara,2880
EH-2023000537,20108,2023-03-17 10:31:15,1,6150,Abans Blender 400W,Batticaloa,6150
EH-2023000537,20108,2023-03-17 10:31:15,1,1010,Rechargeable LED Bulb,Batticaloa,1010
EH-2023000538,20047,2023-03-17 16:14:15,1,3930,Solar Lantern (Rechargeable),Matara,3930
EH-2023000538,20047,2023-03-17 16:14:15,1,73870,Singer LED TV 43-inch,Matara,73870
EH-2023000539,20192,2023-03-17 18:07:53,2,1120,Extension Cord (4-Socket),Kurunegala,2240
EH-2023000539,20192,2023-03-17 18:07:53,1,1690,Gas Cooker Adapter (LPG-saver),Kurunegala,1690
EH-2023000539,20192,2023-03-17 18:07:53,1,25280,Inverter Battery 12V 100Ah,Kurunegala,25280
EH-2023000540,20138,2023-03-18 12:26:15,1,39430,Singer LED TV 32-inch,Badulla,39430
EH-2023000540,20138,2023-03-18 12:26:15,2,3840,Power Bank 10000mAh,Badulla,7680
EH-2023000540,20138,2023-03-18 12:26:15,1,7120,Innovex Rice Cooker 1.8L,Badulla,7120
EH-2023000541,20057,2023-03-19 11:05:53,1,7520,Innovex Rice Cooker 1.8L,Gampaha,7520
EH-2023000541,20057,2023-03-19 11:05:53,1,3840,Solar Lantern (Rechargeable),Gampaha,3840
EH-2023000542,20050,2023-03-19 11:26:03,1,1120,Extension Cord (4-Socket),Kalutara,1120
EH-2023000542,20050,2023-03-19 11:26:03,1,3880,Power Bank 10000mAh,Kalutara,3880
EH-2023000543,20077,2023-03-20 09:49:55,1,5810,Abans Blender 400W,Matale,5810
EH-2023000543,20077,2023-03-20 09:49:55,1,5340,Bluetooth Earbuds,Matale,5340
EH-2023000543,20077,2023-03-20 09:49:55,1,7820,Innovex Rice Cooker 1.8L,Matale,7820
EH-2023000544,20207,2023-03-20 15:00:16,1,5590,National Table Fan 16-inch,Colombo,5590
EH-2023000544,20207,2023-03-20 15:00:16,1,105560,Kelvinator Refrigerator 190L,Colombo,105560
EH-2023000545,20220,2023-03-20 17:33:41,1,10310,itel Feature Phone,Matara,10310
EH-2023000545,20220,2023-03-20 17:33:41,1,5380,Bluetooth Earbuds,Matara,5380
EH-2023000545,20220,2023-03-20 17:33:41,1,1030,Rechargeable LED Bulb,Matara,1030
EH-2023000546,20244,2023-03-20 19:19:16,1,72500,Samsung Galaxy A14 Smartphone,Gampaha,72500
EH-2023000547,20231,2023-03-21 11:41:14,1,1150,Extension Cord (4-Socket),Colombo,1150
EH-2023000548,20160,2023-03-21 19:28:09,1,9300,itel Feature Phone,Kandy,9300
EH-2023000548,20160,2023-03-21 19:28:09,1,5840,Abans Blender 400W,Kandy,5840
EH-2023000549,20220,2023-03-22 13:59:49,1,7910,Sony Bluetooth Speaker,Matara,7910
EH-2023000550,20048,2023-03-22 16:16:05,1,137470,LG Washing Machine 7kg,Colombo,137470
EH-2023000550,20048,2023-03-22 16:16:05,1,5490,National Table Fan 16-inch,Colombo,5490
EH-2023000551,20222,2023-03-23 14:11:21,3,950,Rechargeable LED Bulb,Matara,2850
EH-2023000551,20222,2023-03-23 14:11:21,1,6110,Abans Blender 400W,Matara,6110
EH-2023000552,20080,2023-03-23 17:54:56,1,104020,Kelvinator Refrigerator 190L,Kalutara,104020
EH-2023000552,20080,2023-03-23 17:54:56,2,1120,Extension Cord (4-Socket),Kalutara,2240
EH-2023000553,20130,2023-03-24 08:56:40,2,1090,Extension Cord (4-Socket),Kalutara,2180
EH-2023000553,20130,2023-03-24 08:56:40,1,9290,itel Feature Phone,Kalutara,9290
EH-2023000553,20130,2023-03-24 08:56:40,2,1020,Rechargeable LED Bulb,Kalutara,2040
EH-2023000554,20086,2023-03-24 15:40:15,2,1130,Extension Cord (4-Socket),Galle,2260
EH-2023000554,20086,2023-03-24 15:40:15,1,74590,Samsung Galaxy A14 Smartphone,Galle,74590
EH-2023000555,20187,2023-03-25 09:01:32,1,5720,Abans Blender 400W,Gampaha,5720
EH-2023000555,20187,2023-03-25 09:01:32,3,1000,Rechargeable LED Bulb,Gampaha,3000
EH-2023000556,20021,2023-03-25 18:01:49,1,5800,National Table Fan 16-inch,Colombo,5800
EH-2023000557,20117,2023-03-25 18:06:58,2,4380,Philips Electric Kettle,Jaffna,8760
EH-2023000558,20058,2023-03-25 18:07:43,1,5280,Bluetooth Earbuds,Galle,5280
EH-2023000559,20080,2023-03-27 14:43:40,1,3620,Power Bank 10000mAh,Kalutara,3620
EH-2023000559,20080,2023-03-27 14:43:40,1,3990,Solar Lantern (Rechargeable),Kalutara,3990
EH-2023000559,20080,2023-03-27 14:43:40,1,9420,itel Feature Phone,Kalutara,9420
EH-2023000560,20030,2023-03-28 10:20:42,1,42040,Singer LED TV 32-inch,Colombo,42040
EH-2023000560,20030,2023-03-28 10:20:42,1,6030,Abans Blender 400W,Colombo,6030
EH-2023000561,20177,2023-03-28 20:04:35,1,21320,Panasonic Inverter 700VA,Gampaha,21320
EH-2023000561,20177,2023-03-28 20:04:35,1,25200,Inverter Battery 12V 100Ah,Gampaha,25200
EH-2023000562,20093,2023-03-28 20:44:11,3,1020,Rechargeable LED Bulb,Anuradhapura,3060
EH-2023000562,20093,2023-03-28 20:44:11,2,3690,Power Bank 10000mAh,Anuradhapura,7380
EH-2023000562,20093,2023-03-28 20:44:11,1,1650,Gas Cooker Adapter (LPG-saver),Anuradhapura,1650
EH-2023000563,20054,2023-03-29 10:07:09,2,3820,Power Bank 10000mAh,Colombo,7640
EH-2023000563,20054,2023-03-29 10:07:09,1,69480,Singer LED TV 43-inch,Colombo,69480
EH-2023000563,20054,2023-03-29 10:07:09,2,4440,Philips Electric Kettle,Colombo,8880
EH-2023000564,20108,2023-03-29 15:01:59,2,4200,Solar Lantern (Rechargeable),Batticaloa,8400
EH-2023000564,20108,2023-03-29 15:01:59,1,78220,Samsung Galaxy A14 Smartphone,Batticaloa,78220
EH-2023000565,20062,2023-03-29 18:12:11,1,1010,Rechargeable LED Bulb,Colombo,1010
EH-2023000565,20062,2023-03-29 18:12:11,1,38420,Singer LED TV 32-inch,Colombo,38420
EH-2023000566,20164,2023-03-29 19:19:28,1,38670,Singer LED TV 32-inch,Gampaha,38670
EH-2023000567,20004,2023-03-29 20:05:36,2,1070,Extension Cord (4-Socket),Galle,2140
EH-2023000568,20031,2023-03-30 16:03:53,1,3580,Power Bank 10000mAh,Kurunegala,3580
EH-2023000569,20008,2023-03-30 19:25:42,1,5890,Abans Blender 400W,Kurunegala,5890
EH-2023000569,20008,2023-03-30 19:25:42,1,22380,Panasonic Inverter 700VA,Kurunegala,22380
EH-2023000570,20036,2023-03-30 20:06:46,1,5820,National Table Fan 16-inch,Colombo,5820
EH-2023000571,20086,2023-03-31 13:53:29,1,980,Rechargeable LED Bulb,Galle,980
EH-2023000571,20086,2023-03-31 13:53:29,2,3950,Solar Lantern (Rechargeable),Galle,7900
EH-2023000571,20086,2023-03-31 13:53:29,1,5210,Bluetooth Earbuds,Galle,5210
EH-2023000572,20157,2023-03-31 16:25:40,1,8000,Sony Bluetooth Speaker,Matale,8000
EH-2023000572,20157,2023-03-31 16:25:40,1,22000,Panasonic Inverter 700VA,Matale,22000
EH-2023000573,20157,2023-03-31 17:15:39,1,3520,Power Bank 10000mAh,Matale,3520
EH-2023000573,20157,2023-03-31 17:15:39,1,98940,Kelvinator Refrigerator 190L,Matale,98940
EH-2023000573,20157,2023-03-31 17:15:39,1,5420,National Table Fan 16-inch,Matale,5420
EH-2023000574,20158,2023-03-31 17:30:39,1,9530,itel Feature Phone,Kurunegala,9530
EH-2023000574,20158,2023-03-31 17:30:39,1,78260,Samsung Galaxy A14 Smartphone,Kurunegala,78260
EH-2023000575,20184,2023-03-31 17:37:58,1,2450,Laptop Cooling Pad,Colombo,2450
EH-2023000576,20109,2023-03-31 18:31:43,1,48110,Xiaomi Redmi 12 Smartphone,Kandy,48110
EH-2023000577,20086,2023-04-01 11:02:54,1,9960,itel Feature Phone,Galle,9960
EH-2023000577,20086,2023-04-01 11:02:54,1,5090,Bluetooth Earbuds,Galle,5090
EH-2023000577,20086,2023-04-01 11:02:54,1,7590,Innovex Rice Cooker 1.8L,Galle,7590
EH-2023000578,20053,2023-04-02 15:36:20,1,77760,Samsung Galaxy A14 Smartphone,Ratnapura,77760
EH-2023000578,20053,2023-04-02 15:36:20,1,4410,Philips Electric Kettle,Ratnapura,4410
EH-2023000579,20144,2023-04-02 18:29:29,1,5870,Abans Blender 400W,Colombo,5870
EH-2023000579,20144,2023-04-02 18:29:29,1,5440,Bluetooth Earbuds,Colombo,5440
EH-2023000579,20144,2023-04-02 18:29:29,1,103220,Kelvinator Refrigerator 190L,Colombo,103220
EH-2023000580,20054,2023-04-03 15:30:39,1,40250,Singer LED TV 32-inch,Colombo,40250
EH-2023000581,20154,2023-04-04 08:47:02,1,20870,Panasonic Inverter 700VA,Colombo,20870
EH-2023000581,20154,2023-04-04 08:47:02,1,8070,Sony Bluetooth Speaker,Colombo,8070
EH-2023000581,20154,2023-04-04 08:47:02,1,5420,Bluetooth Earbuds,Colombo,5420
EH-2023000582,20053,2023-04-04 09:46:26,2,4450,Philips Electric Kettle,Ratnapura,8900
EH-2023000582,20053,2023-04-04 09:46:26,1,7740,Innovex Rice Cooker 1.8L,Ratnapura,7740
EH-2023000582,20053,2023-04-04 09:46:26,1,10050,itel Feature Phone,Ratnapura,10050
EH-2023000583,20136,2023-04-04 11:02:20,1,41260,Singer LED TV 32-inch,Gampaha,41260
EH-2023000583,20136,2023-04-04 11:02:20,3,1010,Rechargeable LED Bulb,Gampaha,3030
EH-2023000584,20247,2023-04-04 18:36:34,1,9570,itel Feature Phone,Kurunegala,9570
EH-2023000584,20247,2023-04-04 18:36:34,2,3870,Solar Lantern (Rechargeable),Kurunegala,7740
EH-2023000585,20071,2023-04-04 19:48:04,1,5840,National Table Fan 16-inch,Kalutara,5840
EH-2023000586,20057,2023-04-05 13:24:47,2,4080,Solar Lantern (Rechargeable),Gampaha,8160
EH-2023000586,20057,2023-04-05 13:24:47,2,3800,Power Bank 10000mAh,Gampaha,7600
EH-2023000586,20057,2023-04-05 13:24:47,1,2340,Laptop Cooling Pad,Gampaha,2340
EH-2023000587,20032,2023-04-05 19:18:52,1,50530,Xiaomi Redmi 12 Smartphone,Gampaha,50530
EH-2023000588,20162,2023-04-06 11:59:16,1,3880,Power Bank 10000mAh,Ratnapura,3880
EH-2023000588,20162,2023-04-06 11:59:16,1,9890,itel Feature Phone,Ratnapura,9890
EH-2023000589,20169,2023-04-06 15:23:51,1,74960,Samsung Galaxy A14 Smartphone,Kalutara,74960
EH-2023000589,20169,2023-04-06 15:23:51,1,4200,Solar Lantern (Rechargeable),Kalutara,4200
EH-2023000589,20169,2023-04-06 15:23:51,1,7890,Innovex Rice Cooker 1.8L,Kalutara,7890
EH-2023000590,20204,2023-04-07 19:37:26,2,3690,Power Bank 10000mAh,Colombo,7380
EH-2023000590,20204,2023-04-07 19:37:26,1,5760,National Table Fan 16-inch,Colombo,5760
EH-2023000590,20204,2023-04-07 19:37:26,1,40950,Singer LED TV 32-inch,Colombo,40950
EH-2023000591,20017,2023-04-07 20:06:59,1,8670,Sony Bluetooth Speaker,Colombo,8670
EH-2023000591,20017,2023-04-07 20:06:59,1,5820,National Table Fan 16-inch,Colombo,5820
EH-2023000591,20017,2023-04-07 20:06:59,1,5430,Bluetooth Earbuds,Colombo,5430
EH-2023000592,20179,2023-04-09 17:09:20,1,1120,Extension Cord (4-Socket),Gampaha,1120
EH-2023000593,20044,2023-04-09 18:45:42,1,5810,National Table Fan 16-inch,Jaffna,5810
EH-2023000593,20044,2023-04-09 18:45:42,1,5030,Bluetooth Earbuds,Jaffna,5030
EH-2023000594,20078,2023-04-09 20:21:48,1,5160,Bluetooth Earbuds,Matara,5160
EH-2023000595,20164,2023-04-09 20:43:09,1,5700,National Table Fan 16-inch,Gampaha,5700
EH-2023000595,20164,2023-04-09 20:43:09,1,24760,Inverter Battery 12V 100Ah,Gampaha,24760
EH-2023000595,20164,2023-04-09 20:43:09,1,47570,Xiaomi Redmi 12 Smartphone,Gampaha,47570
EH-2023000596,20231,2023-04-10 15:44:50,1,3520,Power Bank 10000mAh,Colombo,3520
EH-2023000597,20220,2023-04-11 18:34:11,1,2400,Laptop Cooling Pad,Matara,2400
EH-2023000597,20220,2023-04-11 18:34:11,1,72080,Singer LED TV 43-inch,Matara,72080
EH-2023000598,20231,2023-04-11 19:17:25,3,950,Rechargeable LED Bulb,Colombo,2850
EH-2023000598,20231,2023-04-11 19:17:25,1,45910,Xiaomi Redmi 12 Smartphone,Colombo,45910
EH-2023000598,20231,2023-04-11 19:17:25,2,3880,Power Bank 10000mAh,Colombo,7760
EH-2023000599,20241,2023-04-11 20:24:46,1,5610,National Table Fan 16-inch,Colombo,5610
EH-2023000599,20241,2023-04-11 20:24:46,1,74270,Singer LED TV 43-inch,Colombo,74270
EH-2023000599,20241,2023-04-11 20:24:46,2,1110,Extension Cord (4-Socket),Colombo,2220
EH-2023000600,20058,2023-04-12 11:40:50,1,10000,itel Feature Phone,Galle,10000
EH-2023000600,20058,2023-04-12 11:40:50,1,25700,Inverter Battery 12V 100Ah,Galle,25700
EH-2023000601,20115,2023-04-12 17:16:41,1,46330,Xiaomi Redmi 12 Smartphone,Gampaha,46330
EH-2023000602,20193,2023-04-13 18:34:00,1,5960,Abans Blender 400W,Colombo,5960
EH-2023000603,20078,2023-04-14 19:59:11,1,7470,Innovex Rice Cooker 1.8L,Matara,7470
EH-2023000604,20172,2023-04-15 10:08:48,2,4510,Philips Electric Kettle,Kandy,9020
EH-2023000604,20172,2023-04-15 10:08:48,1,10360,itel Feature Phone,Kandy,10360
EH-2023000605,20218,2023-04-15 12:44:28,1,7480,Innovex Rice Cooker 1.8L,Badulla,7480
EH-2023000606,20223,2023-04-15 16:32:29,1,48800,Xiaomi Redmi 12 Smartphone,Colombo,48800
EH-2023000606,20223,2023-04-15 16:32:29,1,7530,Innovex Rice Cooker 1.8L,Colombo,7530
EH-2023000606,20223,2023-04-15 16:32:29,1,8280,Sony Bluetooth Speaker,Colombo,8280
EH-2023000607,20212,2023-04-16 08:12:26,1,21110,Panasonic Inverter 700VA,Kurunegala,21110
EH-2023000608,20104,2023-04-16 15:27:47,1,6060,Abans Blender 400W,Ratnapura,6060
EH-2023000608,20104,2023-04-16 15:27:47,1,7470,Innovex Rice Cooker 1.8L,Ratnapura,7470
EH-2023000609,20022,2023-04-16 18:25:32,1,5770,Abans Blender 400W,Matale,5770
EH-2023000610,20244,2023-04-17 09:29:12,2,3900,Solar Lantern (Rechargeable),Gampaha,7800
EH-2023000610,20244,2023-04-17 09:29:12,1,5390,National Table Fan 16-inch,Gampaha,5390
EH-2023000610,20244,2023-04-17 09:29:12,2,1100,Extension Cord (4-Socket),Gampaha,2200
EH-2023000611,20053,2023-04-17 11:11:25,1,48360,Xiaomi Redmi 12 Smartphone,Ratnapura,48360
EH-2023000612,20040,2023-04-17 13:24:56,1,7550,Innovex Rice Cooker 1.8L,Anuradhapura,7550
EH-2023000612,20040,2023-04-17 13:24:56,2,1130,Extension Cord (4-Socket),Anuradhapura,2260
EH-2023000612,20040,2023-04-17 13:24:56,1,46920,Xiaomi Redmi 12 Smartphone,Anuradhapura,46920
EH-2023000613,20115,2023-04-17 15:27:11,1,42060,Singer LED TV 32-inch,Gampaha,42060
EH-2023000614,20084,2023-04-17 17:53:58,1,46400,Xiaomi Redmi 12 Smartphone,Kandy,46400
EH-2023000614,20084,2023-04-17 17:53:58,1,5640,National Table Fan 16-inch,Kandy,5640
EH-2023000615,20153,2023-04-17 17:59:40,2,4240,Philips Electric Kettle,Colombo,8480
EH-2023000616,20149,2023-04-17 20:23:08,1,4210,Solar Lantern (Rechargeable),Kurunegala,4210
EH-2023000616,20149,2023-04-17 20:23:08,1,1110,Extension Cord (4-Socket),Kurunegala,1110
EH-2023000617,20108,2023-04-18 20:25:05,2,3880,Solar Lantern (Rechargeable),Batticaloa,7760
EH-2023000617,20108,2023-04-18 20:25:05,2,4240,Philips Electric Kettle,Batticaloa,8480
EH-2023000618,20157,2023-04-20 17:08:18,1,21710,Panasonic Inverter 700VA,Matale,21710
EH-2023000618,20157,2023-04-20 17:08:18,1,5760,Abans Blender 400W,Matale,5760
EH-2023000618,20157,2023-04-20 17:08:18,1,3890,Power Bank 10000mAh,Matale,3890
EH-2023000619,20005,2023-04-21 15:06:16,1,6270,Abans Blender 400W,Colombo,6270
EH-2023000619,20005,2023-04-21 15:06:16,1,9680,itel Feature Phone,Colombo,9680
EH-2023000620,20187,2023-04-21 15:49:51,1,6110,Abans Blender 400W,Gampaha,6110
EH-2023000620,20187,2023-04-21 15:49:51,1,5450,National Table Fan 16-inch,Gampaha,5450
EH-2023000620,20187,2023-04-21 15:49:51,1,2380,Laptop Cooling Pad,Gampaha,2380
EH-2023000621,20031,2023-04-21 20:32:19,2,1120,Extension Cord (4-Socket),Kurunegala,2240
EH-2023000622,20048,2023-04-22 11:02:58,1,1720,Gas Cooker Adapter (LPG-saver),Colombo,1720
EH-2023000623,20228,2023-04-22 12:36:57,1,6290,Abans Blender 400W,Gampaha,6290
EH-2023000624,20223,2023-04-22 16:19:47,1,50190,Xiaomi Redmi 12 Smartphone,Colombo,50190
EH-2023000624,20223,2023-04-22 16:19:47,1,8260,Sony Bluetooth Speaker,Colombo,8260
EH-2023000625,20187,2023-04-23 17:12:04,2,4280,Philips Electric Kettle,Gampaha,8560
EH-2023000625,20187,2023-04-23 17:12:04,1,1010,Rechargeable LED Bulb,Gampaha,1010
EH-2023000626,20162,2023-04-23 18:46:45,1,20600,Panasonic Inverter 700VA,Ratnapura,20600
EH-2023000626,20162,2023-04-23 18:46:45,1,3970,Solar Lantern (Rechargeable),Ratnapura,3970
EH-2023000626,20162,2023-04-23 18:46:45,1,10060,itel Feature Phone,Ratnapura,10060
EH-2023000627,20233,2023-04-23 20:11:40,1,26380,Inverter Battery 12V 100Ah,Colombo,26380
EH-2023000627,20233,2023-04-23 20:11:40,1,74170,Samsung Galaxy A14 Smartphone,Colombo,74170
EH-2023000627,20233,2023-04-23 20:11:40,1,48560,Xiaomi Redmi 12 Smartphone,Colombo,48560
EH-2023000628,20053,2023-04-25 19:19:17,1,1010,Rechargeable LED Bulb,Ratnapura,1010
EH-2023000628,20053,2023-04-25 19:19:17,1,9780,itel Feature Phone,Ratnapura,9780
EH-2023000629,20149,2023-04-26 11:18:12,1,6060,Abans Blender 400W,Kurunegala,6060
EH-2023000629,20149,2023-04-26 11:18:12,1,72550,Samsung Galaxy A14 Smartphone,Kurunegala,72550
EH-2023000630,20057,2023-04-26 13:59:05,1,21580,Panasonic Inverter 700VA,Gampaha,21580
EH-2023000631,20164,2023-04-26 15:35:33,1,4070,Solar Lantern (Rechargeable),Gampaha,4070
EH-2023000632,20149,2023-04-26 18:49:51,1,9930,itel Feature Phone,Kurunegala,9930
EH-2023000632,20149,2023-04-26 18:49:51,1,7660,Innovex Rice Cooker 1.8L,Kurunegala,7660
EH-2023000632,20149,2023-04-26 18:49:51,1,5420,National Table Fan 16-inch,Kurunegala,5420
EH-2023000633,20044,2023-04-26 20:45:33,1,5030,Bluetooth Earbuds,Jaffna,5030
EH-2023000633,20044,2023-04-26 20:45:33,1,147080,LG Washing Machine 7kg,Jaffna,147080
EH-2023000633,20044,2023-04-26 20:45:33,1,1590,Gas Cooker Adapter (LPG-saver),Jaffna,1590
EH-2023000634,20148,2023-04-27 17:08:27,1,47570,Xiaomi Redmi 12 Smartphone,Kandy,47570
EH-2023000634,20148,2023-04-27 17:08:27,1,71260,Samsung Galaxy A14 Smartphone,Kandy,71260
EH-2023000635,20053,2023-04-28 11:58:20,2,4490,Philips Electric Kettle,Ratnapura,8980
EH-2023000636,20096,2023-04-28 13:18:41,2,3840,Solar Lantern (Rechargeable),Ratnapura,7680
EH-2023000636,20096,2023-04-28 13:18:41,1,10050,itel Feature Phone,Ratnapura,10050
EH-2023000637,20044,2023-04-28 15:10:36,1,74290,Samsung Galaxy A14 Smartphone,Jaffna,74290
EH-2023000637,20044,2023-04-28 15:10:36,1,107490,Kelvinator Refrigerator 190L,Jaffna,107490
EH-2023000638,20027,2023-04-29 09:39:11,2,3800,Power Bank 10000mAh,Gampaha,7600
EH-2023000638,20027,2023-04-29 09:39:11,1,1720,Gas Cooker Adapter (LPG-saver),Gampaha,1720
EH-2023000638,20027,2023-04-29 09:39:11,1,21200,Panasonic Inverter 700VA,Gampaha,21200
EH-2023000639,20053,2023-04-29 16:17:45,1,7170,Innovex Rice Cooker 1.8L,Ratnapura,7170
EH-2023000640,20123,2023-04-29 19:25:01,1,6100,Abans Blender 400W,Colombo,6100
EH-2023000640,20123,2023-04-29 19:25:01,1,49200,Xiaomi Redmi 12 Smartphone,Colombo,49200
EH-2023000641,20062,2023-04-30 10:20:40,2,4400,Philips Electric Kettle,Colombo,8800
EH-2023000641,20062,2023-04-30 10:20:40,1,5460,Bluetooth Earbuds,Colombo,5460
EH-2023000642,20071,2023-04-30 17:01:55,1,5480,National Table Fan 16-inch,Kalutara,5480
EH-2023000642,20071,2023-04-30 17:01:55,1,9830,itel Feature Phone,Kalutara,9830
EH-2023000643,20192,2023-04-30 17:19:01,2,4470,Philips Electric Kettle,Kurunegala,8940
EH-2023000644,20255,2023-05-01 17:38:44,1,73640,Singer LED TV 43-inch,Colombo,73640
EH-2023000644,20255,2023-05-01 17:38:44,1,2460,Laptop Cooling Pad,Colombo,2460
EH-2023000644,20255,2023-05-01 17:38:44,1,10300,itel Feature Phone,Colombo,10300
EH-2023000645,20187,2023-05-01 20:08:29,1,5420,National Table Fan 16-inch,Gampaha,5420
EH-2023000645,20187,2023-05-01 20:08:29,1,7300,Innovex Rice Cooker 1.8L,Gampaha,7300
EH-2023000646,20133,2023-05-01 20:18:04,2,1050,Extension Cord (4-Socket),Batticaloa,2100
EH-2023000646,20133,2023-05-01 20:18:04,2,4320,Philips Electric Kettle,Batticaloa,8640
EH-2023000646,20133,2023-05-01 20:18:04,1,5440,Bluetooth Earbuds,Batticaloa,5440
EH-2023000647,20039,2023-05-02 08:55:15,1,22410,Panasonic Inverter 700VA,Kalutara,22410
EH-2023000647,20039,2023-05-02 08:55:15,1,5750,National Table Fan 16-inch,Kalutara,5750
EH-2023000648,20104,2023-05-02 15:42:04,1,50850,Xiaomi Redmi 12 Smartphone,Ratnapura,50850
EH-2023000648,20104,2023-05-02 15:42:04,1,6130,Abans Blender 400W,Ratnapura,6130
EH-2023000648,20104,2023-05-02 15:42:04,2,4200,Solar Lantern (Rechargeable),Ratnapura,8400
EH-2023000649,20234,2023-05-03 15:15:14,1,7710,Innovex Rice Cooker 1.8L,Galle,7710
EH-2023000650,20249,2023-05-03 19:38:05,1,4020,Solar Lantern (Rechargeable),Colombo,4020
EH-2023000650,20249,2023-05-03 19:38:05,1,6010,Abans Blender 400W,Colombo,6010
EH-2023000651,20198,2023-05-03 19:52:40,2,4610,Philips Electric Kettle,Gampaha,9220
EH-2023000651,20198,2023-05-03 19:52:40,1,5830,Abans Blender 400W,Gampaha,5830
EH-2023000651,20198,2023-05-03 19:52:40,2,1050,Extension Cord (4-Socket),Gampaha,2100
EH-2023000652,20006,2023-05-03 20:07:36,1,5570,National Table Fan 16-inch,Gampaha,5570
EH-2023000653,20017,2023-05-04 09:36:41,1,67810,Singer LED TV 43-inch,Colombo,67810
EH-2023000654,20207,2023-05-04 15:58:26,1,4920,Bluetooth Earbuds,Colombo,4920
EH-2023000654,20207,2023-05-04 15:58:26,1,25320,Inverter Battery 12V 100Ah,Colombo,25320
EH-2023000654,20207,2023-05-04 15:58:26,1,2540,Laptop Cooling Pad,Colombo,2540
EH-2023000655,20037,2023-05-04 20:25:30,1,1760,Gas Cooker Adapter (LPG-saver),Kandy,1760
EH-2023000656,20220,2023-05-05 19:06:30,2,1150,Extension Cord (4-Socket),Matara,2300
EH-2023000656,20220,2023-05-05 19:06:30,2,3880,Solar Lantern (Rechargeable),Matara,7760
EH-2023000657,20078,2023-05-06 14:04:25,1,7620,Innovex Rice Cooker 1.8L,Matara,7620
EH-2023000657,20078,2023-05-06 14:04:25,2,3540,Power Bank 10000mAh,Matara,7080
EH-2023000658,20157,2023-05-06 17:19:10,1,5690,Abans Blender 400W,Matale,5690
EH-2023000658,20157,2023-05-06 17:19:10,1,1740,Gas Cooker Adapter (LPG-saver),Matale,1740
EH-2023000659,20210,2023-05-06 17:55:36,1,50210,Xiaomi Redmi 12 Smartphone,Colombo,50210
EH-2023000659,20210,2023-05-06 17:55:36,1,40970,Singer LED TV 32-inch,Colombo,40970
EH-2023000660,20021,2023-05-07 08:48:48,1,940,Rechargeable LED Bulb,Colombo,940
EH-2023000660,20021,2023-05-07 08:48:48,1,5350,Bluetooth Earbuds,Colombo,5350
EH-2023000661,20048,2023-05-08 18:46:26,1,1120,Extension Cord (4-Socket),Colombo,1120
EH-2023000661,20048,2023-05-08 18:46:26,1,8510,Sony Bluetooth Speaker,Colombo,8510
EH-2023000661,20048,2023-05-08 18:46:26,1,2500,Laptop Cooling Pad,Colombo,2500
EH-2023000662,20231,2023-05-08 18:58:36,1,21910,Panasonic Inverter 700VA,Colombo,21910
EH-2023000662,20231,2023-05-08 18:58:36,1,7430,Innovex Rice Cooker 1.8L,Colombo,7430
EH-2023000663,20133,2023-05-08 19:34:02,1,1760,Gas Cooker Adapter (LPG-saver),Batticaloa,1760
EH-2023000663,20133,2023-05-08 19:34:02,3,930,Rechargeable LED Bulb,Batticaloa,2790
EH-2023000663,20133,2023-05-08 19:34:02,1,72800,Singer LED TV 43-inch,Batticaloa,72800
EH-2023000664,20048,2023-05-09 08:46:01,1,75890,Samsung Galaxy A14 Smartphone,Colombo,75890
EH-2023000664,20048,2023-05-09 08:46:01,1,4960,Bluetooth Earbuds,Colombo,4960
EH-2023000665,20097,2023-05-09 13:02:18,1,6200,Abans Blender 400W,Matale,6200
EH-2023000665,20097,2023-05-09 13:02:18,1,7900,Innovex Rice Cooker 1.8L,Matale,7900
EH-2023000665,20097,2023-05-09 13:02:18,1,5360,Bluetooth Earbuds,Matale,5360
EH-2023000666,20112,2023-05-11 14:41:31,1,38920,Singer LED TV 32-inch,Gampaha,38920
EH-2023000667,20078,2023-05-11 16:24:22,1,40210,Singer LED TV 32-inch,Matara,40210
EH-2023000667,20078,2023-05-11 16:24:22,1,10140,itel Feature Phone,Matara,10140
EH-2023000667,20078,2023-05-11 16:24:22,1,26690,Inverter Battery 12V 100Ah,Matara,26690
EH-2023000668,20057,2023-05-11 17:55:39,1,5900,Abans Blender 400W,Gampaha,5900
EH-2023000668,20057,2023-05-11 17:55:39,1,5260,Bluetooth Earbuds,Gampaha,5260
EH-2023000668,20057,2023-05-11 17:55:39,1,5510,National Table Fan 16-inch,Gampaha,5510
EH-2023000669,20071,2023-05-11 20:28:20,1,5970,Abans Blender 400W,Kalutara,5970
EH-2023000669,20071,2023-05-11 20:28:20,2,4350,Philips Electric Kettle,Kalutara,8700
EH-2023000670,20114,2023-05-12 09:10:06,1,2430,Laptop Cooling Pad,Ratnapura,2430
EH-2023000670,20114,2023-05-12 09:10:06,1,6210,Abans Blender 400W,Ratnapura,6210
EH-2023000671,20208,2023-05-12 11:45:09,1,6040,Abans Blender 400W,Gampaha,6040
EH-2023000671,20208,2023-05-12 11:45:09,1,151620,LG Washing Machine 7kg,Gampaha,151620
EH-2023000672,20078,2023-05-13 19:02:43,1,2380,Laptop Cooling Pad,Matara,2380
EH-2023000673,20024,2023-05-14 13:05:14,1,5300,National Table Fan 16-inch,Colombo,5300
EH-2023000673,20024,2023-05-14 13:05:14,1,39420,Singer LED TV 32-inch,Colombo,39420
EH-2023000674,20001,2023-05-14 20:41:22,1,2450,Laptop Cooling Pad,Colombo,2450
EH-2023000675,20057,2023-05-15 15:43:05,1,71360,Samsung Galaxy A14 Smartphone,Gampaha,71360
EH-2023000675,20057,2023-05-15 15:43:05,1,8150,Sony Bluetooth Speaker,Gampaha,8150
EH-2023000676,20071,2023-05-15 16:20:36,1,6000,Abans Blender 400W,Kalutara,6000
EH-2023000677,20136,2023-05-16 14:29:28,2,3740,Power Bank 10000mAh,Gampaha,7480
EH-2023000677,20136,2023-05-16 14:29:28,1,40970,Singer LED TV 32-inch,Gampaha,40970
EH-2023000678,20053,2023-05-17 11:50:53,1,5280,National Table Fan 16-inch,Ratnapura,5280
EH-2023000678,20053,2023-05-17 11:50:53,1,3520,Power Bank 10000mAh,Ratnapura,3520
EH-2023000678,20053,2023-05-17 11:50:53,1,5900,Abans Blender 400W,Ratnapura,5900
EH-2023000679,20193,2023-05-17 12:29:26,2,4470,Philips Electric Kettle,Colombo,8940
EH-2023000679,20193,2023-05-17 12:29:26,1,5330,National Table Fan 16-inch,Colombo,5330
EH-2023000680,20097,2023-05-17 13:44:06,1,1750,Gas Cooker Adapter (LPG-saver),Matale,1750
EH-2023000680,20097,2023-05-17 13:44:06,2,1050,Extension Cord (4-Socket),Matale,2100
EH-2023000680,20097,2023-05-17 13:44:06,1,9430,itel Feature Phone,Matale,9430
EH-2023000681,20136,2023-05-17 19:34:37,1,5040,Bluetooth Earbuds,Gampaha,5040
EH-2023000682,20001,2023-05-19 13:38:23,1,3640,Power Bank 10000mAh,Colombo,3640
EH-2023000682,20001,2023-05-19 13:38:23,1,1030,Rechargeable LED Bulb,Colombo,1030
EH-2023000682,20001,2023-05-19 13:38:23,1,25330,Inverter Battery 12V 100Ah,Colombo,25330
EH-2023000683,20067,2023-05-19 15:54:42,1,73250,Samsung Galaxy A14 Smartphone,Kalutara,73250
EH-2023000683,20067,2023-05-19 15:54:42,1,6260,Abans Blender 400W,Kalutara,6260
EH-2023000684,20220,2023-05-19 17:42:12,1,7490,Innovex Rice Cooker 1.8L,Matara,7490
EH-2023000684,20220,2023-05-19 17:42:12,1,25490,Inverter Battery 12V 100Ah,Matara,25490
EH-2023000684,20220,2023-05-19 17:42:12,2,3620,Power Bank 10000mAh,Matara,7240
EH-2023000685,20057,2023-05-20 19:27:37,1,2340,Laptop Cooling Pad,Gampaha,2340
EH-2023000685,20057,2023-05-20 19:27:37,1,7610,Innovex Rice Cooker 1.8L,Gampaha,7610
EH-2023000686,20053,2023-05-21 09:24:12,1,76300,Samsung Galaxy A14 Smartphone,Ratnapura,76300
EH-2023000687,20109,2023-05-21 16:41:00,1,2470,Laptop Cooling Pad,Kandy,2470
EH-2023000688,20219,2023-05-22 16:00:57,1,3760,Power Bank 10000mAh,Kandy,3760
EH-2023000688,20219,2023-05-22 16:00:57,1,40080,Singer LED TV 32-inch,Kandy,40080
EH-2023000689,20071,2023-05-23 14:48:11,3,940,Rechargeable LED Bulb,Kalutara,2820
EH-2023000689,20071,2023-05-23 14:48:11,1,4970,Bluetooth Earbuds,Kalutara,4970
EH-2023000689,20071,2023-05-23 14:48:11,1,1100,Extension Cord (4-Socket),Kalutara,1100
EH-2023000690,20251,2023-05-23 18:18:04,1,5350,National Table Fan 16-inch,Badulla,5350
EH-2023000691,20220,2023-05-24 17:16:49,1,990,Rechargeable LED Bulb,Matara,990
EH-2023000691,20220,2023-05-24 17:16:49,1,6330,Abans Blender 400W,Matara,6330
EH-2023000692,20159,2023-05-24 17:34:12,1,6070,Abans Blender 400W,Matara,6070
EH-2023000693,20048,2023-05-24 18:51:52,1,5400,Bluetooth Earbuds,Colombo,5400
EH-2023000694,20149,2023-05-25 10:22:44,1,75520,Samsung Galaxy A14 Smartphone,Kurunegala,75520
EH-2023000694,20149,2023-05-25 10:22:44,1,5760,Abans Blender 400W,Kurunegala,5760
EH-2023000695,20121,2023-05-25 20:21:40,1,7720,Innovex Rice Cooker 1.8L,Gampaha,7720
EH-2023000695,20121,2023-05-25 20:21:40,1,2350,Laptop Cooling Pad,Gampaha,2350
EH-2023000696,20154,2023-05-26 12:15:47,1,1720,Gas Cooker Adapter (LPG-saver),Colombo,1720
EH-2023000696,20154,2023-05-26 12:15:47,1,1120,Extension Cord (4-Socket),Colombo,1120
EH-2023000697,20164,2023-05-26 17:02:35,1,25180,Inverter Battery 12V 100Ah,Gampaha,25180
EH-2023000697,20164,2023-05-26 17:02:35,1,50540,Xiaomi Redmi 12 Smartphone,Gampaha,50540
EH-2023000697,20164,2023-05-26 17:02:35,1,1110,Extension Cord (4-Socket),Gampaha,1110
EH-2023000698,20071,2023-05-26 17:47:56,1,5120,Bluetooth Earbuds,Kalutara,5120
EH-2023000698,20071,2023-05-26 17:47:56,1,8380,Sony Bluetooth Speaker,Kalutara,8380
EH-2023000698,20071,2023-05-26 17:47:56,1,9420,itel Feature Phone,Kalutara,9420
EH-2023000699,20048,2023-05-26 18:30:43,1,4180,Philips Electric Kettle,Colombo,4180
EH-2023000700,20089,2023-05-26 18:53:02,1,38460,Singer LED TV 32-inch,Colombo,38460
EH-2023000700,20089,2023-05-26 18:53:02,1,2420,Laptop Cooling Pad,Colombo,2420
EH-2023000700,20089,2023-05-26 18:53:02,1,10300,itel Feature Phone,Colombo,10300
EH-2023000701,20250,2023-05-27 10:00:10,2,4240,Solar Lantern (Rechargeable),Kalutara,8480
EH-2023000702,20187,2023-05-27 17:32:43,1,49400,Xiaomi Redmi 12 Smartphone,Gampaha,49400
EH-2023000702,20187,2023-05-27 17:32:43,1,9530,itel Feature Phone,Gampaha,9530
EH-2023000702,20187,2023-05-27 17:32:43,2,3800,Power Bank 10000mAh,Gampaha,7600
EH-2023000703,20007,2023-05-27 19:19:33,1,105140,Kelvinator Refrigerator 190L,Colombo,105140
EH-2023000703,20007,2023-05-27 19:19:33,1,8490,Sony Bluetooth Speaker,Colombo,8490
EH-2023000704,20108,2023-05-27 19:38:55,1,24820,Inverter Battery 12V 100Ah,Batticaloa,24820
EH-2023000705,20024,2023-05-27 19:48:48,1,6270,Abans Blender 400W,Colombo,6270
EH-2023000705,20024,2023-05-27 19:48:48,1,4310,Philips Electric Kettle,Colombo,4310
EH-2023000705,20024,2023-05-27 19:48:48,1,47630,Xiaomi Redmi 12 Smartphone,Colombo,47630
EH-2023000706,20220,2023-05-28 10:13:10,1,21410,Panasonic Inverter 700VA,Matara,21410
EH-2023000706,20220,2023-05-28 10:13:10,1,3820,Power Bank 10000mAh,Matara,3820
EH-2023000706,20220,2023-05-28 10:13:10,2,970,Rechargeable LED Bulb,Matara,1940
EH-2023000707,20124,2023-05-29 18:02:21,1,4050,Solar Lantern (Rechargeable),Batticaloa,4050
EH-2023000708,20230,2023-05-30 17:58:08,1,25730,Inverter Battery 12V 100Ah,Gampaha,25730
EH-2023000709,20204,2023-05-31 14:53:20,1,48040,Xiaomi Redmi 12 Smartphone,Colombo,48040
EH-2023000709,20204,2023-05-31 14:53:20,1,4030,Solar Lantern (Rechargeable),Colombo,4030
EH-2023000710,20071,2023-06-01 08:12:05,1,68470,Singer LED TV 43-inch,Kalutara,68470
EH-2023000710,20071,2023-06-01 08:12:05,1,41060,Singer LED TV 32-inch,Kalutara,41060
EH-2023000710,20071,2023-06-01 08:12:05,1,2550,Laptop Cooling Pad,Kalutara,2550
EH-2023000711,20081,2023-06-01 14:55:17,1,5680,National Table Fan 16-inch,Colombo,5680
EH-2023000712,20115,2023-06-01 15:59:37,1,4500,Philips Electric Kettle,Gampaha,4500
EH-2023000712,20115,2023-06-01 15:59:37,1,8740,Sony Bluetooth Speaker,Gampaha,8740
EH-2023000713,20198,2023-06-01 20:27:36,1,7770,Innovex Rice Cooker 1.8L,Gampaha,7770
EH-2023000714,20057,2023-06-03 17:04:36,1,77920,Samsung Galaxy A14 Smartphone,Gampaha,77920
EH-2023000714,20057,2023-06-03 17:04:36,1,3760,Power Bank 10000mAh,Gampaha,3760
EH-2023000714,20057,2023-06-03 17:04:36,1,47170,Xiaomi Redmi 12 Smartphone,Gampaha,47170
EH-2023000715,20253,2023-06-04 10:03:55,1,5720,Abans Blender 400W,Colombo,5720
EH-2023000715,20253,2023-06-04 10:03:55,1,5720,National Table Fan 16-inch,Colombo,5720
EH-2023000715,20253,2023-06-04 10:03:55,1,144460,LG Washing Machine 7kg,Colombo,144460
EH-2023000716,20183,2023-06-04 13:06:11,2,1110,Extension Cord (4-Socket),Kalutara,2220
EH-2023000716,20183,2023-06-04 13:06:11,1,7430,Innovex Rice Cooker 1.8L,Kalutara,7430
EH-2023000717,20136,2023-06-04 13:54:09,1,1070,Extension Cord (4-Socket),Gampaha,1070
EH-2023000718,20086,2023-06-06 13:38:00,1,38910,Singer LED TV 32-inch,Galle,38910
EH-2023000719,20222,2023-06-07 09:09:21,1,49740,Xiaomi Redmi 12 Smartphone,Matara,49740
EH-2023000720,20157,2023-06-07 16:03:18,1,7850,Innovex Rice Cooker 1.8L,Matale,7850
EH-2023000720,20157,2023-06-07 16:03:18,2,4590,Philips Electric Kettle,Matale,9180
EH-2023000721,20225,2023-06-08 17:23:07,2,1020,Rechargeable LED Bulb,Galle,2040
EH-2023000722,20004,2023-06-09 10:48:30,1,5400,National Table Fan 16-inch,Galle,5400
EH-2023000723,20071,2023-06-09 13:51:55,1,48800,Xiaomi Redmi 12 Smartphone,Kalutara,48800
EH-2023000724,20236,2023-06-09 18:56:04,1,47030,Xiaomi Redmi 12 Smartphone,Badulla,47030
EH-2023000724,20236,2023-06-09 18:56:04,2,1070,Extension Cord (4-Socket),Badulla,2140
EH-2023000725,20062,2023-06-10 11:23:39,1,72790,Samsung Galaxy A14 Smartphone,Colombo,72790
EH-2023000725,20062,2023-06-10 11:23:39,1,3880,Power Bank 10000mAh,Colombo,3880
EH-2023000726,20078,2023-06-10 15:44:58,1,48060,Xiaomi Redmi 12 Smartphone,Matara,48060
EH-2023000726,20078,2023-06-10 15:44:58,1,24680,Inverter Battery 12V 100Ah,Matara,24680
EH-2023000726,20078,2023-06-10 15:44:58,2,3730,Power Bank 10000mAh,Matara,7460
EH-2023000727,20220,2023-06-10 17:01:04,1,10020,itel Feature Phone,Matara,10020
EH-2023000727,20220,2023-06-10 17:01:04,3,940,Rechargeable LED Bulb,Matara,2820
EH-2023000728,20126,2023-06-10 17:17:35,1,49550,Xiaomi Redmi 12 Smartphone,Puttalam,49550
EH-2023000729,20071,2023-06-11 18:25:33,1,46430,Xiaomi Redmi 12 Smartphone,Kalutara,46430
EH-2023000729,20071,2023-06-11 18:25:33,1,8740,Sony Bluetooth Speaker,Kalutara,8740
EH-2023000730,20220,2023-06-12 11:07:26,1,4200,Philips Electric Kettle,Matara,4200
EH-2023000730,20220,2023-06-12 11:07:26,1,6140,Abans Blender 400W,Matara,6140
EH-2023000730,20220,2023-06-12 11:07:26,1,139290,LG Washing Machine 7kg,Matara,139290
EH-2023000731,20057,2023-06-12 14:23:34,2,1070,Extension Cord (4-Socket),Gampaha,2140
EH-2023000731,20057,2023-06-12 14:23:34,3,990,Rechargeable LED Bulb,Gampaha,2970
EH-2023000731,20057,2023-06-12 14:23:34,1,10150,itel Feature Phone,Gampaha,10150
EH-2023000732,20179,2023-06-12 16:52:24,1,75550,Samsung Galaxy A14 Smartphone,Gampaha,75550
EH-2023000732,20179,2023-06-12 16:52:24,2,3820,Power Bank 10000mAh,Gampaha,7640
EH-2023000733,20115,2023-06-13 08:07:50,1,5560,National Table Fan 16-inch,Gampaha,5560
EH-2023000733,20115,2023-06-13 08:07:50,1,78190,Samsung Galaxy A14 Smartphone,Gampaha,78190
EH-2023000733,20115,2023-06-13 08:07:50,1,98350,Kelvinator Refrigerator 190L,Gampaha,98350
EH-2023000734,20188,2023-06-13 08:56:16,1,1580,Gas Cooker Adapter (LPG-saver),Trincomalee,1580
EH-2023000734,20188,2023-06-13 08:56:16,1,71490,Samsung Galaxy A14 Smartphone,Trincomalee,71490
EH-2023000734,20188,2023-06-13 08:56:16,1,47090,Xiaomi Redmi 12 Smartphone,Trincomalee,47090
EH-2023000735,20173,2023-06-13 09:13:32,2,3640,Power Bank 10000mAh,Gampaha,7280
EH-2023000735,20173,2023-06-13 09:13:32,1,4350,Philips Electric Kettle,Gampaha,4350
EH-2023000736,20191,2023-06-13 10:22:48,1,5250,National Table Fan 16-inch,Galle,5250
EH-2023000737,20254,2023-06-14 11:44:34,1,45980,Xiaomi Redmi 12 Smartphone,Colombo,45980
EH-2023000737,20254,2023-06-14 11:44:34,1,24820,Inverter Battery 12V 100Ah,Colombo,24820
EH-2023000738,20045,2023-06-14 14:12:47,1,2500,Laptop Cooling Pad,Colombo,2500
EH-2023000739,20043,2023-06-14 14:22:47,2,3880,Power Bank 10000mAh,Kurunegala,7760
EH-2023000739,20043,2023-06-14 14:22:47,2,1040,Extension Cord (4-Socket),Kurunegala,2080
EH-2023000740,20206,2023-06-14 14:44:16,1,3890,Power Bank 10000mAh,Colombo,3890
EH-2023000740,20206,2023-06-14 14:44:16,2,1110,Extension Cord (4-Socket),Colombo,2220
EH-2023000741,20172,2023-06-14 18:17:43,1,5680,National Table Fan 16-inch,Kandy,5680
EH-2023000741,20172,2023-06-14 18:17:43,1,4090,Solar Lantern (Rechargeable),Kandy,4090
EH-2023000741,20172,2023-06-14 18:17:43,1,21220,Panasonic Inverter 700VA,Kandy,21220
EH-2023000742,20105,2023-06-16 09:44:57,1,73930,Singer LED TV 43-inch,Anuradhapura,73930
EH-2023000742,20105,2023-06-16 09:44:57,1,40850,Singer LED TV 32-inch,Anuradhapura,40850
EH-2023000743,20254,2023-06-16 10:11:44,2,4390,Philips Electric Kettle,Colombo,8780
EH-2023000743,20254,2023-06-16 10:11:44,1,71600,Singer LED TV 43-inch,Colombo,71600
EH-2023000743,20254,2023-06-16 10:11:44,1,2330,Laptop Cooling Pad,Colombo,2330
EH-2023000744,20136,2023-06-16 18:59:27,1,2510,Laptop Cooling Pad,Gampaha,2510
EH-2023000745,20001,2023-06-17 11:03:24,1,20670,Panasonic Inverter 700VA,Colombo,20670
EH-2023000746,20097,2023-06-17 15:48:08,3,970,Rechargeable LED Bulb,Matale,2910
EH-2023000746,20097,2023-06-17 15:48:08,2,3850,Power Bank 10000mAh,Matale,7700
EH-2023000747,20047,2023-06-17 19:13:18,1,7850,Innovex Rice Cooker 1.8L,Matara,7850
EH-2023000747,20047,2023-06-17 19:13:18,1,48930,Xiaomi Redmi 12 Smartphone,Matara,48930
EH-2023000748,20244,2023-06-17 19:29:28,1,7700,Innovex Rice Cooker 1.8L,Gampaha,7700
EH-2023000749,20136,2023-06-18 15:04:45,1,147150,LG Washing Machine 7kg,Gampaha,147150
EH-2023000749,20136,2023-06-18 15:04:45,1,22360,Panasonic Inverter 700VA,Gampaha,22360
EH-2023000750,20192,2023-06-18 17:29:50,1,76160,Samsung Galaxy A14 Smartphone,Kurunegala,76160
EH-2023000750,20192,2023-06-18 17:29:50,1,10290,itel Feature Phone,Kurunegala,10290
EH-2023000750,20192,2023-06-18 17:29:50,1,104170,Kelvinator Refrigerator 190L,Kurunegala,104170
EH-2023000751,20112,2023-06-19 09:27:46,1,2380,Laptop Cooling Pad,Gampaha,2380
EH-2023000751,20112,2023-06-19 09:27:46,1,3760,Power Bank 10000mAh,Gampaha,3760
EH-2023000751,20112,2023-06-19 09:27:46,1,39810,Singer LED TV 32-inch,Gampaha,39810
EH-2023000752,20163,2023-06-19 18:37:26,1,5300,National Table Fan 16-inch,Ratnapura,5300
EH-2023000752,20163,2023-06-19 18:37:26,1,9380,itel Feature Phone,Ratnapura,9380
EH-2023000753,20071,2023-06-20 13:23:04,2,4630,Philips Electric Kettle,Kalutara,9260
EH-2023000753,20071,2023-06-20 13:23:04,1,4170,Solar Lantern (Rechargeable),Kalutara,4170
EH-2023000753,20071,2023-06-20 13:23:04,1,9530,itel Feature Phone,Kalutara,9530
EH-2023000754,20207,2023-06-20 20:59:58,1,21040,Panasonic Inverter 700VA,Colombo,21040
EH-2023000754,20207,2023-06-20 20:59:58,1,9690,itel Feature Phone,Colombo,9690
EH-2023000755,20080,2023-06-21 12:09:29,1,1020,Rechargeable LED Bulb,Kalutara,1020
EH-2023000756,20252,2023-06-22 17:25:21,1,8410,Sony Bluetooth Speaker,Badulla,8410
EH-2023000756,20252,2023-06-22 17:25:21,1,5780,National Table Fan 16-inch,Badulla,5780
EH-2023000756,20252,2023-06-22 17:25:21,1,970,Rechargeable LED Bulb,Badulla,970
EH-2023000757,20053,2023-06-23 09:41:00,1,7200,Innovex Rice Cooker 1.8L,Ratnapura,7200
EH-2023000758,20133,2023-06-23 14:09:25,2,1120,Extension Cord (4-Socket),Batticaloa,2240
EH-2023000758,20133,2023-06-23 14:09:25,1,139930,LG Washing Machine 7kg,Batticaloa,139930
EH-2023000759,20007,2023-06-23 14:38:28,1,4350,Philips Electric Kettle,Colombo,4350
EH-2023000759,20007,2023-06-23 14:38:28,1,46090,Xiaomi Redmi 12 Smartphone,Colombo,46090
EH-2023000759,20007,2023-06-23 14:38:28,1,3770,Power Bank 10000mAh,Colombo,3770
EH-2023000760,20193,2023-06-23 16:34:57,1,7920,Innovex Rice Cooker 1.8L,Colombo,7920
EH-2023000760,20193,2023-06-23 16:34:57,1,8670,Sony Bluetooth Speaker,Colombo,8670
EH-2023000761,20107,2023-06-28 13:34:52,1,68650,Singer LED TV 43-inch,Gampaha,68650
EH-2023000761,20107,2023-06-28 13:34:52,1,2490,Laptop Cooling Pad,Gampaha,2490
EH-2023000761,20107,2023-06-28 13:34:52,1,78380,Samsung Galaxy A14 Smartphone,Gampaha,78380
EH-2023000762,20115,2023-06-28 16:42:19,1,2390,Laptop Cooling Pad,Gampaha,2390
EH-2023000762,20115,2023-06-28 16:42:19,1,49960,Xiaomi Redmi 12 Smartphone,Gampaha,49960
EH-2023000763,20071,2023-06-29 10:34:56,1,4290,Philips Electric Kettle,Kalutara,4290
EH-2023000764,20158,2023-06-29 13:29:45,2,3510,Power Bank 10000mAh,Kurunegala,7020
EH-2023000764,20158,2023-06-29 13:29:45,1,2400,Laptop Cooling Pad,Kurunegala,2400
EH-2023000764,20158,2023-06-29 13:29:45,1,5690,Abans Blender 400W,Kurunegala,5690
EH-2023000765,20253,2023-06-29 15:08:33,1,4630,Philips Electric Kettle,Colombo,4630
EH-2023000766,20136,2023-06-30 19:00:51,1,4220,Solar Lantern (Rechargeable),Gampaha,4220
EH-2023000767,20142,2023-06-30 20:36:48,3,1020,Rechargeable LED Bulb,Gampaha,3060
EH-2023000767,20142,2023-06-30 20:36:48,1,1070,Extension Cord (4-Socket),Gampaha,1070
EH-2023000768,20043,2023-07-01 17:40:33,1,1040,Extension Cord (4-Socket),Kurunegala,1040
EH-2023000769,20207,2023-07-01 18:02:26,1,106870,Kelvinator Refrigerator 190L,Colombo,106870
EH-2023000769,20207,2023-07-01 18:02:26,1,7820,Innovex Rice Cooker 1.8L,Colombo,7820
EH-2023000770,20071,2023-07-02 17:58:27,2,4290,Philips Electric Kettle,Kalutara,8580
EH-2023000771,20171,2023-07-02 20:49:46,1,1080,Extension Cord (4-Socket),Ratnapura,1080
EH-2023000772,20222,2023-07-03 13:49:52,1,7580,Innovex Rice Cooker 1.8L,Matara,7580
EH-2023000773,20192,2023-07-03 20:15:59,2,3830,Solar Lantern (Rechargeable),Kurunegala,7660
EH-2023000773,20192,2023-07-03 20:15:59,1,9820,itel Feature Phone,Kurunegala,9820
EH-2023000773,20192,2023-07-03 20:15:59,1,3650,Power Bank 10000mAh,Kurunegala,3650
EH-2023000774,20057,2023-07-04 16:53:52,1,40100,Singer LED TV 32-inch,Gampaha,40100
EH-2023000774,20057,2023-07-04 16:53:52,1,5730,National Table Fan 16-inch,Gampaha,5730
EH-2023000775,20211,2023-07-04 18:37:19,2,1090,Extension Cord (4-Socket),Gampaha,2180
EH-2023000775,20211,2023-07-04 18:37:19,1,5670,National Table Fan 16-inch,Gampaha,5670
EH-2023000776,20139,2023-07-05 10:23:07,1,9630,itel Feature Phone,Kandy,9630
EH-2023000776,20139,2023-07-05 10:23:07,1,3560,Power Bank 10000mAh,Kandy,3560
EH-2023000776,20139,2023-07-05 10:23:07,1,1690,Gas Cooker Adapter (LPG-saver),Kandy,1690
EH-2023000777,20044,2023-07-06 15:47:44,2,3710,Power Bank 10000mAh,Jaffna,7420
EH-2023000777,20044,2023-07-06 15:47:44,1,5660,National Table Fan 16-inch,Jaffna,5660
EH-2023000778,20223,2023-07-06 19:39:45,2,4450,Philips Electric Kettle,Colombo,8900
EH-2023000778,20223,2023-07-06 19:39:45,1,72170,Samsung Galaxy A14 Smartphone,Colombo,72170
EH-2023000778,20223,2023-07-06 19:39:45,1,42340,Singer LED TV 32-inch,Colombo,42340
EH-2023000779,20256,2023-07-07 09:49:19,1,7100,Innovex Rice Cooker 1.8L,Kandy,7100
EH-2023000780,20071,2023-07-07 11:03:57,1,6230,Abans Blender 400W,Kalutara,6230
EH-2023000781,20053,2023-07-07 18:11:58,1,7870,Innovex Rice Cooker 1.8L,Ratnapura,7870
EH-2023000782,20050,2023-07-08 08:13:33,2,1110,Extension Cord (4-Socket),Kalutara,2220
EH-2023000782,20050,2023-07-08 08:13:33,2,4220,Philips Electric Kettle,Kalutara,8440
EH-2023000782,20050,2023-07-08 08:13:33,1,9800,itel Feature Phone,Kalutara,9800
EH-2023000783,20247,2023-07-08 14:02:08,1,50230,Xiaomi Redmi 12 Smartphone,Kurunegala,50230
EH-2023000783,20247,2023-07-08 14:02:08,1,7650,Innovex Rice Cooker 1.8L,Kurunegala,7650
EH-2023000783,20247,2023-07-08 14:02:08,1,41270,Singer LED TV 32-inch,Kurunegala,41270
EH-2023000784,20212,2023-07-08 18:50:26,1,46940,Xiaomi Redmi 12 Smartphone,Kurunegala,46940
EH-2023000785,20098,2023-07-08 20:47:39,2,950,Rechargeable LED Bulb,Colombo,1900
EH-2023000785,20098,2023-07-08 20:47:39,1,1050,Extension Cord (4-Socket),Colombo,1050
EH-2023000786,20057,2023-07-09 09:29:03,1,7620,Innovex Rice Cooker 1.8L,Gampaha,7620
EH-2023000787,20049,2023-07-09 12:15:52,1,48940,Xiaomi Redmi 12 Smartphone,Colombo,48940
EH-2023000788,20165,2023-07-09 18:29:46,1,7290,Innovex Rice Cooker 1.8L,Jaffna,7290
EH-2023000789,20259,2023-07-10 16:11:36,1,2520,Laptop Cooling Pad,Kurunegala,2520
EH-2023000790,20212,2023-07-10 17:30:21,1,71730,Samsung Galaxy A14 Smartphone,Kurunegala,71730
EH-2023000790,20212,2023-07-10 17:30:21,1,1640,Gas Cooker Adapter (LPG-saver),Kurunegala,1640
EH-2023000790,20212,2023-07-10 17:30:21,1,4310,Philips Electric Kettle,Kurunegala,4310
EH-2023000791,20209,2023-07-11 18:42:53,1,9560,itel Feature Phone,Ratnapura,9560
EH-2023000792,20253,2023-07-12 10:05:56,1,5450,National Table Fan 16-inch,Colombo,5450
EH-2023000793,20136,2023-07-12 17:01:39,3,1020,Rechargeable LED Bulb,Gampaha,3060
EH-2023000794,20161,2023-07-13 17:04:21,1,25600,Inverter Battery 12V 100Ah,Kurunegala,25600
EH-2023000795,20036,2023-07-13 18:18:41,1,8700,Sony Bluetooth Speaker,Colombo,8700
EH-2023000796,20222,2023-07-14 18:34:44,3,1010,Rechargeable LED Bulb,Matara,3030
EH-2023000796,20222,2023-07-14 18:34:44,2,3790,Power Bank 10000mAh,Matara,7580
EH-2023000797,20071,2023-07-14 18:59:07,1,39570,Singer LED TV 32-inch,Kalutara,39570
EH-2023000797,20071,2023-07-14 18:59:07,1,6140,Abans Blender 400W,Kalutara,6140
EH-2023000797,20071,2023-07-14 18:59:07,1,5100,Bluetooth Earbuds,Kalutara,5100
EH-2023000798,20083,2023-07-15 17:47:11,1,50620,Xiaomi Redmi 12 Smartphone,Kandy,50620
EH-2023000799,20115,2023-07-15 18:09:15,1,5690,Abans Blender 400W,Gampaha,5690
EH-2023000799,20115,2023-07-15 18:09:15,1,4160,Philips Electric Kettle,Gampaha,4160
EH-2023000799,20115,2023-07-15 18:09:15,1,10350,itel Feature Phone,Gampaha,10350
EH-2023000800,20152,2023-07-16 18:09:09,1,25420,Inverter Battery 12V 100Ah,Colombo,25420
EH-2023000800,20152,2023-07-16 18:09:09,2,4430,Philips Electric Kettle,Colombo,8860
EH-2023000800,20152,2023-07-16 18:09:09,1,7780,Innovex Rice Cooker 1.8L,Colombo,7780
EH-2023000801,20132,2023-07-16 18:56:21,1,26550,Inverter Battery 12V 100Ah,Kandy,26550
EH-2023000801,20132,2023-07-16 18:56:21,3,960,Rechargeable LED Bulb,Kandy,2880
EH-2023000802,20133,2023-07-17 08:04:49,1,8620,Sony Bluetooth Speaker,Batticaloa,8620
EH-2023000802,20133,2023-07-17 08:04:49,1,9790,itel Feature Phone,Batticaloa,9790
EH-2023000803,20244,2023-07-18 12:33:26,1,9780,itel Feature Phone,Gampaha,9780
EH-2023000804,20053,2023-07-18 17:17:34,1,8090,Sony Bluetooth Speaker,Ratnapura,8090
EH-2023000804,20053,2023-07-18 17:17:34,1,5470,National Table Fan 16-inch,Ratnapura,5470
EH-2023000804,20053,2023-07-18 17:17:34,1,41360,Singer LED TV 32-inch,Ratnapura,41360
EH-2023000805,20089,2023-07-18 19:43:40,2,970,Rechargeable LED Bulb,Colombo,1940
EH-2023000805,20089,2023-07-18 19:43:40,1,50370,Xiaomi Redmi 12 Smartphone,Colombo,50370
EH-2023000806,20192,2023-07-20 11:42:32,1,3520,Power Bank 10000mAh,Kurunegala,3520
EH-2023000806,20192,2023-07-20 11:42:32,1,24640,Inverter Battery 12V 100Ah,Kurunegala,24640
EH-2023000806,20192,2023-07-20 11:42:32,1,7630,Innovex Rice Cooker 1.8L,Kurunegala,7630
EH-2023000807,20245,2023-07-20 18:35:36,1,4620,Philips Electric Kettle,Gampaha,4620
EH-2023000808,20086,2023-07-21 11:16:29,1,7290,Innovex Rice Cooker 1.8L,Galle,7290
EH-2023000808,20086,2023-07-21 11:16:29,1,6160,Abans Blender 400W,Galle,6160
EH-2023000809,20084,2023-07-21 13:16:58,1,22390,Panasonic Inverter 700VA,Kandy,22390
EH-2023000809,20084,2023-07-21 13:16:58,1,108060,Kelvinator Refrigerator 190L,Kandy,108060
EH-2023000809,20084,2023-07-21 13:16:58,1,77770,Samsung Galaxy A14 Smartphone,Kandy,77770
EH-2023000810,20071,2023-07-21 19:19:24,1,72320,Singer LED TV 43-inch,Kalutara,72320
EH-2023000811,20101,2023-07-21 20:54:38,1,2320,Laptop Cooling Pad,Colombo,2320
EH-2023000811,20101,2023-07-21 20:54:38,1,77520,Samsung Galaxy A14 Smartphone,Colombo,77520
EH-2023000811,20101,2023-07-21 20:54:38,1,1100,Extension Cord (4-Socket),Colombo,1100
EH-2023000812,20053,2023-07-22 17:15:43,1,51030,Xiaomi Redmi 12 Smartphone,Ratnapura,51030
EH-2023000812,20053,2023-07-22 17:15:43,1,5760,Abans Blender 400W,Ratnapura,5760
EH-2023000813,20062,2023-07-23 14:29:00,1,69870,Singer LED TV 43-inch,Colombo,69870
EH-2023000814,20132,2023-07-24 09:16:27,1,5180,Bluetooth Earbuds,Kandy,5180
EH-2023000814,20132,2023-07-24 09:16:27,2,980,Rechargeable LED Bulb,Kandy,1960
EH-2023000815,20077,2023-07-26 09:28:33,1,5320,Bluetooth Earbuds,Matale,5320
EH-2023000815,20077,2023-07-26 09:28:33,1,1730,Gas Cooker Adapter (LPG-saver),Matale,1730
EH-2023000815,20077,2023-07-26 09:28:33,1,22120,Panasonic Inverter 700VA,Matale,22120
EH-2023000816,20078,2023-07-26 11:53:07,2,1110,Extension Cord (4-Socket),Matara,2220
EH-2023000817,20077,2023-07-27 11:20:11,1,9450,itel Feature Phone,Matale,9450
EH-2023000817,20077,2023-07-27 11:20:11,1,1620,Gas Cooker Adapter (LPG-saver),Matale,1620
EH-2023000818,20057,2023-07-27 18:59:32,1,103540,Kelvinator Refrigerator 190L,Gampaha,103540
EH-2023000818,20057,2023-07-27 18:59:32,1,49420,Xiaomi Redmi 12 Smartphone,Gampaha,49420
EH-2023000819,20078,2023-07-28 12:43:38,1,4580,Philips Electric Kettle,Matara,4580
EH-2023000819,20078,2023-07-28 12:43:38,1,152280,LG Washing Machine 7kg,Matara,152280
EH-2023000820,20209,2023-07-28 17:35:29,2,1120,Extension Cord (4-Socket),Ratnapura,2240
EH-2023000821,20011,2023-07-29 12:40:32,2,4000,Solar Lantern (Rechargeable),Ratnapura,8000
EH-2023000821,20011,2023-07-29 12:40:32,1,7230,Innovex Rice Cooker 1.8L,Ratnapura,7230
EH-2023000822,20153,2023-07-31 11:43:43,1,38740,Singer LED TV 32-inch,Colombo,38740
EH-2023000822,20153,2023-07-31 11:43:43,1,4110,Solar Lantern (Rechargeable),Colombo,4110
EH-2023000823,20044,2023-07-31 16:50:37,1,5800,Abans Blender 400W,Jaffna,5800
EH-2023000824,20132,2023-08-01 16:29:26,1,38530,Singer LED TV 32-inch,Kandy,38530
EH-2023000824,20132,2023-08-01 16:29:26,1,5830,Abans Blender 400W,Kandy,5830
EH-2023000824,20132,2023-08-01 16:29:26,2,4430,Philips Electric Kettle,Kandy,8860
EH-2023000825,20048,2023-08-04 16:19:41,1,1000,Rechargeable LED Bulb,Colombo,1000
EH-2023000825,20048,2023-08-04 16:19:41,1,6250,Abans Blender 400W,Colombo,6250
EH-2023000825,20048,2023-08-04 16:19:41,1,5290,National Table Fan 16-inch,Colombo,5290
EH-2023000826,20196,2023-08-05 08:10:55,1,4970,Bluetooth Earbuds,Ratnapura,4970
EH-2023000826,20196,2023-08-05 08:10:55,2,4260,Solar Lantern (Rechargeable),Ratnapura,8520
EH-2023000827,20065,2023-08-05 15:49:16,1,2460,Laptop Cooling Pad,Gampaha,2460
EH-2023000827,20065,2023-08-05 15:49:16,1,7380,Innovex Rice Cooker 1.8L,Gampaha,7380
EH-2023000828,20062,2023-08-05 17:11:13,1,21080,Panasonic Inverter 700VA,Colombo,21080
EH-2023000829,20244,2023-08-06 19:46:25,1,8720,Sony Bluetooth Speaker,Gampaha,8720
EH-2023000830,20216,2023-08-07 09:16:25,1,6310,Abans Blender 400W,Colombo,6310
EH-2023000830,20216,2023-08-07 09:16:25,1,76280,Samsung Galaxy A14 Smartphone,Colombo,76280
EH-2023000830,20216,2023-08-07 09:16:25,1,7610,Innovex Rice Cooker 1.8L,Colombo,7610
EH-2023000831,20200,2023-08-07 20:47:10,1,67810,Singer LED TV 43-inch,Badulla,67810
EH-2023000831,20200,2023-08-07 20:47:10,1,5410,National Table Fan 16-inch,Badulla,5410
EH-2023000832,20049,2023-08-08 09:55:54,1,4570,Philips Electric Kettle,Colombo,4570
EH-2023000832,20049,2023-08-08 09:55:54,1,76840,Samsung Galaxy A14 Smartphone,Colombo,76840
EH-2023000832,20049,2023-08-08 09:55:54,2,4100,Solar Lantern (Rechargeable),Colombo,8200
EH-2023000833,20231,2023-08-08 09:57:54,1,5140,Bluetooth Earbuds,Colombo,5140
EH-2023000834,20193,2023-08-08 15:04:01,2,3830,Power Bank 10000mAh,Colombo,7660
EH-2023000834,20193,2023-08-08 15:04:01,2,3920,Solar Lantern (Rechargeable),Colombo,7840
EH-2023000834,20193,2023-08-08 15:04:01,1,5100,Bluetooth Earbuds,Colombo,5100
EH-2023000835,20185,2023-08-08 16:53:10,1,5700,Abans Blender 400W,Kandy,5700
EH-2023000835,20185,2023-08-08 16:53:10,2,3760,Power Bank 10000mAh,Kandy,7520
EH-2023000835,20185,2023-08-08 16:53:10,1,4930,Bluetooth Earbuds,Kandy,4930
EH-2023000836,20078,2023-08-08 17:42:13,1,7560,Innovex Rice Cooker 1.8L,Matara,7560
EH-2023000836,20078,2023-08-08 17:42:13,1,5720,Abans Blender 400W,Matara,5720
EH-2023000836,20078,2023-08-08 17:42:13,1,4250,Solar Lantern (Rechargeable),Matara,4250
EH-2023000837,20132,2023-08-09 13:27:43,1,103870,Kelvinator Refrigerator 190L,Kandy,103870
EH-2023000837,20132,2023-08-09 13:27:43,1,3750,Power Bank 10000mAh,Kandy,3750
EH-2023000837,20132,2023-08-09 13:27:43,1,24270,Inverter Battery 12V 100Ah,Kandy,24270
EH-2023000838,20207,2023-08-09 18:55:16,1,5790,National Table Fan 16-inch,Colombo,5790
EH-2023000838,20207,2023-08-09 18:55:16,1,99190,Kelvinator Refrigerator 190L,Colombo,99190
EH-2023000839,20225,2023-08-10 15:43:41,2,1020,Rechargeable LED Bulb,Galle,2040
EH-2023000840,20106,2023-08-10 18:00:38,1,5490,National Table Fan 16-inch,Colombo,5490
EH-2023000841,20005,2023-08-10 19:40:03,2,4170,Solar Lantern (Rechargeable),Colombo,8340
EH-2023000841,20005,2023-08-10 19:40:03,1,6330,Abans Blender 400W,Colombo,6330
EH-2023000842,20048,2023-08-11 15:53:15,1,9900,itel Feature Phone,Colombo,9900
EH-2023000843,20152,2023-08-12 18:43:14,1,6080,Abans Blender 400W,Colombo,6080
EH-2023000843,20152,2023-08-12 18:43:14,1,9660,itel Feature Phone,Colombo,9660
EH-2023000844,20215,2023-08-13 12:53:44,1,1010,Rechargeable LED Bulb,Kandy,1010
EH-2023000844,20215,2023-08-13 12:53:44,1,9950,itel Feature Phone,Kandy,9950
EH-2023000844,20215,2023-08-13 12:53:44,1,72760,Singer LED TV 43-inch,Kandy,72760
EH-2023000845,20054,2023-08-13 14:56:33,1,20980,Panasonic Inverter 700VA,Colombo,20980
EH-2023000845,20054,2023-08-13 14:56:33,1,69740,Singer LED TV 43-inch,Colombo,69740
EH-2023000846,20057,2023-08-14 13:09:13,1,8650,Sony Bluetooth Speaker,Gampaha,8650
EH-2023000846,20057,2023-08-14 13:09:13,1,21030,Panasonic Inverter 700VA,Gampaha,21030
EH-2023000846,20057,2023-08-14 13:09:13,1,40200,Singer LED TV 32-inch,Gampaha,40200
EH-2023000847,20231,2023-08-15 17:30:56,1,5540,National Table Fan 16-inch,Colombo,5540
EH-2023000848,20062,2023-08-15 18:31:21,2,4040,Solar Lantern (Rechargeable),Colombo,8080
EH-2023000848,20062,2023-08-15 18:31:21,1,5660,National Table Fan 16-inch,Colombo,5660
EH-2023000849,20057,2023-08-17 09:53:45,1,4240,Philips Electric Kettle,Gampaha,4240
EH-2023000849,20057,2023-08-17 09:53:45,1,5740,Abans Blender 400W,Gampaha,5740
EH-2023000850,20020,2023-08-17 18:46:09,1,7180,Innovex Rice Cooker 1.8L,Anuradhapura,7180
EH-2023000850,20020,2023-08-17 18:46:09,1,9440,itel Feature Phone,Anuradhapura,9440
EH-2023000851,20122,2023-08-18 17:30:22,1,7310,Innovex Rice Cooker 1.8L,Kandy,7310
EH-2023000851,20122,2023-08-18 17:30:22,1,4550,Philips Electric Kettle,Kandy,4550
EH-2023000852,20022,2023-08-18 20:36:16,1,3890,Power Bank 10000mAh,Matale,3890
EH-2023000852,20022,2023-08-18 20:36:16,1,49670,Xiaomi Redmi 12 Smartphone,Matale,49670
EH-2023000853,20252,2023-08-19 14:15:55,1,9690,itel Feature Phone,Badulla,9690
EH-2023000853,20252,2023-08-19 14:15:55,2,1160,Extension Cord (4-Socket),Badulla,2320
EH-2023000853,20252,2023-08-19 14:15:55,1,74020,Samsung Galaxy A14 Smartphone,Badulla,74020
EH-2023000854,20165,2023-08-19 17:46:10,2,4570,Philips Electric Kettle,Jaffna,9140
EH-2023000854,20165,2023-08-19 17:46:10,1,5650,National Table Fan 16-inch,Jaffna,5650
EH-2023000854,20165,2023-08-19 17:46:10,1,51080,Xiaomi Redmi 12 Smartphone,Jaffna,51080
EH-2023000855,20216,2023-08-20 16:20:21,1,9760,itel Feature Phone,Colombo,9760
EH-2023000856,20109,2023-08-21 18:54:46,1,5370,National Table Fan 16-inch,Kandy,5370
EH-2023000856,20109,2023-08-21 18:54:46,2,1030,Rechargeable LED Bulb,Kandy,2060
EH-2023000857,20230,2023-08-22 15:35:56,1,9980,itel Feature Phone,Gampaha,9980
EH-2023000857,20230,2023-08-22 15:35:56,1,5160,Bluetooth Earbuds,Gampaha,5160
EH-2023000858,20101,2023-08-22 17:55:19,1,24110,Inverter Battery 12V 100Ah,Colombo,24110
EH-2023000859,20162,2023-08-23 19:05:50,1,2450,Laptop Cooling Pad,Ratnapura,2450
EH-2023000860,20026,2023-08-23 19:07:44,1,101600,Kelvinator Refrigerator 190L,Jaffna,101600
EH-2023000860,20026,2023-08-23 19:07:44,1,3820,Power Bank 10000mAh,Jaffna,3820
EH-2023000861,20115,2023-08-24 13:35:03,1,4920,Bluetooth Earbuds,Gampaha,4920
EH-2023000862,20058,2023-08-24 15:12:34,1,20550,Panasonic Inverter 700VA,Galle,20550
EH-2023000862,20058,2023-08-24 15:12:34,1,950,Rechargeable LED Bulb,Galle,950
EH-2023000862,20058,2023-08-24 15:12:34,1,7480,Innovex Rice Cooker 1.8L,Galle,7480
EH-2023000863,20021,2023-08-24 17:51:13,2,4250,Philips Electric Kettle,Colombo,8500
EH-2023000863,20021,2023-08-24 17:51:13,3,1020,Rechargeable LED Bulb,Colombo,3060
EH-2023000863,20021,2023-08-24 17:51:13,2,1070,Extension Cord (4-Socket),Colombo,2140
EH-2023000864,20053,2023-08-24 18:16:25,1,1670,Gas Cooker Adapter (LPG-saver),Ratnapura,1670
EH-2023000865,20132,2023-08-25 13:54:43,1,3830,Power Bank 10000mAh,Kandy,3830
EH-2023000865,20132,2023-08-25 13:54:43,1,5280,Bluetooth Earbuds,Kandy,5280
EH-2023000865,20132,2023-08-25 13:54:43,1,74470,Singer LED TV 43-inch,Kandy,74470
EH-2023000866,20164,2023-08-25 17:05:36,2,1130,Extension Cord (4-Socket),Gampaha,2260
EH-2023000866,20164,2023-08-25 17:05:36,1,3690,Power Bank 10000mAh,Gampaha,3690
EH-2023000866,20164,2023-08-25 17:05:36,1,9720,itel Feature Phone,Gampaha,9720
EH-2023000867,20104,2023-08-25 20:02:26,2,3520,Power Bank 10000mAh,Ratnapura,7040
EH-2023000867,20104,2023-08-25 20:02:26,1,6140,Abans Blender 400W,Ratnapura,6140
EH-2023000867,20104,2023-08-25 20:02:26,1,9610,itel Feature Phone,Ratnapura,9610
EH-2023000868,20122,2023-08-26 20:58:59,1,71180,Samsung Galaxy A14 Smartphone,Kandy,71180
EH-2023000868,20122,2023-08-26 20:58:59,1,5820,Abans Blender 400W,Kandy,5820
EH-2023000868,20122,2023-08-26 20:58:59,1,26090,Inverter Battery 12V 100Ah,Kandy,26090
EH-2023000869,20026,2023-08-28 09:16:17,2,3650,Power Bank 10000mAh,Jaffna,7300
EH-2023000869,20026,2023-08-28 09:16:17,2,4250,Philips Electric Kettle,Jaffna,8500
EH-2023000870,20115,2023-08-28 19:49:20,1,10220,itel Feature Phone,Gampaha,10220
EH-2023000870,20115,2023-08-28 19:49:20,1,3880,Power Bank 10000mAh,Gampaha,3880
EH-2023000870,20115,2023-08-28 19:49:20,2,940,Rechargeable LED Bulb,Gampaha,1880
EH-2023000871,20222,2023-08-28 19:50:41,1,105020,Kelvinator Refrigerator 190L,Matara,105020
EH-2023000872,20053,2023-08-29 13:12:41,1,5600,National Table Fan 16-inch,Ratnapura,5600
EH-2023000873,20057,2023-08-31 15:53:35,1,4080,Solar Lantern (Rechargeable),Gampaha,4080
EH-2023000873,20057,2023-08-31 15:53:35,1,106780,Kelvinator Refrigerator 190L,Gampaha,106780
EH-2023000873,20057,2023-08-31 15:53:35,2,980,Rechargeable LED Bulb,Gampaha,1960
EH-2023000874,20198,2023-08-31 16:27:49,1,22410,Panasonic Inverter 700VA,Gampaha,22410
EH-2023000874,20198,2023-08-31 16:27:49,1,8350,Sony Bluetooth Speaker,Gampaha,8350
EH-2023000874,20198,2023-08-31 16:27:49,1,6080,Abans Blender 400W,Gampaha,6080
EH-2023000875,20078,2023-08-31 20:13:08,1,4050,Solar Lantern (Rechargeable),Matara,4050
EH-2023000875,20078,2023-08-31 20:13:08,1,10220,itel Feature Phone,Matara,10220
EH-2023000876,20164,2023-09-01 10:59:11,1,24970,Inverter Battery 12V 100Ah,Gampaha,24970
EH-2023000876,20164,2023-09-01 10:59:11,1,3790,Power Bank 10000mAh,Gampaha,3790
EH-2023000876,20164,2023-09-01 10:59:11,1,107820,Kelvinator Refrigerator 190L,Gampaha,107820
EH-2023000877,20071,2023-09-01 11:13:42,1,71050,Samsung Galaxy A14 Smartphone,Kalutara,71050
EH-2023000878,20098,2023-09-01 19:02:33,1,1690,Gas Cooker Adapter (LPG-saver),Colombo,1690
EH-2023000879,20162,2023-09-01 19:23:03,1,7600,Innovex Rice Cooker 1.8L,Ratnapura,7600
EH-2023000879,20162,2023-09-01 19:23:03,1,5330,National Table Fan 16-inch,Ratnapura,5330
EH-2023000880,20012,2023-09-01 20:41:27,2,4250,Philips Electric Kettle,Colombo,8500
EH-2023000880,20012,2023-09-01 20:41:27,1,79060,Samsung Galaxy A14 Smartphone,Colombo,79060
EH-2023000881,20220,2023-09-02 13:01:33,1,990,Rechargeable LED Bulb,Matara,990
EH-2023000881,20220,2023-09-02 13:01:33,1,9900,itel Feature Phone,Matara,9900
EH-2023000881,20220,2023-09-02 13:01:33,1,4520,Philips Electric Kettle,Matara,4520
EH-2023000882,20078,2023-09-02 17:36:26,1,7870,Innovex Rice Cooker 1.8L,Matara,7870
EH-2023000882,20078,2023-09-02 17:36:26,2,4170,Philips Electric Kettle,Matara,8340
EH-2023000883,20040,2023-09-02 19:51:34,1,6180,Abans Blender 400W,Anuradhapura,6180
EH-2023000884,20071,2023-09-03 13:55:56,1,1620,Gas Cooker Adapter (LPG-saver),Kalutara,1620
EH-2023000885,20178,2023-09-03 15:06:33,1,3960,Solar Lantern (Rechargeable),Gampaha,3960
EH-2023000885,20178,2023-09-03 15:06:33,1,1060,Extension Cord (4-Socket),Gampaha,1060
EH-2023000886,20063,2023-09-04 10:46:06,2,3670,Power Bank 10000mAh,Jaffna,7340
EH-2023000886,20063,2023-09-04 10:46:06,1,9870,itel Feature Phone,Jaffna,9870
EH-2023000886,20063,2023-09-04 10:46:06,1,152190,LG Washing Machine 7kg,Jaffna,152190
EH-2023000887,20250,2023-09-04 11:19:40,2,4270,Philips Electric Kettle,Kalutara,8540
EH-2023000887,20250,2023-09-04 11:19:40,1,7700,Innovex Rice Cooker 1.8L,Kalutara,7700
EH-2023000888,20244,2023-09-04 12:42:15,1,7270,Innovex Rice Cooker 1.8L,Gampaha,7270
EH-2023000889,20053,2023-09-04 13:41:12,1,5180,Bluetooth Earbuds,Ratnapura,5180
EH-2023000889,20053,2023-09-04 13:41:12,1,8430,Sony Bluetooth Speaker,Ratnapura,8430
EH-2023000889,20053,2023-09-04 13:41:12,2,1150,Extension Cord (4-Socket),Ratnapura,2300
EH-2023000890,20049,2023-09-04 18:35:21,2,4390,Philips Electric Kettle,Colombo,8780
EH-2023000890,20049,2023-09-04 18:35:21,1,7160,Innovex Rice Cooker 1.8L,Colombo,7160
EH-2023000890,20049,2023-09-04 18:35:21,1,51090,Xiaomi Redmi 12 Smartphone,Colombo,51090
EH-2023000891,20044,2023-09-05 13:59:03,1,7460,Innovex Rice Cooker 1.8L,Jaffna,7460
EH-2023000891,20044,2023-09-05 13:59:03,1,6090,Abans Blender 400W,Jaffna,6090
EH-2023000891,20044,2023-09-05 13:59:03,1,142910,LG Washing Machine 7kg,Jaffna,142910
EH-2023000892,20192,2023-09-05 16:48:23,2,3510,Power Bank 10000mAh,Kurunegala,7020
EH-2023000892,20192,2023-09-05 16:48:23,1,8590,Sony Bluetooth Speaker,Kurunegala,8590
EH-2023000893,20123,2023-09-05 17:45:38,1,4370,Philips Electric Kettle,Colombo,4370
EH-2023000894,20249,2023-09-05 18:35:31,1,20720,Panasonic Inverter 700VA,Colombo,20720
EH-2023000895,20231,2023-09-05 18:41:26,1,71410,Singer LED TV 43-inch,Colombo,71410
EH-2023000895,20231,2023-09-05 18:41:26,1,41120,Singer LED TV 32-inch,Colombo,41120
EH-2023000896,20162,2023-09-06 09:04:01,1,2440,Laptop Cooling Pad,Ratnapura,2440
EH-2023000896,20162,2023-09-06 09:04:01,1,72800,Singer LED TV 43-inch,Ratnapura,72800
EH-2023000897,20062,2023-09-06 12:10:23,1,5050,Bluetooth Earbuds,Colombo,5050
EH-2023000897,20062,2023-09-06 12:10:23,1,79110,Samsung Galaxy A14 Smartphone,Colombo,79110
EH-2023000898,20032,2023-09-07 09:49:56,2,1130,Extension Cord (4-Socket),Gampaha,2260
EH-2023000899,20055,2023-09-07 14:09:05,1,8290,Sony Bluetooth Speaker,Matara,8290
EH-2023000899,20055,2023-09-07 14:09:05,1,5180,Bluetooth Earbuds,Matara,5180
EH-2023000900,20080,2023-09-07 20:51:45,1,25000,Inverter Battery 12V 100Ah,Kalutara,25000
EH-2023000901,20053,2023-09-08 15:09:20,1,143040,LG Washing Machine 7kg,Ratnapura,143040
EH-2023000902,20044,2023-09-09 08:02:12,2,4610,Philips Electric Kettle,Jaffna,9220
EH-2023000902,20044,2023-09-09 08:02:12,3,1020,Rechargeable LED Bulb,Jaffna,3060
EH-2023000903,20028,2023-09-09 14:11:55,1,40310,Singer LED TV 32-inch,Colombo,40310
EH-2023000904,20044,2023-09-09 14:27:15,2,4350,Philips Electric Kettle,Jaffna,8700
EH-2023000904,20044,2023-09-09 14:27:15,1,5330,Bluetooth Earbuds,Jaffna,5330
EH-2023000905,20082,2023-09-10 12:57:55,1,9550,itel Feature Phone,Kurunegala,9550
EH-2023000905,20082,2023-09-10 12:57:55,1,1120,Extension Cord (4-Socket),Kurunegala,1120
EH-2023000905,20082,2023-09-10 12:57:55,1,3690,Power Bank 10000mAh,Kurunegala,3690
EH-2023000906,20212,2023-09-10 14:06:29,1,5380,National Table Fan 16-inch,Kurunegala,5380
EH-2023000906,20212,2023-09-10 14:06:29,1,7400,Innovex Rice Cooker 1.8L,Kurunegala,7400
EH-2023000906,20212,2023-09-10 14:06:29,1,5700,Abans Blender 400W,Kurunegala,5700
EH-2023000907,20123,2023-09-11 09:30:19,1,4050,Solar Lantern (Rechargeable),Colombo,4050
EH-2023000907,20123,2023-09-11 09:30:19,1,72220,Singer LED TV 43-inch,Colombo,72220
EH-2023000908,20153,2023-09-11 14:34:13,1,5830,National Table Fan 16-inch,Colombo,5830
EH-2023000909,20244,2023-09-13 18:20:07,1,5460,Bluetooth Earbuds,Gampaha,5460
EH-2023000909,20244,2023-09-13 18:20:07,1,42400,Singer LED TV 32-inch,Gampaha,42400
EH-2023000909,20244,2023-09-13 18:20:07,1,25290,Inverter Battery 12V 100Ah,Gampaha,25290
EH-2023000910,20179,2023-09-14 08:11:33,2,3530,Power Bank 10000mAh,Gampaha,7060
EH-2023000911,20081,2023-09-14 14:35:57,1,7900,Sony Bluetooth Speaker,Colombo,7900
EH-2023000911,20081,2023-09-14 14:35:57,1,1070,Extension Cord (4-Socket),Colombo,1070
EH-2023000911,20081,2023-09-14 14:35:57,1,3980,Solar Lantern (Rechargeable),Colombo,3980
EH-2023000912,20097,2023-09-15 09:59:35,2,1100,Extension Cord (4-Socket),Matale,2200
EH-2023000912,20097,2023-09-15 09:59:35,1,8030,Sony Bluetooth Speaker,Matale,8030
EH-2023000912,20097,2023-09-15 09:59:35,1,5730,Abans Blender 400W,Matale,5730
EH-2023000913,20057,2023-09-15 11:43:28,1,5810,National Table Fan 16-inch,Gampaha,5810
EH-2023000914,20053,2023-09-15 12:11:48,1,6090,Abans Blender 400W,Ratnapura,6090
EH-2023000915,20133,2023-09-15 16:39:56,1,5480,Bluetooth Earbuds,Batticaloa,5480
EH-2023000915,20133,2023-09-15 16:39:56,1,25750,Inverter Battery 12V 100Ah,Batticaloa,25750
EH-2023000916,20025,2023-09-15 20:15:56,1,3610,Power Bank 10000mAh,Colombo,3610
EH-2023000916,20025,2023-09-15 20:15:56,1,10000,itel Feature Phone,Colombo,10000
EH-2023000916,20025,2023-09-15 20:15:56,1,5180,Bluetooth Earbuds,Colombo,5180
EH-2023000917,20057,2023-09-16 13:53:39,1,5390,Bluetooth Earbuds,Gampaha,5390
EH-2023000917,20057,2023-09-16 13:53:39,1,4200,Solar Lantern (Rechargeable),Gampaha,4200
EH-2023000917,20057,2023-09-16 13:53:39,1,140400,LG Washing Machine 7kg,Gampaha,140400
EH-2023000918,20231,2023-09-16 17:11:25,1,1700,Gas Cooker Adapter (LPG-saver),Colombo,1700
EH-2023000918,20231,2023-09-16 17:11:25,1,9680,itel Feature Phone,Colombo,9680
EH-2023000919,20053,2023-09-16 19:02:10,1,8120,Sony Bluetooth Speaker,Ratnapura,8120
EH-2023000919,20053,2023-09-16 19:02:10,1,50430,Xiaomi Redmi 12 Smartphone,Ratnapura,50430
EH-2023000920,20071,2023-09-17 08:13:12,1,5710,National Table Fan 16-inch,Kalutara,5710
EH-2023000920,20071,2023-09-17 08:13:12,1,1770,Gas Cooker Adapter (LPG-saver),Kalutara,1770
EH-2023000920,20071,2023-09-17 08:13:12,1,7830,Innovex Rice Cooker 1.8L,Kalutara,7830
EH-2023000921,20069,2023-09-17 18:02:34,2,3940,Solar Lantern (Rechargeable),Kurunegala,7880
EH-2023000922,20005,2023-09-18 09:59:02,3,940,Rechargeable LED Bulb,Colombo,2820
EH-2023000922,20005,2023-09-18 09:59:02,1,99230,Kelvinator Refrigerator 190L,Colombo,99230
EH-2023000922,20005,2023-09-18 09:59:02,1,9290,itel Feature Phone,Colombo,9290
EH-2023000923,20128,2023-09-18 10:53:48,1,8610,Sony Bluetooth Speaker,Matara,8610
EH-2023000923,20128,2023-09-18 10:53:48,1,42140,Singer LED TV 32-inch,Matara,42140
EH-2023000923,20128,2023-09-18 10:53:48,1,5420,National Table Fan 16-inch,Matara,5420
EH-2023000924,20078,2023-09-18 14:05:44,2,970,Rechargeable LED Bulb,Matara,1940
EH-2023000924,20078,2023-09-18 14:05:44,1,7300,Innovex Rice Cooker 1.8L,Matara,7300
EH-2023000924,20078,2023-09-18 14:05:44,1,5710,Abans Blender 400W,Matara,5710
EH-2023000925,20143,2023-09-18 20:27:03,1,47820,Xiaomi Redmi 12 Smartphone,Colombo,47820
EH-2023000926,20031,2023-09-19 15:22:41,1,9980,itel Feature Phone,Kurunegala,9980
EH-2023000926,20031,2023-09-19 15:22:41,1,21250,Panasonic Inverter 700VA,Kurunegala,21250
EH-2023000926,20031,2023-09-19 15:22:41,1,7330,Innovex Rice Cooker 1.8L,Kurunegala,7330
EH-2023000927,20252,2023-09-19 16:25:10,1,1750,Gas Cooker Adapter (LPG-saver),Badulla,1750
EH-2023000927,20252,2023-09-19 16:25:10,2,1080,Extension Cord (4-Socket),Badulla,2160
EH-2023000927,20252,2023-09-19 16:25:10,1,6000,Abans Blender 400W,Badulla,6000
EH-2023000928,20073,2023-09-20 12:46:40,1,5180,Bluetooth Earbuds,Colombo,5180
EH-2023000929,20051,2023-09-21 08:13:15,1,105180,Kelvinator Refrigerator 190L,Gampaha,105180
EH-2023000929,20051,2023-09-21 08:13:15,1,1620,Gas Cooker Adapter (LPG-saver),Gampaha,1620
EH-2023000929,20051,2023-09-21 08:13:15,1,4240,Philips Electric Kettle,Gampaha,4240
EH-2023000930,20114,2023-09-21 11:58:30,1,8480,Sony Bluetooth Speaker,Ratnapura,8480
EH-2023000930,20114,2023-09-21 11:58:30,1,68370,Singer LED TV 43-inch,Ratnapura,68370
EH-2023000931,20220,2023-09-21 15:20:34,1,49970,Xiaomi Redmi 12 Smartphone,Matara,49970
EH-2023000931,20220,2023-09-21 15:20:34,1,8620,Sony Bluetooth Speaker,Matara,8620
EH-2023000931,20220,2023-09-21 15:20:34,1,5840,Abans Blender 400W,Matara,5840
EH-2023000932,20252,2023-09-22 09:46:32,1,1060,Extension Cord (4-Socket),Badulla,1060
EH-2023000933,20247,2023-09-22 13:21:17,1,1070,Extension Cord (4-Socket),Kurunegala,1070
EH-2023000933,20247,2023-09-22 13:21:17,1,5000,Bluetooth Earbuds,Kurunegala,5000
EH-2023000934,20245,2023-09-22 16:03:05,1,970,Rechargeable LED Bulb,Gampaha,970
EH-2023000934,20245,2023-09-22 16:03:05,1,5700,National Table Fan 16-inch,Gampaha,5700
EH-2023000934,20245,2023-09-22 16:03:05,1,46270,Xiaomi Redmi 12 Smartphone,Gampaha,46270
EH-2023000935,20198,2023-09-22 19:22:23,1,73300,Singer LED TV 43-inch,Gampaha,73300
EH-2023000935,20198,2023-09-22 19:22:23,1,22430,Panasonic Inverter 700VA,Gampaha,22430
EH-2023000935,20198,2023-09-22 19:22:23,1,1050,Extension Cord (4-Socket),Gampaha,1050
EH-2023000936,20115,2023-09-23 11:33:25,3,1020,Rechargeable LED Bulb,Gampaha,3060
EH-2023000936,20115,2023-09-23 11:33:25,1,144320,LG Washing Machine 7kg,Gampaha,144320
EH-2023000937,20053,2023-09-23 11:55:41,1,10080,itel Feature Phone,Ratnapura,10080
EH-2023000937,20053,2023-09-23 11:55:41,1,5400,National Table Fan 16-inch,Ratnapura,5400
EH-2023000937,20053,2023-09-23 11:55:41,2,3540,Power Bank 10000mAh,Ratnapura,7080
EH-2023000938,20238,2023-09-25 10:52:34,1,5810,Abans Blender 400W,Gampaha,5810
EH-2023000938,20238,2023-09-25 10:52:34,1,9460,itel Feature Phone,Gampaha,9460
EH-2023000939,20201,2023-09-26 11:06:58,3,1020,Rechargeable LED Bulb,Puttalam,3060
EH-2023000939,20201,2023-09-26 11:06:58,1,7950,Sony Bluetooth Speaker,Puttalam,7950
EH-2023000940,20250,2023-09-26 11:07:02,2,1090,Extension Cord (4-Socket),Kalutara,2180
EH-2023000941,20052,2023-09-26 20:00:32,1,22550,Panasonic Inverter 700VA,Gampaha,22550
EH-2023000941,20052,2023-09-26 20:00:32,1,72720,Samsung Galaxy A14 Smartphone,Gampaha,72720
EH-2023000941,20052,2023-09-26 20:00:32,1,2500,Laptop Cooling Pad,Gampaha,2500
EH-2023000942,20157,2023-09-27 08:49:44,1,4110,Solar Lantern (Rechargeable),Matale,4110
EH-2023000943,20231,2023-09-27 09:39:44,1,5720,Abans Blender 400W,Colombo,5720
EH-2023000944,20157,2023-09-27 13:59:15,1,5770,National Table Fan 16-inch,Matale,5770
EH-2023000945,20057,2023-09-27 15:30:37,2,950,Rechargeable LED Bulb,Gampaha,1900
EH-2023000945,20057,2023-09-27 15:30:37,1,7480,Innovex Rice Cooker 1.8L,Gampaha,7480
EH-2023000946,20169,2023-09-29 14:16:43,1,21710,Panasonic Inverter 700VA,Kalutara,21710
EH-2023000947,20123,2023-09-30 10:06:45,1,76470,Samsung Galaxy A14 Smartphone,Colombo,76470
EH-2023000947,20123,2023-09-30 10:06:45,1,5390,Bluetooth Earbuds,Colombo,5390
EH-2023000947,20123,2023-09-30 10:06:45,1,20470,Panasonic Inverter 700VA,Colombo,20470
EH-2023000948,20053,2023-09-30 11:37:10,2,1110,Extension Cord (4-Socket),Ratnapura,2220
EH-2023000948,20053,2023-09-30 11:37:10,1,950,Rechargeable LED Bulb,Ratnapura,950
EH-2023000949,20192,2023-09-30 17:16:07,1,5400,Bluetooth Earbuds,Kurunegala,5400
EH-2023000950,20069,2023-09-30 19:19:10,1,940,Rechargeable LED Bulb,Kurunegala,940
EH-2023000950,20069,2023-09-30 19:19:10,1,2480,Laptop Cooling Pad,Kurunegala,2480
EH-2023000951,20121,2023-10-01 08:39:06,1,3760,Power Bank 10000mAh,Gampaha,3760
EH-2023000951,20121,2023-10-01 08:39:06,1,9870,itel Feature Phone,Gampaha,9870
EH-2023000951,20121,2023-10-01 08:39:06,1,22400,Panasonic Inverter 700VA,Gampaha,22400
EH-2023000952,20150,2023-10-01 18:11:30,1,7210,Innovex Rice Cooker 1.8L,Ratnapura,7210
EH-2023000952,20150,2023-10-01 18:11:30,2,1080,Extension Cord (4-Socket),Ratnapura,2160
EH-2023000953,20001,2023-10-01 18:16:14,1,5480,National Table Fan 16-inch,Colombo,5480
EH-2023000953,20001,2023-10-01 18:16:14,1,9320,itel Feature Phone,Colombo,9320
EH-2023000953,20001,2023-10-01 18:16:14,1,6010,Abans Blender 400W,Colombo,6010
EH-2023000954,20229,2023-10-02 10:22:38,1,98770,Kelvinator Refrigerator 190L,Colombo,98770
EH-2023000955,20218,2023-10-02 16:14:11,1,5720,National Table Fan 16-inch,Badulla,5720
EH-2023000956,20136,2023-10-02 20:16:43,1,21240,Panasonic Inverter 700VA,Gampaha,21240
EH-2023000956,20136,2023-10-02 20:16:43,1,70550,Singer LED TV 43-inch,Gampaha,70550
EH-2023000957,20078,2023-10-03 18:16:46,1,5520,National Table Fan 16-inch,Matara,5520
EH-2023000957,20078,2023-10-03 18:16:46,1,1130,Extension Cord (4-Socket),Matara,1130
EH-2023000957,20078,2023-10-03 18:16:46,1,6220,Abans Blender 400W,Matara,6220
EH-2023000958,20187,2023-10-03 20:21:23,1,71950,Samsung Galaxy A14 Smartphone,Gampaha,71950
EH-2023000958,20187,2023-10-03 20:21:23,1,137980,LG Washing Machine 7kg,Gampaha,137980
EH-2023000959,20104,2023-10-04 18:50:49,1,49310,Xiaomi Redmi 12 Smartphone,Ratnapura,49310
EH-2023000959,20104,2023-10-04 18:50:49,2,950,Rechargeable LED Bulb,Ratnapura,1900
EH-2023000959,20104,2023-10-04 18:50:49,1,3600,Power Bank 10000mAh,Ratnapura,3600
EH-2023000960,20015,2023-10-05 17:14:15,1,5650,National Table Fan 16-inch,Colombo,5650
EH-2023000960,20015,2023-10-05 17:14:15,1,4000,Solar Lantern (Rechargeable),Colombo,4000
EH-2023000960,20015,2023-10-05 17:14:15,2,1070,Extension Cord (4-Socket),Colombo,2140
EH-2023000961,20220,2023-10-07 13:27:10,1,5870,Abans Blender 400W,Matara,5870
EH-2023000961,20220,2023-10-07 13:27:10,1,24360,Inverter Battery 12V 100Ah,Matara,24360
EH-2023000962,20052,2023-10-07 15:11:33,1,5460,Bluetooth Earbuds,Gampaha,5460
EH-2023000963,20108,2023-10-07 15:35:47,1,20620,Panasonic Inverter 700VA,Batticaloa,20620
EH-2023000964,20197,2023-10-07 18:47:57,1,2550,Laptop Cooling Pad,Colombo,2550
EH-2023000964,20197,2023-10-07 18:47:57,1,3740,Power Bank 10000mAh,Colombo,3740
EH-2023000964,20197,2023-10-07 18:47:57,1,5940,Abans Blender 400W,Colombo,5940
EH-2023000965,20159,2023-10-08 13:34:14,1,5960,Abans Blender 400W,Matara,5960
EH-2023000965,20159,2023-10-08 13:34:14,1,1040,Extension Cord (4-Socket),Matara,1040
EH-2023000966,20204,2023-10-08 15:58:20,2,3870,Solar Lantern (Rechargeable),Colombo,7740
EH-2023000967,20182,2023-10-08 16:31:54,1,5490,National Table Fan 16-inch,Colombo,5490
EH-2023000967,20182,2023-10-08 16:31:54,1,5100,Bluetooth Earbuds,Colombo,5100
EH-2023000967,20182,2023-10-08 16:31:54,2,1050,Extension Cord (4-Socket),Colombo,2100
EH-2023000968,20149,2023-10-09 19:46:35,1,26260,Inverter Battery 12V 100Ah,Kurunegala,26260
EH-2023000968,20149,2023-10-09 19:46:35,1,8750,Sony Bluetooth Speaker,Kurunegala,8750
EH-2023000968,20149,2023-10-09 19:46:35,1,77840,Samsung Galaxy A14 Smartphone,Kurunegala,77840
EH-2023000969,20214,2023-10-10 14:45:51,1,5250,Bluetooth Earbuds,Colombo,5250
EH-2023000969,20214,2023-10-10 14:45:51,1,5520,National Table Fan 16-inch,Colombo,5520
EH-2023000969,20214,2023-10-10 14:45:51,2,4100,Solar Lantern (Rechargeable),Colombo,8200
EH-2023000970,20126,2023-10-10 18:33:10,1,3950,Solar Lantern (Rechargeable),Puttalam,3950
EH-2023000971,20253,2023-10-10 19:27:42,1,7860,Innovex Rice Cooker 1.8L,Colombo,7860
EH-2023000972,20116,2023-10-11 14:42:50,1,5840,National Table Fan 16-inch,Gampaha,5840
EH-2023000973,20205,2023-10-11 18:48:56,1,50240,Xiaomi Redmi 12 Smartphone,Kurunegala,50240
EH-2023000974,20241,2023-10-11 19:01:41,1,41350,Singer LED TV 32-inch,Colombo,41350
EH-2023000975,20174,2023-10-14 16:08:35,2,3710,Power Bank 10000mAh,Jaffna,7420
EH-2023000976,20220,2023-10-14 17:26:47,1,138480,LG Washing Machine 7kg,Matara,138480
EH-2023000976,20220,2023-10-14 17:26:47,1,39420,Singer LED TV 32-inch,Matara,39420
EH-2023000976,20220,2023-10-14 17:26:47,2,3570,Power Bank 10000mAh,Matara,7140
EH-2023000977,20057,2023-10-14 19:18:55,2,1070,Extension Cord (4-Socket),Gampaha,2140
EH-2023000977,20057,2023-10-14 19:18:55,1,71100,Samsung Galaxy A14 Smartphone,Gampaha,71100
EH-2023000977,20057,2023-10-14 19:18:55,1,24260,Inverter Battery 12V 100Ah,Gampaha,24260
EH-2023000978,20053,2023-10-16 09:26:20,1,7800,Innovex Rice Cooker 1.8L,Ratnapura,7800
EH-2023000978,20053,2023-10-16 09:26:20,2,1090,Extension Cord (4-Socket),Ratnapura,2180
EH-2023000979,20077,2023-10-16 09:54:47,1,6040,Abans Blender 400W,Matale,6040
EH-2023000979,20077,2023-10-16 09:54:47,2,1130,Extension Cord (4-Socket),Matale,2260
EH-2023000979,20077,2023-10-16 09:54:47,2,3890,Solar Lantern (Rechargeable),Matale,7780
EH-2023000980,20209,2023-10-16 13:08:44,3,940,Rechargeable LED Bulb,Ratnapura,2820
EH-2023000980,20209,2023-10-16 13:08:44,1,6000,Abans Blender 400W,Ratnapura,6000
EH-2023000981,20096,2023-10-17 11:47:53,2,1120,Extension Cord (4-Socket),Ratnapura,2240
EH-2023000981,20096,2023-10-17 11:47:53,1,3650,Power Bank 10000mAh,Ratnapura,3650
EH-2023000981,20096,2023-10-17 11:47:53,1,48260,Xiaomi Redmi 12 Smartphone,Ratnapura,48260
EH-2023000982,20231,2023-10-17 13:51:51,1,1080,Extension Cord (4-Socket),Colombo,1080
EH-2023000983,20115,2023-10-18 12:52:57,1,4450,Philips Electric Kettle,Gampaha,4450
EH-2023000983,20115,2023-10-18 12:52:57,1,8070,Sony Bluetooth Speaker,Gampaha,8070
EH-2023000984,20192,2023-10-18 13:12:00,1,20710,Panasonic Inverter 700VA,Kurunegala,20710
EH-2023000984,20192,2023-10-18 13:12:00,1,960,Rechargeable LED Bulb,Kurunegala,960
EH-2023000985,20177,2023-10-18 17:45:00,1,5380,Bluetooth Earbuds,Gampaha,5380
EH-2023000985,20177,2023-10-18 17:45:00,1,8550,Sony Bluetooth Speaker,Gampaha,8550
EH-2023000986,20164,2023-10-19 16:00:50,1,5510,National Table Fan 16-inch,Gampaha,5510
EH-2023000986,20164,2023-10-19 16:00:50,1,1150,Extension Cord (4-Socket),Gampaha,1150
EH-2023000986,20164,2023-10-19 16:00:50,1,4530,Philips Electric Kettle,Gampaha,4530
EH-2023000987,20115,2023-10-19 16:13:29,1,46560,Xiaomi Redmi 12 Smartphone,Gampaha,46560
EH-2023000988,20115,2023-10-19 17:22:24,2,1160,Extension Cord (4-Socket),Gampaha,2320
EH-2023000988,20115,2023-10-19 17:22:24,1,980,Rechargeable LED Bulb,Gampaha,980
EH-2023000989,20011,2023-10-19 18:55:06,1,3890,Power Bank 10000mAh,Ratnapura,3890
EH-2023000989,20011,2023-10-19 18:55:06,1,1610,Gas Cooker Adapter (LPG-saver),Ratnapura,1610
EH-2023000989,20011,2023-10-19 18:55:06,1,6210,Abans Blender 400W,Ratnapura,6210
EH-2023000990,20016,2023-10-20 10:03:04,2,4620,Philips Electric Kettle,Colombo,9240
EH-2023000990,20016,2023-10-20 10:03:04,1,105850,Kelvinator Refrigerator 190L,Colombo,105850
EH-2023000991,20191,2023-10-21 15:42:43,1,9640,itel Feature Phone,Galle,9640
EH-2023000991,20191,2023-10-21 15:42:43,1,8750,Sony Bluetooth Speaker,Galle,8750
EH-2023000991,20191,2023-10-21 15:42:43,1,6050,Abans Blender 400W,Galle,6050
EH-2023000992,20062,2023-10-21 17:06:45,1,26700,Inverter Battery 12V 100Ah,Colombo,26700
EH-2023000992,20062,2023-10-21 17:06:45,1,73820,Samsung Galaxy A14 Smartphone,Colombo,73820
EH-2023000992,20062,2023-10-21 17:06:45,1,4300,Philips Electric Kettle,Colombo,4300
EH-2023000993,20086,2023-10-21 18:03:20,2,3540,Power Bank 10000mAh,Galle,7080
EH-2023000993,20086,2023-10-21 18:03:20,1,74740,Samsung Galaxy A14 Smartphone,Galle,74740
EH-2023000994,20054,2023-10-22 08:00:48,1,4420,Philips Electric Kettle,Colombo,4420
EH-2023000994,20054,2023-10-22 08:00:48,1,39350,Singer LED TV 32-inch,Colombo,39350
EH-2023000995,20115,2023-10-22 16:23:55,1,38640,Singer LED TV 32-inch,Gampaha,38640
EH-2023000996,20057,2023-10-22 18:11:10,1,1160,Extension Cord (4-Socket),Gampaha,1160
EH-2023000997,20161,2023-10-23 18:55:00,1,9910,itel Feature Phone,Kurunegala,9910
EH-2023000998,20250,2023-10-23 19:11:42,2,1030,Rechargeable LED Bulb,Kalutara,2060
EH-2023000998,20250,2023-10-23 19:11:42,1,8450,Sony Bluetooth Speaker,Kalutara,8450
EH-2023000998,20250,2023-10-23 19:11:42,1,2460,Laptop Cooling Pad,Kalutara,2460
EH-2023000999,20053,2023-10-24 11:15:38,2,1070,Extension Cord (4-Socket),Ratnapura,2140
EH-2023001000,20155,2023-10-24 17:38:54,1,6330,Abans Blender 400W,Colombo,6330
EH-2023001000,20155,2023-10-24 17:38:54,2,4170,Philips Electric Kettle,Colombo,8340
EH-2023001000,20155,2023-10-24 17:38:54,1,1730,Gas Cooker Adapter (LPG-saver),Colombo,1730
EH-2023001001,20057,2023-10-26 08:20:14,1,1120,Extension Cord (4-Socket),Gampaha,1120
EH-2023001002,20073,2023-10-27 11:51:25,1,74950,Samsung Galaxy A14 Smartphone,Colombo,74950
EH-2023001002,20073,2023-10-27 11:51:25,1,41150,Singer LED TV 32-inch,Colombo,41150
EH-2023001003,20164,2023-10-27 15:25:12,1,5230,Bluetooth Earbuds,Gampaha,5230
EH-2023001004,20085,2023-10-27 15:42:57,1,1100,Extension Cord (4-Socket),Gampaha,1100
EH-2023001004,20085,2023-10-27 15:42:57,1,74410,Samsung Galaxy A14 Smartphone,Gampaha,74410
EH-2023001005,20132,2023-10-27 18:37:31,2,3850,Power Bank 10000mAh,Kandy,7700
EH-2023001005,20132,2023-10-27 18:37:31,1,71940,Samsung Galaxy A14 Smartphone,Kandy,71940
EH-2023001006,20084,2023-10-27 19:44:59,1,20740,Panasonic Inverter 700VA,Kandy,20740
EH-2023001006,20084,2023-10-27 19:44:59,2,3980,Solar Lantern (Rechargeable),Kandy,7960
EH-2023001006,20084,2023-10-27 19:44:59,1,47690,Xiaomi Redmi 12 Smartphone,Kandy,47690
EH-2023001007,20222,2023-10-28 14:52:38,1,8200,Sony Bluetooth Speaker,Matara,8200
EH-2023001007,20222,2023-10-28 14:52:38,1,1030,Rechargeable LED Bulb,Matara,1030
EH-2023001007,20222,2023-10-28 14:52:38,1,47410,Xiaomi Redmi 12 Smartphone,Matara,47410
EH-2023001008,20136,2023-10-28 18:29:21,1,1000,Rechargeable LED Bulb,Gampaha,1000
EH-2023001008,20136,2023-10-28 18:29:21,1,40360,Singer LED TV 32-inch,Gampaha,40360
EH-2023001009,20106,2023-10-29 14:41:54,1,5870,Abans Blender 400W,Colombo,5870
EH-2023001009,20106,2023-10-29 14:41:54,1,26420,Inverter Battery 12V 100Ah,Colombo,26420
EH-2023001010,20171,2023-10-29 15:17:32,2,4230,Philips Electric Kettle,Ratnapura,8460
EH-2023001010,20171,2023-10-29 15:17:32,1,7800,Innovex Rice Cooker 1.8L,Ratnapura,7800
EH-2023001011,20248,2023-10-30 11:39:40,1,4530,Philips Electric Kettle,Jaffna,4530
EH-2023001012,20096,2023-10-30 14:57:21,1,40780,Singer LED TV 32-inch,Ratnapura,40780
EH-2023001012,20096,2023-10-30 14:57:21,1,3660,Power Bank 10000mAh,Ratnapura,3660
EH-2023001013,20019,2023-11-01 16:39:13,1,9940,itel Feature Phone,Gampaha,9940
EH-2023001014,20219,2023-11-01 19:11:06,1,46600,Xiaomi Redmi 12 Smartphone,Kandy,46600
EH-2023001014,20219,2023-11-01 19:11:06,1,4390,Philips Electric Kettle,Kandy,4390
EH-2023001015,20071,2023-11-02 10:22:02,1,5540,National Table Fan 16-inch,Kalutara,5540
EH-2023001016,20244,2023-11-02 13:23:11,1,1010,Rechargeable LED Bulb,Gampaha,1010
EH-2023001016,20244,2023-11-02 13:23:11,1,78660,Samsung Galaxy A14 Smartphone,Gampaha,78660
EH-2023001016,20244,2023-11-02 13:23:11,1,7140,Innovex Rice Cooker 1.8L,Gampaha,7140
EH-2023001017,20077,2023-11-02 15:31:52,1,98720,Kelvinator Refrigerator 190L,Matale,98720
EH-2023001017,20077,2023-11-02 15:31:52,1,42010,Singer LED TV 32-inch,Matale,42010
EH-2023001017,20077,2023-11-02 15:31:52,1,5760,Abans Blender 400W,Matale,5760
EH-2023001018,20202,2023-11-02 16:01:32,1,3510,Power Bank 10000mAh,Gampaha,3510
EH-2023001019,20187,2023-11-02 16:41:13,1,4960,Bluetooth Earbuds,Gampaha,4960
EH-2023001019,20187,2023-11-02 16:41:13,2,3860,Power Bank 10000mAh,Gampaha,7720
EH-2023001019,20187,2023-11-02 16:41:13,1,101080,Kelvinator Refrigerator 190L,Gampaha,101080
EH-2023001020,20115,2023-11-02 19:34:34,1,22390,Panasonic Inverter 700VA,Gampaha,22390
EH-2023001020,20115,2023-11-02 19:34:34,1,100040,Kelvinator Refrigerator 190L,Gampaha,100040
EH-2023001020,20115,2023-11-02 19:34:34,2,3990,Solar Lantern (Rechargeable),Gampaha,7980
EH-2023001021,20057,2023-11-03 09:59:39,1,5870,Abans Blender 400W,Gampaha,5870
EH-2023001021,20057,2023-11-03 09:59:39,1,73710,Samsung Galaxy A14 Smartphone,Gampaha,73710
EH-2023001022,20181,2023-11-03 14:59:05,2,1060,Extension Cord (4-Socket),Gampaha,2120
EH-2023001022,20181,2023-11-03 14:59:05,1,1690,Gas Cooker Adapter (LPG-saver),Gampaha,1690
EH-2023001022,20181,2023-11-03 14:59:05,2,3560,Power Bank 10000mAh,Gampaha,7120
EH-2023001023,20053,2023-11-03 16:41:19,1,980,Rechargeable LED Bulb,Ratnapura,980
EH-2023001024,20162,2023-11-04 10:20:36,1,980,Rechargeable LED Bulb,Ratnapura,980
EH-2023001025,20019,2023-11-04 11:09:27,1,22220,Panasonic Inverter 700VA,Gampaha,22220
EH-2023001025,20019,2023-11-04 11:09:27,1,10150,itel Feature Phone,Gampaha,10150
EH-2023001026,20253,2023-11-04 14:36:25,1,5030,Bluetooth Earbuds,Colombo,5030
EH-2023001026,20253,2023-11-04 14:36:25,2,4580,Philips Electric Kettle,Colombo,9160
EH-2023001027,20223,2023-11-04 18:32:59,1,74390,Singer LED TV 43-inch,Colombo,74390
EH-2023001027,20223,2023-11-04 18:32:59,1,3840,Power Bank 10000mAh,Colombo,3840
EH-2023001028,20162,2023-11-04 18:59:37,1,9600,itel Feature Phone,Ratnapura,9600
EH-2023001028,20162,2023-11-04 18:59:37,1,4410,Philips Electric Kettle,Ratnapura,4410
EH-2023001028,20162,2023-11-04 18:59:37,2,4150,Solar Lantern (Rechargeable),Ratnapura,8300
EH-2023001029,20250,2023-11-04 19:22:10,1,1070,Extension Cord (4-Socket),Kalutara,1070
EH-2023001030,20115,2023-11-05 08:37:12,2,3700,Power Bank 10000mAh,Gampaha,7400
EH-2023001030,20115,2023-11-05 08:37:12,1,7840,Innovex Rice Cooker 1.8L,Gampaha,7840
EH-2023001030,20115,2023-11-05 08:37:12,1,41850,Singer LED TV 32-inch,Gampaha,41850
EH-2023001031,20123,2023-11-05 15:13:19,2,4400,Philips Electric Kettle,Colombo,8800
EH-2023001031,20123,2023-11-05 15:13:19,1,20530,Panasonic Inverter 700VA,Colombo,20530
EH-2023001031,20123,2023-11-05 15:13:19,1,5100,Bluetooth Earbuds,Colombo,5100
EH-2023001032,20239,2023-11-08 19:24:09,2,4250,Philips Electric Kettle,Gampaha,8500
EH-2023001032,20239,2023-11-08 19:24:09,3,950,Rechargeable LED Bulb,Gampaha,2850
EH-2023001032,20239,2023-11-08 19:24:09,1,5470,Bluetooth Earbuds,Gampaha,5470
EH-2023001033,20006,2023-11-08 19:39:01,1,3800,Power Bank 10000mAh,Gampaha,3800
EH-2023001034,20241,2023-11-09 14:09:22,1,47670,Xiaomi Redmi 12 Smartphone,Colombo,47670
EH-2023001035,20123,2023-11-09 16:50:14,2,950,Rechargeable LED Bulb,Colombo,1900
EH-2023001035,20123,2023-11-09 16:50:14,1,98000,Kelvinator Refrigerator 190L,Colombo,98000
EH-2023001036,20106,2023-11-09 18:41:00,2,3600,Power Bank 10000mAh,Colombo,7200
EH-2023001036,20106,2023-11-09 18:41:00,1,5300,National Table Fan 16-inch,Colombo,5300
EH-2023001036,20106,2023-11-09 18:41:00,1,145290,LG Washing Machine 7kg,Colombo,145290
EH-2023001037,20082,2023-11-09 20:15:09,1,47280,Xiaomi Redmi 12 Smartphone,Kurunegala,47280
EH-2023001037,20082,2023-11-09 20:15:09,2,3830,Power Bank 10000mAh,Kurunegala,7660
EH-2023001038,20115,2023-11-10 17:10:11,2,4240,Solar Lantern (Rechargeable),Gampaha,8480
EH-2023001039,20176,2023-11-10 19:41:32,1,68670,Singer LED TV 43-inch,Matara,68670
EH-2023001040,20115,2023-11-11 10:40:29,1,100190,Kelvinator Refrigerator 190L,Gampaha,100190
EH-2023001041,20192,2023-11-12 20:06:11,1,2530,Laptop Cooling Pad,Kurunegala,2530
EH-2023001041,20192,2023-11-12 20:06:11,1,9740,itel Feature Phone,Kurunegala,9740
EH-2023001042,20054,2023-11-14 10:26:31,1,67860,Singer LED TV 43-inch,Colombo,67860
EH-2023001043,20212,2023-11-14 12:08:51,1,8400,Sony Bluetooth Speaker,Kurunegala,8400
EH-2023001043,20212,2023-11-14 12:08:51,1,22330,Panasonic Inverter 700VA,Kurunegala,22330
EH-2023001043,20212,2023-11-14 12:08:51,1,5270,Bluetooth Earbuds,Kurunegala,5270
EH-2023001044,20077,2023-11-15 11:12:35,1,5670,National Table Fan 16-inch,Matale,5670
EH-2023001044,20077,2023-11-15 11:12:35,2,3510,Power Bank 10000mAh,Matale,7020
EH-2023001045,20158,2023-11-17 08:55:56,1,6100,Abans Blender 400W,Kurunegala,6100
EH-2023001045,20158,2023-11-17 08:55:56,1,1080,Extension Cord (4-Socket),Kurunegala,1080
EH-2023001046,20220,2023-11-17 13:06:35,1,7590,Innovex Rice Cooker 1.8L,Matara,7590
EH-2023001046,20220,2023-11-17 13:06:35,1,5770,National Table Fan 16-inch,Matara,5770
EH-2023001046,20220,2023-11-17 13:06:35,1,72710,Singer LED TV 43-inch,Matara,72710
EH-2023001047,20220,2023-11-17 14:47:43,1,101130,Kelvinator Refrigerator 190L,Matara,101130
EH-2023001048,20098,2023-11-18 18:38:43,1,1140,Extension Cord (4-Socket),Colombo,1140
EH-2023001048,20098,2023-11-18 18:38:43,1,6230,Abans Blender 400W,Colombo,6230
EH-2023001049,20181,2023-11-19 14:02:34,2,4020,Solar Lantern (Rechargeable),Gampaha,8040
EH-2023001049,20181,2023-11-19 14:02:34,1,9350,itel Feature Phone,Gampaha,9350
EH-2023001050,20223,2023-11-19 14:27:32,2,4030,Solar Lantern (Rechargeable),Colombo,8060
EH-2023001050,20223,2023-11-19 14:27:32,2,4190,Philips Electric Kettle,Colombo,8380
EH-2023001050,20223,2023-11-19 14:27:32,1,7200,Innovex Rice Cooker 1.8L,Colombo,7200
EH-2023001051,20126,2023-11-19 17:24:10,1,10250,itel Feature Phone,Puttalam,10250
EH-2023001052,20053,2023-11-19 18:37:38,1,5510,National Table Fan 16-inch,Ratnapura,5510
EH-2023001052,20053,2023-11-19 18:37:38,1,5850,Abans Blender 400W,Ratnapura,5850
EH-2023001053,20220,2023-11-20 13:28:38,1,5790,National Table Fan 16-inch,Matara,5790
EH-2023001054,20162,2023-11-20 18:15:30,1,5440,National Table Fan 16-inch,Ratnapura,5440
EH-2023001055,20194,2023-11-20 18:51:14,1,8180,Sony Bluetooth Speaker,Kalutara,8180
EH-2023001055,20194,2023-11-20 18:51:14,1,7820,Innovex Rice Cooker 1.8L,Kalutara,7820
EH-2023001056,20057,2023-11-22 08:05:48,1,49730,Xiaomi Redmi 12 Smartphone,Gampaha,49730
EH-2023001056,20057,2023-11-22 08:05:48,1,2400,Laptop Cooling Pad,Gampaha,2400
EH-2023001056,20057,2023-11-22 08:05:48,1,41670,Singer LED TV 32-inch,Gampaha,41670
EH-2023001057,20035,2023-11-23 10:15:02,2,3760,Power Bank 10000mAh,Colombo,7520
EH-2023001057,20035,2023-11-23 10:15:02,1,3990,Solar Lantern (Rechargeable),Colombo,3990
EH-2023001057,20035,2023-11-23 10:15:02,1,2470,Laptop Cooling Pad,Colombo,2470
EH-2023001058,20078,2023-11-23 11:02:51,1,149440,LG Washing Machine 7kg,Matara,149440
EH-2023001059,20136,2023-11-23 12:04:50,1,4290,Philips Electric Kettle,Gampaha,4290
EH-2023001060,20245,2023-11-24 10:38:56,1,24120,Inverter Battery 12V 100Ah,Gampaha,24120
EH-2023001060,20245,2023-11-24 10:38:56,1,68520,Singer LED TV 43-inch,Gampaha,68520
EH-2023001060,20245,2023-11-24 10:38:56,1,7980,Sony Bluetooth Speaker,Gampaha,7980
EH-2023001061,20053,2023-11-24 11:54:54,1,49180,Xiaomi Redmi 12 Smartphone,Ratnapura,49180
EH-2023001062,20070,2023-11-24 12:31:45,1,7520,Innovex Rice Cooker 1.8L,Badulla,7520
EH-2023001062,20070,2023-11-24 12:31:45,2,1090,Extension Cord (4-Socket),Badulla,2180
EH-2023001063,20080,2023-11-24 15:07:01,1,68770,Singer LED TV 43-inch,Kalutara,68770
EH-2023001064,20164,2023-11-24 15:22:19,1,1120,Extension Cord (4-Socket),Gampaha,1120
EH-2023001064,20164,2023-11-24 15:22:19,1,3620,Power Bank 10000mAh,Gampaha,3620
EH-2023001064,20164,2023-11-24 15:22:19,2,4030,Solar Lantern (Rechargeable),Gampaha,8060
EH-2023001065,20241,2023-11-24 18:55:17,3,930,Rechargeable LED Bulb,Colombo,2790
EH-2023001065,20241,2023-11-24 18:55:17,1,4950,Bluetooth Earbuds,Colombo,4950
EH-2023001066,20231,2023-11-25 09:22:32,1,2400,Laptop Cooling Pad,Colombo,2400
EH-2023001066,20231,2023-11-25 09:22:32,2,4240,Philips Electric Kettle,Colombo,8480
EH-2023001067,20150,2023-11-25 13:11:51,2,1050,Extension Cord (4-Socket),Ratnapura,2100
EH-2023001068,20071,2023-11-25 14:24:28,1,22320,Panasonic Inverter 700VA,Kalutara,22320
EH-2023001068,20071,2023-11-25 14:24:28,1,3980,Solar Lantern (Rechargeable),Kalutara,3980
EH-2023001068,20071,2023-11-25 14:24:28,1,3830,Power Bank 10000mAh,Kalutara,3830
EH-2023001069,20071,2023-11-25 15:37:40,1,40770,Singer LED TV 32-inch,Kalutara,40770
EH-2023001070,20057,2023-11-25 16:11:51,2,1050,Extension Cord (4-Socket),Gampaha,2100
EH-2023001070,20057,2023-11-25 16:11:51,1,2380,Laptop Cooling Pad,Gampaha,2380
EH-2023001070,20057,2023-11-25 16:11:51,1,7530,Innovex Rice Cooker 1.8L,Gampaha,7530
EH-2023001071,20231,2023-11-25 17:11:31,1,2450,Laptop Cooling Pad,Colombo,2450
EH-2023001071,20231,2023-11-25 17:11:31,1,140420,LG Washing Machine 7kg,Colombo,140420
EH-2023001071,20231,2023-11-25 17:11:31,1,5340,Bluetooth Earbuds,Colombo,5340
EH-2023001072,20120,2023-11-25 18:39:58,1,1070,Extension Cord (4-Socket),Ratnapura,1070
EH-2023001072,20120,2023-11-25 18:39:58,1,147410,LG Washing Machine 7kg,Ratnapura,147410
EH-2023001072,20120,2023-11-25 18:39:58,1,2350,Laptop Cooling Pad,Ratnapura,2350
EH-2023001073,20122,2023-11-26 11:13:32,1,7880,Innovex Rice Cooker 1.8L,Kandy,7880
EH-2023001074,20093,2023-11-26 19:26:19,1,68540,Singer LED TV 43-inch,Anuradhapura,68540
EH-2023001075,20212,2023-11-26 19:32:51,1,2320,Laptop Cooling Pad,Kurunegala,2320
EH-2023001075,20212,2023-11-26 19:32:51,1,21280,Panasonic Inverter 700VA,Kurunegala,21280
EH-2023001075,20212,2023-11-26 19:32:51,1,4940,Bluetooth Earbuds,Kurunegala,4940
EH-2023001076,20157,2023-11-26 19:39:42,1,20610,Panasonic Inverter 700VA,Matale,20610
EH-2023001077,20250,2023-11-27 12:53:31,1,7240,Innovex Rice Cooker 1.8L,Kalutara,7240
EH-2023001077,20250,2023-11-27 12:53:31,1,10110,itel Feature Phone,Kalutara,10110
EH-2023001077,20250,2023-11-27 12:53:31,2,4570,Philips Electric Kettle,Kalutara,9140
EH-2023001078,20009,2023-11-27 17:10:39,1,24510,Inverter Battery 12V 100Ah,Colombo,24510
EH-2023001078,20009,2023-11-27 17:10:39,1,5180,Bluetooth Earbuds,Colombo,5180
EH-2023001079,20224,2023-11-27 17:47:00,1,5230,Bluetooth Earbuds,Ratnapura,5230
EH-2023001079,20224,2023-11-27 17:47:00,1,101120,Kelvinator Refrigerator 190L,Ratnapura,101120
EH-2023001080,20097,2023-11-27 20:43:40,1,26820,Inverter Battery 12V 100Ah,Matale,26820
EH-2023001080,20097,2023-11-27 20:43:40,1,4190,Solar Lantern (Rechargeable),Matale,4190
EH-2023001080,20097,2023-11-27 20:43:40,2,3700,Power Bank 10000mAh,Matale,7400
EH-2023001081,20221,2023-11-28 10:42:06,1,8410,Sony Bluetooth Speaker,Colombo,8410
EH-2023001081,20221,2023-11-28 10:42:06,1,4410,Philips Electric Kettle,Colombo,4410
EH-2023001082,20241,2023-11-28 14:43:10,1,38480,Singer LED TV 32-inch,Colombo,38480
EH-2023001082,20241,2023-11-28 14:43:10,1,4500,Philips Electric Kettle,Colombo,4500
EH-2023001082,20241,2023-11-28 14:43:10,1,108130,Kelvinator Refrigerator 190L,Colombo,108130
EH-2023001083,20255,2023-11-29 15:23:47,1,3850,Solar Lantern (Rechargeable),Colombo,3850
EH-2023001083,20255,2023-11-29 15:23:47,1,6170,Abans Blender 400W,Colombo,6170
EH-2023001084,20031,2023-11-29 16:07:28,1,24050,Inverter Battery 12V 100Ah,Kurunegala,24050
EH-2023001084,20031,2023-11-29 16:07:28,1,10240,itel Feature Phone,Kurunegala,10240
EH-2023001085,20086,2023-11-29 18:16:40,1,5420,National Table Fan 16-inch,Galle,5420
EH-2023001085,20086,2023-11-29 18:16:40,1,6010,Abans Blender 400W,Galle,6010
EH-2023001085,20086,2023-11-29 18:16:40,1,26610,Inverter Battery 12V 100Ah,Galle,26610
EH-2023001086,20069,2023-11-29 19:20:45,1,40460,Singer LED TV 32-inch,Kurunegala,40460
EH-2023001087,20071,2023-12-01 11:50:35,1,22130,Panasonic Inverter 700VA,Kalutara,22130
EH-2023001087,20071,2023-12-01 11:50:35,1,3830,Solar Lantern (Rechargeable),Kalutara,3830
EH-2023001087,20071,2023-12-01 11:50:35,1,107250,Kelvinator Refrigerator 190L,Kalutara,107250
EH-2023001088,20157,2023-12-01 14:31:19,1,5830,National Table Fan 16-inch,Matale,5830
EH-2023001088,20157,2023-12-01 14:31:19,1,21720,Panasonic Inverter 700VA,Matale,21720
EH-2023001089,20048,2023-12-01 14:52:49,1,8090,Sony Bluetooth Speaker,Colombo,8090
EH-2023001090,20057,2023-12-01 15:30:56,1,70260,Samsung Galaxy A14 Smartphone,Gampaha,70260
EH-2023001091,20253,2023-12-01 20:05:39,2,4300,Philips Electric Kettle,Colombo,8600
EH-2023001091,20253,2023-12-01 20:05:39,1,72990,Singer LED TV 43-inch,Colombo,72990
EH-2023001091,20253,2023-12-01 20:05:39,1,39630,Singer LED TV 32-inch,Colombo,39630
EH-2023001092,20250,2023-12-02 08:06:42,1,5430,Bluetooth Earbuds,Kalutara,5430
EH-2023001092,20250,2023-12-02 08:06:42,1,73980,Singer LED TV 43-inch,Kalutara,73980
EH-2023001092,20250,2023-12-02 08:06:42,1,9750,itel Feature Phone,Kalutara,9750
EH-2023001093,20011,2023-12-02 14:06:45,1,25860,Inverter Battery 12V 100Ah,Ratnapura,25860
EH-2023001093,20011,2023-12-02 14:06:45,1,5100,Bluetooth Earbuds,Ratnapura,5100
EH-2023001094,20062,2023-12-02 16:56:43,3,930,Rechargeable LED Bulb,Colombo,2790
EH-2023001095,20115,2023-12-02 17:36:27,3,970,Rechargeable LED Bulb,Gampaha,2910
EH-2023001096,20200,2023-12-02 18:48:31,1,48370,Xiaomi Redmi 12 Smartphone,Badulla,48370
EH-2023001096,20200,2023-12-02 18:48:31,2,3870,Power Bank 10000mAh,Badulla,7740
EH-2023001097,20136,2023-12-02 20:25:39,2,3930,Solar Lantern (Rechargeable),Gampaha,7860
EH-2023001097,20136,2023-12-02 20:25:39,1,7230,Innovex Rice Cooker 1.8L,Gampaha,7230
EH-2023001097,20136,2023-12-02 20:25:39,2,3740,Power Bank 10000mAh,Gampaha,7480
EH-2023001098,20043,2023-12-03 11:40:33,1,7840,Innovex Rice Cooker 1.8L,Kurunegala,7840
EH-2023001098,20043,2023-12-03 11:40:33,1,99380,Kelvinator Refrigerator 190L,Kurunegala,99380
EH-2023001098,20043,2023-12-03 11:40:33,1,1090,Extension Cord (4-Socket),Kurunegala,1090
EH-2023001099,20082,2023-12-03 16:38:43,2,3670,Power Bank 10000mAh,Kurunegala,7340
EH-2023001099,20082,2023-12-03 16:38:43,1,6280,Abans Blender 400W,Kurunegala,6280
EH-2023001099,20082,2023-12-03 16:38:43,1,1060,Extension Cord (4-Socket),Kurunegala,1060
EH-2023001100,20195,2023-12-04 11:16:58,1,3730,Power Bank 10000mAh,Badulla,3730
EH-2023001100,20195,2023-12-04 11:16:58,1,6250,Abans Blender 400W,Badulla,6250
EH-2023001100,20195,2023-12-04 11:16:58,1,97830,Kelvinator Refrigerator 190L,Badulla,97830
EH-2023001101,20048,2023-12-04 16:21:51,2,3890,Solar Lantern (Rechargeable),Colombo,7780
EH-2023001101,20048,2023-12-04 16:21:51,1,74500,Singer LED TV 43-inch,Colombo,74500
EH-2023001102,20112,2023-12-04 18:06:24,1,7940,Sony Bluetooth Speaker,Gampaha,7940
EH-2023001103,20005,2023-12-04 18:08:29,1,6070,Abans Blender 400W,Colombo,6070
EH-2023001103,20005,2023-12-04 18:08:29,3,930,Rechargeable LED Bulb,Colombo,2790
EH-2023001104,20057,2023-12-05 11:31:41,2,4150,Solar Lantern (Rechargeable),Gampaha,8300
EH-2023001104,20057,2023-12-05 11:31:41,1,1760,Gas Cooker Adapter (LPG-saver),Gampaha,1760
EH-2023001105,20136,2023-12-05 15:46:38,2,990,Rechargeable LED Bulb,Gampaha,1980
EH-2023001106,20044,2023-12-05 16:35:07,1,50510,Xiaomi Redmi 12 Smartphone,Jaffna,50510
EH-2023001106,20044,2023-12-05 16:35:07,1,98960,Kelvinator Refrigerator 190L,Jaffna,98960
EH-2023001107,20024,2023-12-05 17:55:48,1,10290,itel Feature Phone,Colombo,10290
EH-2023001107,20024,2023-12-05 17:55:48,1,7170,Innovex Rice Cooker 1.8L,Colombo,7170
EH-2023001107,20024,2023-12-05 17:55:48,1,7900,Sony Bluetooth Speaker,Colombo,7900
EH-2023001108,20231,2023-12-06 08:15:10,3,1000,Rechargeable LED Bulb,Colombo,3000
EH-2023001108,20231,2023-12-06 08:15:10,1,35080,Singer LED TV 32-inch,Colombo,35080
EH-2023001108,20231,2023-12-06 08:15:10,1,118580,LG Washing Machine 7kg,Colombo,118580
EH-2023001109,20225,2023-12-06 15:30:53,1,1030,Rechargeable LED Bulb,Galle,1030
EH-2023001109,20225,2023-12-06 15:30:53,1,5960,Abans Blender 400W,Galle,5960
EH-2023001110,20160,2023-12-06 19:03:38,1,47600,Xiaomi Redmi 12 Smartphone,Kandy,47600
EH-2023001110,20160,2023-12-06 19:03:38,3,1010,Rechargeable LED Bulb,Kandy,3030
EH-2023001110,20160,2023-12-06 19:03:38,1,5040,Bluetooth Earbuds,Kandy,5040
EH-2023001111,20150,2023-12-06 19:52:46,1,6030,Abans Blender 400W,Ratnapura,6030
EH-2023001111,20150,2023-12-06 19:52:46,1,2340,Laptop Cooling Pad,Ratnapura,2340
EH-2023001111,20150,2023-12-06 19:52:46,2,4110,Solar Lantern (Rechargeable),Ratnapura,8220
EH-2023001112,20033,2023-12-06 19:56:09,1,7130,Innovex Rice Cooker 1.8L,Colombo,7130
EH-2023001113,20156,2023-12-07 09:24:02,1,1150,Extension Cord (4-Socket),Ratnapura,1150
EH-2023001113,20156,2023-12-07 09:24:02,2,4600,Philips Electric Kettle,Ratnapura,9200
EH-2023001114,20245,2023-12-07 20:29:50,1,75130,Singer LED TV 43-inch,Gampaha,75130
EH-2023001115,20175,2023-12-08 12:58:03,1,7980,Sony Bluetooth Speaker,Galle,7980
EH-2023001116,20197,2023-12-08 17:12:33,1,7440,Innovex Rice Cooker 1.8L,Colombo,7440
EH-2023001117,20121,2023-12-08 17:29:36,1,149210,LG Washing Machine 7kg,Gampaha,149210
EH-2023001117,20121,2023-12-08 17:29:36,1,77070,Samsung Galaxy A14 Smartphone,Gampaha,77070
EH-2023001118,20146,2023-12-08 18:13:25,1,5250,National Table Fan 16-inch,Galle,5250
EH-2023001118,20146,2023-12-08 18:13:25,2,1150,Extension Cord (4-Socket),Galle,2300
EH-2023001119,20136,2023-12-08 19:27:11,1,74210,Singer LED TV 43-inch,Gampaha,74210
EH-2023001120,20043,2023-12-08 20:25:59,1,68250,Singer LED TV 43-inch,Kurunegala,68250
EH-2023001120,20043,2023-12-08 20:25:59,1,1090,Extension Cord (4-Socket),Kurunegala,1090
EH-2023001120,20043,2023-12-08 20:25:59,1,2400,Laptop Cooling Pad,Kurunegala,2400
EH-2023001121,20244,2023-12-09 10:29:08,1,1700,Gas Cooker Adapter (LPG-saver),Gampaha,1700
EH-2023001121,20244,2023-12-09 10:29:08,1,1150,Extension Cord (4-Socket),Gampaha,1150
EH-2023001122,20252,2023-12-09 16:06:03,1,3680,Power Bank 10000mAh,Badulla,3680
EH-2023001123,20018,2023-12-09 18:13:16,1,2370,Laptop Cooling Pad,Kandy,2370
EH-2023001124,20115,2023-12-10 10:04:15,2,970,Rechargeable LED Bulb,Gampaha,1940
EH-2023001124,20115,2023-12-10 10:04:15,2,4190,Philips Electric Kettle,Gampaha,8380
EH-2023001125,20071,2023-12-10 14:37:56,2,3620,Power Bank 10000mAh,Kalutara,7240
EH-2023001125,20071,2023-12-10 14:37:56,1,50290,Xiaomi Redmi 12 Smartphone,Kalutara,50290
EH-2023001126,20232,2023-12-10 15:45:07,1,8380,Sony Bluetooth Speaker,Colombo,8380
EH-2023001126,20232,2023-12-10 15:45:07,1,47240,Xiaomi Redmi 12 Smartphone,Colombo,47240
EH-2023001127,20106,2023-12-11 11:16:56,1,8380,Sony Bluetooth Speaker,Colombo,8380
EH-2023001127,20106,2023-12-11 11:16:56,1,4540,Philips Electric Kettle,Colombo,4540
EH-2023001128,20098,2023-12-11 17:19:29,1,9560,itel Feature Phone,Colombo,9560
EH-2023001128,20098,2023-12-11 17:19:29,1,7740,Innovex Rice Cooker 1.8L,Colombo,7740
EH-2023001128,20098,2023-12-11 17:19:29,1,3670,Power Bank 10000mAh,Colombo,3670
EH-2023001129,20121,2023-12-11 17:51:56,1,97440,Kelvinator Refrigerator 190L,Gampaha,97440
EH-2023001129,20121,2023-12-11 17:51:56,1,1110,Extension Cord (4-Socket),Gampaha,1110
EH-2023001130,20212,2023-12-12 17:46:19,1,5450,National Table Fan 16-inch,Kurunegala,5450
EH-2023001130,20212,2023-12-12 17:46:19,3,960,Rechargeable LED Bulb,Kurunegala,2880
EH-2023001130,20212,2023-12-12 17:46:19,1,73440,Singer LED TV 43-inch,Kurunegala,73440
EH-2023001131,20120,2023-12-12 18:45:03,1,1080,Extension Cord (4-Socket),Ratnapura,1080
EH-2023001131,20120,2023-12-12 18:45:03,1,7700,Innovex Rice Cooker 1.8L,Ratnapura,7700
EH-2023001131,20120,2023-12-12 18:45:03,1,8120,Sony Bluetooth Speaker,Ratnapura,8120
EH-2023001132,20230,2023-12-13 13:12:44,1,1090,Extension Cord (4-Socket),Gampaha,1090
EH-2023001132,20230,2023-12-13 13:12:44,1,6020,Abans Blender 400W,Gampaha,6020
EH-2023001133,20024,2023-12-13 15:49:13,1,5280,Bluetooth Earbuds,Colombo,5280
EH-2023001133,20024,2023-12-13 15:49:13,1,22310,Panasonic Inverter 700VA,Colombo,22310
EH-2023001134,20207,2023-12-13 20:17:36,1,5280,National Table Fan 16-inch,Colombo,5280
EH-2023001134,20207,2023-12-13 20:17:36,1,26520,Inverter Battery 12V 100Ah,Colombo,26520
EH-2023001134,20207,2023-12-13 20:17:36,1,1610,Gas Cooker Adapter (LPG-saver),Colombo,1610
EH-2023001135,20231,2023-12-14 10:30:30,1,3730,Power Bank 10000mAh,Colombo,3730
EH-2023001135,20231,2023-12-14 10:30:30,1,49000,Xiaomi Redmi 12 Smartphone,Colombo,49000
EH-2023001136,20070,2023-12-14 13:27:31,2,4110,Solar Lantern (Rechargeable),Badulla,8220
EH-2023001137,20071,2023-12-14 16:43:06,2,1110,Extension Cord (4-Socket),Kalutara,2220
EH-2023001137,20071,2023-12-14 16:43:06,1,41890,Singer LED TV 32-inch,Kalutara,41890
EH-2023001138,20008,2023-12-15 08:38:04,1,7700,Innovex Rice Cooker 1.8L,Kurunegala,7700
EH-2023001139,20157,2023-12-16 12:49:31,1,6170,Abans Blender 400W,Matale,6170
EH-2023001139,20157,2023-12-16 12:49:31,1,47680,Xiaomi Redmi 12 Smartphone,Matale,47680
EH-2023001139,20157,2023-12-16 12:49:31,1,1610,Gas Cooker Adapter (LPG-saver),Matale,1610
EH-2023001140,20192,2023-12-16 13:53:39,1,20330,Panasonic Inverter 700VA,Kurunegala,20330
EH-2023001141,20029,2023-12-16 19:07:24,1,1680,Gas Cooker Adapter (LPG-saver),Kandy,1680
EH-2023001141,20029,2023-12-16 19:07:24,1,7170,Innovex Rice Cooker 1.8L,Kandy,7170
EH-2023001141,20029,2023-12-16 19:07:24,1,49940,Xiaomi Redmi 12 Smartphone,Kandy,49940
EH-2023001142,20061,2023-12-16 19:55:11,1,1600,Gas Cooker Adapter (LPG-saver),Kandy,1600
EH-2023001143,20165,2023-12-17 11:33:35,1,1650,Gas Cooker Adapter (LPG-saver),Jaffna,1650
EH-2023001143,20165,2023-12-17 11:33:35,1,38840,Singer LED TV 32-inch,Jaffna,38840
EH-2023001144,20057,2023-12-17 16:18:41,1,5800,National Table Fan 16-inch,Gampaha,5800
EH-2023001144,20057,2023-12-17 16:18:41,1,129560,LG Washing Machine 7kg,Gampaha,129560
EH-2023001145,20071,2023-12-17 16:57:59,2,1090,Extension Cord (4-Socket),Kalutara,2180
EH-2023001145,20071,2023-12-17 16:57:59,1,7540,Innovex Rice Cooker 1.8L,Kalutara,7540
EH-2023001146,20053,2023-12-17 18:39:20,2,1010,Rechargeable LED Bulb,Ratnapura,2020
EH-2023001146,20053,2023-12-17 18:39:20,1,1750,Gas Cooker Adapter (LPG-saver),Ratnapura,1750
EH-2023001147,20057,2023-12-18 09:52:29,1,20720,Panasonic Inverter 700VA,Gampaha,20720
EH-2023001147,20057,2023-12-18 09:52:29,1,46780,Xiaomi Redmi 12 Smartphone,Gampaha,46780
EH-2023001148,20053,2023-12-18 15:39:30,1,20640,Panasonic Inverter 700VA,Ratnapura,20640
EH-2023001148,20053,2023-12-18 15:39:30,2,1120,Extension Cord (4-Socket),Ratnapura,2240
EH-2023001148,20053,2023-12-18 15:39:30,2,3830,Solar Lantern (Rechargeable),Ratnapura,7660
EH-2023001149,20027,2023-12-18 15:54:29,1,8180,Sony Bluetooth Speaker,Gampaha,8180
EH-2023001149,20027,2023-12-18 15:54:29,1,2550,Laptop Cooling Pad,Gampaha,2550
EH-2023001150,20099,2023-12-18 18:15:39,2,3680,Power Bank 10000mAh,Kalutara,7360
EH-2023001150,20099,2023-12-18 18:15:39,1,940,Rechargeable LED Bulb,Kalutara,940
EH-2023001150,20099,2023-12-18 18:15:39,1,39220,Singer LED TV 32-inch,Kalutara,39220
EH-2023001151,20034,2023-12-19 08:18:27,1,49160,Xiaomi Redmi 12 Smartphone,Badulla,49160
EH-2023001151,20034,2023-12-19 08:18:27,1,5810,Abans Blender 400W,Badulla,5810
EH-2023001152,20115,2023-12-19 10:23:16,1,6100,Abans Blender 400W,Gampaha,6100
EH-2023001152,20115,2023-12-19 10:23:16,1,5420,Bluetooth Earbuds,Gampaha,5420
EH-2023001153,20071,2023-12-20 11:41:39,1,3950,Solar Lantern (Rechargeable),Kalutara,3950
EH-2023001154,20086,2023-12-21 10:16:08,1,38690,Singer LED TV 32-inch,Galle,38690
EH-2023001154,20086,2023-12-21 10:16:08,1,1020,Rechargeable LED Bulb,Galle,1020
EH-2023001155,20121,2023-12-21 17:11:27,1,5360,Bluetooth Earbuds,Gampaha,5360
EH-2023001155,20121,2023-12-21 17:11:27,1,50910,Xiaomi Redmi 12 Smartphone,Gampaha,50910
EH-2023001155,20121,2023-12-21 17:11:27,1,25430,Inverter Battery 12V 100Ah,Gampaha,25430
EH-2023001156,20096,2023-12-21 17:32:33,2,3790,Power Bank 10000mAh,Ratnapura,7580
EH-2023001156,20096,2023-12-21 17:32:33,1,7630,Innovex Rice Cooker 1.8L,Ratnapura,7630
EH-2023001156,20096,2023-12-21 17:32:33,1,47470,Xiaomi Redmi 12 Smartphone,Ratnapura,47470
EH-2023001157,20047,2023-12-22 09:13:11,2,4160,Philips Electric Kettle,Matara,8320
EH-2023001158,20164,2023-12-22 09:20:53,1,4490,Philips Electric Kettle,Gampaha,4490
EH-2023001159,20157,2023-12-22 15:50:37,1,5890,Abans Blender 400W,Matale,5890
EH-2023001160,20104,2023-12-22 17:30:13,1,102180,Kelvinator Refrigerator 190L,Ratnapura,102180
EH-2023001160,20104,2023-12-22 17:30:13,1,10330,itel Feature Phone,Ratnapura,10330
EH-2023001161,20100,2023-12-23 14:16:59,1,4480,Philips Electric Kettle,Gampaha,4480
EH-2023001162,20083,2023-12-23 17:14:03,1,5410,National Table Fan 16-inch,Kandy,5410
EH-2023001163,20140,2023-12-23 17:51:09,1,49110,Xiaomi Redmi 12 Smartphone,Matara,49110
EH-2023001163,20140,2023-12-23 17:51:09,1,8150,Sony Bluetooth Speaker,Matara,8150
EH-2023001163,20140,2023-12-23 17:51:09,1,7410,Innovex Rice Cooker 1.8L,Matara,7410
EH-2023001164,20057,2023-12-23 19:49:56,1,8560,Sony Bluetooth Speaker,Gampaha,8560
EH-2023001164,20057,2023-12-23 19:49:56,1,1040,Extension Cord (4-Socket),Gampaha,1040
EH-2023001165,20024,2023-12-23 20:34:03,1,5110,Bluetooth Earbuds,Colombo,5110
EH-2023001166,20164,2023-12-24 09:01:01,2,3630,Power Bank 10000mAh,Gampaha,7260
EH-2023001166,20164,2023-12-24 09:01:01,1,1620,Gas Cooker Adapter (LPG-saver),Gampaha,1620
EH-2023001166,20164,2023-12-24 09:01:01,1,5220,Bluetooth Earbuds,Gampaha,5220
EH-2023001167,20115,2023-12-24 10:18:29,1,9870,itel Feature Phone,Gampaha,9870
EH-2023001167,20115,2023-12-24 10:18:29,1,75510,Singer LED TV 43-inch,Gampaha,75510
EH-2023001167,20115,2023-12-24 10:18:29,2,990,Rechargeable LED Bulb,Gampaha,1980
EH-2023001168,20084,2023-12-24 14:20:00,1,5080,Bluetooth Earbuds,Kandy,5080
EH-2023001169,20164,2023-12-25 11:55:16,1,990,Rechargeable LED Bulb,Gampaha,990
EH-2023001170,20053,2023-12-25 18:51:22,2,3890,Power Bank 10000mAh,Ratnapura,7780
EH-2023001171,20191,2023-12-25 19:05:10,1,5660,National Table Fan 16-inch,Galle,5660
EH-2023001171,20191,2023-12-25 19:05:10,1,75240,Samsung Galaxy A14 Smartphone,Galle,75240
EH-2023001172,20171,2023-12-25 19:50:23,1,5190,Bluetooth Earbuds,Ratnapura,5190
EH-2023001173,20212,2023-12-25 20:22:10,1,51010,Xiaomi Redmi 12 Smartphone,Kurunegala,51010
EH-2023001173,20212,2023-12-25 20:22:10,1,74210,Samsung Galaxy A14 Smartphone,Kurunegala,74210
EH-2023001174,20115,2023-12-26 18:55:12,1,3700,Power Bank 10000mAh,Gampaha,3700
EH-2023001174,20115,2023-12-26 18:55:12,1,68530,Singer LED TV 43-inch,Gampaha,68530
EH-2023001175,20071,2023-12-27 16:58:16,1,72540,Samsung Galaxy A14 Smartphone,Kalutara,72540
EH-2023001175,20071,2023-12-27 16:58:16,1,40240,Singer LED TV 32-inch,Kalutara,40240
EH-2023001175,20071,2023-12-27 16:58:16,1,10310,itel Feature Phone,Kalutara,10310
EH-2023001176,20193,2023-12-27 18:09:04,3,980,Rechargeable LED Bulb,Colombo,2940
EH-2023001177,20214,2023-12-28 11:08:37,1,1110,Extension Cord (4-Socket),Colombo,1110
EH-2023001178,20123,2023-12-28 16:30:04,1,38380,Singer LED TV 32-inch,Colombo,38380
EH-2023001179,20033,2023-12-28 18:05:31,1,25620,Inverter Battery 12V 100Ah,Colombo,25620
EH-2023001179,20033,2023-12-28 18:05:31,1,4360,Philips Electric Kettle,Colombo,4360
EH-2023001179,20033,2023-12-28 18:05:31,1,7270,Innovex Rice Cooker 1.8L,Colombo,7270
EH-2023001180,20212,2023-12-29 09:12:15,1,24760,Inverter Battery 12V 100Ah,Kurunegala,24760
EH-2023001180,20212,2023-12-29 09:12:15,2,4580,Philips Electric Kettle,Kurunegala,9160
EH-2023001180,20212,2023-12-29 09:12:15,1,7610,Innovex Rice Cooker 1.8L,Kurunegala,7610
EH-2023001181,20240,2023-12-29 10:13:37,1,22060,Panasonic Inverter 700VA,Gampaha,22060
EH-2023001181,20240,2023-12-29 10:13:37,2,3930,Solar Lantern (Rechargeable),Gampaha,7860
EH-2023001182,20241,2023-12-29 14:16:01,2,3570,Power Bank 10000mAh,Colombo,7140
EH-2023001182,20241,2023-12-29 14:16:01,1,5040,Bluetooth Earbuds,Colombo,5040
EH-2023001183,20057,2023-12-29 16:24:40,1,2530,Laptop Cooling Pad,Gampaha,2530
EH-2023001184,20238,2023-12-29 20:36:45,1,5330,National Table Fan 16-inch,Gampaha,5330
EH-2023001184,20238,2023-12-29 20:36:45,2,4300,Philips Electric Kettle,Gampaha,8600
EH-2023001184,20238,2023-12-29 20:36:45,1,5960,Abans Blender 400W,Gampaha,5960
EH-2023001185,20208,2023-12-30 10:14:43,1,74940,Samsung Galaxy A14 Smartphone,Gampaha,74940
EH-2023001186,20104,2023-12-30 15:25:38,1,1070,Extension Cord (4-Socket),Ratnapura,1070
EH-2023001186,20104,2023-12-30 15:25:38,1,9760,itel Feature Phone,Ratnapura,9760
EH-2023001186,20104,2023-12-30 15:25:38,2,4140,Solar Lantern (Rechargeable),Ratnapura,8280
EH-2023001187,20126,2023-12-30 16:12:14,1,4940,Bluetooth Earbuds,Puttalam,4940
EH-2023001187,20126,2023-12-30 16:12:14,1,2560,Laptop Cooling Pad,Puttalam,2560
EH-2023001187,20126,2023-12-30 16:12:14,3,940,Rechargeable LED Bulb,Puttalam,2820
EH-2023001188,20068,2023-12-30 17:16:22,1,5570,National Table Fan 16-inch,Kandy,5570
EH-2023001188,20068,2023-12-30 17:16:22,2,3540,Power Bank 10000mAh,Kandy,7080
EH-2023001188,20068,2023-12-30 17:16:22,2,4140,Solar Lantern (Rechargeable),Kandy,8280
EH-2023001189,20093,2023-12-30 19:42:33,1,9540,itel Feature Phone,Anuradhapura,9540
EH-2023001189,20093,2023-12-30 19:42:33,2,990,Rechargeable LED Bulb,Anuradhapura,1980
EH-2023001190,20162,2023-12-31 09:45:46,2,3530,Power Bank 10000mAh,Ratnapura,7060
EH-2023001190,20162,2023-12-31 09:45:46,1,6210,Abans Blender 400W,Ratnapura,6210
EH-2023001190,20162,2023-12-31 09:45:46,1,1670,Gas Cooker Adapter (LPG-saver),Ratnapura,1670
EH-2023001191,20192,2023-12-31 15:06:34,1,5870,Abans Blender 400W,Kurunegala,5870
EH-2023001191,20192,2023-12-31 15:06:34,1,9940,itel Feature Phone,Kurunegala,9940
EH-2023001191,20192,2023-12-31 15:06:34,1,3910,Solar Lantern (Rechargeable),Kurunegala,3910
EH-2023001192,20241,2023-12-31 16:36:11,1,20710,Panasonic Inverter 700VA,Colombo,20710
EH-2023001192,20241,2023-12-31 16:36:11,1,970,Rechargeable LED Bulb,Colombo,970
EH-2023001193,20222,2023-12-31 18:28:02,1,107650,Kelvinator Refrigerator 190L,Matara,107650
EH-2023001193,20222,2023-12-31 18:28:02,1,8130,Sony Bluetooth Speaker,Matara,8130
EH-2023001193,20222,2023-12-31 18:28:02,1,4060,Solar Lantern (Rechargeable),Matara,4060
EH-2024001194,20057,2024-01-01 15:36:41,2,3810,Power Bank 10000mAh,Gampaha,7620
EH-2024001195,20239,2024-01-01 15:46:30,1,7810,Innovex Rice Cooker 1.8L,Gampaha,7810
EH-2024001195,20239,2024-01-01 15:46:30,1,151580,LG Washing Machine 7kg,Gampaha,151580
EH-2024001196,20185,2024-01-01 17:40:30,1,4900,Philips Electric Kettle,Kandy,4900
EH-2024001197,20071,2024-01-02 17:46:09,1,41610,Singer LED TV 32-inch,Kalutara,41610
EH-2024001197,20071,2024-01-02 17:46:09,1,5630,Bluetooth Earbuds,Kalutara,5630
EH-2024001198,20048,2024-01-02 17:59:28,2,1110,Rechargeable LED Bulb,Colombo,2220
EH-2024001198,20048,2024-01-02 17:59:28,1,5450,Bluetooth Earbuds,Colombo,5450
EH-2024001198,20048,2024-01-02 17:59:28,2,4150,Power Bank 10000mAh,Colombo,8300
EH-2024001199,20106,2024-01-03 14:14:47,1,1750,Gas Cooker Adapter (LPG-saver),Colombo,1750
EH-2024001199,20106,2024-01-03 14:14:47,1,43900,Singer LED TV 32-inch,Colombo,43900
EH-2024001199,20106,2024-01-03 14:14:47,1,3830,Power Bank 10000mAh,Colombo,3830
EH-2024001200,20187,2024-01-03 19:10:25,3,1020,Rechargeable LED Bulb,Gampaha,3060
EH-2024001200,20187,2024-01-03 19:10:25,2,4130,Solar Lantern (Rechargeable),Gampaha,8260
EH-2024001201,20115,2024-01-03 19:19:24,1,6070,National Table Fan 16-inch,Gampaha,6070
EH-2024001202,20071,2024-01-03 19:46:20,2,4950,Philips Electric Kettle,Kalutara,9900
EH-2024001202,20071,2024-01-03 19:46:20,1,154460,LG Washing Machine 7kg,Kalutara,154460
EH-2024001202,20071,2024-01-03 19:46:20,1,79380,Samsung Galaxy A14 Smartphone,Kalutara,79380
EH-2024001203,20009,2024-01-04 09:30:19,1,79860,Samsung Galaxy A14 Smartphone,Colombo,79860
EH-2024001204,20249,2024-01-04 09:33:19,1,4840,Philips Electric Kettle,Colombo,4840
EH-2024001205,20104,2024-01-04 10:18:04,1,3780,Power Bank 10000mAh,Ratnapura,3780
EH-2024001206,20054,2024-01-04 12:19:38,1,7770,Innovex Rice Cooker 1.8L,Colombo,7770
EH-2024001206,20054,2024-01-04 12:19:38,1,23190,Panasonic Inverter 700VA,Colombo,23190
EH-2024001207,20220,2024-01-04 17:11:07,1,2480,Laptop Cooling Pad,Matara,2480
EH-2024001207,20220,2024-01-04 17:11:07,1,109180,Kelvinator Refrigerator 190L,Matara,109180
EH-2024001207,20220,2024-01-04 17:11:07,3,1040,Rechargeable LED Bulb,Matara,3120
EH-2024001208,20194,2024-01-05 15:15:48,1,42160,Singer LED TV 32-inch,Kalutara,42160
EH-2024001208,20194,2024-01-05 15:15:48,1,150670,LG Washing Machine 7kg,Kalutara,150670
EH-2024001209,20220,2024-01-05 16:04:59,1,6080,National Table Fan 16-inch,Matara,6080
EH-2024001210,20220,2024-01-05 16:10:02,1,4970,Philips Electric Kettle,Matara,4970
EH-2024001211,20039,2024-01-05 18:06:44,1,1130,Extension Cord (4-Socket),Kalutara,1130
EH-2024001212,20106,2024-01-05 19:13:52,1,6470,Abans Blender 400W,Colombo,6470
EH-2024001213,20022,2024-01-06 14:15:01,1,24290,Panasonic Inverter 700VA,Matale,24290
EH-2024001214,20133,2024-01-06 17:34:10,1,1100,Rechargeable LED Bulb,Batticaloa,1100
EH-2024001215,20185,2024-01-06 18:19:11,1,6240,National Table Fan 16-inch,Kandy,6240
EH-2024001215,20185,2024-01-06 18:19:11,1,5810,Bluetooth Earbuds,Kandy,5810
EH-2024001216,20209,2024-01-06 20:14:16,1,25940,Inverter Battery 12V 100Ah,Ratnapura,25940
EH-2024001217,20216,2024-01-07 13:40:19,1,8880,Sony Bluetooth Speaker,Colombo,8880
EH-2024001217,20216,2024-01-07 13:40:19,1,5420,Bluetooth Earbuds,Colombo,5420
EH-2024001218,20108,2024-01-08 10:31:36,2,1160,Extension Cord (4-Socket),Batticaloa,2320
EH-2024001218,20108,2024-01-08 10:31:36,2,4920,Philips Electric Kettle,Batticaloa,9840
EH-2024001219,20193,2024-01-08 14:27:02,1,6580,Abans Blender 400W,Colombo,6580
EH-2024001220,20024,2024-01-08 17:41:13,1,6650,Abans Blender 400W,Colombo,6650
EH-2024001220,20024,2024-01-08 17:41:13,1,74990,Singer LED TV 43-inch,Colombo,74990
EH-2024001221,20157,2024-01-08 18:28:22,1,10580,itel Feature Phone,Matale,10580
EH-2024001222,20113,2024-01-08 19:01:55,2,3840,Power Bank 10000mAh,Kalutara,7680
EH-2024001222,20113,2024-01-08 19:01:55,1,75570,Singer LED TV 43-inch,Kalutara,75570
EH-2024001222,20113,2024-01-08 19:01:55,1,8730,Sony Bluetooth Speaker,Kalutara,8730
EH-2024001223,20050,2024-01-09 09:31:46,1,1050,Rechargeable LED Bulb,Kalutara,1050
EH-2024001223,20050,2024-01-09 09:31:46,1,8140,Innovex Rice Cooker 1.8L,Kalutara,8140
EH-2024001223,20050,2024-01-09 09:31:46,1,157220,LG Washing Machine 7kg,Kalutara,157220
EH-2024001224,20053,2024-01-09 09:45:11,1,22650,Panasonic Inverter 700VA,Ratnapura,22650
EH-2024001225,20128,2024-01-09 11:29:34,1,7980,Innovex Rice Cooker 1.8L,Matara,7980
EH-2024001225,20128,2024-01-09 11:29:34,1,45970,Singer LED TV 32-inch,Matara,45970
EH-2024001226,20223,2024-01-09 14:34:56,1,164120,LG Washing Machine 7kg,Colombo,164120
EH-2024001227,20133,2024-01-09 17:42:20,1,1050,Rechargeable LED Bulb,Batticaloa,1050
EH-2024001228,20022,2024-01-10 10:10:03,1,5510,Bluetooth Earbuds,Matale,5510
EH-2024001228,20022,2024-01-10 10:10:03,3,1060,Rechargeable LED Bulb,Matale,3180
EH-2024001228,20022,2024-01-10 10:10:03,1,105970,Kelvinator Refrigerator 190L,Matale,105970
EH-2024001229,20186,2024-01-10 10:15:34,1,23360,Panasonic Inverter 700VA,Kandy,23360
EH-2024001230,20220,2024-01-10 12:37:48,1,6180,Abans Blender 400W,Matara,6180
EH-2024001230,20220,2024-01-10 12:37:48,1,1240,Extension Cord (4-Socket),Matara,1240
EH-2024001231,20104,2024-01-10 18:59:00,1,1890,Gas Cooker Adapter (LPG-saver),Ratnapura,1890
EH-2024001231,20104,2024-01-10 18:59:00,1,84280,Samsung Galaxy A14 Smartphone,Ratnapura,84280
EH-2024001231,20104,2024-01-10 18:59:00,1,10030,itel Feature Phone,Ratnapura,10030
EH-2024001232,20118,2024-01-10 19:06:09,1,49940,Xiaomi Redmi 12 Smartphone,Gampaha,49940
EH-2024001232,20118,2024-01-10 19:06:09,1,6100,National Table Fan 16-inch,Gampaha,6100
EH-2024001232,20118,2024-01-10 19:06:09,1,81810,Samsung Galaxy A14 Smartphone,Gampaha,81810
EH-2024001233,20109,2024-01-11 18:29:19,1,6580,Abans Blender 400W,Kandy,6580
EH-2024001233,20109,2024-01-11 18:29:19,1,75610,Singer LED TV 43-inch,Kandy,75610
EH-2024001234,20030,2024-01-12 19:26:56,1,10150,itel Feature Phone,Colombo,10150
EH-2024001234,20030,2024-01-12 19:26:56,3,1070,Rechargeable LED Bulb,Colombo,3210
EH-2024001235,20019,2024-01-13 14:01:02,1,77190,Singer LED TV 43-inch,Gampaha,77190
EH-2024001235,20019,2024-01-13 14:01:02,1,5720,National Table Fan 16-inch,Gampaha,5720
EH-2024001235,20019,2024-01-13 14:01:02,1,4070,Power Bank 10000mAh,Gampaha,4070
EH-2024001236,20162,2024-01-13 16:30:15,1,5500,Bluetooth Earbuds,Ratnapura,5500
EH-2024001236,20162,2024-01-13 16:30:15,1,6240,Abans Blender 400W,Ratnapura,6240
EH-2024001236,20162,2024-01-13 16:30:15,1,24020,Panasonic Inverter 700VA,Ratnapura,24020
EH-2024001237,20024,2024-01-13 19:02:32,1,5890,National Table Fan 16-inch,Colombo,5890
EH-2024001237,20024,2024-01-13 19:02:32,1,80900,Singer LED TV 43-inch,Colombo,80900
EH-2024001237,20024,2024-01-13 19:02:32,2,1110,Rechargeable LED Bulb,Colombo,2220
EH-2024001238,20133,2024-01-14 15:10:26,1,1200,Extension Cord (4-Socket),Batticaloa,1200
EH-2024001238,20133,2024-01-14 15:10:26,1,6120,National Table Fan 16-inch,Batticaloa,6120
EH-2024001238,20133,2024-01-14 15:10:26,1,1840,Gas Cooker Adapter (LPG-saver),Batticaloa,1840
EH-2024001239,20187,2024-01-14 16:19:30,1,1180,Extension Cord (4-Socket),Gampaha,1180
EH-2024001239,20187,2024-01-14 16:19:30,2,4430,Solar Lantern (Rechargeable),Gampaha,8860
EH-2024001239,20187,2024-01-14 16:19:30,1,5530,Bluetooth Earbuds,Gampaha,5530
EH-2024001240,20074,2024-01-14 17:25:04,1,24310,Panasonic Inverter 700VA,Anuradhapura,24310
EH-2024001240,20074,2024-01-14 17:25:04,1,78950,Singer LED TV 43-inch,Anuradhapura,78950
EH-2024001241,20207,2024-01-15 10:44:38,1,11040,itel Feature Phone,Colombo,11040
EH-2024001241,20207,2024-01-15 10:44:38,1,7790,Innovex Rice Cooker 1.8L,Colombo,7790
EH-2024001242,20031,2024-01-16 11:18:18,1,78480,Singer LED TV 43-inch,Kurunegala,78480
EH-2024001243,20231,2024-01-16 12:02:20,1,22380,Panasonic Inverter 700VA,Colombo,22380
EH-2024001244,20183,2024-01-17 11:58:59,1,10090,itel Feature Phone,Kalutara,10090
EH-2024001244,20183,2024-01-17 11:58:59,1,8230,Innovex Rice Cooker 1.8L,Kalutara,8230
EH-2024001244,20183,2024-01-17 11:58:59,1,5830,Bluetooth Earbuds,Kalutara,5830
EH-2024001245,20179,2024-01-17 15:52:40,2,1060,Rechargeable LED Bulb,Gampaha,2120
EH-2024001245,20179,2024-01-17 15:52:40,1,74380,Singer LED TV 43-inch,Gampaha,74380
EH-2024001246,20071,2024-01-17 17:41:09,1,5560,Bluetooth Earbuds,Kalutara,5560
EH-2024001246,20071,2024-01-17 17:41:09,1,6820,Abans Blender 400W,Kalutara,6820
EH-2024001246,20071,2024-01-17 17:41:09,2,1130,Extension Cord (4-Socket),Kalutara,2260
EH-2024001247,20043,2024-01-17 18:20:40,1,42670,Singer LED TV 32-inch,Kurunegala,42670
EH-2024001247,20043,2024-01-17 18:20:40,1,75430,Singer LED TV 43-inch,Kurunegala,75430
EH-2024001248,20244,2024-01-19 10:06:57,1,22120,Panasonic Inverter 700VA,Gampaha,22120
EH-2024001248,20244,2024-01-19 10:06:57,1,8450,Innovex Rice Cooker 1.8L,Gampaha,8450
EH-2024001249,20053,2024-01-19 11:00:17,1,2570,Laptop Cooling Pad,Ratnapura,2570
EH-2024001250,20218,2024-01-19 11:10:30,1,1090,Rechargeable LED Bulb,Badulla,1090
EH-2024001250,20218,2024-01-19 11:10:30,1,2680,Laptop Cooling Pad,Badulla,2680
EH-2024001251,20121,2024-01-19 16:52:44,2,1170,Extension Cord (4-Socket),Gampaha,2340
EH-2024001251,20121,2024-01-19 16:52:44,1,2700,Laptop Cooling Pad,Gampaha,2700
EH-2024001251,20121,2024-01-19 16:52:44,1,5720,National Table Fan 16-inch,Gampaha,5720
EH-2024001252,20047,2024-01-19 18:34:27,1,4500,Solar Lantern (Rechargeable),Matara,4500
EH-2024001253,20062,2024-01-19 18:51:57,1,4900,Philips Electric Kettle,Colombo,4900
EH-2024001253,20062,2024-01-19 18:51:57,1,28550,Inverter Battery 12V 100Ah,Colombo,28550
EH-2024001254,20044,2024-01-20 08:18:37,1,27610,Inverter Battery 12V 100Ah,Jaffna,27610
EH-2024001254,20044,2024-01-20 08:18:37,1,74770,Singer LED TV 43-inch,Jaffna,74770
EH-2024001254,20044,2024-01-20 08:18:37,1,22910,Panasonic Inverter 700VA,Jaffna,22910
EH-2024001255,20006,2024-01-20 14:20:03,1,6260,National Table Fan 16-inch,Gampaha,6260
EH-2024001255,20006,2024-01-20 14:20:03,1,3790,Power Bank 10000mAh,Gampaha,3790
EH-2024001255,20006,2024-01-20 14:20:03,1,50930,Xiaomi Redmi 12 Smartphone,Gampaha,50930
EH-2024001256,20150,2024-01-20 20:26:34,2,4350,Solar Lantern (Rechargeable),Ratnapura,8700
EH-2024001256,20150,2024-01-20 20:26:34,1,11020,itel Feature Phone,Ratnapura,11020
EH-2024001256,20150,2024-01-20 20:26:34,1,2610,Laptop Cooling Pad,Ratnapura,2610
EH-2024001257,20086,2024-01-21 13:21:17,1,6370,Abans Blender 400W,Galle,6370
EH-2024001257,20086,2024-01-21 13:21:17,1,23660,Panasonic Inverter 700VA,Galle,23660
EH-2024001258,20186,2024-01-21 17:01:02,1,6660,Abans Blender 400W,Kandy,6660
EH-2024001259,20062,2024-01-22 08:37:38,2,1170,Extension Cord (4-Socket),Colombo,2340
EH-2024001259,20062,2024-01-22 08:37:38,1,3790,Power Bank 10000mAh,Colombo,3790
EH-2024001259,20062,2024-01-22 08:37:38,1,2690,Laptop Cooling Pad,Colombo,2690
EH-2024001260,20121,2024-01-22 12:42:38,1,5380,Bluetooth Earbuds,Gampaha,5380
EH-2024001260,20121,2024-01-22 12:42:38,1,1890,Gas Cooker Adapter (LPG-saver),Gampaha,1890
EH-2024001260,20121,2024-01-22 12:42:38,1,7950,Innovex Rice Cooker 1.8L,Gampaha,7950
EH-2024001261,20123,2024-01-23 15:34:49,2,1020,Rechargeable LED Bulb,Colombo,2040
EH-2024001261,20123,2024-01-23 15:34:49,1,4060,Power Bank 10000mAh,Colombo,4060
EH-2024001261,20123,2024-01-23 15:34:49,1,6280,National Table Fan 16-inch,Colombo,6280
EH-2024001262,20229,2024-01-23 17:18:38,1,54080,Xiaomi Redmi 12 Smartphone,Colombo,54080
EH-2024001262,20229,2024-01-23 17:18:38,1,45400,Singer LED TV 32-inch,Colombo,45400
EH-2024001263,20255,2024-01-23 18:35:01,1,5520,Bluetooth Earbuds,Colombo,5520
EH-2024001263,20255,2024-01-23 18:35:01,1,8180,Innovex Rice Cooker 1.8L,Colombo,8180
EH-2024001264,20053,2024-01-23 20:49:51,1,7920,Innovex Rice Cooker 1.8L,Ratnapura,7920
EH-2024001264,20053,2024-01-23 20:49:51,1,9260,Sony Bluetooth Speaker,Ratnapura,9260
EH-2024001264,20053,2024-01-23 20:49:51,1,6610,Abans Blender 400W,Ratnapura,6610
EH-2024001265,20071,2024-01-25 08:25:51,1,1060,Rechargeable LED Bulb,Kalutara,1060
EH-2024001266,20254,2024-01-25 12:36:38,2,1230,Extension Cord (4-Socket),Colombo,2460
EH-2024001266,20254,2024-01-25 12:36:38,1,53390,Xiaomi Redmi 12 Smartphone,Colombo,53390
EH-2024001267,20177,2024-01-25 19:04:44,1,10850,itel Feature Phone,Gampaha,10850
EH-2024001267,20177,2024-01-25 19:04:44,1,1810,Gas Cooker Adapter (LPG-saver),Gampaha,1810
EH-2024001267,20177,2024-01-25 19:04:44,1,1070,Rechargeable LED Bulb,Gampaha,1070
EH-2024001268,20053,2024-01-26 10:06:09,1,4480,Solar Lantern (Rechargeable),Ratnapura,4480
EH-2024001269,20071,2024-01-27 08:53:29,1,23710,Panasonic Inverter 700VA,Kalutara,23710
EH-2024001269,20071,2024-01-27 08:53:29,1,5610,Bluetooth Earbuds,Kalutara,5610
EH-2024001269,20071,2024-01-27 08:53:29,1,1860,Gas Cooker Adapter (LPG-saver),Kalutara,1860
EH-2024001270,20055,2024-01-27 14:40:42,1,5740,Bluetooth Earbuds,Matara,5740
EH-2024001271,20097,2024-01-27 14:44:28,2,1190,Extension Cord (4-Socket),Matale,2380
EH-2024001272,20011,2024-01-27 16:00:44,2,4160,Solar Lantern (Rechargeable),Ratnapura,8320
EH-2024001272,20011,2024-01-27 16:00:44,2,1180,Extension Cord (4-Socket),Ratnapura,2360
EH-2024001272,20011,2024-01-27 16:00:44,1,85330,Samsung Galaxy A14 Smartphone,Ratnapura,85330
EH-2024001273,20115,2024-01-27 17:23:26,1,6140,Abans Blender 400W,Gampaha,6140
EH-2024001273,20115,2024-01-27 17:23:26,2,3850,Power Bank 10000mAh,Gampaha,7700
EH-2024001273,20115,2024-01-27 17:23:26,1,43820,Singer LED TV 32-inch,Gampaha,43820
EH-2024001274,20030,2024-01-27 18:13:31,1,4570,Solar Lantern (Rechargeable),Colombo,4570
EH-2024001274,20030,2024-01-27 18:13:31,1,1880,Gas Cooker Adapter (LPG-saver),Colombo,1880
EH-2024001275,20228,2024-01-27 19:05:28,1,6740,Abans Blender 400W,Gampaha,6740
EH-2024001275,20228,2024-01-27 19:05:28,1,81650,Samsung Galaxy A14 Smartphone,Gampaha,81650
EH-2024001276,20071,2024-01-27 19:53:58,2,1180,Extension Cord (4-Socket),Kalutara,2360
EH-2024001276,20071,2024-01-27 19:53:58,1,6370,Abans Blender 400W,Kalutara,6370
EH-2024001277,20212,2024-01-28 13:40:04,1,53530,Xiaomi Redmi 12 Smartphone,Kurunegala,53530
EH-2024001277,20212,2024-01-28 13:40:04,1,76970,Singer LED TV 43-inch,Kurunegala,76970
EH-2024001277,20212,2024-01-28 13:40:04,1,6620,Abans Blender 400W,Kurunegala,6620
EH-2024001278,20192,2024-01-28 15:57:04,1,2500,Laptop Cooling Pad,Kurunegala,2500
EH-2024001278,20192,2024-01-28 15:57:04,1,5350,Bluetooth Earbuds,Kurunegala,5350
EH-2024001278,20192,2024-01-28 15:57:04,2,1050,Rechargeable LED Bulb,Kurunegala,2100
EH-2024001279,20086,2024-01-30 12:59:40,2,4990,Philips Electric Kettle,Galle,9980
EH-2024001280,20097,2024-01-30 16:51:05,1,22260,Panasonic Inverter 700VA,Matale,22260
EH-2024001280,20097,2024-01-30 16:51:05,2,1050,Rechargeable LED Bulb,Matale,2100
EH-2024001280,20097,2024-01-30 16:51:05,1,6180,National Table Fan 16-inch,Matale,6180
EH-2024001281,20058,2024-01-31 13:53:28,3,1010,Rechargeable LED Bulb,Galle,3030
EH-2024001281,20058,2024-01-31 13:53:28,1,156600,LG Washing Machine 7kg,Galle,156600
EH-2024001281,20058,2024-01-31 13:53:28,1,4580,Solar Lantern (Rechargeable),Galle,4580
EH-2024001282,20252,2024-01-31 17:04:56,1,5860,Bluetooth Earbuds,Badulla,5860
EH-2024001283,20097,2024-01-31 19:11:08,1,5800,Bluetooth Earbuds,Matale,5800
EH-2024001283,20097,2024-01-31 19:11:08,1,1190,Extension Cord (4-Socket),Matale,1190
EH-2024001284,20080,2024-02-01 08:43:07,2,4470,Solar Lantern (Rechargeable),Kalutara,8940
EH-2024001284,20080,2024-02-01 08:43:07,1,42810,Singer LED TV 32-inch,Kalutara,42810
EH-2024001285,20162,2024-02-01 10:54:33,1,1140,Extension Cord (4-Socket),Ratnapura,1140
EH-2024001285,20162,2024-02-01 10:54:33,1,44370,Singer LED TV 32-inch,Ratnapura,44370
EH-2024001285,20162,2024-02-01 10:54:33,1,22180,Panasonic Inverter 700VA,Ratnapura,22180
EH-2024001286,20157,2024-02-01 14:17:31,1,4710,Philips Electric Kettle,Matale,4710
EH-2024001286,20157,2024-02-01 14:17:31,1,5450,Bluetooth Earbuds,Matale,5450
EH-2024001286,20157,2024-02-01 14:17:31,1,3950,Power Bank 10000mAh,Matale,3950
EH-2024001287,20121,2024-02-02 13:52:27,1,26210,Inverter Battery 12V 100Ah,Gampaha,26210
EH-2024001288,20202,2024-02-02 16:39:17,1,8390,Innovex Rice Cooker 1.8L,Gampaha,8390
EH-2024001288,20202,2024-02-02 16:39:17,1,52790,Xiaomi Redmi 12 Smartphone,Gampaha,52790
EH-2024001288,20202,2024-02-02 16:39:17,1,42350,Singer LED TV 32-inch,Gampaha,42350
EH-2024001289,20054,2024-02-03 14:43:41,1,10260,itel Feature Phone,Colombo,10260
EH-2024001289,20054,2024-02-03 14:43:41,1,8690,Sony Bluetooth Speaker,Colombo,8690
EH-2024001289,20054,2024-02-03 14:43:41,1,5750,National Table Fan 16-inch,Colombo,5750
EH-2024001290,20192,2024-02-03 16:31:53,1,8240,Innovex Rice Cooker 1.8L,Kurunegala,8240
EH-2024001290,20192,2024-02-03 16:31:53,1,1830,Gas Cooker Adapter (LPG-saver),Kurunegala,1830
EH-2024001291,20232,2024-02-04 13:08:28,1,7990,Innovex Rice Cooker 1.8L,Colombo,7990
EH-2024001291,20232,2024-02-04 13:08:28,1,4600,Philips Electric Kettle,Colombo,4600
EH-2024001292,20229,2024-02-05 09:30:53,1,6480,Abans Blender 400W,Colombo,6480
EH-2024001292,20229,2024-02-05 09:30:53,2,4070,Power Bank 10000mAh,Colombo,8140
EH-2024001292,20229,2024-02-05 09:30:53,1,10810,itel Feature Phone,Colombo,10810
EH-2024001293,20099,2024-02-05 14:28:38,1,76230,Singer LED TV 43-inch,Kalutara,76230
EH-2024001294,20223,2024-02-06 09:54:21,1,5840,Bluetooth Earbuds,Colombo,5840
EH-2024001294,20223,2024-02-06 09:54:21,1,50990,Xiaomi Redmi 12 Smartphone,Colombo,50990
EH-2024001294,20223,2024-02-06 09:54:21,2,4560,Philips Electric Kettle,Colombo,9120
EH-2024001295,20148,2024-02-06 14:34:02,3,1020,Rechargeable LED Bulb,Kandy,3060
EH-2024001295,20148,2024-02-06 14:34:02,1,27430,Inverter Battery 12V 100Ah,Kandy,27430
EH-2024001296,20071,2024-02-06 17:10:50,1,6590,Abans Blender 400W,Kalutara,6590
EH-2024001296,20071,2024-02-06 17:10:50,3,1010,Rechargeable LED Bulb,Kalutara,3030
EH-2024001296,20071,2024-02-06 17:10:50,1,4140,Power Bank 10000mAh,Kalutara,4140
EH-2024001297,20049,2024-02-06 19:31:05,1,5820,National Table Fan 16-inch,Colombo,5820
EH-2024001298,20044,2024-02-07 11:10:05,1,22610,Panasonic Inverter 700VA,Jaffna,22610
EH-2024001299,20081,2024-02-07 13:03:40,1,10190,itel Feature Phone,Colombo,10190
EH-2024001299,20081,2024-02-07 13:03:40,1,5650,Bluetooth Earbuds,Colombo,5650
EH-2024001299,20081,2024-02-07 13:03:40,1,1050,Rechargeable LED Bulb,Colombo,1050
EH-2024001300,20231,2024-02-07 17:56:14,1,5760,Bluetooth Earbuds,Colombo,5760
EH-2024001301,20071,2024-02-09 13:15:30,1,49550,Xiaomi Redmi 12 Smartphone,Kalutara,49550
EH-2024001301,20071,2024-02-09 13:15:30,1,4170,Solar Lantern (Rechargeable),Kalutara,4170
EH-2024001302,20038,2024-02-09 19:22:51,1,3920,Power Bank 10000mAh,Anuradhapura,3920
EH-2024001302,20038,2024-02-09 19:22:51,1,42470,Singer LED TV 32-inch,Anuradhapura,42470
EH-2024001303,20203,2024-02-10 08:46:16,2,4010,Power Bank 10000mAh,Galle,8020
EH-2024001304,20042,2024-02-10 08:57:40,1,5700,Bluetooth Earbuds,Gampaha,5700
EH-2024001304,20042,2024-02-10 08:57:40,1,80670,Samsung Galaxy A14 Smartphone,Gampaha,80670
EH-2024001304,20042,2024-02-10 08:57:40,1,3800,Power Bank 10000mAh,Gampaha,3800
EH-2024001305,20043,2024-02-10 14:48:30,1,5320,Bluetooth Earbuds,Kurunegala,5320
EH-2024001305,20043,2024-02-10 14:48:30,1,5810,National Table Fan 16-inch,Kurunegala,5810
EH-2024001305,20043,2024-02-10 14:48:30,1,81770,Samsung Galaxy A14 Smartphone,Kurunegala,81770
EH-2024001306,20194,2024-02-10 14:53:39,1,11000,itel Feature Phone,Kalutara,11000
EH-2024001306,20194,2024-02-10 14:53:39,1,5790,National Table Fan 16-inch,Kalutara,5790
EH-2024001306,20194,2024-02-10 14:53:39,2,4550,Solar Lantern (Rechargeable),Kalutara,9100
EH-2024001307,20229,2024-02-10 16:26:41,1,106000,Kelvinator Refrigerator 190L,Colombo,106000
EH-2024001307,20229,2024-02-10 16:26:41,1,4100,Power Bank 10000mAh,Colombo,4100
EH-2024001307,20229,2024-02-10 16:26:41,1,9250,Sony Bluetooth Speaker,Colombo,9250
EH-2024001308,20165,2024-02-10 18:06:34,1,78890,Samsung Galaxy A14 Smartphone,Jaffna,78890
EH-2024001308,20165,2024-02-10 18:06:34,1,1050,Rechargeable LED Bulb,Jaffna,1050
EH-2024001308,20165,2024-02-10 18:06:34,1,10530,itel Feature Phone,Jaffna,10530
EH-2024001309,20106,2024-02-10 18:48:24,1,6790,Abans Blender 400W,Colombo,6790
EH-2024001309,20106,2024-02-10 18:48:24,1,9350,Sony Bluetooth Speaker,Colombo,9350
EH-2024001310,20153,2024-02-10 20:40:30,1,10650,itel Feature Phone,Colombo,10650
EH-2024001310,20153,2024-02-10 20:40:30,1,2480,Laptop Cooling Pad,Colombo,2480
EH-2024001311,20188,2024-02-11 15:56:56,1,7870,Innovex Rice Cooker 1.8L,Trincomalee,7870
EH-2024001312,20212,2024-02-11 16:16:43,1,54260,Xiaomi Redmi 12 Smartphone,Kurunegala,54260
EH-2024001312,20212,2024-02-11 16:16:43,1,5610,Bluetooth Earbuds,Kurunegala,5610
EH-2024001312,20212,2024-02-11 16:16:43,2,4010,Power Bank 10000mAh,Kurunegala,8020
EH-2024001313,20086,2024-02-12 13:09:35,1,83920,Samsung Galaxy A14 Smartphone,Galle,83920
EH-2024001313,20086,2024-02-12 13:09:35,1,5340,Bluetooth Earbuds,Galle,5340
EH-2024001314,20071,2024-02-13 08:36:15,1,42360,Singer LED TV 32-inch,Kalutara,42360
EH-2024001315,20057,2024-02-13 11:06:04,1,53010,Xiaomi Redmi 12 Smartphone,Gampaha,53010
EH-2024001315,20057,2024-02-13 11:06:04,1,1740,Gas Cooker Adapter (LPG-saver),Gampaha,1740
EH-2024001315,20057,2024-02-13 11:06:04,1,4030,Power Bank 10000mAh,Gampaha,4030
EH-2024001316,20157,2024-02-13 15:15:04,1,22860,Panasonic Inverter 700VA,Matale,22860
EH-2024001316,20157,2024-02-13 15:15:04,2,1130,Extension Cord (4-Socket),Matale,2260
EH-2024001316,20157,2024-02-13 15:15:04,1,8540,Innovex Rice Cooker 1.8L,Matale,8540
EH-2024001317,20082,2024-02-13 19:48:03,1,5660,National Table Fan 16-inch,Kurunegala,5660
EH-2024001318,20051,2024-02-14 18:11:42,1,9100,Sony Bluetooth Speaker,Gampaha,9100
EH-2024001318,20051,2024-02-14 18:11:42,1,81200,Samsung Galaxy A14 Smartphone,Gampaha,81200
EH-2024001319,20097,2024-02-15 10:23:22,1,24030,Panasonic Inverter 700VA,Matale,24030
EH-2024001320,20033,2024-02-15 12:10:24,1,11060,itel Feature Phone,Colombo,11060
EH-2024001320,20033,2024-02-15 12:10:24,1,2500,Laptop Cooling Pad,Colombo,2500
EH-2024001320,20033,2024-02-15 12:10:24,1,9010,Sony Bluetooth Speaker,Colombo,9010
EH-2024001321,20021,2024-02-17 13:48:20,1,6270,National Table Fan 16-inch,Colombo,6270
EH-2024001322,20071,2024-02-17 14:06:32,1,5760,National Table Fan 16-inch,Kalutara,5760
EH-2024001322,20071,2024-02-17 14:06:32,1,77230,Samsung Galaxy A14 Smartphone,Kalutara,77230
EH-2024001322,20071,2024-02-17 14:06:32,1,4550,Philips Electric Kettle,Kalutara,4550
EH-2024001323,20045,2024-02-17 14:47:35,1,6160,Abans Blender 400W,Colombo,6160
EH-2024001323,20045,2024-02-17 14:47:35,1,43890,Singer LED TV 32-inch,Colombo,43890
EH-2024001323,20045,2024-02-17 14:47:35,2,4710,Philips Electric Kettle,Colombo,9420
EH-2024001324,20107,2024-02-17 18:12:21,2,4120,Power Bank 10000mAh,Gampaha,8240
EH-2024001324,20107,2024-02-17 18:12:21,1,54510,Xiaomi Redmi 12 Smartphone,Gampaha,54510
EH-2024001324,20107,2024-02-17 18:12:21,3,1070,Rechargeable LED Bulb,Gampaha,3210
EH-2024001325,20053,2024-02-18 08:25:18,2,1040,Rechargeable LED Bulb,Ratnapura,2080
EH-2024001326,20220,2024-02-18 08:56:08,1,28840,Inverter Battery 12V 100Ah,Matara,28840
EH-2024001326,20220,2024-02-18 08:56:08,1,75650,Singer LED TV 43-inch,Matara,75650
EH-2024001326,20220,2024-02-18 08:56:08,1,10350,itel Feature Phone,Matara,10350
EH-2024001327,20035,2024-02-18 19:39:57,1,5520,Bluetooth Earbuds,Colombo,5520
EH-2024001328,20090,2024-02-19 11:20:45,1,2550,Laptop Cooling Pad,Galle,2550
EH-2024001328,20090,2024-02-19 11:20:45,1,81480,Samsung Galaxy A14 Smartphone,Galle,81480
EH-2024001328,20090,2024-02-19 11:20:45,2,1210,Extension Cord (4-Socket),Galle,2420
EH-2024001329,20157,2024-02-19 19:25:21,1,1210,Extension Cord (4-Socket),Matale,1210
EH-2024001330,20071,2024-02-19 19:33:25,1,5770,Bluetooth Earbuds,Kalutara,5770
EH-2024001330,20071,2024-02-19 19:33:25,1,1750,Gas Cooker Adapter (LPG-saver),Kalutara,1750
EH-2024001330,20071,2024-02-19 19:33:25,1,45820,Singer LED TV 32-inch,Kalutara,45820
EH-2024001331,20113,2024-02-20 08:58:32,1,10690,itel Feature Phone,Kalutara,10690
EH-2024001331,20113,2024-02-20 08:58:32,1,2590,Laptop Cooling Pad,Kalutara,2590
EH-2024001332,20024,2024-02-21 09:00:55,1,10980,itel Feature Phone,Colombo,10980
EH-2024001332,20024,2024-02-21 09:00:55,2,1190,Extension Cord (4-Socket),Colombo,2380
EH-2024001332,20024,2024-02-21 09:00:55,1,4700,Philips Electric Kettle,Colombo,4700
EH-2024001333,20184,2024-02-21 18:16:35,1,79250,Singer LED TV 43-inch,Colombo,79250
EH-2024001333,20184,2024-02-21 18:16:35,1,1050,Rechargeable LED Bulb,Colombo,1050
EH-2024001333,20184,2024-02-21 18:16:35,1,78150,Samsung Galaxy A14 Smartphone,Colombo,78150
EH-2024001334,20151,2024-02-23 14:10:20,1,9460,Sony Bluetooth Speaker,Colombo,9460
EH-2024001335,20224,2024-02-24 17:29:59,2,4980,Philips Electric Kettle,Ratnapura,9960
EH-2024001335,20224,2024-02-24 17:29:59,1,44930,Singer LED TV 32-inch,Ratnapura,44930
EH-2024001335,20224,2024-02-24 17:29:59,1,1060,Rechargeable LED Bulb,Ratnapura,1060
EH-2024001336,20192,2024-02-24 18:03:01,1,54880,Xiaomi Redmi 12 Smartphone,Kurunegala,54880
EH-2024001337,20133,2024-02-25 20:34:28,1,1230,Extension Cord (4-Socket),Batticaloa,1230
EH-2024001337,20133,2024-02-25 20:34:28,2,4630,Philips Electric Kettle,Batticaloa,9260
EH-2024001338,20031,2024-02-26 10:58:42,1,28050,Inverter Battery 12V 100Ah,Kurunegala,28050
EH-2024001338,20031,2024-02-26 10:58:42,2,4400,Solar Lantern (Rechargeable),Kurunegala,8800
EH-2024001339,20011,2024-02-26 15:05:07,1,6580,Abans Blender 400W,Ratnapura,6580
EH-2024001340,20134,2024-02-27 20:54:23,1,3840,Power Bank 10000mAh,Gampaha,3840
EH-2024001340,20134,2024-02-27 20:54:23,2,4740,Philips Electric Kettle,Gampaha,9480
EH-2024001341,20048,2024-02-28 10:22:41,3,1030,Rechargeable LED Bulb,Colombo,3090
EH-2024001341,20048,2024-02-28 10:22:41,1,5970,National Table Fan 16-inch,Colombo,5970
EH-2024001342,20132,2024-02-29 18:02:47,1,5740,National Table Fan 16-inch,Kandy,5740
EH-2024001342,20132,2024-02-29 18:02:47,2,4960,Philips Electric Kettle,Kandy,9920
EH-2024001343,20222,2024-02-29 18:28:48,1,6280,National Table Fan 16-inch,Matara,6280
EH-2024001343,20222,2024-02-29 18:28:48,1,44360,Singer LED TV 32-inch,Matara,44360
EH-2024001343,20222,2024-02-29 18:28:48,1,8240,Innovex Rice Cooker 1.8L,Matara,8240
EH-2024001344,20212,2024-03-01 13:03:20,1,6370,Abans Blender 400W,Kurunegala,6370
EH-2024001345,20193,2024-03-01 14:47:46,1,10800,itel Feature Phone,Colombo,10800
EH-2024001345,20193,2024-03-01 14:47:46,1,43340,Singer LED TV 32-inch,Colombo,43340
EH-2024001345,20193,2024-03-01 14:47:46,1,81400,Singer LED TV 43-inch,Colombo,81400
EH-2024001346,20106,2024-03-02 13:15:04,2,4610,Philips Electric Kettle,Colombo,9220
EH-2024001347,20053,2024-03-02 15:23:15,1,1140,Extension Cord (4-Socket),Ratnapura,1140
EH-2024001347,20053,2024-03-02 15:23:15,1,2480,Laptop Cooling Pad,Ratnapura,2480
EH-2024001348,20012,2024-03-02 17:43:05,1,1900,Gas Cooker Adapter (LPG-saver),Colombo,1900
EH-2024001348,20012,2024-03-02 17:43:05,1,41350,Singer LED TV 32-inch,Colombo,41350
EH-2024001348,20012,2024-03-02 17:43:05,2,4120,Power Bank 10000mAh,Colombo,8240
EH-2024001349,20083,2024-03-03 09:19:50,1,4190,Power Bank 10000mAh,Kandy,4190
EH-2024001350,20053,2024-03-03 14:52:02,1,4160,Power Bank 10000mAh,Ratnapura,4160
EH-2024001350,20053,2024-03-03 14:52:02,1,85070,Samsung Galaxy A14 Smartphone,Ratnapura,85070
EH-2024001351,20231,2024-03-03 16:07:27,1,6280,Abans Blender 400W,Colombo,6280
EH-2024001352,20119,2024-03-03 17:17:05,1,10170,itel Feature Phone,Gampaha,10170
EH-2024001352,20119,2024-03-03 17:17:05,1,6180,Abans Blender 400W,Gampaha,6180
EH-2024001352,20119,2024-03-03 17:17:05,1,1110,Rechargeable LED Bulb,Gampaha,1110
EH-2024001353,20086,2024-03-03 19:52:01,1,8030,Innovex Rice Cooker 1.8L,Galle,8030
EH-2024001353,20086,2024-03-03 19:52:01,1,4690,Philips Electric Kettle,Galle,4690
EH-2024001353,20086,2024-03-03 19:52:01,1,6030,National Table Fan 16-inch,Galle,6030
EH-2024001354,20022,2024-03-04 12:16:58,1,2720,Laptop Cooling Pad,Matale,2720
EH-2024001354,20022,2024-03-04 12:16:58,1,21840,Panasonic Inverter 700VA,Matale,21840
EH-2024001354,20022,2024-03-04 12:16:58,1,1870,Gas Cooker Adapter (LPG-saver),Matale,1870
EH-2024001355,20147,2024-03-04 14:19:28,1,6130,Abans Blender 400W,Colombo,6130
EH-2024001356,20057,2024-03-04 17:40:05,1,4280,Solar Lantern (Rechargeable),Gampaha,4280
EH-2024001356,20057,2024-03-04 17:40:05,1,23820,Panasonic Inverter 700VA,Gampaha,23820
EH-2024001357,20098,2024-03-05 11:03:12,2,4170,Solar Lantern (Rechargeable),Colombo,8340
EH-2024001357,20098,2024-03-05 11:03:12,2,1030,Rechargeable LED Bulb,Colombo,2060
EH-2024001358,20044,2024-03-05 19:55:30,2,1210,Extension Cord (4-Socket),Jaffna,2420
EH-2024001358,20044,2024-03-05 19:55:30,3,1090,Rechargeable LED Bulb,Jaffna,3270
EH-2024001359,20214,2024-03-06 18:52:54,1,45410,Singer LED TV 32-inch,Colombo,45410
EH-2024001359,20214,2024-03-06 18:52:54,1,109600,Kelvinator Refrigerator 190L,Colombo,109600
EH-2024001360,20157,2024-03-06 19:16:12,1,9230,Sony Bluetooth Speaker,Matale,9230
EH-2024001360,20157,2024-03-06 19:16:12,1,27320,Inverter Battery 12V 100Ah,Matale,27320
EH-2024001360,20157,2024-03-06 19:16:12,1,4180,Solar Lantern (Rechargeable),Matale,4180
EH-2024001361,20157,2024-03-07 15:20:37,1,22260,Panasonic Inverter 700VA,Matale,22260
EH-2024001361,20157,2024-03-07 15:20:37,1,6660,Abans Blender 400W,Matale,6660
EH-2024001362,20053,2024-03-07 16:44:15,1,51990,Xiaomi Redmi 12 Smartphone,Ratnapura,51990
EH-2024001362,20053,2024-03-07 16:44:15,1,8410,Innovex Rice Cooker 1.8L,Ratnapura,8410
EH-2024001362,20053,2024-03-07 16:44:15,1,21890,Panasonic Inverter 700VA,Ratnapura,21890
EH-2024001363,20024,2024-03-08 10:37:29,1,6390,Abans Blender 400W,Colombo,6390
EH-2024001363,20024,2024-03-08 10:37:29,1,4400,Solar Lantern (Rechargeable),Colombo,4400
EH-2024001364,20153,2024-03-08 11:17:48,3,1060,Rechargeable LED Bulb,Colombo,3180
EH-2024001365,20053,2024-03-08 15:53:22,1,11010,itel Feature Phone,Ratnapura,11010
EH-2024001365,20053,2024-03-08 15:53:22,1,8370,Innovex Rice Cooker 1.8L,Ratnapura,8370
EH-2024001365,20053,2024-03-08 15:53:22,1,6290,National Table Fan 16-inch,Ratnapura,6290
EH-2024001366,20205,2024-03-08 20:03:47,2,1190,Extension Cord (4-Socket),Kurunegala,2380
EH-2024001366,20205,2024-03-08 20:03:47,1,6130,National Table Fan 16-inch,Kurunegala,6130
EH-2024001367,20057,2024-03-09 12:57:10,1,4270,Solar Lantern (Rechargeable),Gampaha,4270
EH-2024001367,20057,2024-03-09 12:57:10,2,1250,Extension Cord (4-Socket),Gampaha,2500
EH-2024001368,20057,2024-03-09 14:41:04,1,6020,National Table Fan 16-inch,Gampaha,6020
EH-2024001369,20160,2024-03-09 16:22:44,1,105810,Kelvinator Refrigerator 190L,Kandy,105810
EH-2024001369,20160,2024-03-09 16:22:44,1,41530,Singer LED TV 32-inch,Kandy,41530
EH-2024001369,20160,2024-03-09 16:22:44,1,4920,Philips Electric Kettle,Kandy,4920
EH-2024001370,20115,2024-03-09 17:12:21,1,1770,Gas Cooker Adapter (LPG-saver),Gampaha,1770
EH-2024001370,20115,2024-03-09 17:12:21,2,1230,Extension Cord (4-Socket),Gampaha,2460
EH-2024001371,20212,2024-03-09 18:09:59,1,5990,National Table Fan 16-inch,Kurunegala,5990
EH-2024001371,20212,2024-03-09 18:09:59,1,43300,Singer LED TV 32-inch,Kurunegala,43300
EH-2024001372,20008,2024-03-09 18:13:02,2,1140,Extension Cord (4-Socket),Kurunegala,2280
EH-2024001372,20008,2024-03-09 18:13:02,3,1040,Rechargeable LED Bulb,Kurunegala,3120
EH-2024001372,20008,2024-03-09 18:13:02,1,10470,itel Feature Phone,Kurunegala,10470
EH-2024001373,20162,2024-03-09 18:18:02,1,9070,Sony Bluetooth Speaker,Ratnapura,9070
EH-2024001374,20150,2024-03-10 16:23:12,2,1160,Extension Cord (4-Socket),Ratnapura,2320
EH-2024001374,20150,2024-03-10 16:23:12,1,8930,Sony Bluetooth Speaker,Ratnapura,8930
EH-2024001374,20150,2024-03-10 16:23:12,2,3860,Power Bank 10000mAh,Ratnapura,7720
EH-2024001375,20097,2024-03-11 14:27:33,1,8850,Sony Bluetooth Speaker,Matale,8850
EH-2024001375,20097,2024-03-11 14:27:33,1,1100,Rechargeable LED Bulb,Matale,1100
EH-2024001376,20143,2024-03-12 09:04:34,1,76560,Singer LED TV 43-inch,Colombo,76560
EH-2024001376,20143,2024-03-12 09:04:34,1,6110,National Table Fan 16-inch,Colombo,6110
EH-2024001377,20175,2024-03-12 17:09:59,1,5740,National Table Fan 16-inch,Galle,5740
EH-2024001378,20037,2024-03-12 17:24:44,1,5960,National Table Fan 16-inch,Kandy,5960
EH-2024001378,20037,2024-03-12 17:24:44,1,4200,Power Bank 10000mAh,Kandy,4200
EH-2024001379,20209,2024-03-13 17:34:25,1,1080,Rechargeable LED Bulb,Ratnapura,1080
EH-2024001379,20209,2024-03-13 17:34:25,1,25980,Inverter Battery 12V 100Ah,Ratnapura,25980
EH-2024001379,20209,2024-03-13 17:34:25,1,5770,Bluetooth Earbuds,Ratnapura,5770
EH-2024001380,20212,2024-03-14 13:44:49,1,5790,National Table Fan 16-inch,Kurunegala,5790
EH-2024001380,20212,2024-03-14 13:44:49,1,6730,Abans Blender 400W,Kurunegala,6730
EH-2024001380,20212,2024-03-14 13:44:49,1,44480,Singer LED TV 32-inch,Kurunegala,44480
EH-2024001381,20062,2024-03-14 18:12:44,1,1160,Extension Cord (4-Socket),Colombo,1160
EH-2024001382,20098,2024-03-14 18:33:44,1,111870,Kelvinator Refrigerator 190L,Colombo,111870
EH-2024001382,20098,2024-03-14 18:33:44,1,1180,Extension Cord (4-Socket),Colombo,1180
EH-2024001382,20098,2024-03-14 18:33:44,1,157110,LG Washing Machine 7kg,Colombo,157110
EH-2024001383,20193,2024-03-14 18:54:56,1,10220,itel Feature Phone,Colombo,10220
EH-2024001384,20170,2024-03-15 08:17:37,1,8110,Innovex Rice Cooker 1.8L,Colombo,8110
EH-2024001385,20044,2024-03-15 13:39:44,1,6690,Abans Blender 400W,Jaffna,6690
EH-2024001385,20044,2024-03-15 13:39:44,1,8380,Innovex Rice Cooker 1.8L,Jaffna,8380
EH-2024001386,20097,2024-03-15 15:53:01,1,22300,Panasonic Inverter 700VA,Matale,22300
EH-2024001386,20097,2024-03-15 15:53:01,1,43850,Singer LED TV 32-inch,Matale,43850
EH-2024001387,20097,2024-03-15 16:13:47,1,1860,Gas Cooker Adapter (LPG-saver),Matale,1860
EH-2024001388,20221,2024-03-15 17:12:10,1,22650,Panasonic Inverter 700VA,Colombo,22650
EH-2024001388,20221,2024-03-15 17:12:10,1,8430,Innovex Rice Cooker 1.8L,Colombo,8430
EH-2024001388,20221,2024-03-15 17:12:10,1,4080,Power Bank 10000mAh,Colombo,4080
EH-2024001389,20049,2024-03-16 11:45:37,1,9400,Sony Bluetooth Speaker,Colombo,9400
EH-2024001389,20049,2024-03-16 11:45:37,1,10750,itel Feature Phone,Colombo,10750
EH-2024001389,20049,2024-03-16 11:45:37,1,77120,Singer LED TV 43-inch,Colombo,77120
EH-2024001390,20057,2024-03-16 14:56:31,1,45560,Singer LED TV 32-inch,Gampaha,45560
EH-2024001390,20057,2024-03-16 14:56:31,1,1200,Extension Cord (4-Socket),Gampaha,1200
EH-2024001391,20068,2024-03-16 17:29:20,1,1840,Gas Cooker Adapter (LPG-saver),Kandy,1840
EH-2024001391,20068,2024-03-16 17:29:20,1,1180,Extension Cord (4-Socket),Kandy,1180
EH-2024001392,20214,2024-03-16 20:34:17,1,54570,Xiaomi Redmi 12 Smartphone,Colombo,54570
EH-2024001392,20214,2024-03-16 20:34:17,1,45020,Singer LED TV 32-inch,Colombo,45020
EH-2024001392,20214,2024-03-16 20:34:17,1,10900,itel Feature Phone,Colombo,10900
EH-2024001393,20071,2024-03-17 09:00:02,1,5660,Bluetooth Earbuds,Kalutara,5660
EH-2024001394,20100,2024-03-18 18:26:01,1,10970,itel Feature Phone,Gampaha,10970
EH-2024001394,20100,2024-03-18 18:26:01,1,8430,Innovex Rice Cooker 1.8L,Gampaha,8430
EH-2024001395,20024,2024-03-18 18:45:58,1,6750,Abans Blender 400W,Colombo,6750
EH-2024001395,20024,2024-03-18 18:45:58,2,1080,Rechargeable LED Bulb,Colombo,2160
EH-2024001396,20212,2024-03-19 11:22:33,1,11030,itel Feature Phone,Kurunegala,11030
EH-2024001396,20212,2024-03-19 11:22:33,1,5720,Bluetooth Earbuds,Kurunegala,5720
EH-2024001397,20018,2024-03-19 12:32:42,2,1100,Rechargeable LED Bulb,Kandy,2200
EH-2024001397,20018,2024-03-19 12:32:42,1,10310,itel Feature Phone,Kandy,10310
EH-2024001397,20018,2024-03-19 12:32:42,1,8480,Innovex Rice Cooker 1.8L,Kandy,8480
EH-2024001398,20162,2024-03-19 17:02:51,1,54770,Xiaomi Redmi 12 Smartphone,Ratnapura,54770
EH-2024001398,20162,2024-03-19 17:02:51,1,81460,Singer LED TV 43-inch,Ratnapura,81460
EH-2024001398,20162,2024-03-19 17:02:51,1,7760,Innovex Rice Cooker 1.8L,Ratnapura,7760
EH-2024001399,20027,2024-03-19 19:19:03,1,54850,Xiaomi Redmi 12 Smartphone,Gampaha,54850
EH-2024001400,20193,2024-03-20 17:00:17,1,1060,Rechargeable LED Bulb,Colombo,1060
EH-2024001400,20193,2024-03-20 17:00:17,1,2600,Laptop Cooling Pad,Colombo,2600
EH-2024001400,20193,2024-03-20 17:00:17,1,80480,Samsung Galaxy A14 Smartphone,Colombo,80480
EH-2024001401,20252,2024-03-20 20:23:18,2,4050,Power Bank 10000mAh,Badulla,8100
EH-2024001402,20007,2024-03-22 08:15:58,1,7890,Innovex Rice Cooker 1.8L,Colombo,7890
EH-2024001403,20058,2024-03-22 10:06:03,2,4100,Power Bank 10000mAh,Galle,8200
EH-2024001403,20058,2024-03-22 10:06:03,1,6540,Abans Blender 400W,Galle,6540
EH-2024001403,20058,2024-03-22 10:06:03,1,5860,National Table Fan 16-inch,Galle,5860
EH-2024001404,20057,2024-03-22 15:25:21,1,10930,itel Feature Phone,Gampaha,10930
EH-2024001404,20057,2024-03-22 15:25:21,1,45430,Singer LED TV 32-inch,Gampaha,45430
EH-2024001405,20071,2024-03-22 15:37:20,1,76670,Samsung Galaxy A14 Smartphone,Kalutara,76670
EH-2024001405,20071,2024-03-22 15:37:20,2,4140,Power Bank 10000mAh,Kalutara,8280
EH-2024001406,20127,2024-03-22 16:43:27,2,1030,Rechargeable LED Bulb,Anuradhapura,2060
EH-2024001406,20127,2024-03-22 16:43:27,1,10490,itel Feature Phone,Anuradhapura,10490
EH-2024001406,20127,2024-03-22 16:43:27,1,78040,Samsung Galaxy A14 Smartphone,Anuradhapura,78040
EH-2024001407,20164,2024-03-22 18:16:51,1,5540,Bluetooth Earbuds,Gampaha,5540
EH-2024001407,20164,2024-03-22 18:16:51,1,3920,Power Bank 10000mAh,Gampaha,3920
EH-2024001408,20222,2024-03-22 19:44:28,1,148240,LG Washing Machine 7kg,Matara,148240
EH-2024001408,20222,2024-03-22 19:44:28,1,75700,Singer LED TV 43-inch,Matara,75700
EH-2024001408,20222,2024-03-22 19:44:28,1,22970,Panasonic Inverter 700VA,Matara,22970
EH-2024001409,20048,2024-03-23 12:43:45,1,1780,Gas Cooker Adapter (LPG-saver),Colombo,1780
EH-2024001409,20048,2024-03-23 12:43:45,1,8260,Innovex Rice Cooker 1.8L,Colombo,8260
EH-2024001410,20086,2024-03-23 14:38:35,1,5990,National Table Fan 16-inch,Galle,5990
EH-2024001411,20053,2024-03-23 19:33:20,3,1090,Rechargeable LED Bulb,Ratnapura,3270
EH-2024001411,20053,2024-03-23 19:33:20,1,114650,Kelvinator Refrigerator 190L,Ratnapura,114650
EH-2024001412,20053,2024-03-24 15:53:15,1,73180,Singer LED TV 43-inch,Ratnapura,73180
EH-2024001412,20053,2024-03-24 15:53:15,1,4550,Solar Lantern (Rechargeable),Ratnapura,4550
EH-2024001412,20053,2024-03-24 15:53:15,2,1210,Extension Cord (4-Socket),Ratnapura,2420
EH-2024001413,20233,2024-03-24 17:15:25,1,23020,Panasonic Inverter 700VA,Colombo,23020
EH-2024001413,20233,2024-03-24 17:15:25,1,4680,Philips Electric Kettle,Colombo,4680
EH-2024001414,20047,2024-03-24 19:32:21,1,6550,Abans Blender 400W,Matara,6550
EH-2024001415,20057,2024-03-24 20:38:04,1,5860,Bluetooth Earbuds,Gampaha,5860
EH-2024001416,20086,2024-03-25 10:33:49,1,4660,Philips Electric Kettle,Galle,4660
EH-2024001416,20086,2024-03-25 10:33:49,1,52110,Xiaomi Redmi 12 Smartphone,Galle,52110
EH-2024001416,20086,2024-03-25 10:33:49,1,6740,Abans Blender 400W,Galle,6740
EH-2024001417,20241,2024-03-25 14:23:18,1,85150,Samsung Galaxy A14 Smartphone,Colombo,85150
EH-2024001417,20241,2024-03-25 14:23:18,1,6550,Abans Blender 400W,Colombo,6550
EH-2024001418,20086,2024-03-25 17:34:48,1,6820,Abans Blender 400W,Galle,6820
EH-2024001418,20086,2024-03-25 17:34:48,1,42490,Singer LED TV 32-inch,Galle,42490
EH-2024001418,20086,2024-03-25 17:34:48,1,2700,Laptop Cooling Pad,Galle,2700
EH-2024001419,20222,2024-03-25 18:18:08,1,54300,Xiaomi Redmi 12 Smartphone,Matara,54300
EH-2024001419,20222,2024-03-25 18:18:08,1,5490,Bluetooth Earbuds,Matara,5490
EH-2024001420,20128,2024-03-25 18:48:39,3,1010,Rechargeable LED Bulb,Matara,3030
EH-2024001420,20128,2024-03-25 18:48:39,2,3890,Power Bank 10000mAh,Matara,7780
EH-2024001420,20128,2024-03-25 18:48:39,1,1140,Extension Cord (4-Socket),Matara,1140
EH-2024001421,20081,2024-03-25 20:17:03,1,4320,Solar Lantern (Rechargeable),Colombo,4320
EH-2024001421,20081,2024-03-25 20:17:03,1,6330,Abans Blender 400W,Colombo,6330
EH-2024001421,20081,2024-03-25 20:17:03,1,1110,Rechargeable LED Bulb,Colombo,1110
EH-2024001422,20191,2024-03-26 16:03:06,1,7660,Innovex Rice Cooker 1.8L,Galle,7660
EH-2024001422,20191,2024-03-26 16:03:06,1,22750,Panasonic Inverter 700VA,Galle,22750
EH-2024001422,20191,2024-03-26 16:03:06,1,5380,Bluetooth Earbuds,Galle,5380
EH-2024001423,20193,2024-03-26 20:46:00,1,6260,National Table Fan 16-inch,Colombo,6260
EH-2024001423,20193,2024-03-26 20:46:00,2,1130,Extension Cord (4-Socket),Colombo,2260
EH-2024001423,20193,2024-03-26 20:46:00,1,155450,LG Washing Machine 7kg,Colombo,155450
EH-2024001424,20092,2024-03-27 15:11:17,2,4970,Philips Electric Kettle,Kandy,9940
EH-2024001425,20086,2024-03-28 15:57:49,1,4890,Philips Electric Kettle,Galle,4890
EH-2024001426,20100,2024-03-28 19:28:49,1,6210,National Table Fan 16-inch,Gampaha,6210
EH-2024001426,20100,2024-03-28 19:28:49,1,10180,itel Feature Phone,Gampaha,10180
EH-2024001427,20257,2024-03-28 19:54:44,1,11090,itel Feature Phone,Anuradhapura,11090
EH-2024001427,20257,2024-03-28 19:54:44,1,9050,Sony Bluetooth Speaker,Anuradhapura,9050
EH-2024001428,20224,2024-03-29 17:09:34,2,1030,Rechargeable LED Bulb,Ratnapura,2060
EH-2024001429,20025,2024-03-29 19:02:42,1,24050,Panasonic Inverter 700VA,Colombo,24050
EH-2024001429,20025,2024-03-29 19:02:42,1,1200,Extension Cord (4-Socket),Colombo,1200
EH-2024001430,20213,2024-03-30 12:02:56,1,5850,Bluetooth Earbuds,Gampaha,5850
EH-2024001430,20213,2024-03-30 12:02:56,1,6540,Abans Blender 400W,Gampaha,6540
EH-2024001431,20070,2024-03-30 12:58:39,1,4800,Philips Electric Kettle,Badulla,4800
EH-2024001431,20070,2024-03-30 12:58:39,1,1130,Extension Cord (4-Socket),Badulla,1130
EH-2024001432,20062,2024-03-30 16:37:11,1,26360,Inverter Battery 12V 100Ah,Colombo,26360
EH-2024001433,20034,2024-03-30 18:38:55,1,9120,Sony Bluetooth Speaker,Badulla,9120
EH-2024001433,20034,2024-03-30 18:38:55,1,1160,Extension Cord (4-Socket),Badulla,1160
EH-2024001434,20189,2024-03-31 15:29:06,1,83630,Samsung Galaxy A14 Smartphone,Gampaha,83630
EH-2024001435,20252,2024-04-01 09:03:11,2,4530,Philips Electric Kettle,Badulla,9060
EH-2024001435,20252,2024-04-01 09:03:11,1,1830,Gas Cooker Adapter (LPG-saver),Badulla,1830
EH-2024001436,20024,2024-04-03 10:18:04,1,21910,Panasonic Inverter 700VA,Colombo,21910
EH-2024001437,20105,2024-04-03 11:20:27,1,7980,Innovex Rice Cooker 1.8L,Anuradhapura,7980
EH-2024001438,20048,2024-04-04 12:45:13,2,4980,Philips Electric Kettle,Colombo,9960
EH-2024001439,20193,2024-04-04 16:24:11,1,52500,Xiaomi Redmi 12 Smartphone,Colombo,52500
EH-2024001439,20193,2024-04-04 16:24:11,1,85310,Samsung Galaxy A14 Smartphone,Colombo,85310
EH-2024001439,20193,2024-04-04 16:24:11,3,1010,Rechargeable LED Bulb,Colombo,3030
EH-2024001440,20198,2024-04-04 19:29:30,2,3890,Power Bank 10000mAh,Gampaha,7780
EH-2024001440,20198,2024-04-04 19:29:30,2,4840,Philips Electric Kettle,Gampaha,9680
EH-2024001441,20120,2024-04-05 11:30:54,1,6730,Abans Blender 400W,Ratnapura,6730
EH-2024001441,20120,2024-04-05 11:30:54,1,27840,Inverter Battery 12V 100Ah,Ratnapura,27840
EH-2024001442,20170,2024-04-05 17:25:07,2,1070,Rechargeable LED Bulb,Colombo,2140
EH-2024001442,20170,2024-04-05 17:25:07,1,8920,Sony Bluetooth Speaker,Colombo,8920
EH-2024001443,20115,2024-04-06 11:17:48,1,1030,Rechargeable LED Bulb,Gampaha,1030
EH-2024001443,20115,2024-04-06 11:17:48,1,6050,National Table Fan 16-inch,Gampaha,6050
EH-2024001443,20115,2024-04-06 11:17:48,2,1180,Extension Cord (4-Socket),Gampaha,2360
EH-2024001444,20179,2024-04-07 09:55:12,1,41990,Singer LED TV 32-inch,Gampaha,41990
EH-2024001444,20179,2024-04-07 09:55:12,2,4870,Philips Electric Kettle,Gampaha,9740
EH-2024001444,20179,2024-04-07 09:55:12,1,159730,LG Washing Machine 7kg,Gampaha,159730
EH-2024001445,20093,2024-04-07 14:14:09,2,4110,Power Bank 10000mAh,Anuradhapura,8220
EH-2024001445,20093,2024-04-07 14:14:09,1,8620,Sony Bluetooth Speaker,Anuradhapura,8620
EH-2024001446,20048,2024-04-07 16:04:39,1,4850,Philips Electric Kettle,Colombo,4850
EH-2024001446,20048,2024-04-07 16:04:39,1,74880,Singer LED TV 43-inch,Colombo,74880
EH-2024001447,20080,2024-04-07 18:12:30,1,8190,Innovex Rice Cooker 1.8L,Kalutara,8190
EH-2024001447,20080,2024-04-07 18:12:30,2,4030,Power Bank 10000mAh,Kalutara,8060
EH-2024001448,20081,2024-04-08 14:40:28,1,2520,Laptop Cooling Pad,Colombo,2520
EH-2024001449,20099,2024-04-08 18:44:55,1,6600,Abans Blender 400W,Kalutara,6600
EH-2024001450,20049,2024-04-08 19:25:48,2,4530,Solar Lantern (Rechargeable),Colombo,9060
EH-2024001451,20078,2024-04-09 16:15:44,1,45210,Singer LED TV 32-inch,Matara,45210
EH-2024001452,20034,2024-04-10 08:09:28,2,1120,Extension Cord (4-Socket),Badulla,2240
EH-2024001452,20034,2024-04-10 08:09:28,1,6250,Abans Blender 400W,Badulla,6250
EH-2024001453,20234,2024-04-10 10:27:22,1,5620,Bluetooth Earbuds,Galle,5620
EH-2024001453,20234,2024-04-10 10:27:22,1,3780,Power Bank 10000mAh,Galle,3780
EH-2024001454,20245,2024-04-10 12:57:31,1,1080,Rechargeable LED Bulb,Gampaha,1080
EH-2024001455,20062,2024-04-10 14:24:59,1,114320,Kelvinator Refrigerator 190L,Colombo,114320
EH-2024001455,20062,2024-04-10 14:24:59,1,55150,Xiaomi Redmi 12 Smartphone,Colombo,55150
EH-2024001456,20098,2024-04-10 17:44:11,1,4910,Philips Electric Kettle,Colombo,4910
EH-2024001456,20098,2024-04-10 17:44:11,1,10880,itel Feature Phone,Colombo,10880
EH-2024001456,20098,2024-04-10 17:44:11,2,1250,Extension Cord (4-Socket),Colombo,2500
EH-2024001457,20165,2024-04-11 09:51:51,1,5740,Bluetooth Earbuds,Jaffna,5740
EH-2024001458,20062,2024-04-11 14:54:30,1,8720,Sony Bluetooth Speaker,Colombo,8720
EH-2024001458,20062,2024-04-11 14:54:30,2,4320,Solar Lantern (Rechargeable),Colombo,8640
EH-2024001459,20128,2024-04-12 14:35:15,1,5800,National Table Fan 16-inch,Matara,5800
EH-2024001459,20128,2024-04-12 14:35:15,1,10850,itel Feature Phone,Matara,10850
EH-2024001459,20128,2024-04-12 14:35:15,1,80740,Samsung Galaxy A14 Smartphone,Matara,80740
EH-2024001460,20064,2024-04-12 15:01:13,1,1780,Gas Cooker Adapter (LPG-saver),Colombo,1780
EH-2024001460,20064,2024-04-12 15:01:13,1,7840,Innovex Rice Cooker 1.8L,Colombo,7840
EH-2024001461,20098,2024-04-12 15:51:36,1,1120,Extension Cord (4-Socket),Colombo,1120
EH-2024001461,20098,2024-04-12 15:51:36,1,5700,Bluetooth Earbuds,Colombo,5700
EH-2024001461,20098,2024-04-12 15:51:36,1,6730,Abans Blender 400W,Colombo,6730
EH-2024001462,20220,2024-04-12 18:14:59,2,1060,Rechargeable LED Bulb,Matara,2120
EH-2024001462,20220,2024-04-12 18:14:59,1,23370,Panasonic Inverter 700VA,Matara,23370
EH-2024001462,20220,2024-04-12 18:14:59,1,10690,itel Feature Phone,Matara,10690
EH-2024001463,20222,2024-04-13 12:50:58,1,6810,Abans Blender 400W,Matara,6810
EH-2024001463,20222,2024-04-13 12:50:58,1,51840,Xiaomi Redmi 12 Smartphone,Matara,51840
EH-2024001464,20217,2024-04-13 14:29:36,1,52070,Xiaomi Redmi 12 Smartphone,Gampaha,52070
EH-2024001464,20217,2024-04-13 14:29:36,1,7880,Innovex Rice Cooker 1.8L,Gampaha,7880
EH-2024001464,20217,2024-04-13 14:29:36,2,4890,Philips Electric Kettle,Gampaha,9780
EH-2024001465,20057,2024-04-13 17:11:46,1,5760,National Table Fan 16-inch,Gampaha,5760
EH-2024001465,20057,2024-04-13 17:11:46,2,3820,Power Bank 10000mAh,Gampaha,7640
EH-2024001466,20081,2024-04-13 19:41:57,1,7840,Innovex Rice Cooker 1.8L,Colombo,7840
EH-2024001466,20081,2024-04-13 19:41:57,1,4610,Philips Electric Kettle,Colombo,4610
EH-2024001467,20096,2024-04-13 19:55:36,1,1240,Extension Cord (4-Socket),Ratnapura,1240
EH-2024001468,20117,2024-04-14 08:45:31,1,6820,Abans Blender 400W,Jaffna,6820
EH-2024001468,20117,2024-04-14 08:45:31,1,10970,itel Feature Phone,Jaffna,10970
EH-2024001469,20211,2024-04-14 14:35:47,1,8500,Sony Bluetooth Speaker,Gampaha,8500
EH-2024001470,20115,2024-04-14 16:43:47,1,8000,Innovex Rice Cooker 1.8L,Gampaha,8000
EH-2024001470,20115,2024-04-14 16:43:47,1,82430,Samsung Galaxy A14 Smartphone,Gampaha,82430
EH-2024001471,20017,2024-04-14 20:33:46,1,2610,Laptop Cooling Pad,Colombo,2610
EH-2024001471,20017,2024-04-14 20:33:46,1,6130,National Table Fan 16-inch,Colombo,6130
EH-2024001472,20121,2024-04-14 20:44:12,3,1040,Rechargeable LED Bulb,Gampaha,3120
EH-2024001473,20148,2024-04-15 10:16:20,2,1000,Rechargeable LED Bulb,Kandy,2000
EH-2024001473,20148,2024-04-15 10:16:20,1,159470,LG Washing Machine 7kg,Kandy,159470
EH-2024001474,20148,2024-04-15 10:36:24,1,5590,Bluetooth Earbuds,Kandy,5590
EH-2024001474,20148,2024-04-15 10:36:24,2,1050,Rechargeable LED Bulb,Kandy,2100
EH-2024001474,20148,2024-04-15 10:36:24,1,8860,Sony Bluetooth Speaker,Kandy,8860
EH-2024001475,20116,2024-04-15 14:40:13,1,1230,Extension Cord (4-Socket),Gampaha,1230
EH-2024001475,20116,2024-04-15 14:40:13,1,84290,Samsung Galaxy A14 Smartphone,Gampaha,84290
EH-2024001476,20185,2024-04-15 17:34:48,1,10830,itel Feature Phone,Kandy,10830
EH-2024001477,20212,2024-04-16 16:10:00,1,1100,Rechargeable LED Bulb,Kurunegala,1100
EH-2024001478,20187,2024-04-16 16:24:03,3,1070,Rechargeable LED Bulb,Gampaha,3210
EH-2024001479,20097,2024-04-16 17:07:22,3,1050,Rechargeable LED Bulb,Matale,3150
EH-2024001479,20097,2024-04-16 17:07:22,1,84200,Samsung Galaxy A14 Smartphone,Matale,84200
EH-2024001479,20097,2024-04-16 17:07:22,2,4480,Solar Lantern (Rechargeable),Matale,8960
EH-2024001480,20222,2024-04-16 17:38:39,1,6030,National Table Fan 16-inch,Matara,6030
EH-2024001481,20122,2024-04-17 10:10:32,1,23420,Panasonic Inverter 700VA,Kandy,23420
EH-2024001481,20122,2024-04-17 10:10:32,1,3830,Power Bank 10000mAh,Kandy,3830
EH-2024001481,20122,2024-04-17 10:10:32,1,5640,Bluetooth Earbuds,Kandy,5640
EH-2024001482,20193,2024-04-17 12:43:25,1,4650,Philips Electric Kettle,Colombo,4650
EH-2024001482,20193,2024-04-17 12:43:25,1,5560,Bluetooth Earbuds,Colombo,5560
EH-2024001482,20193,2024-04-17 12:43:25,1,6610,Abans Blender 400W,Colombo,6610
EH-2024001483,20115,2024-04-17 17:45:16,1,42280,Singer LED TV 32-inch,Gampaha,42280
EH-2024001484,20128,2024-04-17 19:33:19,1,3820,Power Bank 10000mAh,Matara,3820
EH-2024001485,20115,2024-04-17 20:45:16,1,6180,Abans Blender 400W,Gampaha,6180
EH-2024001485,20115,2024-04-17 20:45:16,1,10290,itel Feature Phone,Gampaha,10290
EH-2024001485,20115,2024-04-17 20:45:16,1,4200,Solar Lantern (Rechargeable),Gampaha,4200
EH-2024001486,20044,2024-04-18 16:32:49,2,4390,Solar Lantern (Rechargeable),Jaffna,8780
EH-2024001487,20078,2024-04-19 10:02:20,1,26840,Inverter Battery 12V 100Ah,Matara,26840
EH-2024001488,20200,2024-04-19 14:45:18,1,4650,Philips Electric Kettle,Badulla,4650
EH-2024001488,20200,2024-04-19 14:45:18,1,77830,Samsung Galaxy A14 Smartphone,Badulla,77830
EH-2024001488,20200,2024-04-19 14:45:18,1,6190,Abans Blender 400W,Badulla,6190
EH-2024001489,20097,2024-04-19 19:05:01,1,28270,Inverter Battery 12V 100Ah,Matale,28270
EH-2024001489,20097,2024-04-19 19:05:01,1,5720,Bluetooth Earbuds,Matale,5720
EH-2024001490,20069,2024-04-19 20:27:57,1,5330,Bluetooth Earbuds,Kurunegala,5330
EH-2024001490,20069,2024-04-19 20:27:57,1,107510,Kelvinator Refrigerator 190L,Kurunegala,107510
EH-2024001490,20069,2024-04-19 20:27:57,1,83560,Samsung Galaxy A14 Smartphone,Kurunegala,83560
EH-2024001491,20165,2024-04-20 10:22:25,1,1250,Extension Cord (4-Socket),Jaffna,1250
EH-2024001492,20189,2024-04-20 18:42:56,1,4640,Philips Electric Kettle,Gampaha,4640
EH-2024001492,20189,2024-04-20 18:42:56,1,74890,Singer LED TV 43-inch,Gampaha,74890
EH-2024001493,20097,2024-04-21 17:11:20,1,50150,Xiaomi Redmi 12 Smartphone,Matale,50150
EH-2024001493,20097,2024-04-21 17:11:20,1,5750,National Table Fan 16-inch,Matale,5750
EH-2024001494,20133,2024-04-21 17:44:46,1,6130,Abans Blender 400W,Batticaloa,6130
EH-2024001494,20133,2024-04-21 17:44:46,1,8170,Innovex Rice Cooker 1.8L,Batticaloa,8170
EH-2024001494,20133,2024-04-21 17:44:46,2,4680,Philips Electric Kettle,Batticaloa,9360
EH-2024001495,20071,2024-04-22 14:19:43,1,50850,Xiaomi Redmi 12 Smartphone,Kalutara,50850
EH-2024001496,20084,2024-04-22 20:05:25,1,5560,Bluetooth Earbuds,Kandy,5560
EH-2024001497,20096,2024-04-24 08:26:33,1,28450,Inverter Battery 12V 100Ah,Ratnapura,28450
EH-2024001498,20168,2024-04-24 09:44:31,1,2670,Laptop Cooling Pad,Gampaha,2670
EH-2024001498,20168,2024-04-24 09:44:31,1,7820,Innovex Rice Cooker 1.8L,Gampaha,7820
EH-2024001499,20121,2024-04-24 10:51:09,1,45120,Singer LED TV 32-inch,Gampaha,45120
EH-2024001499,20121,2024-04-24 10:51:09,2,1030,Rechargeable LED Bulb,Gampaha,2060
EH-2024001499,20121,2024-04-24 10:51:09,1,8510,Sony Bluetooth Speaker,Gampaha,8510
EH-2024001500,20055,2024-04-24 11:14:15,2,3850,Power Bank 10000mAh,Matara,7700
EH-2024001501,20085,2024-04-24 18:32:21,1,4180,Solar Lantern (Rechargeable),Gampaha,4180
EH-2024001501,20085,2024-04-24 18:32:21,1,41740,Singer LED TV 32-inch,Gampaha,41740
EH-2024001501,20085,2024-04-24 18:32:21,1,160130,LG Washing Machine 7kg,Gampaha,160130
EH-2024001502,20071,2024-04-25 09:24:56,1,5310,Bluetooth Earbuds,Kalutara,5310
EH-2024001502,20071,2024-04-25 09:24:56,1,10500,itel Feature Phone,Kalutara,10500
EH-2024001503,20123,2024-04-25 11:44:14,1,9430,Sony Bluetooth Speaker,Colombo,9430
EH-2024001504,20193,2024-04-25 11:53:42,1,1230,Extension Cord (4-Socket),Colombo,1230
EH-2024001505,20136,2024-04-25 14:46:58,1,3900,Power Bank 10000mAh,Gampaha,3900
EH-2024001505,20136,2024-04-25 14:46:58,1,2700,Laptop Cooling Pad,Gampaha,2700
EH-2024001506,20201,2024-04-25 15:21:14,1,5780,National Table Fan 16-inch,Puttalam,5780
EH-2024001507,20168,2024-04-25 16:38:44,3,1080,Rechargeable LED Bulb,Gampaha,3240
EH-2024001507,20168,2024-04-25 16:38:44,1,84820,Samsung Galaxy A14 Smartphone,Gampaha,84820
EH-2024001507,20168,2024-04-25 16:38:44,1,10640,itel Feature Phone,Gampaha,10640
EH-2024001508,20189,2024-04-26 11:35:14,1,2670,Laptop Cooling Pad,Gampaha,2670
EH-2024001508,20189,2024-04-26 11:35:14,1,5820,National Table Fan 16-inch,Gampaha,5820
EH-2024001509,20086,2024-04-26 15:05:30,1,23630,Panasonic Inverter 700VA,Galle,23630
EH-2024001510,20057,2024-04-26 17:53:42,1,8710,Sony Bluetooth Speaker,Gampaha,8710
EH-2024001510,20057,2024-04-26 17:53:42,1,152340,LG Washing Machine 7kg,Gampaha,152340
EH-2024001510,20057,2024-04-26 17:53:42,2,1180,Extension Cord (4-Socket),Gampaha,2360
EH-2024001511,20025,2024-04-26 18:03:34,1,55160,Xiaomi Redmi 12 Smartphone,Colombo,55160
EH-2024001512,20223,2024-04-26 19:42:48,1,45550,Singer LED TV 32-inch,Colombo,45550
EH-2024001512,20223,2024-04-26 19:42:48,1,6110,National Table Fan 16-inch,Colombo,6110
EH-2024001512,20223,2024-04-26 19:42:48,1,8970,Sony Bluetooth Speaker,Colombo,8970
EH-2024001513,20215,2024-04-27 08:05:06,1,3860,Power Bank 10000mAh,Kandy,3860
EH-2024001514,20002,2024-04-27 10:19:49,1,6140,National Table Fan 16-inch,Colombo,6140
EH-2024001514,20002,2024-04-27 10:19:49,2,4670,Philips Electric Kettle,Colombo,9340
EH-2024001515,20071,2024-04-27 18:23:21,1,10770,itel Feature Phone,Kalutara,10770
EH-2024001516,20044,2024-04-27 19:29:07,1,22860,Panasonic Inverter 700VA,Jaffna,22860
EH-2024001516,20044,2024-04-27 19:29:07,1,43860,Singer LED TV 32-inch,Jaffna,43860
EH-2024001517,20231,2024-04-28 09:47:41,1,10950,itel Feature Phone,Colombo,10950
EH-2024001518,20053,2024-04-28 10:01:39,1,104910,Kelvinator Refrigerator 190L,Ratnapura,104910
EH-2024001518,20053,2024-04-28 10:01:39,1,6050,National Table Fan 16-inch,Ratnapura,6050
EH-2024001519,20040,2024-04-28 13:04:22,1,4840,Philips Electric Kettle,Anuradhapura,4840
EH-2024001519,20040,2024-04-28 13:04:22,1,9020,Sony Bluetooth Speaker,Anuradhapura,9020
EH-2024001520,20169,2024-04-28 14:30:08,1,44040,Singer LED TV 32-inch,Kalutara,44040
EH-2024001520,20169,2024-04-28 14:30:08,1,1760,Gas Cooker Adapter (LPG-saver),Kalutara,1760
EH-2024001521,20106,2024-04-28 19:28:53,1,74160,Singer LED TV 43-inch,Colombo,74160
EH-2024001522,20220,2024-04-29 08:13:44,1,81530,Samsung Galaxy A14 Smartphone,Matara,81530
EH-2024001523,20119,2024-04-29 17:38:09,1,2480,Laptop Cooling Pad,Gampaha,2480
EH-2024001524,20071,2024-04-29 17:55:31,1,4190,Power Bank 10000mAh,Kalutara,4190
EH-2024001524,20071,2024-04-29 17:55:31,1,26300,Inverter Battery 12V 100Ah,Kalutara,26300
EH-2024001525,20045,2024-04-30 14:05:23,1,23840,Panasonic Inverter 700VA,Colombo,23840
EH-2024001525,20045,2024-04-30 14:05:23,3,1110,Rechargeable LED Bulb,Colombo,3330
EH-2024001525,20045,2024-04-30 14:05:23,1,27220,Inverter Battery 12V 100Ah,Colombo,27220
EH-2024001526,20062,2024-04-30 17:58:48,1,22660,Panasonic Inverter 700VA,Colombo,22660
EH-2024001526,20062,2024-04-30 17:58:48,1,1890,Gas Cooker Adapter (LPG-saver),Colombo,1890
EH-2024001527,20179,2024-05-01 17:05:21,1,5860,Bluetooth Earbuds,Gampaha,5860
EH-2024001527,20179,2024-05-01 17:05:21,1,4850,Philips Electric Kettle,Gampaha,4850
EH-2024001527,20179,2024-05-01 17:05:21,1,1180,Extension Cord (4-Socket),Gampaha,1180
EH-2024001528,20187,2024-05-02 17:57:49,1,10340,itel Feature Phone,Gampaha,10340
EH-2024001528,20187,2024-05-02 17:57:49,3,1070,Rechargeable LED Bulb,Gampaha,3210
EH-2024001528,20187,2024-05-02 17:57:49,1,1780,Gas Cooker Adapter (LPG-saver),Gampaha,1780
EH-2024001529,20005,2024-05-03 14:42:58,1,78410,Samsung Galaxy A14 Smartphone,Colombo,78410
EH-2024001529,20005,2024-05-03 14:42:58,1,2480,Laptop Cooling Pad,Colombo,2480
EH-2024001529,20005,2024-05-03 14:42:58,1,1770,Gas Cooker Adapter (LPG-saver),Colombo,1770
EH-2024001530,20231,2024-05-04 12:59:09,2,4330,Solar Lantern (Rechargeable),Colombo,8660
EH-2024001531,20115,2024-05-04 12:59:30,1,6090,National Table Fan 16-inch,Gampaha,6090
EH-2024001531,20115,2024-05-04 12:59:30,1,149170,LG Washing Machine 7kg,Gampaha,149170
EH-2024001532,20244,2024-05-04 13:09:43,1,8000,Innovex Rice Cooker 1.8L,Gampaha,8000
EH-2024001532,20244,2024-05-04 13:09:43,1,10380,itel Feature Phone,Gampaha,10380
EH-2024001532,20244,2024-05-04 13:09:43,1,1780,Gas Cooker Adapter (LPG-saver),Gampaha,1780
EH-2024001533,20221,2024-05-04 20:17:27,1,81660,Samsung Galaxy A14 Smartphone,Colombo,81660
EH-2024001533,20221,2024-05-04 20:17:27,3,1060,Rechargeable LED Bulb,Colombo,3180
EH-2024001534,20086,2024-05-05 08:43:09,1,81240,Samsung Galaxy A14 Smartphone,Galle,81240
EH-2024001534,20086,2024-05-05 08:43:09,1,25930,Inverter Battery 12V 100Ah,Galle,25930
EH-2024001535,20112,2024-05-05 13:43:50,2,3800,Power Bank 10000mAh,Gampaha,7600
EH-2024001535,20112,2024-05-05 13:43:50,1,44440,Singer LED TV 32-inch,Gampaha,44440
EH-2024001536,20017,2024-05-06 11:43:25,1,1240,Extension Cord (4-Socket),Colombo,1240
EH-2024001536,20017,2024-05-06 11:43:25,1,1060,Rechargeable LED Bulb,Colombo,1060
EH-2024001537,20080,2024-05-06 18:44:02,1,5380,Bluetooth Earbuds,Kalutara,5380
EH-2024001537,20080,2024-05-06 18:44:02,1,45830,Singer LED TV 32-inch,Kalutara,45830
EH-2024001537,20080,2024-05-06 18:44:02,1,10770,itel Feature Phone,Kalutara,10770
EH-2024001538,20079,2024-05-06 20:52:14,3,1070,Rechargeable LED Bulb,Gampaha,3210
EH-2024001539,20080,2024-05-07 18:37:24,1,10200,itel Feature Phone,Kalutara,10200
EH-2024001539,20080,2024-05-07 18:37:24,1,77210,Singer LED TV 43-inch,Kalutara,77210
EH-2024001539,20080,2024-05-07 18:37:24,1,6350,Abans Blender 400W,Kalutara,6350
EH-2024001540,20224,2024-05-08 09:10:25,1,81480,Samsung Galaxy A14 Smartphone,Ratnapura,81480
EH-2024001540,20224,2024-05-08 09:10:25,2,1220,Extension Cord (4-Socket),Ratnapura,2440
EH-2024001540,20224,2024-05-08 09:10:25,1,10160,itel Feature Phone,Ratnapura,10160
EH-2024001541,20194,2024-05-08 13:43:51,1,1060,Rechargeable LED Bulb,Kalutara,1060
EH-2024001541,20194,2024-05-08 13:43:51,1,4520,Solar Lantern (Rechargeable),Kalutara,4520
EH-2024001541,20194,2024-05-08 13:43:51,1,6260,Abans Blender 400W,Kalutara,6260
EH-2024001542,20226,2024-05-09 16:06:30,1,26660,Inverter Battery 12V 100Ah,Galle,26660
EH-2024001543,20231,2024-05-09 17:28:08,1,6510,Abans Blender 400W,Colombo,6510
EH-2024001544,20157,2024-05-11 10:16:04,2,4190,Solar Lantern (Rechargeable),Matale,8380
EH-2024001545,20224,2024-05-11 12:50:34,1,105940,Kelvinator Refrigerator 190L,Ratnapura,105940
EH-2024001546,20145,2024-05-11 18:20:43,1,8960,Sony Bluetooth Speaker,Anuradhapura,8960
EH-2024001547,20231,2024-05-11 18:27:05,1,3960,Power Bank 10000mAh,Colombo,3960
EH-2024001547,20231,2024-05-11 18:27:05,1,6400,Abans Blender 400W,Colombo,6400
EH-2024001548,20019,2024-05-11 19:25:15,2,3830,Power Bank 10000mAh,Gampaha,7660
EH-2024001549,20205,2024-05-11 20:55:33,1,8130,Innovex Rice Cooker 1.8L,Kurunegala,8130
EH-2024001550,20231,2024-05-13 11:37:54,1,55090,Xiaomi Redmi 12 Smartphone,Colombo,55090
EH-2024001550,20231,2024-05-13 11:37:54,1,2480,Laptop Cooling Pad,Colombo,2480
EH-2024001551,20234,2024-05-13 15:01:30,1,8110,Innovex Rice Cooker 1.8L,Galle,8110
EH-2024001552,20106,2024-05-13 15:17:00,2,4910,Philips Electric Kettle,Colombo,9820
EH-2024001552,20106,2024-05-13 15:17:00,1,9240,Sony Bluetooth Speaker,Colombo,9240
EH-2024001553,20128,2024-05-13 15:17:39,1,6590,Abans Blender 400W,Matara,6590
EH-2024001554,20115,2024-05-14 08:16:50,1,8360,Innovex Rice Cooker 1.8L,Gampaha,8360
EH-2024001554,20115,2024-05-14 08:16:50,1,77730,Singer LED TV 43-inch,Gampaha,77730
EH-2024001554,20115,2024-05-14 08:16:50,1,28230,Inverter Battery 12V 100Ah,Gampaha,28230
EH-2024001555,20166,2024-05-14 13:24:14,1,28140,Inverter Battery 12V 100Ah,Colombo,28140
EH-2024001555,20166,2024-05-14 13:24:14,1,2520,Laptop Cooling Pad,Colombo,2520
EH-2024001556,20003,2024-05-15 10:02:46,1,6280,Abans Blender 400W,Colombo,6280
EH-2024001557,20152,2024-05-15 13:26:41,1,5890,National Table Fan 16-inch,Colombo,5890
EH-2024001557,20152,2024-05-15 13:26:41,1,10570,itel Feature Phone,Colombo,10570
EH-2024001557,20152,2024-05-15 13:26:41,1,159710,LG Washing Machine 7kg,Colombo,159710
EH-2024001558,20059,2024-05-15 19:41:33,1,6710,Abans Blender 400W,Kandy,6710
EH-2024001558,20059,2024-05-15 19:41:33,1,1070,Rechargeable LED Bulb,Kandy,1070
EH-2024001558,20059,2024-05-15 19:41:33,1,4110,Power Bank 10000mAh,Kandy,4110
EH-2024001559,20054,2024-05-17 09:14:57,1,9270,Sony Bluetooth Speaker,Colombo,9270
EH-2024001559,20054,2024-05-17 09:14:57,1,11140,itel Feature Phone,Colombo,11140
EH-2024001560,20253,2024-05-18 12:41:17,1,1040,Rechargeable LED Bulb,Colombo,1040
EH-2024001561,20191,2024-05-18 13:34:49,2,4900,Philips Electric Kettle,Galle,9800
EH-2024001561,20191,2024-05-18 13:34:49,1,8870,Sony Bluetooth Speaker,Galle,8870
EH-2024001561,20191,2024-05-18 13:34:49,1,84110,Samsung Galaxy A14 Smartphone,Galle,84110
EH-2024001562,20115,2024-05-18 14:06:26,1,73140,Singer LED TV 43-inch,Gampaha,73140
EH-2024001562,20115,2024-05-18 14:06:26,2,1160,Extension Cord (4-Socket),Gampaha,2320
EH-2024001563,20108,2024-05-19 18:16:35,1,2510,Laptop Cooling Pad,Batticaloa,2510
EH-2024001563,20108,2024-05-19 18:16:35,1,83820,Samsung Galaxy A14 Smartphone,Batticaloa,83820
EH-2024001564,20098,2024-05-19 18:42:23,1,5670,National Table Fan 16-inch,Colombo,5670
EH-2024001565,20127,2024-05-19 20:31:30,1,23130,Panasonic Inverter 700VA,Anuradhapura,23130
EH-2024001565,20127,2024-05-19 20:31:30,1,2510,Laptop Cooling Pad,Anuradhapura,2510
EH-2024001566,20045,2024-05-20 16:11:43,1,22720,Panasonic Inverter 700VA,Colombo,22720
EH-2024001566,20045,2024-05-20 16:11:43,1,10170,itel Feature Phone,Colombo,10170
EH-2024001567,20236,2024-05-20 20:09:55,1,3840,Power Bank 10000mAh,Badulla,3840
EH-2024001567,20236,2024-05-20 20:09:55,1,6690,Abans Blender 400W,Badulla,6690
EH-2024001568,20072,2024-05-21 10:09:32,3,1060,Rechargeable LED Bulb,Kurunegala,3180
EH-2024001569,20156,2024-05-21 19:09:02,1,1020,Rechargeable LED Bulb,Ratnapura,1020
EH-2024001570,20149,2024-05-23 14:12:38,2,1120,Extension Cord (4-Socket),Kurunegala,2240
EH-2024001570,20149,2024-05-23 14:12:38,2,4910,Philips Electric Kettle,Kurunegala,9820
EH-2024001570,20149,2024-05-23 14:12:38,1,42350,Singer LED TV 32-inch,Kurunegala,42350
EH-2024001571,20220,2024-05-23 20:45:16,1,1240,Extension Cord (4-Socket),Matara,1240
EH-2024001571,20220,2024-05-23 20:45:16,3,1070,Rechargeable LED Bulb,Matara,3210
EH-2024001571,20220,2024-05-23 20:45:16,2,4570,Philips Electric Kettle,Matara,9140
EH-2024001572,20048,2024-05-24 09:13:43,1,1160,Extension Cord (4-Socket),Colombo,1160
EH-2024001572,20048,2024-05-24 09:13:43,1,52130,Xiaomi Redmi 12 Smartphone,Colombo,52130
EH-2024001572,20048,2024-05-24 09:13:43,1,1740,Gas Cooker Adapter (LPG-saver),Colombo,1740
EH-2024001573,20254,2024-05-24 17:12:18,1,6170,Abans Blender 400W,Colombo,6170
EH-2024001573,20254,2024-05-24 17:12:18,1,27160,Inverter Battery 12V 100Ah,Colombo,27160
EH-2024001574,20072,2024-05-25 10:57:21,1,5890,Bluetooth Earbuds,Kurunegala,5890
EH-2024001574,20072,2024-05-25 10:57:21,1,4190,Solar Lantern (Rechargeable),Kurunegala,4190
EH-2024001575,20174,2024-05-25 11:44:32,1,6800,Abans Blender 400W,Jaffna,6800
EH-2024001576,20035,2024-05-25 12:57:52,1,155250,LG Washing Machine 7kg,Colombo,155250
EH-2024001576,20035,2024-05-25 12:57:52,1,5860,Bluetooth Earbuds,Colombo,5860
EH-2024001577,20220,2024-05-25 14:51:55,1,10540,itel Feature Phone,Matara,10540
EH-2024001577,20220,2024-05-25 14:51:55,1,2640,Laptop Cooling Pad,Matara,2640
EH-2024001577,20220,2024-05-25 14:51:55,1,4920,Philips Electric Kettle,Matara,4920
EH-2024001578,20115,2024-05-25 16:49:46,1,6580,Abans Blender 400W,Gampaha,6580
EH-2024001578,20115,2024-05-25 16:49:46,1,10880,itel Feature Phone,Gampaha,10880
EH-2024001579,20138,2024-05-25 18:07:01,1,1180,Extension Cord (4-Socket),Badulla,1180
EH-2024001580,20177,2024-05-25 19:11:09,2,4190,Power Bank 10000mAh,Gampaha,8380
EH-2024001581,20252,2024-05-26 11:29:55,2,4000,Power Bank 10000mAh,Badulla,8000
EH-2024001582,20006,2024-05-26 18:57:04,1,50830,Xiaomi Redmi 12 Smartphone,Gampaha,50830
EH-2024001582,20006,2024-05-26 18:57:04,1,81220,Singer LED TV 43-inch,Gampaha,81220
EH-2024001583,20024,2024-05-26 20:29:22,1,4310,Solar Lantern (Rechargeable),Colombo,4310
EH-2024001583,20024,2024-05-26 20:29:22,1,45970,Singer LED TV 32-inch,Colombo,45970
EH-2024001584,20212,2024-05-27 11:00:04,1,54640,Xiaomi Redmi 12 Smartphone,Kurunegala,54640
EH-2024001585,20164,2024-05-28 16:10:13,1,115380,Kelvinator Refrigerator 190L,Gampaha,115380
EH-2024001586,20192,2024-05-28 18:32:25,1,1250,Extension Cord (4-Socket),Kurunegala,1250
EH-2024001587,20187,2024-05-28 18:45:31,1,4370,Solar Lantern (Rechargeable),Gampaha,4370
EH-2024001588,20220,2024-05-29 10:40:21,1,1160,Extension Cord (4-Socket),Matara,1160
EH-2024001589,20252,2024-05-29 15:24:10,1,26830,Inverter Battery 12V 100Ah,Badulla,26830
EH-2024001589,20252,2024-05-29 15:24:10,1,6010,National Table Fan 16-inch,Badulla,6010
EH-2024001590,20034,2024-05-30 16:46:32,1,55010,Xiaomi Redmi 12 Smartphone,Badulla,55010
EH-2024001591,20217,2024-05-30 16:53:19,1,43920,Singer LED TV 32-inch,Gampaha,43920
EH-2024001592,20201,2024-05-31 13:54:33,1,1760,Gas Cooker Adapter (LPG-saver),Puttalam,1760
EH-2024001592,20201,2024-05-31 13:54:33,1,5410,Bluetooth Earbuds,Puttalam,5410
EH-2024001592,20201,2024-05-31 13:54:33,2,1130,Extension Cord (4-Socket),Puttalam,2260
EH-2024001593,20228,2024-05-31 13:58:18,1,6210,National Table Fan 16-inch,Gampaha,6210
EH-2024001594,20072,2024-05-31 17:07:11,2,1060,Rechargeable LED Bulb,Kurunegala,2120
EH-2024001594,20072,2024-05-31 17:07:11,2,1130,Extension Cord (4-Socket),Kurunegala,2260
EH-2024001595,20071,2024-05-31 17:18:52,1,50430,Xiaomi Redmi 12 Smartphone,Kalutara,50430
EH-2024001595,20071,2024-05-31 17:18:52,2,4110,Power Bank 10000mAh,Kalutara,8220
EH-2024001596,20062,2024-05-31 19:07:03,1,6480,Abans Blender 400W,Colombo,6480
EH-2024001596,20062,2024-05-31 19:07:03,1,5640,Bluetooth Earbuds,Colombo,5640
EH-2024001596,20062,2024-05-31 19:07:03,1,2500,Laptop Cooling Pad,Colombo,2500
EH-2024001597,20161,2024-06-01 08:44:42,1,41560,Singer LED TV 32-inch,Kurunegala,41560
EH-2024001597,20161,2024-06-01 08:44:42,2,3970,Power Bank 10000mAh,Kurunegala,7940
EH-2024001598,20238,2024-06-01 12:48:02,1,4120,Power Bank 10000mAh,Gampaha,4120
EH-2024001598,20238,2024-06-01 12:48:02,1,8970,Sony Bluetooth Speaker,Gampaha,8970
EH-2024001599,20224,2024-06-01 20:53:07,1,3890,Power Bank 10000mAh,Ratnapura,3890
EH-2024001599,20224,2024-06-01 20:53:07,1,6210,National Table Fan 16-inch,Ratnapura,6210
EH-2024001599,20224,2024-06-01 20:53:07,2,4760,Philips Electric Kettle,Ratnapura,9520
EH-2024001600,20203,2024-06-02 18:05:05,1,5860,National Table Fan 16-inch,Galle,5860
EH-2024001600,20203,2024-06-02 18:05:05,1,4180,Solar Lantern (Rechargeable),Galle,4180
EH-2024001601,20098,2024-06-03 08:35:49,1,4430,Solar Lantern (Rechargeable),Colombo,4430
EH-2024001601,20098,2024-06-03 08:35:49,1,24300,Panasonic Inverter 700VA,Colombo,24300
EH-2024001602,20043,2024-06-03 16:15:28,1,1130,Extension Cord (4-Socket),Kurunegala,1130
EH-2024001602,20043,2024-06-03 16:15:28,1,109040,Kelvinator Refrigerator 190L,Kurunegala,109040
EH-2024001603,20157,2024-06-03 18:52:07,1,6150,Abans Blender 400W,Matale,6150
EH-2024001603,20157,2024-06-03 18:52:07,1,4550,Solar Lantern (Rechargeable),Matale,4550
EH-2024001603,20157,2024-06-03 18:52:07,1,24120,Panasonic Inverter 700VA,Matale,24120
EH-2024001604,20248,2024-06-04 10:16:53,1,23340,Panasonic Inverter 700VA,Jaffna,23340
EH-2024001604,20248,2024-06-04 10:16:53,1,2520,Laptop Cooling Pad,Jaffna,2520
EH-2024001604,20248,2024-06-04 10:16:53,1,11010,itel Feature Phone,Jaffna,11010
EH-2024001605,20006,2024-06-04 12:03:53,1,5890,Bluetooth Earbuds,Gampaha,5890
EH-2024001605,20006,2024-06-04 12:03:53,2,4250,Solar Lantern (Rechargeable),Gampaha,8500
EH-2024001606,20024,2024-06-04 15:05:02,2,1220,Extension Cord (4-Socket),Colombo,2440
EH-2024001606,20024,2024-06-04 15:05:02,1,1070,Rechargeable LED Bulb,Colombo,1070
EH-2024001606,20024,2024-06-04 15:05:02,1,8060,Innovex Rice Cooker 1.8L,Colombo,8060
EH-2024001607,20229,2024-06-05 17:36:29,1,5670,Bluetooth Earbuds,Colombo,5670
EH-2024001607,20229,2024-06-05 17:36:29,1,23700,Panasonic Inverter 700VA,Colombo,23700
EH-2024001607,20229,2024-06-05 17:36:29,1,1020,Rechargeable LED Bulb,Colombo,1020
EH-2024001608,20192,2024-06-05 19:32:05,3,1030,Rechargeable LED Bulb,Kurunegala,3090
EH-2024001609,20121,2024-06-06 18:55:35,1,43310,Singer LED TV 32-inch,Gampaha,43310
EH-2024001609,20121,2024-06-06 18:55:35,1,10410,itel Feature Phone,Gampaha,10410
EH-2024001609,20121,2024-06-06 18:55:35,2,4500,Solar Lantern (Rechargeable),Gampaha,9000
EH-2024001610,20223,2024-06-06 18:55:35,1,1240,Extension Cord (4-Socket),Colombo,1240
EH-2024001610,20223,2024-06-06 18:55:35,1,54630,Xiaomi Redmi 12 Smartphone,Colombo,54630
EH-2024001611,20106,2024-06-07 13:29:08,2,4840,Philips Electric Kettle,Colombo,9680
EH-2024001611,20106,2024-06-07 13:29:08,1,5560,Bluetooth Earbuds,Colombo,5560
EH-2024001612,20115,2024-06-07 14:53:58,1,27990,Inverter Battery 12V 100Ah,Gampaha,27990
EH-2024001613,20054,2024-06-07 15:05:45,1,5940,National Table Fan 16-inch,Colombo,5940
EH-2024001614,20191,2024-06-07 16:23:58,2,1240,Extension Cord (4-Socket),Galle,2480
EH-2024001615,20157,2024-06-07 18:46:36,1,1240,Extension Cord (4-Socket),Matale,1240
EH-2024001615,20157,2024-06-07 18:46:36,1,8900,Sony Bluetooth Speaker,Matale,8900
EH-2024001615,20157,2024-06-07 18:46:36,1,5930,National Table Fan 16-inch,Matale,5930
EH-2024001616,20136,2024-06-08 17:08:24,1,5540,Bluetooth Earbuds,Gampaha,5540
EH-2024001616,20136,2024-06-08 17:08:24,1,44530,Singer LED TV 32-inch,Gampaha,44530
EH-2024001617,20106,2024-06-08 17:31:04,2,1160,Extension Cord (4-Socket),Colombo,2320
EH-2024001618,20231,2024-06-08 18:00:33,3,1050,Rechargeable LED Bulb,Colombo,3150
EH-2024001618,20231,2024-06-08 18:00:33,2,4930,Philips Electric Kettle,Colombo,9860
EH-2024001618,20231,2024-06-08 18:00:33,1,80220,Samsung Galaxy A14 Smartphone,Colombo,80220
EH-2024001619,20062,2024-06-08 18:42:23,1,4040,Power Bank 10000mAh,Colombo,4040
EH-2024001619,20062,2024-06-08 18:42:23,1,22530,Panasonic Inverter 700VA,Colombo,22530
EH-2024001620,20172,2024-06-09 10:34:15,1,4790,Philips Electric Kettle,Kandy,4790
EH-2024001620,20172,2024-06-09 10:34:15,1,1880,Gas Cooker Adapter (LPG-saver),Kandy,1880
EH-2024001620,20172,2024-06-09 10:34:15,1,104940,Kelvinator Refrigerator 190L,Kandy,104940
EH-2024001621,20245,2024-06-09 16:12:20,1,23880,Panasonic Inverter 700VA,Gampaha,23880
EH-2024001622,20069,2024-06-12 08:44:43,2,1240,Extension Cord (4-Socket),Kurunegala,2480
EH-2024001622,20069,2024-06-12 08:44:43,1,26810,Inverter Battery 12V 100Ah,Kurunegala,26810
EH-2024001622,20069,2024-06-12 08:44:43,1,9090,Sony Bluetooth Speaker,Kurunegala,9090
EH-2024001623,20078,2024-06-12 15:28:20,1,6590,Abans Blender 400W,Matara,6590
EH-2024001623,20078,2024-06-12 15:28:20,1,4150,Power Bank 10000mAh,Matara,4150
EH-2024001623,20078,2024-06-12 15:28:20,3,1080,Rechargeable LED Bulb,Matara,3240
EH-2024001624,20078,2024-06-12 16:39:31,1,4170,Power Bank 10000mAh,Matara,4170
EH-2024001625,20149,2024-06-12 19:23:31,1,6260,National Table Fan 16-inch,Kurunegala,6260
EH-2024001625,20149,2024-06-12 19:23:31,2,4240,Solar Lantern (Rechargeable),Kurunegala,8480
EH-2024001626,20162,2024-06-13 15:49:29,1,11090,itel Feature Phone,Ratnapura,11090
EH-2024001627,20132,2024-06-13 16:27:52,1,151900,LG Washing Machine 7kg,Kandy,151900
EH-2024001627,20132,2024-06-13 16:27:52,1,23220,Panasonic Inverter 700VA,Kandy,23220
EH-2024001628,20062,2024-06-13 17:31:30,1,79310,Singer LED TV 43-inch,Colombo,79310
EH-2024001628,20062,2024-06-13 17:31:30,1,1850,Gas Cooker Adapter (LPG-saver),Colombo,1850
EH-2024001629,20189,2024-06-14 08:13:57,1,8140,Innovex Rice Cooker 1.8L,Gampaha,8140
EH-2024001629,20189,2024-06-14 08:13:57,1,5620,Bluetooth Earbuds,Gampaha,5620
EH-2024001629,20189,2024-06-14 08:13:57,1,6640,Abans Blender 400W,Gampaha,6640
EH-2024001630,20081,2024-06-14 17:25:23,1,6680,Abans Blender 400W,Colombo,6680
EH-2024001631,20229,2024-06-15 08:30:14,1,2630,Laptop Cooling Pad,Colombo,2630
EH-2024001631,20229,2024-06-15 08:30:14,1,49940,Xiaomi Redmi 12 Smartphone,Colombo,49940
EH-2024001632,20231,2024-06-16 13:23:20,1,53830,Xiaomi Redmi 12 Smartphone,Colombo,53830
EH-2024001633,20070,2024-06-16 18:35:50,1,155880,LG Washing Machine 7kg,Badulla,155880
EH-2024001634,20197,2024-06-17 13:10:56,1,79410,Samsung Galaxy A14 Smartphone,Colombo,79410
EH-2024001634,20197,2024-06-17 13:10:56,1,6740,Abans Blender 400W,Colombo,6740
EH-2024001635,20075,2024-06-17 16:52:26,1,7840,Innovex Rice Cooker 1.8L,Gampaha,7840
EH-2024001636,20068,2024-06-18 08:59:13,1,2520,Laptop Cooling Pad,Kandy,2520
EH-2024001637,20162,2024-06-18 11:05:25,1,10600,itel Feature Phone,Ratnapura,10600
EH-2024001638,20026,2024-06-18 12:34:00,1,43890,Singer LED TV 32-inch,Jaffna,43890
EH-2024001638,20026,2024-06-18 12:34:00,2,4130,Solar Lantern (Rechargeable),Jaffna,8260
EH-2024001639,20119,2024-06-19 09:17:55,1,5620,Bluetooth Earbuds,Gampaha,5620
EH-2024001639,20119,2024-06-19 09:17:55,1,7950,Innovex Rice Cooker 1.8L,Gampaha,7950
EH-2024001639,20119,2024-06-19 09:17:55,1,26580,Inverter Battery 12V 100Ah,Gampaha,26580
EH-2024001640,20220,2024-06-19 12:29:45,1,21930,Panasonic Inverter 700VA,Matara,21930
EH-2024001641,20086,2024-06-19 15:26:57,1,5750,National Table Fan 16-inch,Galle,5750
EH-2024001641,20086,2024-06-19 15:26:57,2,4340,Solar Lantern (Rechargeable),Galle,8680
EH-2024001642,20062,2024-06-19 16:50:33,1,5890,Bluetooth Earbuds,Colombo,5890
EH-2024001642,20062,2024-06-19 16:50:33,1,6800,Abans Blender 400W,Colombo,6800
EH-2024001643,20224,2024-06-19 17:39:47,1,43120,Singer LED TV 32-inch,Ratnapura,43120
EH-2024001643,20224,2024-06-19 17:39:47,1,79720,Singer LED TV 43-inch,Ratnapura,79720
EH-2024001643,20224,2024-06-19 17:39:47,1,23080,Panasonic Inverter 700VA,Ratnapura,23080
EH-2024001644,20148,2024-06-19 19:14:35,1,44740,Singer LED TV 32-inch,Kandy,44740
EH-2024001644,20148,2024-06-19 19:14:35,2,3920,Power Bank 10000mAh,Kandy,7840
EH-2024001645,20109,2024-06-20 11:33:27,2,4740,Philips Electric Kettle,Kandy,9480
EH-2024001646,20115,2024-06-20 12:09:04,1,26860,Inverter Battery 12V 100Ah,Gampaha,26860
EH-2024001646,20115,2024-06-20 12:09:04,1,1170,Extension Cord (4-Socket),Gampaha,1170
EH-2024001646,20115,2024-06-20 12:09:04,1,6720,Abans Blender 400W,Gampaha,6720
EH-2024001647,20053,2024-06-20 17:02:29,1,106640,Kelvinator Refrigerator 190L,Ratnapura,106640
EH-2024001647,20053,2024-06-20 17:02:29,1,2540,Laptop Cooling Pad,Ratnapura,2540
EH-2024001647,20053,2024-06-20 17:02:29,1,152780,LG Washing Machine 7kg,Ratnapura,152780
EH-2024001648,20198,2024-06-20 17:19:29,1,6720,Abans Blender 400W,Gampaha,6720
EH-2024001648,20198,2024-06-20 17:19:29,2,4130,Solar Lantern (Rechargeable),Gampaha,8260
EH-2024001648,20198,2024-06-20 17:19:29,1,10800,itel Feature Phone,Gampaha,10800
EH-2024001649,20062,2024-06-20 17:38:26,1,8010,Innovex Rice Cooker 1.8L,Colombo,8010
EH-2024001650,20044,2024-06-20 20:42:21,1,1090,Rechargeable LED Bulb,Jaffna,1090
EH-2024001650,20044,2024-06-20 20:42:21,1,10400,itel Feature Phone,Jaffna,10400
EH-2024001650,20044,2024-06-20 20:42:21,1,52700,Xiaomi Redmi 12 Smartphone,Jaffna,52700
EH-2024001651,20220,2024-06-21 10:37:40,1,1840,Gas Cooker Adapter (LPG-saver),Matara,1840
EH-2024001651,20220,2024-06-21 10:37:40,1,1220,Extension Cord (4-Socket),Matara,1220
EH-2024001652,20116,2024-06-21 16:19:33,1,8910,Sony Bluetooth Speaker,Gampaha,8910
EH-2024001653,20078,2024-06-21 18:55:36,1,2560,Laptop Cooling Pad,Matara,2560
EH-2024001653,20078,2024-06-21 18:55:36,1,10920,itel Feature Phone,Matara,10920
EH-2024001654,20078,2024-06-22 10:23:02,1,1020,Rechargeable LED Bulb,Matara,1020
EH-2024001654,20078,2024-06-22 10:23:02,1,107230,Kelvinator Refrigerator 190L,Matara,107230
EH-2024001655,20233,2024-06-22 13:49:25,1,8370,Innovex Rice Cooker 1.8L,Colombo,8370
EH-2024001655,20233,2024-06-22 13:49:25,1,4560,Philips Electric Kettle,Colombo,4560
EH-2024001656,20085,2024-06-22 17:33:13,1,80200,Samsung Galaxy A14 Smartphone,Gampaha,80200
EH-2024001656,20085,2024-06-22 17:33:13,1,10870,itel Feature Phone,Gampaha,10870
EH-2024001656,20085,2024-06-22 17:33:13,1,6140,Abans Blender 400W,Gampaha,6140
EH-2024001657,20071,2024-06-22 17:49:18,1,5670,National Table Fan 16-inch,Kalutara,5670
EH-2024001658,20084,2024-06-22 18:02:07,2,3860,Power Bank 10000mAh,Kandy,7720
EH-2024001659,20021,2024-06-22 20:35:17,1,6310,National Table Fan 16-inch,Colombo,6310
EH-2024001659,20021,2024-06-22 20:35:17,1,5460,Bluetooth Earbuds,Colombo,5460
EH-2024001660,20081,2024-06-23 13:26:51,1,2710,Laptop Cooling Pad,Colombo,2710
EH-2024001661,20186,2024-06-23 14:14:28,2,4820,Philips Electric Kettle,Kandy,9640
EH-2024001661,20186,2024-06-23 14:14:28,2,1070,Rechargeable LED Bulb,Kandy,2140
EH-2024001662,20144,2024-06-23 19:02:05,1,5810,Bluetooth Earbuds,Colombo,5810
EH-2024001662,20144,2024-06-23 19:02:05,1,11000,itel Feature Phone,Colombo,11000
EH-2024001663,20072,2024-06-24 12:27:49,1,54490,Xiaomi Redmi 12 Smartphone,Kurunegala,54490
EH-2024001663,20072,2024-06-24 12:27:49,1,5660,Bluetooth Earbuds,Kurunegala,5660
EH-2024001664,20249,2024-06-24 17:43:55,1,5370,Bluetooth Earbuds,Colombo,5370
EH-2024001664,20249,2024-06-24 17:43:55,1,6230,National Table Fan 16-inch,Colombo,6230
EH-2024001665,20123,2024-06-25 13:25:56,1,45410,Singer LED TV 32-inch,Colombo,45410
EH-2024001666,20258,2024-06-26 10:27:13,1,22840,Panasonic Inverter 700VA,Colombo,22840
EH-2024001667,20062,2024-06-26 15:22:38,1,53260,Xiaomi Redmi 12 Smartphone,Colombo,53260
EH-2024001668,20016,2024-06-27 16:18:53,3,1110,Rechargeable LED Bulb,Colombo,3330
EH-2024001669,20133,2024-06-27 16:29:13,1,11040,itel Feature Phone,Batticaloa,11040
EH-2024001670,20122,2024-06-27 20:12:23,1,78480,Samsung Galaxy A14 Smartphone,Kandy,78480
EH-2024001670,20122,2024-06-27 20:12:23,1,24270,Panasonic Inverter 700VA,Kandy,24270
EH-2024001671,20106,2024-06-28 20:32:36,1,6000,National Table Fan 16-inch,Colombo,6000
EH-2024001671,20106,2024-06-28 20:32:36,1,113040,Kelvinator Refrigerator 190L,Colombo,113040
EH-2024001671,20106,2024-06-28 20:32:36,1,42950,Singer LED TV 32-inch,Colombo,42950
EH-2024001672,20132,2024-06-29 12:45:50,1,6530,Abans Blender 400W,Kandy,6530
EH-2024001672,20132,2024-06-29 12:45:50,2,4560,Solar Lantern (Rechargeable),Kandy,9120
EH-2024001673,20109,2024-06-29 16:42:03,1,5510,Bluetooth Earbuds,Kandy,5510
EH-2024001674,20048,2024-06-29 17:24:30,1,6150,Abans Blender 400W,Colombo,6150
EH-2024001674,20048,2024-06-29 17:24:30,3,1100,Rechargeable LED Bulb,Colombo,3300
EH-2024001674,20048,2024-06-29 17:24:30,1,8470,Innovex Rice Cooker 1.8L,Colombo,8470
EH-2024001675,20231,2024-06-29 20:11:20,1,5670,Bluetooth Earbuds,Colombo,5670
EH-2024001675,20231,2024-06-29 20:11:20,1,28660,Inverter Battery 12V 100Ah,Colombo,28660
EH-2024001675,20231,2024-06-29 20:11:20,1,11060,itel Feature Phone,Colombo,11060
EH-2024001676,20108,2024-06-30 17:43:36,2,3850,Power Bank 10000mAh,Batticaloa,7700
EH-2024001676,20108,2024-06-30 17:43:36,1,8560,Sony Bluetooth Speaker,Batticaloa,8560
EH-2024001677,20097,2024-07-01 10:20:50,1,7810,Innovex Rice Cooker 1.8L,Matale,7810
EH-2024001677,20097,2024-07-01 10:20:50,1,153350,LG Washing Machine 7kg,Matale,153350
EH-2024001677,20097,2024-07-01 10:20:50,1,82270,Samsung Galaxy A14 Smartphone,Matale,82270
EH-2024001678,20081,2024-07-01 18:07:42,1,27140,Inverter Battery 12V 100Ah,Colombo,27140
EH-2024001679,20053,2024-07-02 18:02:31,1,4810,Philips Electric Kettle,Ratnapura,4810
EH-2024001679,20053,2024-07-02 18:02:31,1,1140,Extension Cord (4-Socket),Ratnapura,1140
EH-2024001679,20053,2024-07-02 18:02:31,1,23930,Panasonic Inverter 700VA,Ratnapura,23930
EH-2024001680,20078,2024-07-05 13:03:38,1,6540,Abans Blender 400W,Matara,6540
EH-2024001680,20078,2024-07-05 13:03:38,1,2690,Laptop Cooling Pad,Matara,2690
EH-2024001681,20192,2024-07-05 16:26:22,1,6740,Abans Blender 400W,Kurunegala,6740
EH-2024001681,20192,2024-07-05 16:26:22,1,41720,Singer LED TV 32-inch,Kurunegala,41720
EH-2024001682,20231,2024-07-06 20:08:26,1,161580,LG Washing Machine 7kg,Colombo,161580
EH-2024001683,20086,2024-07-06 20:08:45,1,51750,Xiaomi Redmi 12 Smartphone,Galle,51750
EH-2024001684,20244,2024-07-06 20:24:15,1,10110,itel Feature Phone,Gampaha,10110
EH-2024001685,20071,2024-07-07 16:22:03,1,4980,Philips Electric Kettle,Kalutara,4980
EH-2024001685,20071,2024-07-07 16:22:03,1,22920,Panasonic Inverter 700VA,Kalutara,22920
EH-2024001686,20198,2024-07-08 10:27:00,1,8580,Sony Bluetooth Speaker,Gampaha,8580
EH-2024001687,20244,2024-07-08 14:30:12,1,45770,Singer LED TV 32-inch,Gampaha,45770
EH-2024001687,20244,2024-07-08 14:30:12,1,80590,Singer LED TV 43-inch,Gampaha,80590
EH-2024001688,20005,2024-07-09 16:39:39,1,5950,National Table Fan 16-inch,Colombo,5950
EH-2024001688,20005,2024-07-09 16:39:39,1,159390,LG Washing Machine 7kg,Colombo,159390
EH-2024001688,20005,2024-07-09 16:39:39,1,4080,Power Bank 10000mAh,Colombo,4080
EH-2024001689,20199,2024-07-09 20:13:21,1,5780,National Table Fan 16-inch,Gampaha,5780
EH-2024001689,20199,2024-07-09 20:13:21,1,79690,Samsung Galaxy A14 Smartphone,Gampaha,79690
EH-2024001690,20057,2024-07-11 11:12:19,1,74250,Singer LED TV 43-inch,Gampaha,74250
EH-2024001690,20057,2024-07-11 11:12:19,1,10350,itel Feature Phone,Gampaha,10350
EH-2024001690,20057,2024-07-11 11:12:19,2,4030,Power Bank 10000mAh,Gampaha,8060
EH-2024001691,20185,2024-07-12 08:33:24,1,5490,Bluetooth Earbuds,Kandy,5490
EH-2024001692,20057,2024-07-12 20:41:08,1,22700,Panasonic Inverter 700VA,Gampaha,22700
EH-2024001692,20057,2024-07-12 20:41:08,1,2640,Laptop Cooling Pad,Gampaha,2640
EH-2024001692,20057,2024-07-12 20:41:08,1,8100,Innovex Rice Cooker 1.8L,Gampaha,8100
EH-2024001693,20122,2024-07-13 08:30:29,1,8570,Sony Bluetooth Speaker,Kandy,8570
EH-2024001693,20122,2024-07-13 08:30:29,1,6410,Abans Blender 400W,Kandy,6410
EH-2024001693,20122,2024-07-13 08:30:29,2,4700,Philips Electric Kettle,Kandy,9400
EH-2024001694,20052,2024-07-13 11:41:16,2,1070,Rechargeable LED Bulb,Gampaha,2140
EH-2024001695,20005,2024-07-13 17:52:58,1,4650,Philips Electric Kettle,Colombo,4650
EH-2024001695,20005,2024-07-13 17:52:58,1,6490,Abans Blender 400W,Colombo,6490
EH-2024001696,20071,2024-07-13 18:10:57,2,4000,Power Bank 10000mAh,Kalutara,8000
EH-2024001697,20123,2024-07-13 19:12:39,1,23670,Panasonic Inverter 700VA,Colombo,23670
EH-2024001697,20123,2024-07-13 19:12:39,1,6240,National Table Fan 16-inch,Colombo,6240
EH-2024001698,20165,2024-07-14 09:13:56,1,10770,itel Feature Phone,Jaffna,10770
EH-2024001698,20165,2024-07-14 09:13:56,1,2670,Laptop Cooling Pad,Jaffna,2670
EH-2024001698,20165,2024-07-14 09:13:56,2,1180,Extension Cord (4-Socket),Jaffna,2360
EH-2024001699,20047,2024-07-14 13:56:56,1,5980,National Table Fan 16-inch,Matara,5980
EH-2024001699,20047,2024-07-14 13:56:56,2,1160,Extension Cord (4-Socket),Matara,2320
EH-2024001700,20223,2024-07-14 17:36:10,1,1180,Extension Cord (4-Socket),Colombo,1180
EH-2024001701,20090,2024-07-14 17:53:26,1,5690,Bluetooth Earbuds,Galle,5690
EH-2024001701,20090,2024-07-14 17:53:26,1,111670,Kelvinator Refrigerator 190L,Galle,111670
EH-2024001702,20062,2024-07-15 14:29:24,1,1160,Extension Cord (4-Socket),Colombo,1160
EH-2024001703,20259,2024-07-15 17:24:30,1,5790,Bluetooth Earbuds,Kurunegala,5790
EH-2024001704,20194,2024-07-15 19:06:32,1,5540,Bluetooth Earbuds,Kalutara,5540
EH-2024001704,20194,2024-07-15 19:06:32,1,6340,Abans Blender 400W,Kalutara,6340
EH-2024001704,20194,2024-07-15 19:06:32,1,26790,Inverter Battery 12V 100Ah,Kalutara,26790
EH-2024001705,20128,2024-07-16 13:47:30,1,4030,Power Bank 10000mAh,Matara,4030
EH-2024001706,20033,2024-07-17 09:12:11,1,1070,Rechargeable LED Bulb,Colombo,1070
EH-2024001706,20033,2024-07-17 09:12:11,1,5750,National Table Fan 16-inch,Colombo,5750
EH-2024001706,20033,2024-07-17 09:12:11,1,1240,Extension Cord (4-Socket),Colombo,1240
EH-2024001707,20145,2024-07-17 09:43:32,3,1010,Rechargeable LED Bulb,Anuradhapura,3030
EH-2024001707,20145,2024-07-17 09:43:32,1,5570,Bluetooth Earbuds,Anuradhapura,5570
EH-2024001707,20145,2024-07-17 09:43:32,2,4170,Power Bank 10000mAh,Anuradhapura,8340
EH-2024001708,20225,2024-07-17 10:07:56,2,1200,Extension Cord (4-Socket),Galle,2400
EH-2024001709,20053,2024-07-17 13:42:47,2,1200,Extension Cord (4-Socket),Ratnapura,2400
EH-2024001710,20057,2024-07-17 18:39:27,1,2570,Laptop Cooling Pad,Gampaha,2570
EH-2024001710,20057,2024-07-17 18:39:27,1,5760,Bluetooth Earbuds,Gampaha,5760
EH-2024001710,20057,2024-07-17 18:39:27,1,11050,itel Feature Phone,Gampaha,11050
EH-2024001711,20231,2024-07-17 19:17:44,1,81240,Samsung Galaxy A14 Smartphone,Colombo,81240
EH-2024001711,20231,2024-07-17 19:17:44,1,28890,Inverter Battery 12V 100Ah,Colombo,28890
EH-2024001711,20231,2024-07-17 19:17:44,1,6650,Abans Blender 400W,Colombo,6650
EH-2024001712,20202,2024-07-18 10:36:56,1,8480,Innovex Rice Cooker 1.8L,Gampaha,8480
EH-2024001713,20098,2024-07-18 11:47:19,1,26250,Inverter Battery 12V 100Ah,Colombo,26250
EH-2024001713,20098,2024-07-18 11:47:19,1,81510,Samsung Galaxy A14 Smartphone,Colombo,81510
EH-2024001713,20098,2024-07-18 11:47:19,1,6550,Abans Blender 400W,Colombo,6550
EH-2024001714,20104,2024-07-18 16:27:32,1,4180,Power Bank 10000mAh,Ratnapura,4180
EH-2024001715,20057,2024-07-18 19:02:05,1,79400,Samsung Galaxy A14 Smartphone,Gampaha,79400
EH-2024001716,20253,2024-07-19 17:11:54,1,8780,Sony Bluetooth Speaker,Colombo,8780
EH-2024001716,20253,2024-07-19 17:11:54,1,1040,Rechargeable LED Bulb,Colombo,1040
EH-2024001716,20253,2024-07-19 17:11:54,1,6200,National Table Fan 16-inch,Colombo,6200
EH-2024001717,20153,2024-07-19 19:11:57,1,45920,Singer LED TV 32-inch,Colombo,45920
EH-2024001717,20153,2024-07-19 19:11:57,1,8920,Sony Bluetooth Speaker,Colombo,8920
EH-2024001717,20153,2024-07-19 19:11:57,2,3870,Power Bank 10000mAh,Colombo,7740
EH-2024001718,20031,2024-07-19 20:08:30,1,7680,Innovex Rice Cooker 1.8L,Kurunegala,7680
EH-2024001718,20031,2024-07-19 20:08:30,1,3960,Power Bank 10000mAh,Kurunegala,3960
EH-2024001719,20212,2024-07-20 14:33:23,1,79930,Samsung Galaxy A14 Smartphone,Kurunegala,79930
EH-2024001720,20250,2024-07-20 16:16:39,1,5710,Bluetooth Earbuds,Kalutara,5710
EH-2024001721,20042,2024-07-20 18:36:31,1,41590,Singer LED TV 32-inch,Gampaha,41590
EH-2024001721,20042,2024-07-20 18:36:31,1,7870,Innovex Rice Cooker 1.8L,Gampaha,7870
EH-2024001722,20098,2024-07-21 09:06:02,2,4700,Philips Electric Kettle,Colombo,9400
EH-2024001722,20098,2024-07-21 09:06:02,1,6120,National Table Fan 16-inch,Colombo,6120
EH-2024001722,20098,2024-07-21 09:06:02,1,5580,Bluetooth Earbuds,Colombo,5580
EH-2024001723,20047,2024-07-21 13:06:50,1,53260,Xiaomi Redmi 12 Smartphone,Matara,53260
EH-2024001723,20047,2024-07-21 13:06:50,1,5620,Bluetooth Earbuds,Matara,5620
EH-2024001724,20165,2024-07-22 13:28:02,1,4980,Philips Electric Kettle,Jaffna,4980
EH-2024001724,20165,2024-07-22 13:28:02,1,5960,National Table Fan 16-inch,Jaffna,5960
EH-2024001725,20098,2024-07-22 16:42:29,1,157090,LG Washing Machine 7kg,Colombo,157090
EH-2024001725,20098,2024-07-22 16:42:29,1,27360,Inverter Battery 12V 100Ah,Colombo,27360
EH-2024001725,20098,2024-07-22 16:42:29,1,81010,Singer LED TV 43-inch,Colombo,81010
EH-2024001726,20056,2024-07-22 17:26:49,1,10120,itel Feature Phone,Anuradhapura,10120
EH-2024001726,20056,2024-07-22 17:26:49,1,23910,Panasonic Inverter 700VA,Anuradhapura,23910
EH-2024001726,20056,2024-07-22 17:26:49,1,115420,Kelvinator Refrigerator 190L,Anuradhapura,115420
EH-2024001727,20105,2024-07-23 12:39:34,1,1070,Rechargeable LED Bulb,Anuradhapura,1070
EH-2024001727,20105,2024-07-23 12:39:34,2,1190,Extension Cord (4-Socket),Anuradhapura,2380
EH-2024001728,20193,2024-07-23 13:21:03,1,6140,National Table Fan 16-inch,Colombo,6140
EH-2024001728,20193,2024-07-23 13:21:03,1,85060,Samsung Galaxy A14 Smartphone,Colombo,85060
EH-2024001729,20086,2024-07-24 20:04:04,1,1170,Extension Cord (4-Socket),Galle,1170
EH-2024001729,20086,2024-07-24 20:04:04,1,5840,National Table Fan 16-inch,Galle,5840
EH-2024001730,20167,2024-07-25 12:17:12,1,1820,Gas Cooker Adapter (LPG-saver),Colombo,1820
EH-2024001730,20167,2024-07-25 12:17:12,1,157100,LG Washing Machine 7kg,Colombo,157100
EH-2024001731,20055,2024-07-25 15:22:44,1,10470,itel Feature Phone,Matara,10470
EH-2024001732,20078,2024-07-26 19:46:03,1,107850,Kelvinator Refrigerator 190L,Matara,107850
EH-2024001732,20078,2024-07-26 19:46:03,1,9270,Sony Bluetooth Speaker,Matara,9270
EH-2024001732,20078,2024-07-26 19:46:03,1,6580,Abans Blender 400W,Matara,6580
EH-2024001733,20024,2024-07-27 12:26:30,1,23720,Panasonic Inverter 700VA,Colombo,23720
EH-2024001733,20024,2024-07-27 12:26:30,2,4550,Solar Lantern (Rechargeable),Colombo,9100
EH-2024001733,20024,2024-07-27 12:26:30,1,84330,Samsung Galaxy A14 Smartphone,Colombo,84330
EH-2024001734,20212,2024-07-27 12:46:46,1,23990,Panasonic Inverter 700VA,Kurunegala,23990
EH-2024001734,20212,2024-07-27 12:46:46,1,83900,Samsung Galaxy A14 Smartphone,Kurunegala,83900
EH-2024001735,20057,2024-07-27 19:45:21,1,4670,Philips Electric Kettle,Gampaha,4670
EH-2024001736,20189,2024-07-28 13:17:15,2,4150,Solar Lantern (Rechargeable),Gampaha,8300
EH-2024001736,20189,2024-07-28 13:17:15,1,1160,Extension Cord (4-Socket),Gampaha,1160
EH-2024001736,20189,2024-07-28 13:17:15,2,1030,Rechargeable LED Bulb,Gampaha,2060
EH-2024001737,20108,2024-07-28 18:23:47,1,10700,itel Feature Phone,Batticaloa,10700
EH-2024001737,20108,2024-07-28 18:23:47,1,4700,Philips Electric Kettle,Batticaloa,4700
EH-2024001737,20108,2024-07-28 18:23:47,1,21800,Panasonic Inverter 700VA,Batticaloa,21800
EH-2024001738,20054,2024-07-29 08:30:03,1,108350,Kelvinator Refrigerator 190L,Colombo,108350
EH-2024001738,20054,2024-07-29 08:30:03,1,28140,Inverter Battery 12V 100Ah,Colombo,28140
EH-2024001739,20220,2024-07-30 10:33:47,1,4320,Solar Lantern (Rechargeable),Matara,4320
EH-2024001739,20220,2024-07-30 10:33:47,1,3940,Power Bank 10000mAh,Matara,3940
EH-2024001740,20011,2024-07-30 19:35:41,1,23560,Panasonic Inverter 700VA,Ratnapura,23560
EH-2024001741,20031,2024-07-30 19:52:53,1,8680,Sony Bluetooth Speaker,Kurunegala,8680
EH-2024001742,20053,2024-07-31 10:49:32,1,9260,Sony Bluetooth Speaker,Ratnapura,9260
EH-2024001742,20053,2024-07-31 10:49:32,1,41630,Singer LED TV 32-inch,Ratnapura,41630
EH-2024001742,20053,2024-07-31 10:49:32,1,10680,itel Feature Phone,Ratnapura,10680
EH-2024001743,20185,2024-07-31 20:05:15,1,5910,Bluetooth Earbuds,Kandy,5910
EH-2024001743,20185,2024-07-31 20:05:15,1,10530,itel Feature Phone,Kandy,10530
EH-2024001743,20185,2024-07-31 20:05:15,1,6030,National Table Fan 16-inch,Kandy,6030
EH-2024001744,20231,2024-08-01 09:31:42,2,4280,Solar Lantern (Rechargeable),Colombo,8560
EH-2024001744,20231,2024-08-01 09:31:42,1,23830,Panasonic Inverter 700VA,Colombo,23830
EH-2024001744,20231,2024-08-01 09:31:42,1,28300,Inverter Battery 12V 100Ah,Colombo,28300
EH-2024001745,20216,2024-08-01 15:28:54,2,1180,Extension Cord (4-Socket),Colombo,2360
EH-2024001745,20216,2024-08-01 15:28:54,1,149300,LG Washing Machine 7kg,Colombo,149300
EH-2024001745,20216,2024-08-01 15:28:54,1,10080,itel Feature Phone,Colombo,10080
EH-2024001746,20057,2024-08-01 17:14:28,1,5880,National Table Fan 16-inch,Gampaha,5880
EH-2024001747,20071,2024-08-01 17:56:07,2,1210,Extension Cord (4-Socket),Kalutara,2420
EH-2024001747,20071,2024-08-01 17:56:07,1,78700,Singer LED TV 43-inch,Kalutara,78700
EH-2024001748,20024,2024-08-01 18:01:32,1,3890,Power Bank 10000mAh,Colombo,3890
EH-2024001748,20024,2024-08-01 18:01:32,1,79490,Singer LED TV 43-inch,Colombo,79490
EH-2024001749,20165,2024-08-01 20:44:07,1,2620,Laptop Cooling Pad,Jaffna,2620
EH-2024001749,20165,2024-08-01 20:44:07,1,4300,Solar Lantern (Rechargeable),Jaffna,4300
EH-2024001749,20165,2024-08-01 20:44:07,2,1090,Rechargeable LED Bulb,Jaffna,2180
EH-2024001750,20057,2024-08-02 16:09:39,1,1190,Extension Cord (4-Socket),Gampaha,1190
EH-2024001751,20103,2024-08-02 17:44:00,1,6130,National Table Fan 16-inch,Galle,6130
EH-2024001751,20103,2024-08-02 17:44:00,1,8390,Innovex Rice Cooker 1.8L,Galle,8390
EH-2024001752,20081,2024-08-02 18:17:40,1,8460,Innovex Rice Cooker 1.8L,Colombo,8460
EH-2024001753,20098,2024-08-03 16:32:32,1,11030,itel Feature Phone,Colombo,11030
EH-2024001754,20090,2024-08-03 19:44:15,3,1020,Rechargeable LED Bulb,Galle,3060
EH-2024001755,20074,2024-08-05 16:03:40,1,5690,National Table Fan 16-inch,Anuradhapura,5690
EH-2024001756,20057,2024-08-05 18:40:32,1,3900,Power Bank 10000mAh,Gampaha,3900
EH-2024001756,20057,2024-08-05 18:40:32,1,10430,itel Feature Phone,Gampaha,10430
EH-2024001757,20071,2024-08-05 19:06:51,1,5830,Bluetooth Earbuds,Kalutara,5830
EH-2024001757,20071,2024-08-05 19:06:51,1,8760,Sony Bluetooth Speaker,Kalutara,8760
EH-2024001757,20071,2024-08-05 19:06:51,1,6570,Abans Blender 400W,Kalutara,6570
EH-2024001758,20136,2024-08-06 18:43:44,1,3830,Power Bank 10000mAh,Gampaha,3830
EH-2024001758,20136,2024-08-06 18:43:44,1,2530,Laptop Cooling Pad,Gampaha,2530
EH-2024001758,20136,2024-08-06 18:43:44,1,1200,Extension Cord (4-Socket),Gampaha,1200
EH-2024001759,20031,2024-08-07 14:18:53,1,8520,Sony Bluetooth Speaker,Kurunegala,8520
EH-2024001759,20031,2024-08-07 14:18:53,1,4550,Philips Electric Kettle,Kurunegala,4550
EH-2024001759,20031,2024-08-07 14:18:53,2,4280,Solar Lantern (Rechargeable),Kurunegala,8560
EH-2024001760,20220,2024-08-07 17:11:00,1,7900,Innovex Rice Cooker 1.8L,Matara,7900
EH-2024001761,20220,2024-08-07 20:40:10,1,24130,Panasonic Inverter 700VA,Matara,24130
EH-2024001761,20220,2024-08-07 20:40:10,1,9040,Sony Bluetooth Speaker,Matara,9040
EH-2024001762,20192,2024-08-08 15:38:50,1,27790,Inverter Battery 12V 100Ah,Kurunegala,27790
EH-2024001763,20253,2024-08-08 20:03:22,1,4140,Solar Lantern (Rechargeable),Colombo,4140
EH-2024001763,20253,2024-08-08 20:03:22,1,5440,Bluetooth Earbuds,Colombo,5440
EH-2024001764,20115,2024-08-09 15:01:31,1,5660,Bluetooth Earbuds,Gampaha,5660
EH-2024001764,20115,2024-08-09 15:01:31,1,44910,Singer LED TV 32-inch,Gampaha,44910
EH-2024001765,20159,2024-08-09 15:13:46,1,8600,Sony Bluetooth Speaker,Matara,8600
EH-2024001765,20159,2024-08-09 15:13:46,1,50860,Xiaomi Redmi 12 Smartphone,Matara,50860
EH-2024001765,20159,2024-08-09 15:13:46,2,1220,Extension Cord (4-Socket),Matara,2440
EH-2024001766,20018,2024-08-09 15:47:54,1,6430,Abans Blender 400W,Kandy,6430
EH-2024001766,20018,2024-08-09 15:47:54,1,7780,Innovex Rice Cooker 1.8L,Kandy,7780
EH-2024001767,20162,2024-08-10 09:33:47,1,5890,National Table Fan 16-inch,Ratnapura,5890
EH-2024001767,20162,2024-08-10 09:33:47,1,2740,Laptop Cooling Pad,Ratnapura,2740
EH-2024001767,20162,2024-08-10 09:33:47,1,3890,Power Bank 10000mAh,Ratnapura,3890
EH-2024001768,20062,2024-08-10 20:22:13,2,1230,Extension Cord (4-Socket),Colombo,2460
EH-2024001768,20062,2024-08-10 20:22:13,2,1060,Rechargeable LED Bulb,Colombo,2120
EH-2024001769,20016,2024-08-11 17:21:59,1,77100,Singer LED TV 43-inch,Colombo,77100
EH-2024001769,20016,2024-08-11 17:21:59,1,5710,National Table Fan 16-inch,Colombo,5710
EH-2024001770,20109,2024-08-11 18:19:57,1,50250,Xiaomi Redmi 12 Smartphone,Kandy,50250
EH-2024001771,20254,2024-08-12 17:53:38,1,6070,National Table Fan 16-inch,Colombo,6070
EH-2024001772,20147,2024-08-13 08:42:00,1,2490,Laptop Cooling Pad,Colombo,2490
EH-2024001772,20147,2024-08-13 08:42:00,1,21930,Panasonic Inverter 700VA,Colombo,21930
EH-2024001773,20106,2024-08-13 15:17:32,1,2750,Laptop Cooling Pad,Colombo,2750
EH-2024001773,20106,2024-08-13 15:17:32,1,4290,Solar Lantern (Rechargeable),Colombo,4290
EH-2024001773,20106,2024-08-13 15:17:32,3,1060,Rechargeable LED Bulb,Colombo,3180
EH-2024001774,20078,2024-08-13 18:32:49,2,4420,Solar Lantern (Rechargeable),Matara,8840
EH-2024001774,20078,2024-08-13 18:32:49,1,8660,Sony Bluetooth Speaker,Matara,8660
EH-2024001775,20121,2024-08-14 08:09:01,1,24120,Panasonic Inverter 700VA,Gampaha,24120
EH-2024001776,20220,2024-08-14 16:19:13,2,3930,Power Bank 10000mAh,Matara,7860
EH-2024001777,20026,2024-08-14 18:56:34,1,53320,Xiaomi Redmi 12 Smartphone,Jaffna,53320
EH-2024001777,20026,2024-08-14 18:56:34,1,24230,Panasonic Inverter 700VA,Jaffna,24230
EH-2024001777,20026,2024-08-14 18:56:34,1,42710,Singer LED TV 32-inch,Jaffna,42710
EH-2024001778,20016,2024-08-15 19:19:19,2,4500,Solar Lantern (Rechargeable),Colombo,9000
EH-2024001778,20016,2024-08-15 19:19:19,1,6800,Abans Blender 400W,Colombo,6800
EH-2024001779,20244,2024-08-16 09:46:38,1,9050,Sony Bluetooth Speaker,Gampaha,9050
EH-2024001780,20053,2024-08-16 18:06:57,1,5900,Bluetooth Earbuds,Ratnapura,5900
EH-2024001780,20053,2024-08-16 18:06:57,1,2720,Laptop Cooling Pad,Ratnapura,2720
EH-2024001780,20053,2024-08-16 18:06:57,1,4210,Power Bank 10000mAh,Ratnapura,4210
EH-2024001781,20121,2024-08-18 15:52:23,2,3990,Power Bank 10000mAh,Gampaha,7980
EH-2024001782,20153,2024-08-19 08:28:31,1,4230,Solar Lantern (Rechargeable),Colombo,4230
EH-2024001782,20153,2024-08-19 08:28:31,1,1730,Gas Cooker Adapter (LPG-saver),Colombo,1730
EH-2024001782,20153,2024-08-19 08:28:31,1,28230,Inverter Battery 12V 100Ah,Colombo,28230
EH-2024001783,20018,2024-08-19 09:17:40,2,4020,Power Bank 10000mAh,Kandy,8040
EH-2024001783,20018,2024-08-19 09:17:40,1,1190,Extension Cord (4-Socket),Kandy,1190
EH-2024001783,20018,2024-08-19 09:17:40,1,79100,Singer LED TV 43-inch,Kandy,79100
EH-2024001784,20097,2024-08-19 12:38:14,1,44020,Singer LED TV 32-inch,Matale,44020
EH-2024001784,20097,2024-08-19 12:38:14,1,74670,Singer LED TV 43-inch,Matale,74670
EH-2024001784,20097,2024-08-19 12:38:14,1,84660,Samsung Galaxy A14 Smartphone,Matale,84660
EH-2024001785,20125,2024-08-19 14:48:44,1,1180,Extension Cord (4-Socket),Kurunegala,1180
EH-2024001786,20098,2024-08-19 18:14:22,1,9390,Sony Bluetooth Speaker,Colombo,9390
EH-2024001786,20098,2024-08-19 18:14:22,1,6270,National Table Fan 16-inch,Colombo,6270
EH-2024001786,20098,2024-08-19 18:14:22,2,1020,Rechargeable LED Bulb,Colombo,2040
EH-2024001787,20234,2024-08-20 16:53:25,2,3880,Power Bank 10000mAh,Galle,7760
EH-2024001787,20234,2024-08-20 16:53:25,1,22320,Panasonic Inverter 700VA,Galle,22320
EH-2024001787,20234,2024-08-20 16:53:25,1,41720,Singer LED TV 32-inch,Galle,41720
EH-2024001788,20043,2024-08-21 13:27:49,1,45440,Singer LED TV 32-inch,Kurunegala,45440
EH-2024001788,20043,2024-08-21 13:27:49,2,1120,Extension Cord (4-Socket),Kurunegala,2240
EH-2024001789,20141,2024-08-21 16:19:57,1,5790,Bluetooth Earbuds,Gampaha,5790
EH-2024001790,20241,2024-08-21 16:45:13,1,5500,Bluetooth Earbuds,Colombo,5500
EH-2024001790,20241,2024-08-21 16:45:13,1,112770,Kelvinator Refrigerator 190L,Colombo,112770
EH-2024001791,20004,2024-08-22 08:10:30,1,5940,National Table Fan 16-inch,Galle,5940
EH-2024001792,20231,2024-08-22 12:30:15,1,5870,National Table Fan 16-inch,Colombo,5870
EH-2024001793,20048,2024-08-22 15:40:23,1,4360,Solar Lantern (Rechargeable),Colombo,4360
EH-2024001793,20048,2024-08-22 15:40:23,1,41870,Singer LED TV 32-inch,Colombo,41870
EH-2024001794,20160,2024-08-22 16:20:18,1,161580,LG Washing Machine 7kg,Kandy,161580
EH-2024001795,20124,2024-08-22 18:37:47,1,84580,Samsung Galaxy A14 Smartphone,Batticaloa,84580
EH-2024001796,20097,2024-08-23 10:13:34,1,5800,Bluetooth Earbuds,Matale,5800
EH-2024001796,20097,2024-08-23 10:13:34,2,1110,Rechargeable LED Bulb,Matale,2220
EH-2024001797,20058,2024-08-23 15:19:17,1,6170,National Table Fan 16-inch,Galle,6170
EH-2024001797,20058,2024-08-23 15:19:17,1,1850,Gas Cooker Adapter (LPG-saver),Galle,1850
EH-2024001797,20058,2024-08-23 15:19:17,2,1040,Rechargeable LED Bulb,Galle,2080
EH-2024001798,20148,2024-08-23 17:24:28,1,7920,Innovex Rice Cooker 1.8L,Kandy,7920
EH-2024001799,20192,2024-08-24 10:46:25,1,78040,Singer LED TV 43-inch,Kurunegala,78040
EH-2024001799,20192,2024-08-24 10:46:25,3,1000,Rechargeable LED Bulb,Kurunegala,3000
EH-2024001800,20093,2024-08-24 11:52:27,1,23480,Panasonic Inverter 700VA,Anuradhapura,23480
EH-2024001800,20093,2024-08-24 11:52:27,1,42510,Singer LED TV 32-inch,Anuradhapura,42510
EH-2024001801,20019,2024-08-24 14:42:24,1,42960,Singer LED TV 32-inch,Gampaha,42960
EH-2024001801,20019,2024-08-24 14:42:24,1,1810,Gas Cooker Adapter (LPG-saver),Gampaha,1810
EH-2024001802,20098,2024-08-24 17:30:12,1,7850,Innovex Rice Cooker 1.8L,Colombo,7850
EH-2024001802,20098,2024-08-24 17:30:12,2,4530,Philips Electric Kettle,Colombo,9060
EH-2024001803,20071,2024-08-24 18:47:00,2,3890,Power Bank 10000mAh,Kalutara,7780
EH-2024001804,20164,2024-08-25 13:59:59,1,1780,Gas Cooker Adapter (LPG-saver),Gampaha,1780
EH-2024001804,20164,2024-08-25 13:59:59,1,1080,Rechargeable LED Bulb,Gampaha,1080
EH-2024001805,20021,2024-08-26 16:36:17,1,8570,Sony Bluetooth Speaker,Colombo,8570
EH-2024001805,20021,2024-08-26 16:36:17,1,113580,Kelvinator Refrigerator 190L,Colombo,113580
EH-2024001805,20021,2024-08-26 16:36:17,1,5780,National Table Fan 16-inch,Colombo,5780
EH-2024001806,20231,2024-08-27 08:28:36,1,6280,National Table Fan 16-inch,Colombo,6280
EH-2024001807,20071,2024-08-27 13:02:36,1,6280,Abans Blender 400W,Kalutara,6280
EH-2024001807,20071,2024-08-27 13:02:36,1,6220,National Table Fan 16-inch,Kalutara,6220
EH-2024001808,20240,2024-08-27 13:07:48,1,2510,Laptop Cooling Pad,Gampaha,2510
EH-2024001808,20240,2024-08-27 13:07:48,1,113810,Kelvinator Refrigerator 190L,Gampaha,113810
EH-2024001809,20098,2024-08-28 12:32:36,2,4650,Philips Electric Kettle,Colombo,9300
EH-2024001809,20098,2024-08-28 12:32:36,1,6780,Abans Blender 400W,Colombo,6780
EH-2024001809,20098,2024-08-28 12:32:36,1,3950,Power Bank 10000mAh,Colombo,3950
EH-2024001810,20162,2024-08-28 16:12:54,1,49510,Xiaomi Redmi 12 Smartphone,Ratnapura,49510
EH-2024001810,20162,2024-08-28 16:12:54,1,1030,Rechargeable LED Bulb,Ratnapura,1030
EH-2024001810,20162,2024-08-28 16:12:54,1,79370,Singer LED TV 43-inch,Ratnapura,79370
EH-2024001811,20132,2024-08-29 09:42:55,1,81170,Samsung Galaxy A14 Smartphone,Kandy,81170
EH-2024001811,20132,2024-08-29 09:42:55,1,1210,Extension Cord (4-Socket),Kandy,1210
EH-2024001811,20132,2024-08-29 09:42:55,3,1070,Rechargeable LED Bulb,Kandy,3210
EH-2024001812,20133,2024-08-29 17:05:24,3,1030,Rechargeable LED Bulb,Batticaloa,3090
EH-2024001812,20133,2024-08-29 17:05:24,2,4580,Solar Lantern (Rechargeable),Batticaloa,9160
EH-2024001812,20133,2024-08-29 17:05:24,1,54700,Xiaomi Redmi 12 Smartphone,Batticaloa,54700
EH-2024001813,20005,2024-08-29 19:10:01,1,2700,Laptop Cooling Pad,Colombo,2700
EH-2024001814,20119,2024-08-30 13:47:21,1,10790,itel Feature Phone,Gampaha,10790
EH-2024001815,20071,2024-08-30 14:42:57,1,4560,Philips Electric Kettle,Kalutara,4560
EH-2024001815,20071,2024-08-30 14:42:57,1,43170,Singer LED TV 32-inch,Kalutara,43170
EH-2024001816,20234,2024-08-30 18:19:14,1,1070,Rechargeable LED Bulb,Galle,1070
EH-2024001816,20234,2024-08-30 18:19:14,1,6400,Abans Blender 400W,Galle,6400
EH-2024001817,20194,2024-08-30 18:21:53,1,5930,National Table Fan 16-inch,Kalutara,5930
EH-2024001817,20194,2024-08-30 18:21:53,1,8100,Innovex Rice Cooker 1.8L,Kalutara,8100
EH-2024001818,20222,2024-08-31 08:01:00,1,1000,Rechargeable LED Bulb,Matara,1000
EH-2024001819,20260,2024-08-31 12:48:17,1,3970,Power Bank 10000mAh,Galle,3970
EH-2024001819,20260,2024-08-31 12:48:17,1,2570,Laptop Cooling Pad,Galle,2570
EH-2024001820,20179,2024-08-31 17:09:06,2,4550,Solar Lantern (Rechargeable),Gampaha,9100
EH-2024001820,20179,2024-08-31 17:09:06,1,6090,National Table Fan 16-inch,Gampaha,6090
EH-2024001820,20179,2024-08-31 17:09:06,2,1140,Extension Cord (4-Socket),Gampaha,2280
EH-2024001821,20023,2024-08-31 18:44:47,1,2610,Laptop Cooling Pad,Colombo,2610
EH-2024001822,20212,2024-09-01 10:14:05,1,10610,itel Feature Phone,Kurunegala,10610
EH-2024001822,20212,2024-09-01 10:14:05,1,53690,Xiaomi Redmi 12 Smartphone,Kurunegala,53690
EH-2024001823,20213,2024-09-02 15:03:49,1,43130,Singer LED TV 32-inch,Gampaha,43130
EH-2024001824,20231,2024-09-02 16:29:12,1,8870,Sony Bluetooth Speaker,Colombo,8870
EH-2024001824,20231,2024-09-02 16:29:12,1,7700,Innovex Rice Cooker 1.8L,Colombo,7700
EH-2024001825,20193,2024-09-03 10:47:04,1,111870,Kelvinator Refrigerator 190L,Colombo,111870
EH-2024001826,20071,2024-09-03 10:51:56,1,8200,Innovex Rice Cooker 1.8L,Kalutara,8200
EH-2024001827,20123,2024-09-03 15:15:14,1,27800,Inverter Battery 12V 100Ah,Colombo,27800
EH-2024001827,20123,2024-09-03 15:15:14,1,1020,Rechargeable LED Bulb,Colombo,1020
EH-2024001827,20123,2024-09-03 15:15:14,1,8290,Innovex Rice Cooker 1.8L,Colombo,8290
EH-2024001828,20053,2024-09-03 18:41:16,1,27000,Inverter Battery 12V 100Ah,Ratnapura,27000
EH-2024001829,20157,2024-09-04 20:08:29,2,4090,Power Bank 10000mAh,Matale,8180
EH-2024001829,20157,2024-09-04 20:08:29,1,9310,Sony Bluetooth Speaker,Matale,9310
EH-2024001829,20157,2024-09-04 20:08:29,1,5710,National Table Fan 16-inch,Matale,5710
EH-2024001830,20053,2024-09-06 10:32:07,1,6190,National Table Fan 16-inch,Ratnapura,6190
EH-2024001830,20053,2024-09-06 10:32:07,1,10800,itel Feature Phone,Ratnapura,10800
EH-2024001830,20053,2024-09-06 10:32:07,1,8510,Innovex Rice Cooker 1.8L,Ratnapura,8510
EH-2024001831,20062,2024-09-06 12:44:40,1,22010,Panasonic Inverter 700VA,Colombo,22010
EH-2024001831,20062,2024-09-06 12:44:40,3,1010,Rechargeable LED Bulb,Colombo,3030
EH-2024001832,20260,2024-09-06 16:36:41,1,8180,Innovex Rice Cooker 1.8L,Galle,8180
EH-2024001832,20260,2024-09-06 16:36:41,1,2720,Laptop Cooling Pad,Galle,2720
EH-2024001832,20260,2024-09-06 16:36:41,3,1100,Rechargeable LED Bulb,Galle,3300
EH-2024001833,20080,2024-09-06 20:07:21,1,6270,National Table Fan 16-inch,Kalutara,6270
EH-2024001834,20111,2024-09-07 13:03:46,1,5430,Bluetooth Earbuds,Gampaha,5430
EH-2024001834,20111,2024-09-07 13:03:46,1,4020,Power Bank 10000mAh,Gampaha,4020
EH-2024001834,20111,2024-09-07 13:03:46,1,78550,Samsung Galaxy A14 Smartphone,Gampaha,78550
EH-2024001835,20244,2024-09-07 13:24:54,1,27730,Inverter Battery 12V 100Ah,Gampaha,27730
EH-2024001835,20244,2024-09-07 13:24:54,1,85360,Samsung Galaxy A14 Smartphone,Gampaha,85360
EH-2024001836,20053,2024-09-08 11:15:58,1,4580,Philips Electric Kettle,Ratnapura,4580
EH-2024001836,20053,2024-09-08 11:15:58,1,26760,Inverter Battery 12V 100Ah,Ratnapura,26760
EH-2024001836,20053,2024-09-08 11:15:58,1,10590,itel Feature Phone,Ratnapura,10590
EH-2024001837,20071,2024-09-08 17:50:54,2,1100,Rechargeable LED Bulb,Kalutara,2200
EH-2024001837,20071,2024-09-08 17:50:54,2,3910,Power Bank 10000mAh,Kalutara,7820
EH-2024001837,20071,2024-09-08 17:50:54,1,1230,Extension Cord (4-Socket),Kalutara,1230
EH-2024001838,20145,2024-09-08 18:48:39,1,5890,Bluetooth Earbuds,Anuradhapura,5890
EH-2024001838,20145,2024-09-08 18:48:39,1,3950,Power Bank 10000mAh,Anuradhapura,3950
EH-2024001838,20145,2024-09-08 18:48:39,1,7720,Innovex Rice Cooker 1.8L,Anuradhapura,7720
EH-2024001839,20081,2024-09-09 09:12:48,1,78070,Samsung Galaxy A14 Smartphone,Colombo,78070
EH-2024001840,20231,2024-09-09 10:00:15,1,5780,National Table Fan 16-inch,Colombo,5780
EH-2024001840,20231,2024-09-09 10:00:15,2,4160,Solar Lantern (Rechargeable),Colombo,8320
EH-2024001840,20231,2024-09-09 10:00:15,1,77480,Samsung Galaxy A14 Smartphone,Colombo,77480
EH-2024001841,20165,2024-09-09 16:27:53,1,4530,Solar Lantern (Rechargeable),Jaffna,4530
EH-2024001842,20073,2024-09-10 19:41:01,1,53470,Xiaomi Redmi 12 Smartphone,Colombo,53470
EH-2024001842,20073,2024-09-10 19:41:01,1,4170,Power Bank 10000mAh,Colombo,4170
EH-2024001843,20247,2024-09-11 18:35:28,1,6230,National Table Fan 16-inch,Kurunegala,6230
EH-2024001844,20002,2024-09-12 15:29:04,1,4780,Philips Electric Kettle,Colombo,4780
EH-2024001844,20002,2024-09-12 15:29:04,2,1030,Rechargeable LED Bulb,Colombo,2060
EH-2024001844,20002,2024-09-12 15:29:04,2,3890,Power Bank 10000mAh,Colombo,7780
EH-2024001845,20194,2024-09-13 08:39:07,1,43350,Singer LED TV 32-inch,Kalutara,43350
EH-2024001845,20194,2024-09-13 08:39:07,1,6220,National Table Fan 16-inch,Kalutara,6220
EH-2024001846,20080,2024-09-13 18:31:55,1,53270,Xiaomi Redmi 12 Smartphone,Kalutara,53270
EH-2024001846,20080,2024-09-13 18:31:55,2,3810,Power Bank 10000mAh,Kalutara,7620
EH-2024001847,20259,2024-09-14 18:47:51,1,5960,National Table Fan 16-inch,Kurunegala,5960
EH-2024001848,20071,2024-09-15 10:05:32,1,9290,Sony Bluetooth Speaker,Kalutara,9290
EH-2024001849,20086,2024-09-15 17:12:40,1,10180,itel Feature Phone,Galle,10180
EH-2024001849,20086,2024-09-15 17:12:40,1,5870,National Table Fan 16-inch,Galle,5870
EH-2024001850,20122,2024-09-16 08:10:37,1,26990,Inverter Battery 12V 100Ah,Kandy,26990
EH-2024001850,20122,2024-09-16 08:10:37,2,4710,Philips Electric Kettle,Kandy,9420
EH-2024001851,20045,2024-09-16 14:09:39,1,5610,Bluetooth Earbuds,Colombo,5610
EH-2024001851,20045,2024-09-16 14:09:39,1,6490,Abans Blender 400W,Colombo,6490
EH-2024001851,20045,2024-09-16 14:09:39,1,9270,Sony Bluetooth Speaker,Colombo,9270
EH-2024001852,20125,2024-09-17 08:25:18,2,4450,Solar Lantern (Rechargeable),Kurunegala,8900
EH-2024001852,20125,2024-09-17 08:25:18,1,1040,Rechargeable LED Bulb,Kurunegala,1040
EH-2024001852,20125,2024-09-17 08:25:18,1,42580,Singer LED TV 32-inch,Kurunegala,42580
EH-2024001853,20115,2024-09-17 17:22:36,1,4230,Solar Lantern (Rechargeable),Gampaha,4230
EH-2024001853,20115,2024-09-17 17:22:36,2,1180,Extension Cord (4-Socket),Gampaha,2360
EH-2024001853,20115,2024-09-17 17:22:36,1,8260,Innovex Rice Cooker 1.8L,Gampaha,8260
EH-2024001854,20057,2024-09-17 17:32:42,1,41700,Singer LED TV 32-inch,Gampaha,41700
EH-2024001855,20207,2024-09-17 17:37:03,1,5490,Bluetooth Earbuds,Colombo,5490
EH-2024001855,20207,2024-09-17 17:37:03,1,4030,Power Bank 10000mAh,Colombo,4030
EH-2024001855,20207,2024-09-17 17:37:03,1,1220,Extension Cord (4-Socket),Colombo,1220
EH-2024001856,20165,2024-09-18 09:38:19,1,3830,Power Bank 10000mAh,Jaffna,3830
EH-2024001857,20095,2024-09-19 09:04:49,2,4310,Solar Lantern (Rechargeable),Kurunegala,8620
EH-2024001858,20187,2024-09-19 12:11:26,1,4540,Philips Electric Kettle,Gampaha,4540
EH-2024001858,20187,2024-09-19 12:11:26,1,1130,Extension Cord (4-Socket),Gampaha,1130
EH-2024001859,20044,2024-09-19 12:36:12,1,27060,Inverter Battery 12V 100Ah,Jaffna,27060
EH-2024001860,20136,2024-09-19 14:57:44,2,3840,Power Bank 10000mAh,Gampaha,7680
EH-2024001860,20136,2024-09-19 14:57:44,1,6300,National Table Fan 16-inch,Gampaha,6300
EH-2024001860,20136,2024-09-19 14:57:44,1,5590,Bluetooth Earbuds,Gampaha,5590
EH-2024001861,20222,2024-09-19 17:23:39,1,105330,Kelvinator Refrigerator 190L,Matara,105330
EH-2024001861,20222,2024-09-19 17:23:39,1,6200,National Table Fan 16-inch,Matara,6200
EH-2024001861,20222,2024-09-19 17:23:39,1,81000,Singer LED TV 43-inch,Matara,81000
EH-2024001862,20237,2024-09-19 18:31:53,1,9120,Sony Bluetooth Speaker,Kandy,9120
EH-2024001862,20237,2024-09-19 18:31:53,1,26820,Inverter Battery 12V 100Ah,Kandy,26820
EH-2024001863,20177,2024-09-21 09:32:18,1,151710,LG Washing Machine 7kg,Gampaha,151710
EH-2024001863,20177,2024-09-21 09:32:18,1,6220,National Table Fan 16-inch,Gampaha,6220
EH-2024001863,20177,2024-09-21 09:32:18,1,4150,Power Bank 10000mAh,Gampaha,4150
EH-2024001864,20183,2024-09-21 10:30:40,1,1230,Extension Cord (4-Socket),Kalutara,1230
EH-2024001864,20183,2024-09-21 10:30:40,1,24030,Panasonic Inverter 700VA,Kalutara,24030
EH-2024001865,20199,2024-09-21 10:48:08,1,11100,itel Feature Phone,Gampaha,11100
EH-2024001865,20199,2024-09-21 10:48:08,2,4960,Philips Electric Kettle,Gampaha,9920
EH-2024001865,20199,2024-09-21 10:48:08,1,3780,Power Bank 10000mAh,Gampaha,3780
EH-2024001866,20220,2024-09-22 08:29:38,1,44120,Singer LED TV 32-inch,Matara,44120
EH-2024001866,20220,2024-09-22 08:29:38,3,1020,Rechargeable LED Bulb,Matara,3060
EH-2024001866,20220,2024-09-22 08:29:38,1,8680,Sony Bluetooth Speaker,Matara,8680
EH-2024001867,20162,2024-09-23 17:11:59,1,1070,Rechargeable LED Bulb,Ratnapura,1070
EH-2024001867,20162,2024-09-23 17:11:59,1,26570,Inverter Battery 12V 100Ah,Ratnapura,26570
EH-2024001867,20162,2024-09-23 17:11:59,1,42920,Singer LED TV 32-inch,Ratnapura,42920
EH-2024001868,20115,2024-09-23 18:07:18,1,2620,Laptop Cooling Pad,Gampaha,2620
EH-2024001868,20115,2024-09-23 18:07:18,1,105000,Kelvinator Refrigerator 190L,Gampaha,105000
EH-2024001868,20115,2024-09-23 18:07:18,1,78040,Samsung Galaxy A14 Smartphone,Gampaha,78040
EH-2024001869,20165,2024-09-24 09:09:59,2,1120,Extension Cord (4-Socket),Jaffna,2240
EH-2024001869,20165,2024-09-24 09:09:59,1,112840,Kelvinator Refrigerator 190L,Jaffna,112840
EH-2024001869,20165,2024-09-24 09:09:59,1,9190,Sony Bluetooth Speaker,Jaffna,9190
EH-2024001870,20110,2024-09-24 14:39:07,2,1190,Extension Cord (4-Socket),Matale,2380
EH-2024001870,20110,2024-09-24 14:39:07,1,7910,Innovex Rice Cooker 1.8L,Matale,7910
EH-2024001870,20110,2024-09-24 14:39:07,1,5800,National Table Fan 16-inch,Matale,5800
EH-2024001871,20083,2024-09-24 16:35:18,2,1230,Extension Cord (4-Socket),Kandy,2460
EH-2024001871,20083,2024-09-24 16:35:18,1,10630,itel Feature Phone,Kandy,10630
EH-2024001872,20081,2024-09-25 08:54:20,1,110590,Kelvinator Refrigerator 190L,Colombo,110590
EH-2024001872,20081,2024-09-25 08:54:20,1,78460,Singer LED TV 43-inch,Colombo,78460
EH-2024001872,20081,2024-09-25 08:54:20,2,4020,Power Bank 10000mAh,Colombo,8040
EH-2024001873,20098,2024-09-25 11:51:22,1,2680,Laptop Cooling Pad,Colombo,2680
EH-2024001874,20120,2024-09-25 18:13:04,1,1010,Rechargeable LED Bulb,Ratnapura,1010
EH-2024001874,20120,2024-09-25 18:13:04,1,10460,itel Feature Phone,Ratnapura,10460
EH-2024001874,20120,2024-09-25 18:13:04,2,1150,Extension Cord (4-Socket),Ratnapura,2300
EH-2024001875,20027,2024-09-26 12:23:25,1,5480,Bluetooth Earbuds,Gampaha,5480
EH-2024001876,20062,2024-09-26 17:59:51,2,1120,Rechargeable LED Bulb,Colombo,2240
EH-2024001876,20062,2024-09-26 17:59:51,2,4130,Solar Lantern (Rechargeable),Colombo,8260
EH-2024001877,20121,2024-09-26 18:03:37,1,6490,Abans Blender 400W,Gampaha,6490
EH-2024001877,20121,2024-09-26 18:03:37,1,8480,Innovex Rice Cooker 1.8L,Gampaha,8480
EH-2024001877,20121,2024-09-26 18:03:37,1,5540,Bluetooth Earbuds,Gampaha,5540
EH-2024001878,20108,2024-09-27 14:12:28,2,1080,Rechargeable LED Bulb,Batticaloa,2160
EH-2024001878,20108,2024-09-27 14:12:28,1,1230,Extension Cord (4-Socket),Batticaloa,1230
EH-2024001879,20217,2024-09-27 14:35:33,1,41480,Singer LED TV 32-inch,Gampaha,41480
EH-2024001880,20112,2024-09-28 09:01:23,1,1190,Extension Cord (4-Socket),Gampaha,1190
EH-2024001881,20132,2024-09-28 15:55:22,1,6270,Abans Blender 400W,Kandy,6270
EH-2024001882,20008,2024-09-28 17:52:36,1,8000,Innovex Rice Cooker 1.8L,Kurunegala,8000
EH-2024001882,20008,2024-09-28 17:52:36,1,52040,Xiaomi Redmi 12 Smartphone,Kurunegala,52040
EH-2024001883,20045,2024-09-29 18:51:32,1,22540,Panasonic Inverter 700VA,Colombo,22540
EH-2024001883,20045,2024-09-29 18:51:32,2,4490,Philips Electric Kettle,Colombo,8980
EH-2024001883,20045,2024-09-29 18:51:32,1,8500,Sony Bluetooth Speaker,Colombo,8500
EH-2024001884,20123,2024-09-29 19:38:14,1,4290,Solar Lantern (Rechargeable),Colombo,4290
EH-2024001884,20123,2024-09-29 19:38:14,1,3930,Power Bank 10000mAh,Colombo,3930
EH-2024001885,20053,2024-09-29 19:59:54,1,1770,Gas Cooker Adapter (LPG-saver),Ratnapura,1770
EH-2024001886,20192,2024-09-29 20:19:26,1,3790,Power Bank 10000mAh,Kurunegala,3790
EH-2024001886,20192,2024-09-29 20:19:26,1,6170,Abans Blender 400W,Kurunegala,6170
EH-2024001886,20192,2024-09-29 20:19:26,1,5790,Bluetooth Earbuds,Kurunegala,5790
EH-2024001887,20115,2024-09-30 10:20:16,1,73490,Singer LED TV 43-inch,Gampaha,73490
EH-2024001887,20115,2024-09-30 10:20:16,1,109730,Kelvinator Refrigerator 190L,Gampaha,109730
EH-2024001887,20115,2024-09-30 10:20:16,1,8630,Sony Bluetooth Speaker,Gampaha,8630
EH-2024001888,20104,2024-09-30 15:41:20,1,7880,Innovex Rice Cooker 1.8L,Ratnapura,7880
EH-2024001888,20104,2024-09-30 15:41:20,1,4400,Solar Lantern (Rechargeable),Ratnapura,4400
EH-2024001889,20042,2024-09-30 18:40:51,1,1840,Gas Cooker Adapter (LPG-saver),Gampaha,1840
EH-2024001890,20220,2024-10-01 17:50:34,1,6120,National Table Fan 16-inch,Matara,6120
EH-2024001890,20220,2024-10-01 17:50:34,2,4480,Philips Electric Kettle,Matara,8960
EH-2024001890,20220,2024-10-01 17:50:34,2,4590,Solar Lantern (Rechargeable),Matara,9180
EH-2024001891,20097,2024-10-02 13:15:51,3,1080,Rechargeable LED Bulb,Matale,3240
EH-2024001891,20097,2024-10-02 13:15:51,1,2490,Laptop Cooling Pad,Matale,2490
EH-2024001892,20104,2024-10-02 13:21:53,1,6470,Abans Blender 400W,Ratnapura,6470
EH-2024001893,20136,2024-10-02 17:01:31,1,5450,Bluetooth Earbuds,Gampaha,5450
EH-2024001894,20053,2024-10-02 18:26:10,2,4160,Power Bank 10000mAh,Ratnapura,8320
EH-2024001894,20053,2024-10-02 18:26:10,1,5620,Bluetooth Earbuds,Ratnapura,5620
EH-2024001895,20043,2024-10-02 20:39:54,1,41570,Singer LED TV 32-inch,Kurunegala,41570
EH-2024001895,20043,2024-10-02 20:39:54,1,4650,Philips Electric Kettle,Kurunegala,4650
EH-2024001895,20043,2024-10-02 20:39:54,1,1860,Gas Cooker Adapter (LPG-saver),Kurunegala,1860
EH-2024001896,20150,2024-10-04 15:20:19,1,28790,Inverter Battery 12V 100Ah,Ratnapura,28790
EH-2024001897,20157,2024-10-04 18:55:25,1,149470,LG Washing Machine 7kg,Matale,149470
EH-2024001897,20157,2024-10-04 18:55:25,1,4340,Solar Lantern (Rechargeable),Matale,4340
EH-2024001897,20157,2024-10-04 18:55:25,2,1090,Rechargeable LED Bulb,Matale,2180
EH-2024001898,20138,2024-10-05 08:51:51,1,4340,Solar Lantern (Rechargeable),Badulla,4340
EH-2024001899,20145,2024-10-05 11:10:13,1,4150,Power Bank 10000mAh,Anuradhapura,4150
EH-2024001899,20145,2024-10-05 11:10:13,1,21870,Panasonic Inverter 700VA,Anuradhapura,21870
EH-2024001899,20145,2024-10-05 11:10:13,2,4470,Solar Lantern (Rechargeable),Anuradhapura,8940
EH-2024001900,20080,2024-10-05 16:43:38,1,105840,Kelvinator Refrigerator 190L,Kalutara,105840
EH-2024001901,20098,2024-10-05 20:26:35,1,78870,Samsung Galaxy A14 Smartphone,Colombo,78870
EH-2024001902,20242,2024-10-06 09:37:56,1,8420,Innovex Rice Cooker 1.8L,Gampaha,8420
EH-2024001902,20242,2024-10-06 09:37:56,1,28390,Inverter Battery 12V 100Ah,Gampaha,28390
EH-2024001903,20231,2024-10-06 14:44:46,1,5670,Bluetooth Earbuds,Colombo,5670
EH-2024001904,20081,2024-10-06 16:16:43,2,3860,Power Bank 10000mAh,Colombo,7720
EH-2024001905,20162,2024-10-08 10:26:00,1,6240,Abans Blender 400W,Ratnapura,6240
EH-2024001906,20193,2024-10-09 14:24:29,1,23170,Panasonic Inverter 700VA,Colombo,23170
EH-2024001906,20193,2024-10-09 14:24:29,1,76880,Singer LED TV 43-inch,Colombo,76880
EH-2024001906,20193,2024-10-09 14:24:29,2,4170,Power Bank 10000mAh,Colombo,8340
EH-2024001907,20188,2024-10-09 15:40:27,2,4030,Power Bank 10000mAh,Trincomalee,8060
EH-2024001907,20188,2024-10-09 15:40:27,1,8110,Innovex Rice Cooker 1.8L,Trincomalee,8110
EH-2024001908,20108,2024-10-09 17:16:37,1,5820,Bluetooth Earbuds,Batticaloa,5820
EH-2024001909,20104,2024-10-09 18:16:21,2,3840,Power Bank 10000mAh,Ratnapura,7680
EH-2024001909,20104,2024-10-09 18:16:21,1,22580,Panasonic Inverter 700VA,Ratnapura,22580
EH-2024001909,20104,2024-10-09 18:16:21,1,1860,Gas Cooker Adapter (LPG-saver),Ratnapura,1860
EH-2024001910,20191,2024-10-10 08:35:03,1,11090,itel Feature Phone,Galle,11090
EH-2024001911,20149,2024-10-10 11:48:47,2,1140,Extension Cord (4-Socket),Kurunegala,2280
EH-2024001912,20002,2024-10-10 12:56:24,1,81330,Samsung Galaxy A14 Smartphone,Colombo,81330
EH-2024001912,20002,2024-10-10 12:56:24,1,153420,LG Washing Machine 7kg,Colombo,153420
EH-2024001912,20002,2024-10-10 12:56:24,1,5940,National Table Fan 16-inch,Colombo,5940
EH-2024001913,20044,2024-10-11 15:32:15,1,116780,Kelvinator Refrigerator 190L,Jaffna,116780
EH-2024001913,20044,2024-10-11 15:32:15,2,1020,Rechargeable LED Bulb,Jaffna,2040
EH-2024001914,20105,2024-10-11 17:18:23,1,53090,Xiaomi Redmi 12 Smartphone,Anuradhapura,53090
EH-2024001914,20105,2024-10-11 17:18:23,1,1830,Gas Cooker Adapter (LPG-saver),Anuradhapura,1830
EH-2024001915,20010,2024-10-11 18:55:45,1,1020,Rechargeable LED Bulb,Colombo,1020
EH-2024001916,20024,2024-10-11 19:07:01,1,5870,National Table Fan 16-inch,Colombo,5870
EH-2024001916,20024,2024-10-11 19:07:01,1,8740,Sony Bluetooth Speaker,Colombo,8740
EH-2024001917,20024,2024-10-12 13:22:26,1,5670,National Table Fan 16-inch,Colombo,5670
EH-2024001917,20024,2024-10-12 13:22:26,1,10480,itel Feature Phone,Colombo,10480
EH-2024001918,20229,2024-10-14 13:17:55,1,22400,Panasonic Inverter 700VA,Colombo,22400
EH-2024001919,20069,2024-10-14 13:41:14,2,4680,Philips Electric Kettle,Kurunegala,9360
EH-2024001920,20150,2024-10-14 15:48:22,1,76740,Singer LED TV 43-inch,Ratnapura,76740
EH-2024001920,20150,2024-10-14 15:48:22,1,1790,Gas Cooker Adapter (LPG-saver),Ratnapura,1790
EH-2024001921,20097,2024-10-14 19:33:36,1,80920,Samsung Galaxy A14 Smartphone,Matale,80920
EH-2024001922,20174,2024-10-15 11:14:33,1,53940,Xiaomi Redmi 12 Smartphone,Jaffna,53940
EH-2024001922,20174,2024-10-15 11:14:33,1,5790,National Table Fan 16-inch,Jaffna,5790
EH-2024001923,20164,2024-10-15 19:19:25,1,4200,Power Bank 10000mAh,Gampaha,4200
EH-2024001924,20054,2024-10-16 13:48:18,2,4360,Solar Lantern (Rechargeable),Colombo,8720
EH-2024001924,20054,2024-10-16 13:48:18,1,6530,Abans Blender 400W,Colombo,6530
EH-2024001924,20054,2024-10-16 13:48:18,1,51320,Xiaomi Redmi 12 Smartphone,Colombo,51320
EH-2024001925,20049,2024-10-16 18:43:33,1,115730,Kelvinator Refrigerator 190L,Colombo,115730
EH-2024001925,20049,2024-10-16 18:43:33,2,1140,Extension Cord (4-Socket),Colombo,2280
EH-2024001926,20021,2024-10-17 09:31:35,1,5850,Bluetooth Earbuds,Colombo,5850
EH-2024001926,20021,2024-10-17 09:31:35,1,4560,Philips Electric Kettle,Colombo,4560
EH-2024001927,20148,2024-10-17 12:13:59,1,5390,Bluetooth Earbuds,Kandy,5390
EH-2024001927,20148,2024-10-17 12:13:59,1,1210,Extension Cord (4-Socket),Kandy,1210
EH-2024001928,20164,2024-10-17 15:21:17,1,1770,Gas Cooker Adapter (LPG-saver),Gampaha,1770
EH-2024001928,20164,2024-10-17 15:21:17,2,1190,Extension Cord (4-Socket),Gampaha,2380
EH-2024001929,20071,2024-10-17 16:26:52,1,5650,Bluetooth Earbuds,Kalutara,5650
EH-2024001929,20071,2024-10-17 16:26:52,1,4180,Solar Lantern (Rechargeable),Kalutara,4180
EH-2024001929,20071,2024-10-17 16:26:52,1,1240,Extension Cord (4-Socket),Kalutara,1240
EH-2024001930,20025,2024-10-18 15:51:56,1,9240,Sony Bluetooth Speaker,Colombo,9240
EH-2024001931,20015,2024-10-18 17:31:43,1,10210,itel Feature Phone,Colombo,10210
EH-2024001931,20015,2024-10-18 17:31:43,2,4490,Solar Lantern (Rechargeable),Colombo,8980
EH-2024001932,20031,2024-10-19 14:57:54,1,27310,Inverter Battery 12V 100Ah,Kurunegala,27310
EH-2024001932,20031,2024-10-19 14:57:54,1,77950,Singer LED TV 43-inch,Kurunegala,77950
EH-2024001933,20058,2024-10-19 19:55:34,1,26810,Inverter Battery 12V 100Ah,Galle,26810
EH-2024001934,20057,2024-10-20 14:01:11,1,26000,Inverter Battery 12V 100Ah,Gampaha,26000
EH-2024001934,20057,2024-10-20 14:01:11,1,8650,Sony Bluetooth Speaker,Gampaha,8650
EH-2024001935,20229,2024-10-21 15:19:27,1,109460,Kelvinator Refrigerator 190L,Colombo,109460
EH-2024001935,20229,2024-10-21 15:19:27,1,26040,Inverter Battery 12V 100Ah,Colombo,26040
EH-2024001935,20229,2024-10-21 15:19:27,3,1040,Rechargeable LED Bulb,Colombo,3120
EH-2024001936,20245,2024-10-21 20:44:48,1,1140,Extension Cord (4-Socket),Gampaha,1140
EH-2024001936,20245,2024-10-21 20:44:48,1,9380,Sony Bluetooth Speaker,Gampaha,9380
EH-2024001936,20245,2024-10-21 20:44:48,1,6740,Abans Blender 400W,Gampaha,6740
EH-2024001937,20053,2024-10-22 10:09:43,1,27750,Inverter Battery 12V 100Ah,Ratnapura,27750
EH-2024001938,20244,2024-10-22 15:57:27,1,6590,Abans Blender 400W,Gampaha,6590
EH-2024001939,20247,2024-10-23 08:27:58,1,22700,Panasonic Inverter 700VA,Kurunegala,22700
EH-2024001939,20247,2024-10-23 08:27:58,1,1200,Extension Cord (4-Socket),Kurunegala,1200
EH-2024001940,20080,2024-10-23 10:46:18,1,1800,Gas Cooker Adapter (LPG-saver),Kalutara,1800
EH-2024001941,20123,2024-10-23 11:16:17,1,5610,Bluetooth Earbuds,Colombo,5610
EH-2024001942,20250,2024-10-23 18:00:39,2,3890,Power Bank 10000mAh,Kalutara,7780
EH-2024001943,20115,2024-10-23 20:55:38,1,5720,National Table Fan 16-inch,Gampaha,5720
EH-2024001943,20115,2024-10-23 20:55:38,1,77340,Singer LED TV 43-inch,Gampaha,77340
EH-2024001943,20115,2024-10-23 20:55:38,1,10470,itel Feature Phone,Gampaha,10470
EH-2024001944,20013,2024-10-24 09:39:46,1,1200,Extension Cord (4-Socket),Colombo,1200
EH-2024001944,20013,2024-10-24 09:39:46,2,1090,Rechargeable LED Bulb,Colombo,2180
EH-2024001944,20013,2024-10-24 09:39:46,1,23070,Panasonic Inverter 700VA,Colombo,23070
EH-2024001945,20182,2024-10-24 16:37:27,1,11160,itel Feature Phone,Colombo,11160
EH-2024001945,20182,2024-10-24 16:37:27,1,108140,Kelvinator Refrigerator 190L,Colombo,108140
EH-2024001946,20011,2024-10-25 09:04:12,1,5970,National Table Fan 16-inch,Ratnapura,5970
EH-2024001946,20011,2024-10-25 09:04:12,1,5740,Bluetooth Earbuds,Ratnapura,5740
EH-2024001947,20239,2024-10-25 13:01:23,1,26120,Inverter Battery 12V 100Ah,Gampaha,26120
EH-2024001947,20239,2024-10-25 13:01:23,1,84980,Samsung Galaxy A14 Smartphone,Gampaha,84980
EH-2024001947,20239,2024-10-25 13:01:23,1,1160,Extension Cord (4-Socket),Gampaha,1160
EH-2024001948,20255,2024-10-25 14:29:09,2,4190,Power Bank 10000mAh,Colombo,8380
EH-2024001948,20255,2024-10-25 14:29:09,1,43420,Singer LED TV 32-inch,Colombo,43420
EH-2024001949,20072,2024-10-26 12:16:32,1,3820,Power Bank 10000mAh,Kurunegala,3820
EH-2024001949,20072,2024-10-26 12:16:32,1,76870,Samsung Galaxy A14 Smartphone,Kurunegala,76870
EH-2024001949,20072,2024-10-26 12:16:32,1,6100,National Table Fan 16-inch,Kurunegala,6100
EH-2024001950,20224,2024-10-26 17:25:54,1,8820,Sony Bluetooth Speaker,Ratnapura,8820
EH-2024001950,20224,2024-10-26 17:25:54,1,4450,Solar Lantern (Rechargeable),Ratnapura,4450
EH-2024001950,20224,2024-10-26 17:25:54,3,1050,Rechargeable LED Bulb,Ratnapura,3150
EH-2024001951,20260,2024-10-26 19:06:25,2,4310,Solar Lantern (Rechargeable),Galle,8620
EH-2024001951,20260,2024-10-26 19:06:25,1,10490,itel Feature Phone,Galle,10490
EH-2024001951,20260,2024-10-26 19:06:25,1,23330,Panasonic Inverter 700VA,Galle,23330
EH-2024001952,20002,2024-10-26 19:48:17,1,1180,Extension Cord (4-Socket),Colombo,1180
EH-2024001952,20002,2024-10-26 19:48:17,3,1010,Rechargeable LED Bulb,Colombo,3030
EH-2024001953,20043,2024-10-26 19:57:01,1,5700,Bluetooth Earbuds,Kurunegala,5700
EH-2024001953,20043,2024-10-26 19:57:01,1,3940,Power Bank 10000mAh,Kurunegala,3940
EH-2024001954,20086,2024-10-27 19:46:29,1,158230,LG Washing Machine 7kg,Galle,158230
EH-2024001954,20086,2024-10-27 19:46:29,3,1030,Rechargeable LED Bulb,Galle,3090
EH-2024001954,20086,2024-10-27 19:46:29,1,5360,Bluetooth Earbuds,Galle,5360
EH-2024001955,20192,2024-10-29 12:40:16,1,52250,Xiaomi Redmi 12 Smartphone,Kurunegala,52250
EH-2024001955,20192,2024-10-29 12:40:16,2,3780,Power Bank 10000mAh,Kurunegala,7560
EH-2024001956,20169,2024-10-29 18:45:14,2,1170,Extension Cord (4-Socket),Kalutara,2340
EH-2024001956,20169,2024-10-29 18:45:14,1,8110,Innovex Rice Cooker 1.8L,Kalutara,8110
EH-2024001956,20169,2024-10-29 18:45:14,1,79580,Singer LED TV 43-inch,Kalutara,79580
EH-2024001957,20162,2024-10-29 20:28:33,1,84080,Samsung Galaxy A14 Smartphone,Ratnapura,84080
EH-2024001957,20162,2024-10-29 20:28:33,1,5800,Bluetooth Earbuds,Ratnapura,5800
EH-2024001957,20162,2024-10-29 20:28:33,1,9220,Sony Bluetooth Speaker,Ratnapura,9220
EH-2024001958,20096,2024-10-31 18:24:49,2,4560,Philips Electric Kettle,Ratnapura,9120
EH-2024001959,20208,2024-10-31 19:08:19,1,4150,Solar Lantern (Rechargeable),Gampaha,4150
EH-2024001959,20208,2024-10-31 19:08:19,2,4060,Power Bank 10000mAh,Gampaha,8120
EH-2024001959,20208,2024-10-31 19:08:19,2,1220,Extension Cord (4-Socket),Gampaha,2440
EH-2024001960,20057,2024-11-01 19:01:09,1,42580,Singer LED TV 32-inch,Gampaha,42580
EH-2024001960,20057,2024-11-01 19:01:09,1,11120,itel Feature Phone,Gampaha,11120
EH-2024001960,20057,2024-11-01 19:01:09,1,5880,National Table Fan 16-inch,Gampaha,5880
EH-2024001961,20106,2024-11-02 10:04:20,1,10420,itel Feature Phone,Colombo,10420
EH-2024001961,20106,2024-11-02 10:04:20,1,1000,Rechargeable LED Bulb,Colombo,1000
EH-2024001961,20106,2024-11-02 10:04:20,1,5580,Bluetooth Earbuds,Colombo,5580
EH-2024001962,20051,2024-11-02 10:29:51,1,4140,Solar Lantern (Rechargeable),Gampaha,4140
EH-2024001963,20082,2024-11-02 10:53:12,1,8050,Innovex Rice Cooker 1.8L,Kurunegala,8050
EH-2024001963,20082,2024-11-02 10:53:12,1,5740,Bluetooth Earbuds,Kurunegala,5740
EH-2024001964,20108,2024-11-02 18:11:13,1,5820,Bluetooth Earbuds,Batticaloa,5820
EH-2024001964,20108,2024-11-02 18:11:13,2,3960,Power Bank 10000mAh,Batticaloa,7920
EH-2024001965,20060,2024-11-03 10:11:43,1,2580,Laptop Cooling Pad,Gampaha,2580
EH-2024001965,20060,2024-11-03 10:11:43,2,4280,Solar Lantern (Rechargeable),Gampaha,8560
EH-2024001966,20005,2024-11-03 17:46:58,1,4290,Solar Lantern (Rechargeable),Colombo,4290
EH-2024001966,20005,2024-11-03 17:46:58,1,148590,LG Washing Machine 7kg,Colombo,148590
EH-2024001966,20005,2024-11-03 17:46:58,1,6350,Abans Blender 400W,Colombo,6350
EH-2024001967,20142,2024-11-03 18:04:48,2,1240,Extension Cord (4-Socket),Gampaha,2480
EH-2024001967,20142,2024-11-03 18:04:48,2,3790,Power Bank 10000mAh,Gampaha,7580
EH-2024001967,20142,2024-11-03 18:04:48,1,151820,LG Washing Machine 7kg,Gampaha,151820
EH-2024001968,20026,2024-11-03 20:11:36,1,8480,Innovex Rice Cooker 1.8L,Jaffna,8480
EH-2024001968,20026,2024-11-03 20:11:36,2,1070,Rechargeable LED Bulb,Jaffna,2140
EH-2024001968,20026,2024-11-03 20:11:36,1,2490,Laptop Cooling Pad,Jaffna,2490
EH-2024001969,20244,2024-11-03 20:23:34,1,8380,Innovex Rice Cooker 1.8L,Gampaha,8380
EH-2024001970,20057,2024-11-04 20:31:29,2,4660,Philips Electric Kettle,Gampaha,9320
EH-2024001970,20057,2024-11-04 20:31:29,1,80350,Samsung Galaxy A14 Smartphone,Gampaha,80350
EH-2024001970,20057,2024-11-04 20:31:29,1,5740,National Table Fan 16-inch,Gampaha,5740
EH-2024001971,20243,2024-11-05 13:23:16,1,4040,Power Bank 10000mAh,Colombo,4040
EH-2024001972,20121,2024-11-05 14:59:02,1,21960,Panasonic Inverter 700VA,Gampaha,21960
EH-2024001972,20121,2024-11-05 14:59:02,1,26880,Inverter Battery 12V 100Ah,Gampaha,26880
EH-2024001972,20121,2024-11-05 14:59:02,1,5750,National Table Fan 16-inch,Gampaha,5750
EH-2024001973,20215,2024-11-05 19:05:23,1,5850,National Table Fan 16-inch,Kandy,5850
EH-2024001973,20215,2024-11-05 19:05:23,1,8220,Innovex Rice Cooker 1.8L,Kandy,8220
EH-2024001974,20127,2024-11-07 11:32:41,1,52070,Xiaomi Redmi 12 Smartphone,Anuradhapura,52070
EH-2024001974,20127,2024-11-07 11:32:41,1,5670,National Table Fan 16-inch,Anuradhapura,5670
EH-2024001975,20057,2024-11-07 13:56:15,1,1010,Rechargeable LED Bulb,Gampaha,1010
EH-2024001975,20057,2024-11-07 13:56:15,1,6400,Abans Blender 400W,Gampaha,6400
EH-2024001976,20231,2024-11-07 17:12:17,1,77690,Samsung Galaxy A14 Smartphone,Colombo,77690
EH-2024001976,20231,2024-11-07 17:12:17,1,8210,Innovex Rice Cooker 1.8L,Colombo,8210
EH-2024001977,20194,2024-11-07 19:38:36,1,21890,Panasonic Inverter 700VA,Kalutara,21890
EH-2024001977,20194,2024-11-07 19:38:36,1,8210,Innovex Rice Cooker 1.8L,Kalutara,8210
EH-2024001977,20194,2024-11-07 19:38:36,1,4030,Power Bank 10000mAh,Kalutara,4030
EH-2024001978,20115,2024-11-07 20:28:34,1,3810,Power Bank 10000mAh,Gampaha,3810
EH-2024001978,20115,2024-11-07 20:28:34,1,6170,Abans Blender 400W,Gampaha,6170
EH-2024001979,20225,2024-11-08 19:06:36,1,6210,National Table Fan 16-inch,Galle,6210
EH-2024001979,20225,2024-11-08 19:06:36,1,28320,Inverter Battery 12V 100Ah,Galle,28320
EH-2024001979,20225,2024-11-08 19:06:36,2,4610,Philips Electric Kettle,Galle,9220
EH-2024001980,20097,2024-11-09 13:46:03,1,6810,Abans Blender 400W,Matale,6810
EH-2024001980,20097,2024-11-09 13:46:03,1,8870,Sony Bluetooth Speaker,Matale,8870
EH-2024001981,20231,2024-11-09 15:21:20,1,10840,itel Feature Phone,Colombo,10840
EH-2024001981,20231,2024-11-09 15:21:20,2,4720,Philips Electric Kettle,Colombo,9440
EH-2024001982,20113,2024-11-09 16:45:16,1,2560,Laptop Cooling Pad,Kalutara,2560
EH-2024001983,20220,2024-11-10 10:11:56,1,5570,Bluetooth Earbuds,Matara,5570
EH-2024001983,20220,2024-11-10 10:11:56,2,4540,Solar Lantern (Rechargeable),Matara,9080
EH-2024001983,20220,2024-11-10 10:11:56,1,112050,Kelvinator Refrigerator 190L,Matara,112050
EH-2024001984,20136,2024-11-10 10:53:08,1,6280,Abans Blender 400W,Gampaha,6280
EH-2024001984,20136,2024-11-10 10:53:08,1,9140,Sony Bluetooth Speaker,Gampaha,9140
EH-2024001984,20136,2024-11-10 10:53:08,1,5560,Bluetooth Earbuds,Gampaha,5560
EH-2024001985,20172,2024-11-10 13:52:46,1,8230,Innovex Rice Cooker 1.8L,Kandy,8230
EH-2024001986,20229,2024-11-11 11:04:56,1,77930,Samsung Galaxy A14 Smartphone,Colombo,77930
EH-2024001986,20229,2024-11-11 11:04:56,2,1120,Extension Cord (4-Socket),Colombo,2240
EH-2024001987,20045,2024-11-11 13:33:05,1,8210,Innovex Rice Cooker 1.8L,Colombo,8210
EH-2024001987,20045,2024-11-11 13:33:05,1,6240,National Table Fan 16-inch,Colombo,6240
EH-2024001988,20098,2024-11-11 14:21:17,1,50850,Xiaomi Redmi 12 Smartphone,Colombo,50850
EH-2024001989,20162,2024-11-11 17:26:54,1,4540,Philips Electric Kettle,Ratnapura,4540
EH-2024001989,20162,2024-11-11 17:26:54,1,8970,Sony Bluetooth Speaker,Ratnapura,8970
EH-2024001989,20162,2024-11-11 17:26:54,3,1090,Rechargeable LED Bulb,Ratnapura,3270
EH-2024001990,20080,2024-11-12 15:57:47,1,1180,Extension Cord (4-Socket),Kalutara,1180
EH-2024001990,20080,2024-11-12 15:57:47,1,3820,Power Bank 10000mAh,Kalutara,3820
EH-2024001990,20080,2024-11-12 15:57:47,1,28820,Inverter Battery 12V 100Ah,Kalutara,28820
EH-2024001991,20059,2024-11-12 17:00:57,2,3850,Power Bank 10000mAh,Kandy,7700
EH-2024001991,20059,2024-11-12 17:00:57,2,4850,Philips Electric Kettle,Kandy,9700
EH-2024001991,20059,2024-11-12 17:00:57,1,157710,LG Washing Machine 7kg,Kandy,157710
EH-2024001992,20193,2024-11-13 13:49:12,1,82890,Samsung Galaxy A14 Smartphone,Colombo,82890
EH-2024001992,20193,2024-11-13 13:49:12,1,51920,Xiaomi Redmi 12 Smartphone,Colombo,51920
EH-2024001992,20193,2024-11-13 13:49:12,1,8380,Innovex Rice Cooker 1.8L,Colombo,8380
EH-2024001993,20147,2024-11-13 16:24:52,2,4650,Philips Electric Kettle,Colombo,9300
EH-2024001993,20147,2024-11-13 16:24:52,1,5910,National Table Fan 16-inch,Colombo,5910
EH-2024001993,20147,2024-11-13 16:24:52,1,148420,LG Washing Machine 7kg,Colombo,148420
EH-2024001994,20165,2024-11-14 17:42:22,1,1770,Gas Cooker Adapter (LPG-saver),Jaffna,1770
EH-2024001994,20165,2024-11-14 17:42:22,1,5440,Bluetooth Earbuds,Jaffna,5440
EH-2024001994,20165,2024-11-14 17:42:22,2,1010,Rechargeable LED Bulb,Jaffna,2020
EH-2024001995,20002,2024-11-14 17:46:59,1,2490,Laptop Cooling Pad,Colombo,2490
EH-2024001995,20002,2024-11-14 17:46:59,1,1800,Gas Cooker Adapter (LPG-saver),Colombo,1800
EH-2024001995,20002,2024-11-14 17:46:59,1,6410,Abans Blender 400W,Colombo,6410
EH-2024001996,20220,2024-11-14 18:21:22,1,1240,Extension Cord (4-Socket),Matara,1240
EH-2024001996,20220,2024-11-14 18:21:22,1,161050,LG Washing Machine 7kg,Matara,161050
EH-2024001997,20105,2024-11-15 08:44:57,2,4500,Philips Electric Kettle,Anuradhapura,9000
EH-2024001997,20105,2024-11-15 08:44:57,1,7980,Innovex Rice Cooker 1.8L,Anuradhapura,7980
EH-2024001998,20057,2024-11-15 09:36:43,1,23400,Panasonic Inverter 700VA,Gampaha,23400
EH-2024001998,20057,2024-11-15 09:36:43,1,79160,Samsung Galaxy A14 Smartphone,Gampaha,79160
EH-2024001998,20057,2024-11-15 09:36:43,1,6780,Abans Blender 400W,Gampaha,6780
EH-2024001999,20247,2024-11-15 14:56:23,1,11090,itel Feature Phone,Kurunegala,11090
EH-2024001999,20247,2024-11-15 14:56:23,1,5330,Bluetooth Earbuds,Kurunegala,5330
EH-2024002000,20071,2024-11-15 15:33:02,1,45110,Singer LED TV 32-inch,Kalutara,45110
EH-2024002000,20071,2024-11-15 15:33:02,1,4240,Solar Lantern (Rechargeable),Kalutara,4240
EH-2024002000,20071,2024-11-15 15:33:02,1,8240,Innovex Rice Cooker 1.8L,Kalutara,8240
EH-2024002001,20106,2024-11-15 18:35:16,1,83520,Samsung Galaxy A14 Smartphone,Colombo,83520
EH-2024002002,20250,2024-11-15 18:58:17,3,1000,Rechargeable LED Bulb,Kalutara,3000
EH-2024002003,20180,2024-11-15 19:19:35,1,44650,Singer LED TV 32-inch,Jaffna,44650
EH-2024002004,20247,2024-11-16 10:47:53,2,4500,Philips Electric Kettle,Kurunegala,9000
EH-2024002005,20132,2024-11-16 15:37:10,1,22190,Panasonic Inverter 700VA,Kandy,22190
EH-2024002006,20121,2024-11-16 16:24:41,1,6040,National Table Fan 16-inch,Gampaha,6040
EH-2024002007,20081,2024-11-16 17:18:50,1,2530,Laptop Cooling Pad,Colombo,2530
EH-2024002008,20043,2024-11-16 18:04:32,1,5430,Bluetooth Earbuds,Kurunegala,5430
EH-2024002008,20043,2024-11-16 18:04:32,1,4520,Solar Lantern (Rechargeable),Kurunegala,4520
EH-2024002009,20010,2024-11-16 18:24:36,1,1220,Extension Cord (4-Socket),Colombo,1220
EH-2024002009,20010,2024-11-16 18:24:36,1,79130,Singer LED TV 43-inch,Colombo,79130
EH-2024002010,20053,2024-11-19 17:49:48,2,1020,Rechargeable LED Bulb,Ratnapura,2040
EH-2024002010,20053,2024-11-19 17:49:48,1,5750,National Table Fan 16-inch,Ratnapura,5750
EH-2024002011,20247,2024-11-20 14:36:55,1,4100,Power Bank 10000mAh,Kurunegala,4100
EH-2024002011,20247,2024-11-20 14:36:55,1,7840,Innovex Rice Cooker 1.8L,Kurunegala,7840
EH-2024002011,20247,2024-11-20 14:36:55,1,152490,LG Washing Machine 7kg,Kurunegala,152490
EH-2024002012,20104,2024-11-20 18:21:36,1,10450,itel Feature Phone,Ratnapura,10450
EH-2024002013,20045,2024-11-21 15:17:35,1,5790,National Table Fan 16-inch,Colombo,5790
EH-2024002014,20002,2024-11-21 16:05:59,1,10320,itel Feature Phone,Colombo,10320
EH-2024002014,20002,2024-11-21 16:05:59,1,5380,Bluetooth Earbuds,Colombo,5380
EH-2024002014,20002,2024-11-21 16:05:59,1,1120,Extension Cord (4-Socket),Colombo,1120
EH-2024002015,20053,2024-11-21 16:17:10,1,6540,Abans Blender 400W,Ratnapura,6540
EH-2024002015,20053,2024-11-21 16:17:10,1,42930,Singer LED TV 32-inch,Ratnapura,42930
EH-2024002016,20058,2024-11-21 18:26:05,1,50210,Xiaomi Redmi 12 Smartphone,Galle,50210
EH-2024002016,20058,2024-11-21 18:26:05,2,4640,Philips Electric Kettle,Galle,9280
EH-2024002016,20058,2024-11-21 18:26:05,2,1030,Rechargeable LED Bulb,Galle,2060
EH-2024002017,20170,2024-11-21 19:41:43,1,8650,Sony Bluetooth Speaker,Colombo,8650
EH-2024002017,20170,2024-11-21 19:41:43,1,5890,National Table Fan 16-inch,Colombo,5890
EH-2024002018,20126,2024-11-23 08:05:18,1,1730,Gas Cooker Adapter (LPG-saver),Puttalam,1730
EH-2024002018,20126,2024-11-23 08:05:18,1,4350,Solar Lantern (Rechargeable),Puttalam,4350
EH-2024002019,20011,2024-11-23 10:06:21,1,4010,Power Bank 10000mAh,Ratnapura,4010
EH-2024002019,20011,2024-11-23 10:06:21,1,1010,Rechargeable LED Bulb,Ratnapura,1010
EH-2024002020,20104,2024-11-23 14:08:15,1,73750,Singer LED TV 43-inch,Ratnapura,73750
EH-2024002021,20112,2024-11-24 09:32:58,1,6290,Abans Blender 400W,Gampaha,6290
EH-2024002021,20112,2024-11-24 09:32:58,1,159520,LG Washing Machine 7kg,Gampaha,159520
EH-2024002022,20066,2024-11-24 12:45:41,2,4770,Philips Electric Kettle,Gampaha,9540
EH-2024002023,20036,2024-11-24 13:46:01,1,105850,Kelvinator Refrigerator 190L,Colombo,105850
EH-2024002023,20036,2024-11-24 13:46:01,1,22310,Panasonic Inverter 700VA,Colombo,22310
EH-2024002023,20036,2024-11-24 13:46:01,1,1030,Rechargeable LED Bulb,Colombo,1030
EH-2024002024,20148,2024-11-24 15:39:14,1,75310,Singer LED TV 43-inch,Kandy,75310
EH-2024002024,20148,2024-11-24 15:39:14,1,112720,Kelvinator Refrigerator 190L,Kandy,112720
EH-2024002024,20148,2024-11-24 15:39:14,1,6100,National Table Fan 16-inch,Kandy,6100
EH-2024002025,20098,2024-11-24 17:53:43,2,4600,Philips Electric Kettle,Colombo,9200
EH-2024002025,20098,2024-11-24 17:53:43,1,4040,Power Bank 10000mAh,Colombo,4040
EH-2024002025,20098,2024-11-24 17:53:43,1,5840,Bluetooth Earbuds,Colombo,5840
EH-2024002026,20191,2024-11-26 09:03:06,2,1120,Extension Cord (4-Socket),Galle,2240
EH-2024002026,20191,2024-11-26 09:03:06,1,45630,Singer LED TV 32-inch,Galle,45630
EH-2024002027,20057,2024-11-26 15:05:54,1,5990,National Table Fan 16-inch,Gampaha,5990
EH-2024002028,20126,2024-11-27 11:54:29,1,6730,Abans Blender 400W,Puttalam,6730
EH-2024002028,20126,2024-11-27 11:54:29,3,1060,Rechargeable LED Bulb,Puttalam,3180
EH-2024002028,20126,2024-11-27 11:54:29,1,80700,Singer LED TV 43-inch,Puttalam,80700
EH-2024002029,20211,2024-11-27 14:57:26,1,8240,Innovex Rice Cooker 1.8L,Gampaha,8240
EH-2024002029,20211,2024-11-27 14:57:26,1,54720,Xiaomi Redmi 12 Smartphone,Gampaha,54720
EH-2024002030,20057,2024-11-28 10:21:21,1,6730,Abans Blender 400W,Gampaha,6730
EH-2024002030,20057,2024-11-28 10:21:21,1,9440,Sony Bluetooth Speaker,Gampaha,9440
EH-2024002030,20057,2024-11-28 10:21:21,1,1090,Rechargeable LED Bulb,Gampaha,1090
EH-2024002031,20204,2024-11-28 19:48:12,1,53000,Xiaomi Redmi 12 Smartphone,Colombo,53000
EH-2024002032,20106,2024-11-29 12:59:23,1,4500,Solar Lantern (Rechargeable),Colombo,4500
EH-2024002032,20106,2024-11-29 12:59:23,1,76410,Singer LED TV 43-inch,Colombo,76410
EH-2024002033,20043,2024-11-29 16:58:11,1,5690,Bluetooth Earbuds,Kurunegala,5690
EH-2024002033,20043,2024-11-29 16:58:11,1,6530,Abans Blender 400W,Kurunegala,6530
EH-2024002034,20074,2024-11-29 18:33:23,1,24180,Panasonic Inverter 700VA,Anuradhapura,24180
EH-2024002034,20074,2024-11-29 18:33:23,1,1160,Extension Cord (4-Socket),Anuradhapura,1160
EH-2024002035,20022,2024-11-29 19:00:09,1,4130,Solar Lantern (Rechargeable),Matale,4130
EH-2024002036,20222,2024-11-29 20:19:01,1,7720,Innovex Rice Cooker 1.8L,Matara,7720
EH-2024002036,20222,2024-11-29 20:19:01,1,5610,Bluetooth Earbuds,Matara,5610
EH-2024002037,20036,2024-11-30 18:00:05,1,8150,Innovex Rice Cooker 1.8L,Colombo,8150
EH-2024002038,20116,2024-12-01 08:44:46,1,6030,National Table Fan 16-inch,Gampaha,6030
EH-2024002039,20108,2024-12-01 10:46:29,1,6260,National Table Fan 16-inch,Batticaloa,6260
EH-2024002039,20108,2024-12-01 10:46:29,1,24060,Inverter Battery 12V 100Ah,Batticaloa,24060
EH-2024002040,20053,2024-12-01 16:27:28,1,6520,Abans Blender 400W,Ratnapura,6520
EH-2024002040,20053,2024-12-01 16:27:28,1,10550,itel Feature Phone,Ratnapura,10550
EH-2024002040,20053,2024-12-01 16:27:28,3,1110,Rechargeable LED Bulb,Ratnapura,3330
EH-2024002041,20185,2024-12-01 16:52:06,2,4630,Philips Electric Kettle,Kandy,9260
EH-2024002042,20044,2024-12-01 20:51:21,2,4110,Power Bank 10000mAh,Jaffna,8220
EH-2024002042,20044,2024-12-01 20:51:21,1,8050,Innovex Rice Cooker 1.8L,Jaffna,8050
EH-2024002043,20105,2024-12-02 09:43:25,2,1020,Rechargeable LED Bulb,Anuradhapura,2040
EH-2024002044,20071,2024-12-02 13:46:38,1,78120,Singer LED TV 43-inch,Kalutara,78120
EH-2024002045,20207,2024-12-02 15:41:20,1,6700,Abans Blender 400W,Colombo,6700
EH-2024002045,20207,2024-12-02 15:41:20,1,50020,Xiaomi Redmi 12 Smartphone,Colombo,50020
EH-2024002046,20076,2024-12-03 11:37:48,1,1220,Extension Cord (4-Socket),Kandy,1220
EH-2024002046,20076,2024-12-03 11:37:48,1,6820,Abans Blender 400W,Kandy,6820
EH-2024002046,20076,2024-12-03 11:37:48,2,4180,Power Bank 10000mAh,Kandy,8360
EH-2024002047,20021,2024-12-03 15:10:01,1,1040,Rechargeable LED Bulb,Colombo,1040
EH-2024002047,20021,2024-12-03 15:10:01,1,6140,National Table Fan 16-inch,Colombo,6140
EH-2024002047,20021,2024-12-03 15:10:01,1,8860,Sony Bluetooth Speaker,Colombo,8860
EH-2024002048,20097,2024-12-04 10:21:28,3,1100,Rechargeable LED Bulb,Matale,3300
EH-2024002048,20097,2024-12-04 10:21:28,1,113140,Kelvinator Refrigerator 190L,Matale,113140
EH-2024002049,20057,2024-12-04 16:28:59,2,4170,Solar Lantern (Rechargeable),Gampaha,8340
EH-2024002050,20191,2024-12-04 16:37:43,1,2480,Laptop Cooling Pad,Galle,2480
EH-2024002050,20191,2024-12-04 16:37:43,1,4160,Power Bank 10000mAh,Galle,4160
EH-2024002051,20072,2024-12-04 16:44:06,1,48240,Xiaomi Redmi 12 Smartphone,Kurunegala,48240
EH-2024002052,20112,2024-12-04 17:25:06,1,1250,Extension Cord (4-Socket),Gampaha,1250
EH-2024002053,20011,2024-12-04 19:44:59,1,8840,Sony Bluetooth Speaker,Ratnapura,8840
EH-2024002054,20123,2024-12-04 20:21:53,3,1010,Rechargeable LED Bulb,Colombo,3030
EH-2024002054,20123,2024-12-04 20:21:53,2,1220,Extension Cord (4-Socket),Colombo,2440
EH-2024002055,20226,2024-12-04 20:34:07,1,19750,Panasonic Inverter 700VA,Galle,19750
EH-2024002055,20226,2024-12-04 20:34:07,1,1230,Extension Cord (4-Socket),Galle,1230
EH-2024002055,20226,2024-12-04 20:34:07,1,2550,Laptop Cooling Pad,Galle,2550
EH-2024002056,20246,2024-12-05 11:02:06,1,5360,Bluetooth Earbuds,Colombo,5360
EH-2024002056,20246,2024-12-05 11:02:06,2,4110,Power Bank 10000mAh,Colombo,8220
EH-2024002057,20165,2024-12-05 16:34:33,1,2530,Laptop Cooling Pad,Jaffna,2530
EH-2024002057,20165,2024-12-05 16:34:33,2,4800,Philips Electric Kettle,Jaffna,9600
EH-2024002058,20034,2024-12-05 18:31:47,1,6070,National Table Fan 16-inch,Badulla,6070
EH-2024002059,20048,2024-12-05 18:32:30,2,4480,Solar Lantern (Rechargeable),Colombo,8960
EH-2024002059,20048,2024-12-05 18:32:30,1,9110,Sony Bluetooth Speaker,Colombo,9110
EH-2024002059,20048,2024-12-05 18:32:30,2,4750,Philips Electric Kettle,Colombo,9500
EH-2024002060,20157,2024-12-06 09:15:17,1,28610,Inverter Battery 12V 100Ah,Matale,28610
EH-2024002061,20220,2024-12-06 10:44:42,2,4100,Power Bank 10000mAh,Matara,8200
EH-2024002061,20220,2024-12-06 10:44:42,1,43570,Singer LED TV 32-inch,Matara,43570
EH-2024002061,20220,2024-12-06 10:44:42,2,4510,Solar Lantern (Rechargeable),Matara,9020
EH-2024002062,20237,2024-12-06 11:54:17,1,155370,LG Washing Machine 7kg,Kandy,155370
EH-2024002062,20237,2024-12-06 11:54:17,1,6190,Abans Blender 400W,Kandy,6190
EH-2024002062,20237,2024-12-06 11:54:17,1,1240,Extension Cord (4-Socket),Kandy,1240
EH-2024002063,20005,2024-12-06 17:58:28,1,5950,National Table Fan 16-inch,Colombo,5950
EH-2024002063,20005,2024-12-06 17:58:28,1,2550,Laptop Cooling Pad,Colombo,2550
EH-2024002063,20005,2024-12-06 17:58:28,2,3910,Power Bank 10000mAh,Colombo,7820
EH-2024002064,20241,2024-12-07 09:31:09,1,9120,Sony Bluetooth Speaker,Colombo,9120
EH-2024002064,20241,2024-12-07 09:31:09,1,4590,Philips Electric Kettle,Colombo,4590
EH-2024002064,20241,2024-12-07 09:31:09,1,28810,Inverter Battery 12V 100Ah,Colombo,28810
EH-2024002065,20187,2024-12-07 10:53:33,1,23870,Panasonic Inverter 700VA,Gampaha,23870
EH-2024002065,20187,2024-12-07 10:53:33,1,10620,itel Feature Phone,Gampaha,10620
EH-2024002066,20086,2024-12-07 15:26:24,1,6210,National Table Fan 16-inch,Galle,6210
EH-2024002066,20086,2024-12-07 15:26:24,1,5810,Bluetooth Earbuds,Galle,5810
EH-2024002067,20136,2024-12-07 18:17:27,1,6210,Abans Blender 400W,Gampaha,6210
EH-2024002068,20185,2024-12-08 08:27:53,1,5730,National Table Fan 16-inch,Kandy,5730
EH-2024002069,20121,2024-12-08 13:42:23,1,4060,Power Bank 10000mAh,Gampaha,4060
EH-2024002069,20121,2024-12-08 13:42:23,1,5940,National Table Fan 16-inch,Gampaha,5940
EH-2024002069,20121,2024-12-08 13:42:23,1,25980,Inverter Battery 12V 100Ah,Gampaha,25980
EH-2024002070,20177,2024-12-09 09:08:53,1,6210,Abans Blender 400W,Gampaha,6210
EH-2024002071,20165,2024-12-09 10:48:31,1,5910,National Table Fan 16-inch,Jaffna,5910
EH-2024002071,20165,2024-12-09 10:48:31,1,4100,Power Bank 10000mAh,Jaffna,4100
EH-2024002071,20165,2024-12-09 10:48:31,3,1100,Rechargeable LED Bulb,Jaffna,3300
EH-2024002072,20071,2024-12-09 14:58:32,2,1110,Rechargeable LED Bulb,Kalutara,2220
EH-2024002073,20137,2024-12-10 09:10:05,1,4690,Philips Electric Kettle,Kandy,4690
EH-2024002073,20137,2024-12-10 09:10:05,1,24100,Panasonic Inverter 700VA,Kandy,24100
EH-2024002073,20137,2024-12-10 09:10:05,1,27010,Inverter Battery 12V 100Ah,Kandy,27010
EH-2024002074,20047,2024-12-10 11:37:14,1,22330,Panasonic Inverter 700VA,Matara,22330
EH-2024002074,20047,2024-12-10 11:37:14,1,4190,Power Bank 10000mAh,Matara,4190
EH-2024002075,20018,2024-12-10 11:53:36,1,158270,LG Washing Machine 7kg,Kandy,158270
EH-2024002075,20018,2024-12-10 11:53:36,1,27050,Inverter Battery 12V 100Ah,Kandy,27050
EH-2024002075,20018,2024-12-10 11:53:36,1,112110,Kelvinator Refrigerator 190L,Kandy,112110
EH-2024002076,20022,2024-12-10 14:06:35,1,7830,Innovex Rice Cooker 1.8L,Matale,7830
EH-2024002076,20022,2024-12-10 14:06:35,1,5720,Bluetooth Earbuds,Matale,5720
EH-2024002077,20222,2024-12-10 15:19:35,1,1010,Rechargeable LED Bulb,Matara,1010
EH-2024002077,20222,2024-12-10 15:19:35,1,49970,Xiaomi Redmi 12 Smartphone,Matara,49970
EH-2024002078,20101,2024-12-11 17:52:42,1,7770,Innovex Rice Cooker 1.8L,Colombo,7770
EH-2024002078,20101,2024-12-11 17:52:42,1,5880,Bluetooth Earbuds,Colombo,5880
EH-2024002079,20048,2024-12-11 20:28:09,1,44890,Singer LED TV 32-inch,Colombo,44890
EH-2024002079,20048,2024-12-11 20:28:09,1,114520,Kelvinator Refrigerator 190L,Colombo,114520
EH-2024002080,20126,2024-12-12 12:22:17,1,10740,itel Feature Phone,Puttalam,10740
EH-2024002081,20207,2024-12-12 14:28:48,1,20730,Panasonic Inverter 700VA,Colombo,20730
EH-2024002081,20207,2024-12-12 14:28:48,1,77710,Samsung Galaxy A14 Smartphone,Colombo,77710
EH-2024002081,20207,2024-12-12 14:28:48,1,2490,Laptop Cooling Pad,Colombo,2490
EH-2024002082,20139,2024-12-12 14:40:26,1,55030,Xiaomi Redmi 12 Smartphone,Kandy,55030
EH-2024002082,20139,2024-12-12 14:40:26,2,1210,Extension Cord (4-Socket),Kandy,2420
EH-2024002083,20115,2024-12-12 18:22:43,1,24020,Panasonic Inverter 700VA,Gampaha,24020
EH-2024002084,20080,2024-12-12 19:54:54,1,6150,Abans Blender 400W,Kalutara,6150
EH-2024002084,20080,2024-12-12 19:54:54,1,8430,Innovex Rice Cooker 1.8L,Kalutara,8430
EH-2024002084,20080,2024-12-12 19:54:54,1,26200,Inverter Battery 12V 100Ah,Kalutara,26200
EH-2024002085,20212,2024-12-12 20:32:36,1,2550,Laptop Cooling Pad,Kurunegala,2550
EH-2024002085,20212,2024-12-12 20:32:36,1,1880,Gas Cooker Adapter (LPG-saver),Kurunegala,1880
EH-2024002086,20025,2024-12-13 12:15:17,1,2700,Laptop Cooling Pad,Colombo,2700
EH-2024002087,20053,2024-12-13 15:30:15,1,24560,Inverter Battery 12V 100Ah,Ratnapura,24560
EH-2024002087,20053,2024-12-13 15:30:15,1,1050,Rechargeable LED Bulb,Ratnapura,1050
EH-2024002087,20053,2024-12-13 15:30:15,1,85320,Samsung Galaxy A14 Smartphone,Ratnapura,85320
EH-2024002088,20158,2024-12-13 15:34:06,1,8490,Sony Bluetooth Speaker,Kurunegala,8490
EH-2024002088,20158,2024-12-13 15:34:06,1,5360,Bluetooth Earbuds,Kurunegala,5360
EH-2024002088,20158,2024-12-13 15:34:06,2,3780,Power Bank 10000mAh,Kurunegala,7560
EH-2024002089,20179,2024-12-14 09:28:18,1,145360,LG Washing Machine 7kg,Gampaha,145360
EH-2024002089,20179,2024-12-14 09:28:18,1,47320,Xiaomi Redmi 12 Smartphone,Gampaha,47320
EH-2024002089,20179,2024-12-14 09:28:18,1,6730,Abans Blender 400W,Gampaha,6730
EH-2024002090,20238,2024-12-14 17:31:59,1,4970,Philips Electric Kettle,Gampaha,4970
EH-2024002090,20238,2024-12-14 17:31:59,1,115500,Kelvinator Refrigerator 190L,Gampaha,115500
EH-2024002091,20010,2024-12-14 18:19:11,1,5680,Bluetooth Earbuds,Colombo,5680
EH-2024002092,20139,2024-12-14 18:31:23,3,1110,Rechargeable LED Bulb,Kandy,3330
EH-2024002093,20237,2024-12-14 20:10:54,1,5340,Bluetooth Earbuds,Kandy,5340
EH-2024002093,20237,2024-12-14 20:10:54,1,8990,Sony Bluetooth Speaker,Kandy,8990
EH-2024002093,20237,2024-12-14 20:10:54,1,2750,Laptop Cooling Pad,Kandy,2750
EH-2024002094,20187,2024-12-15 10:03:25,1,1240,Extension Cord (4-Socket),Gampaha,1240
EH-2024002095,20234,2024-12-15 15:09:16,1,6260,National Table Fan 16-inch,Galle,6260
EH-2024002096,20162,2024-12-15 16:46:39,1,4540,Philips Electric Kettle,Ratnapura,4540
EH-2024002097,20011,2024-12-15 17:52:32,2,4140,Power Bank 10000mAh,Ratnapura,8280
EH-2024002097,20011,2024-12-15 17:52:32,1,11160,itel Feature Phone,Ratnapura,11160
EH-2024002098,20220,2024-12-15 20:07:15,1,54780,Xiaomi Redmi 12 Smartphone,Matara,54780
EH-2024002098,20220,2024-12-15 20:07:15,1,2740,Laptop Cooling Pad,Matara,2740
EH-2024002099,20113,2024-12-16 20:12:24,2,4490,Solar Lantern (Rechargeable),Kalutara,8980
EH-2024002099,20113,2024-12-16 20:12:24,3,1040,Rechargeable LED Bulb,Kalutara,3120
EH-2024002099,20113,2024-12-16 20:12:24,1,6450,Abans Blender 400W,Kalutara,6450
EH-2024002100,20034,2024-12-17 18:24:17,1,4090,Power Bank 10000mAh,Badulla,4090
EH-2024002100,20034,2024-12-17 18:24:17,1,10930,itel Feature Phone,Badulla,10930
EH-2024002100,20034,2024-12-17 18:24:17,1,5980,National Table Fan 16-inch,Badulla,5980
EH-2024002101,20071,2024-12-17 18:53:22,1,5380,Bluetooth Earbuds,Kalutara,5380
EH-2024002101,20071,2024-12-17 18:53:22,1,81110,Singer LED TV 43-inch,Kalutara,81110
EH-2024002101,20071,2024-12-17 18:53:22,2,1180,Extension Cord (4-Socket),Kalutara,2360
EH-2024002102,20044,2024-12-17 19:59:36,1,8690,Sony Bluetooth Speaker,Jaffna,8690
EH-2024002103,20001,2024-12-17 20:53:35,1,26000,Inverter Battery 12V 100Ah,Colombo,26000
EH-2024002103,20001,2024-12-17 20:53:35,1,10390,itel Feature Phone,Colombo,10390
EH-2024002103,20001,2024-12-17 20:53:35,1,8020,Innovex Rice Cooker 1.8L,Colombo,8020
EH-2024002104,20053,2024-12-18 11:42:55,2,4200,Solar Lantern (Rechargeable),Ratnapura,8400
EH-2024002104,20053,2024-12-18 11:42:55,1,22780,Panasonic Inverter 700VA,Ratnapura,22780
EH-2024002105,20048,2024-12-19 10:08:16,1,6230,National Table Fan 16-inch,Colombo,6230
EH-2024002105,20048,2024-12-19 10:08:16,1,79510,Samsung Galaxy A14 Smartphone,Colombo,79510
EH-2024002106,20105,2024-12-19 17:11:20,1,8190,Innovex Rice Cooker 1.8L,Anuradhapura,8190
EH-2024002106,20105,2024-12-19 17:11:20,1,78260,Singer LED TV 43-inch,Anuradhapura,78260
EH-2024002106,20105,2024-12-19 17:11:20,1,45890,Singer LED TV 32-inch,Anuradhapura,45890
EH-2024002107,20053,2024-12-20 14:39:22,1,73320,Singer LED TV 43-inch,Ratnapura,73320
EH-2024002107,20053,2024-12-20 14:39:22,1,8750,Sony Bluetooth Speaker,Ratnapura,8750
EH-2024002108,20071,2024-12-20 15:18:06,1,82590,Samsung Galaxy A14 Smartphone,Kalutara,82590
EH-2024002109,20069,2024-12-20 15:52:50,1,27680,Inverter Battery 12V 100Ah,Kurunegala,27680
EH-2024002109,20069,2024-12-20 15:52:50,1,1200,Extension Cord (4-Socket),Kurunegala,1200
EH-2024002109,20069,2024-12-20 15:52:50,1,23100,Panasonic Inverter 700VA,Kurunegala,23100
EH-2024002110,20170,2024-12-20 20:45:30,1,24240,Panasonic Inverter 700VA,Colombo,24240
EH-2024002110,20170,2024-12-20 20:45:30,1,6200,Abans Blender 400W,Colombo,6200
EH-2024002110,20170,2024-12-20 20:45:30,1,6220,National Table Fan 16-inch,Colombo,6220
EH-2024002111,20224,2024-12-21 11:49:28,2,4500,Philips Electric Kettle,Ratnapura,9000
EH-2024002112,20071,2024-12-21 13:21:25,1,113850,Kelvinator Refrigerator 190L,Kalutara,113850
EH-2024002112,20071,2024-12-21 13:21:25,1,5970,National Table Fan 16-inch,Kalutara,5970
EH-2024002112,20071,2024-12-21 13:21:25,1,21880,Panasonic Inverter 700VA,Kalutara,21880
EH-2024002113,20255,2024-12-21 13:41:02,1,4730,Philips Electric Kettle,Colombo,4730
EH-2024002113,20255,2024-12-21 13:41:02,1,6180,Abans Blender 400W,Colombo,6180
EH-2024002114,20185,2024-12-21 18:46:13,1,25970,Inverter Battery 12V 100Ah,Kandy,25970
EH-2024002114,20185,2024-12-21 18:46:13,1,6530,Abans Blender 400W,Kandy,6530
EH-2024002114,20185,2024-12-21 18:46:13,1,6180,National Table Fan 16-inch,Kandy,6180
EH-2024002115,20164,2024-12-21 18:58:42,1,44290,Singer LED TV 32-inch,Gampaha,44290
EH-2024002116,20115,2024-12-21 19:10:21,1,22090,Panasonic Inverter 700VA,Gampaha,22090
EH-2024002117,20098,2024-12-23 16:48:19,1,115600,Kelvinator Refrigerator 190L,Colombo,115600
EH-2024002117,20098,2024-12-23 16:48:19,1,5680,National Table Fan 16-inch,Colombo,5680
EH-2024002117,20098,2024-12-23 16:48:19,1,8170,Innovex Rice Cooker 1.8L,Colombo,8170
EH-2024002118,20252,2024-12-23 17:34:54,1,8100,Innovex Rice Cooker 1.8L,Badulla,8100
EH-2024002119,20088,2024-12-24 10:50:20,1,10940,itel Feature Phone,Gampaha,10940
EH-2024002119,20088,2024-12-24 10:50:20,1,7820,Innovex Rice Cooker 1.8L,Gampaha,7820
EH-2024002119,20088,2024-12-24 10:50:20,1,5720,National Table Fan 16-inch,Gampaha,5720
EH-2024002120,20115,2024-12-24 20:10:35,1,1870,Gas Cooker Adapter (LPG-saver),Gampaha,1870
EH-2024002120,20115,2024-12-24 20:10:35,1,110550,Kelvinator Refrigerator 190L,Gampaha,110550
EH-2024002120,20115,2024-12-24 20:10:35,1,4510,Philips Electric Kettle,Gampaha,4510
EH-2024002121,20189,2024-12-26 13:26:26,1,41390,Singer LED TV 32-inch,Gampaha,41390
EH-2024002121,20189,2024-12-26 13:26:26,1,22460,Panasonic Inverter 700VA,Gampaha,22460
EH-2024002122,20162,2024-12-26 17:46:33,1,4360,Solar Lantern (Rechargeable),Ratnapura,4360
EH-2024002123,20072,2024-12-26 19:37:05,1,8780,Sony Bluetooth Speaker,Kurunegala,8780
EH-2024002124,20036,2024-12-27 16:23:21,1,11050,itel Feature Phone,Colombo,11050
EH-2024002124,20036,2024-12-27 16:23:21,1,148150,LG Washing Machine 7kg,Colombo,148150
EH-2024002124,20036,2024-12-27 16:23:21,1,41410,Singer LED TV 32-inch,Colombo,41410
EH-2024002125,20058,2024-12-27 16:54:05,1,24280,Panasonic Inverter 700VA,Galle,24280
EH-2024002125,20058,2024-12-27 16:54:05,1,6770,Abans Blender 400W,Galle,6770
EH-2024002126,20169,2024-12-27 18:48:57,2,1110,Rechargeable LED Bulb,Kalutara,2220
EH-2024002127,20104,2024-12-28 14:24:01,1,5870,National Table Fan 16-inch,Ratnapura,5870
EH-2024002127,20104,2024-12-28 14:24:01,1,1060,Rechargeable LED Bulb,Ratnapura,1060
EH-2024002128,20112,2024-12-29 17:40:15,1,27380,Inverter Battery 12V 100Ah,Gampaha,27380
EH-2024002128,20112,2024-12-29 17:40:15,1,23440,Panasonic Inverter 700VA,Gampaha,23440
EH-2024002128,20112,2024-12-29 17:40:15,1,1150,Extension Cord (4-Socket),Gampaha,1150
EH-2024002129,20057,2024-12-29 18:02:20,1,2580,Laptop Cooling Pad,Gampaha,2580
EH-2024002129,20057,2024-12-29 18:02:20,1,41240,Singer LED TV 32-inch,Gampaha,41240
EH-2024002129,20057,2024-12-29 18:02:20,1,1170,Extension Cord (4-Socket),Gampaha,1170
EH-2024002130,20015,2024-12-30 13:08:39,1,25140,Inverter Battery 12V 100Ah,Colombo,25140
EH-2024002131,20148,2024-12-31 10:02:03,1,75260,Singer LED TV 43-inch,Kandy,75260
EH-2024002131,20148,2024-12-31 10:02:03,1,1040,Rechargeable LED Bulb,Kandy,1040
EH-2024002131,20148,2024-12-31 10:02:03,2,4840,Philips Electric Kettle,Kandy,9680
EH-2024002132,20071,2024-12-31 11:35:52,1,77230,Singer LED TV 43-inch,Kalutara,77230
EH-2024002132,20071,2024-12-31 11:35:52,2,1090,Rechargeable LED Bulb,Kalutara,2180
EH-2024002132,20071,2024-12-31 11:35:52,2,4740,Philips Electric Kettle,Kalutara,9480
EH-2024002133,20164,2024-12-31 12:16:24,1,23420,Panasonic Inverter 700VA,Gampaha,23420
EH-2024002134,20019,2024-12-31 17:22:09,2,4990,Philips Electric Kettle,Gampaha,9980
EH-2024002134,20019,2024-12-31 17:22:09,3,1080,Rechargeable LED Bulb,Gampaha,3240
EH-2024002134,20019,2024-12-31 17:22:09,2,4210,Solar Lantern (Rechargeable),Gampaha,8420
EH-2024002135,20117,2024-12-31 18:15:03,1,6180,Abans Blender 400W,Jaffna,6180
EH-2024002135,20117,2024-12-31 18:15:03,1,22900,Panasonic Inverter 700VA,Jaffna,22900
EH-2024002136,20157,2024-12-31 18:27:01,2,1240,Extension Cord (4-Socket),Matale,2480
EH-2024002137,20062,2024-12-31 18:36:28,1,1230,Extension Cord (4-Socket),Colombo,1230
EH-2024002137,20062,2024-12-31 18:36:28,2,1110,Rechargeable LED Bulb,Colombo,2220
EH-2024002137,20062,2024-12-31 18:36:28,1,6830,Abans Blender 400W,Colombo,6830
EH-2024002138,20015,2024-12-31 18:51:04,1,50160,Xiaomi Redmi 12 Smartphone,Colombo,50160
EH-2024002138,20015,2024-12-31 18:51:04,1,2520,Laptop Cooling Pad,Colombo,2520
EH-2024002139,20062,2024-12-31 20:43:01,1,5320,Bluetooth Earbuds,Colombo,5320
EH-2024002139,20062,2024-12-31 20:43:01,1,28200,Inverter Battery 12V 100Ah,Colombo,28200
EH-2024002139,20062,2024-12-31 20:43:01,1,7970,Innovex Rice Cooker 1.8L,Colombo,7970
